series_id,h,target_year,last_obs_t,n_obs,modelo_central,pron_central_t,pi80_lo,pi80_hi,pi95_lo,pi95_hi,esc_normal_t,esc_historico_t,esc_estres_t,fallback_central,origen_provisional,muni_code,crop,cycle,group
76001|Acelga,1,2026,24.0,7,pool_A_full,23.565973206257897,15.23434837200881,50.02176809974108,8.874140233869715,86.78789511006572,24.75303115289873,23.565973206257897,21.311869462419615,False,True,76001,Acelga,Transitorio,Hortalizas
76001|Aguacate demás variedades,1,2026,72.0,7,pool_A_full,73.55803225664789,54.3252960579312,111.25346705780177,31.980638194617747,316.5665074458561,74.80815046108445,73.55803225664789,68.25523208476427,False,True,76001,Aguacate,Permanente,Frutales
76001|Ahuyama,1,2026,48.0,7,pool_A_full,47.131946412515795,30.807849797889986,98.96660777204477,18.346336683507243,171.00223364360224,49.50606230579746,47.131946412515795,42.62373892483923,False,True,76001,Ahuyama,Transitorio,Hortalizas
76001|Ají,1,2026,28.0,6,pool_A_full,27.49363540730088,17.829931942989003,58.179241378458386,10.452839642142635,100.82361819898843,28.878536345048516,27.49363540730088,24.863847706156218,False,True,76001,Ají,Transitorio,Hortalizas
76001|Arveja,1,2026,16.6,7,pool_A_full,16.069899704789666,10.28059109061525,34.45295995038194,5.861140083806984,60.00025235074682,16.6385548710422,16.069899704789666,14.492187028948189,False,True,76001,Arveja,Transitorio,Leguminosas
76001|Café,1,2026,682.42,7,pool_A_full,691.9003408705488,515.4817590628256,880.8158733454432,300.3844685579783,1355.4620643338835,703.0337131238492,691.9003408705488,642.8073557389292,False,True,76001,Café,Permanente,Cultivos tropicales tradicionales
76001|Caña de azúcar,1,2026,465000.0,7,pool_A_full,471459.89054366114,466469.60590341303,521284.58668286615,422848.4471447447,651668.0220329252,479046.15427828894,471459.89054366114,438008.0015512472,False,True,76001,Caña,Permanente,Cultivos tropicales tradicionales
76001|Cebolla de rama,1,2026,49.0,7,pool_A_full,48.11386196277654,31.456745690635024,101.00597609172411,18.741011535575478,174.5111644158328,50.5374386038349,48.11386196277654,43.511733485773384,False,True,76001,Cebolla de rama,Transitorio,Hortalizas
76001|Cilantro,1,2026,104.0,7,pool_A_full,102.11921722711756,60.61818637699418,163.02941786015458,32.76630343343642,277.84323146299545,107.26313499589449,102.11921722711756,92.35143433715166,False,True,76001,Cilantro,Transitorio,Hortalizas
76001|Espinaca,1,2026,160.0,1,pool_A_full,157.10648804171933,93.47545578347085,250.4964319044187,50.771840337513346,426.53354055935205,165.02020768599152,157.10648804171933,142.0791297494641,False,True,76001,Espinaca,Transitorio,Hortalizas
76001|Frijol,1,2026,86.02000000000001,7,pool_A_full,83.27305859072332,54.691593410514656,174.02911105416598,32.873032078775836,300.1545427511193,86.21978855464157,83.27305859072332,75.09746555603152,False,True,76001,Frijol,Transitorio,Leguminosas
76001|Guayaba,1,2026,72.0,7,pool_A_full,73.55803225664789,54.3252960579312,111.25346705780177,31.980638194617747,316.5665074458561,74.80815046108445,73.55803225664789,68.25523208476427,False,True,76001,Guayaba,Permanente,Frutales
76001|Habichuela,1,2026,60.0,6,pool_A_full,58.08397483658915,38.045464335841885,121.71318694410448,22.74843643329772,210.13992684478535,60.139354955574206,58.08397483658915,52.38139889981273,False,True,76001,Habichuela,Transitorio,Leguminosas
76001|Lechuga,1,2026,180.0,7,pool_A_full,176.74479904693422,105.21019485721241,281.73465120594136,57.2023892318265,479.63722237947894,185.64773364674045,176.74479904693422,159.8390209681471,False,True,76001,Lechuga,Transitorio,Hortalizas
76001|Limón Tahití,1,2026,110.0,5,pool_A_full,112.3803270587676,83.51268863406585,143.29286035550967,48.31599481190104,220.95993193445375,114.29022987110125,112.3803270587676,104.27882679616764,False,True,76001,Limón,Permanente,Frutales
76001|Mandarina Arrayana y/o Oneco,1,2026,57.42,5,pool_A_full,58.66253072467669,43.27218739552823,88.82702097385918,25.391634543579006,253.12180195953684,59.65949999271485,58.66253072467669,54.433547587599506,False,True,76001,Mandarina,Permanente,Frutales
"76001|Mango Kent, Keitt, Hilacha o Nam Doc",1,2026,30.0,6,pool_A_full,30.64918010693662,22.485065343190154,46.650535951794375,12.99996924100823,133.8039813535793,31.17006269211852,30.64918010693662,28.439680035318446,False,True,76001,Mango,Permanente,Frutales
76001|Maíz amarillo tradicional,1,2026,14.0,5,pool_A_full,13.94790522775174,8.878277520765028,30.04572929815683,5.008217593586566,52.417185031969076,14.243746200144079,13.94790522775174,12.795027325971464,False,True,76001,Maíz,Transitorio,Cereales
76001|Maíz blanco tradicional,1,2026,6.0,5,pool_A_full,5.97767366903646,3.110711005758258,37.96149149495369,0.9826832457213941,391.6963057544155,6.104462657204605,5.97767366903646,5.4835831397020565,False,True,76001,Maíz,Transitorio,Cereales
76001|Mora,1,2026,49.0,7,pool_A_full,50.060327507996476,36.88897923795394,75.875671452131,21.586462339069676,216.482266966752,50.91110239712692,50.060327507996476,46.45147739102013,False,True,76001,Mora,Permanente,Frutales
76001|Naranja Valencia,1,2026,330.0,5,pool_A_full,337.14098117630283,251.0472836681639,429.33329187750206,146.0780628877376,660.9644793160589,342.87068961330374,337.14098117630283,312.8364803885029,False,True,76001,Naranja,Permanente,Frutales
76001|Perejil,1,2026,40.0,7,pool_A_full,37.61681109888603,24.519801683886545,79.20435274825421,14.521787188065622,136.99935926701423,39.2742512742262,37.61681109888603,31.452228477898643,False,True,76001,Perejil,Transitorio,"Cultivos para condimentos, bebidas medicinales y aromáticas"
76001|Pimentón,1,2026,35.0,7,pool_A_full,34.367044259126104,22.37220319220435,72.45481961621363,13.215563606620256,125.38613360460327,36.09817043131065,34.367044259126104,31.079809632695273,False,True,76001,Pimentón,Transitorio,Hortalizas
76001|Plantas aromáticas,1,2026,69.0,7,pool_A_full,64.8889991455784,42.54254386876175,135.84673538084644,25.483673655844857,234.45806621761574,67.74808344804019,64.8889991455784,54.25509412437516,False,True,76001,Plantas aromáticas,Transitorio,"Cultivos para condimentos, bebidas medicinales y aromáticas"
76001|Plátano consumo interno,1,2026,120.0,7,pool_A_full,122.59672042774648,91.12789749925211,156.29469815196387,52.75972517898452,240.9601386336176,124.68025076847408,122.59672042774648,113.75872014127378,False,True,76001,Plátano,Permanente,Frutales
76001|Repollo,1,2026,84.0,7,pool_A_full,82.48090622190264,54.16810193671172,172.3838672805004,32.55463135796355,297.3237414439068,86.63560903514555,82.48090622190264,74.59154311846865,False,True,76001,Repollo,Transitorio,Hortalizas
76001|Tomate,1,2026,90.0,7,pool_A_full,88.37239952346711,58.06147729318206,184.6200771985763,34.92268047037293,318.37732607729083,92.82386682337022,88.37239952346711,79.91951048407356,False,True,76001,Tomate,Transitorio,Hortalizas
76001|Tomate de árbol,1,2026,48.0,7,pool_A_full,49.03868817109859,36.13087850665061,74.33750642579757,21.13454164969803,212.1307782502694,49.87210030738963,49.03868817109859,45.50348805650951,False,True,76001,Tomate de árbol,Permanente,Frutales
76001|Tomate invernadero,1,2026,800.0,7,pool_A_full,785.5324402085965,468.9871061432035,1250.1194495531497,256.54940495553484,2125.8513588034243,825.1010384299576,785.5324402085965,710.3956487473205,False,True,76001,Tomate,Transitorio,Hortalizas
76001|Yuca consumo en fresco,1,2026,160.0,7,pool_A_full,163.00978364757373,97.0029298921898,259.8866713546659,52.70486966070462,442.4965595511685,164.95069389844716,163.00978364757373,153.33951522412764,False,True,76001,Yuca,Transitorio,Raíces y tubérculos
76001|Zanahoria,1,2026,120.0,7,pool_A_full,117.82986603128948,70.00597763598749,188.01999330137284,37.910742548886965,320.32617691909724,123.76515576449364,117.82986603128948,106.55934731209808,False,True,76001,Zanahoria,Transitorio,Hortalizas
76020|Aguacate Hass,1,2026,126.0,6,pool_A_full,128.7265564491338,95.6970228183639,164.0958008298364,55.42596339923462,252.96026265311596,130.9142633068978,128.7265564491338,119.44665614833747,False,True,76020,Aguacate,Permanente,Frutales
76020|Aguacate Papelillo,1,2026,1003.2,6,pool_A_full,1024.9085827759607,832.3776989490098,1216.4442785893536,375.22029285169896,1533.826125818105,1042.3268964244435,1024.9085827759607,951.0229003810489,False,True,76020,Aguacate,Permanente,Frutales
76020|Aguacate demás variedades,1,2026,1326.4,7,pool_A_full,1355.1024164613577,1100.6044999952605,1608.2848386498204,496.3086850267691,2027.8176286019943,1378.1323718275337,1355.1024164613577,1257.4130532948795,False,True,76020,Aguacate,Permanente,Frutales
76020|Banano consumo interno,1,2026,1687.2,7,pool_A_full,1723.7098892141155,1400.0359041335246,2045.710810400488,631.4840931231951,2579.2784398780664,1753.0043258047456,1723.7098892141155,1599.4476051863094,False,True,76020,Banano,Permanente,Frutales
76020|Cacao,1,2026,19.8,7,pool_A_full,20.07506630702041,14.638613943871505,30.730307115571232,8.322525229834561,88.76544845325579,20.39809431120456,20.07506630702041,18.65066329185956,False,True,76020,Cacao,Permanente,Cultivos tropicales tradicionales
76020|Café,1,2026,973.5,7,pool_A_full,987.0240934285034,735.4643826401914,1256.403521750854,428.75172439128534,1933.213511426209,1002.9063036342242,987.0240934285034,916.9909451830949,False,True,76020,Café,Permanente,Cultivos tropicales tradicionales
76020|Frijol,1,2026,58.739999999999995,7,pool_A_full,56.86421136502077,37.2393873706579,119.17982551525452,22.258160087667353,205.78103306915204,58.87642850150714,56.86421136502077,51.281389522916655,False,True,76020,Frijol,Transitorio,Leguminosas
76020|Guanábana,1,2026,260.0,7,pool_A_full,265.6262275934507,197.74082161185993,338.32042730232257,114.9719503181532,520.9630324219117,270.14054333169383,265.6262275934507,246.47722697275987,False,True,76020,Guanábana,Permanente,Frutales
76020|Guayaba,1,2026,367.5,7,pool_A_full,375.45245630997357,279.6043169126124,478.0901836142051,162.74205176430058,735.9652544379232,381.8332679784519,375.45245630997357,348.38608043265094,False,True,76020,Guayaba,Permanente,Frutales
76020|Habichuela,1,2026,100.0,7,pool_A_full,96.80662472764858,63.63520926231813,202.13735928854942,38.31276486600811,348.517507023623,100.23225825929035,96.80662472764858,87.30233149968788,False,True,76020,Habichuela,Transitorio,Leguminosas
76020|Limón Tahití,1,2026,474.88,5,pool_A_full,485.15608830606874,361.3764297069828,617.7039178725306,210.4588284460431,950.7274739735454,493.40131237444143,485.15608830606874,450.1811751724008,False,True,76020,Limón,Permanente,Frutales
76020|Lulo,1,2026,112.5,6,pool_A_full,114.93442540101232,85.41649085036242,146.54331980462322,49.42692740367192,225.95998360924472,116.88773509544446,114.93442540101232,106.64880013244417,False,True,76020,Lulo,Permanente,Frutales
76020|Mandarina Arrayana y/o Oneco,1,2026,3360.4,6,pool_A_full,3433.116827711661,2788.6407417281584,4074.2616306145032,1258.356301623585,5136.6626677803015,3491.4626223531695,3433.116827711661,3185.6233596894704,False,True,76020,Mandarina,Permanente,Frutales
76020|Maracuyá,1,2026,854.0,7,pool_A_full,872.4799937107957,650.0842282039246,1110.6295924117017,378.9295341229118,1708.9753103522455,887.3077846356406,872.4799937107957,809.5828916720651,False,True,76020,Maracuyá,Permanente,Frutales
76020|Maíz amarillo tradicional,1,2026,27.97,5,pool_A_full,27.865922087158296,18.075956458456773,58.952454167010515,10.602477959063759,102.15400571214715,28.456970087002134,27.865922087158296,25.562636736244418,False,True,76020,Maíz,Transitorio,Cereales
76020|Naranja Valencia,1,2026,9889.2,6,pool_A_full,10103.195730450589,8812.631600875884,11069.252366937275,7393.07728162914,12786.303837295618,10274.89946582995,10103.195730450589,9374.856126842373,False,True,76020,Naranja,Permanente,Frutales
"76020|Papaya Hawaiana, Maradol, Melona, redonda y/o Tainung",1,2026,1606.5,6,pool_A_full,1641.263594726456,1333.0621948376324,1947.87190818242,601.2494605473041,2455.933408087659,1669.1568571629468,1641.263594726456,1522.9448658913027,False,True,76020,Papaya,Permanente,Frutales
76020|Pimentón,1,2026,138.0,7,pool_A_full,135.5043459359829,80.56724280235501,216.1343906727435,43.69823655376884,368.119490557212,142.32992912916768,135.5043459359829,122.54324940891279,False,True,76020,Pimentón,Transitorio,Hortalizas
"76020|Piña Cayena, Gold, Manzana y/o Perolera",1,2026,3347.4,6,pool_A_full,3419.835516331988,2777.851916191028,4058.5007169982127,1253.4857907997125,5116.792960056943,3477.9555951865846,3419.835516331988,3173.299498340832,False,True,76020,Piña,Permanente,Frutales
76020|Plátano consumo interno,1,2026,13475.0,7,pool_A_full,13766.590064699032,12008.116816339121,15082.90183312094,10073.886476455305,17422.490395587174,14000.553159209901,13766.590064699032,12774.156282530535,False,True,76020,Plátano,Permanente,Frutales
76020|Tomate,1,2026,2400.0,7,pool_A_full,2356.59732062579,1456.2301507963969,3868.15533025522,624.7144368552227,6453.330203964892,2475.303115289873,2356.59732062579,2131.1869462419613,False,True,76020,Tomate,Transitorio,Hortalizas
76020|Yuca consumo en fresco,1,2026,270.0,7,pool_A_full,275.07900990528066,163.9691332475131,438.1526671350865,89.40184623912103,745.5413851187421,278.35429595362956,275.07900990528066,258.76043194071536,False,True,76020,Yuca,Transitorio,Raíces y tubérculos
76036|Aguacate Papelillo,1,2026,360.0,6,pool_A_full,367.79016128323946,273.89291026372274,468.3388052668646,159.409253988988,720.9650994135505,374.04075230542225,367.79016128323946,341.27616042382135,False,True,76036,Aguacate,Permanente,Frutales
76036|Banano consumo interno,1,2026,443.2,7,pool_A_full,452.7905541131436,337.2514480220727,576.5140957333638,196.38109064312263,887.3668191505943,460.4857261715643,452.7905541131436,420.1488730551045,False,True,76036,Banano,Permanente,Frutales
76036|Cacao,1,2026,94.8,7,pool_A_full,96.11698413664317,71.06501750365216,145.2178902738369,41.95955807065267,412.6522991887097,97.66360306576729,96.11698413664317,89.29711515496395,False,True,76036,Cacao,Permanente,Cultivos tropicales tradicionales
76036|Café,1,2026,67.57,7,pool_A_full,68.50869850330146,50.578471251214474,103.6512650818426,29.74707268057965,295.0597799150243,69.61107235394404,68.50869850330146,63.6477433651995,False,True,76036,Café,Permanente,Cultivos tropicales tradicionales
76036|Caña de azúcar,1,2026,512582.4,7,pool_A_full,519703.3165561444,514202.38844015513,574626.4505297457,466117.58447281236,718351.7001060292,528065.8655284637,519703.3165561444,482828.37129966024,False,True,76036,Caña,Permanente,Cultivos tropicales tradicionales
76036|Limón Pajarito,1,2026,2250.0,2,pool_A_full,2298.6885080202464,1867.1090589256955,2728.0371321889475,842.3397463290399,3439.4839403940723,2337.7547019088893,2298.6885080202464,2132.9760026488834,False,True,76036,Limón,Permanente,Frutales
76036|Limón Tahití,1,2026,136.23,5,pool_A_full,139.17792686559918,103.48738148744943,177.396680895609,59.971899564760996,273.42047410636053,141.54325468491018,139.17792686559918,129.14458704038105,False,True,76036,Limón,Permanente,Frutales
76036|Mandarina Arrayana y/o Oneco,1,2026,770.54,6,pool_A_full,787.213974653298,586.52769501508,1002.1162541624951,341.8421604792331,1542.053585241024,800.5926702261668,787.213974653298,730.4637018138092,False,True,76036,Mandarina,Permanente,Frutales
76036|Maracuyá,1,2026,480.0,7,pool_A_full,490.3868817109859,365.27541664595805,624.3608588243151,212.73401839398977,960.9675798035171,498.7210030738963,490.3868817109859,455.03488056509514,False,True,76036,Maracuyá,Permanente,Frutales
76036|Maíz amarillo tecnificado,1,2026,360.0,5,pool_A_full,358.6604201421876,213.91263604085466,571.1037351682648,116.77051073584643,971.5527062613597,366.2677594322763,358.6604201421876,329.01498838212336,False,True,76036,Maíz,Transitorio,Cereales
76036|Maíz blanco tecnificado,1,2026,176.4,5,pool_A_full,175.74360586967194,104.61193868872307,280.1420757534903,56.8745493438989,476.92990992721695,179.4712021218154,175.74360586967194,161.21734430724047,False,True,76036,Maíz,Transitorio,Cereales
76036|Naranja Valencia,1,2026,4013.42,6,pool_A_full,4100.267747492719,3330.588345748027,4865.96869290004,1503.0132999471123,6134.7639398964375,4169.95176699341,4100.267747492719,3804.679354911592,False,True,76036,Naranja,Permanente,Frutales
76036|Otras hortalizas,1,2026,6.0,7,pool_A_full,5.891493301564474,3.0599401325631668,37.48028302726743,0.9581953750066814,386.8461632083425,6.188257788224682,5.891493301564474,5.327967365604904,False,True,76036,Otras hortalizas,Transitorio,Hortalizas
"76036|Papaya Hawaiana, Maradol, Melona, redonda y/o Tainung",1,2026,372.9,6,pool_A_full,380.9693087292222,283.7165296998129,485.1111760242904,165.14166616252564,746.7653660554716,387.4438792630332,380.9693087292222,353.50522283900824,False,True,76036,Papaya,Permanente,Frutales
76036|Papaya demás variedades,1,2026,409.2,7,pool_A_full,418.0548166586155,311.3597378804391,532.3078472254191,181.27240739503867,819.3661163734366,425.1596551204966,418.0548166586155,387.9172356817436,False,True,76036,Papaya,Permanente,Frutales
76036|Plátano consumo interno,1,2026,1588.4,7,pool_A_full,1622.7719227286043,1318.040830051317,1925.9278669166574,594.4682108617567,2428.268661180516,1650.350919338702,1622.7719227286043,1505.7862589366607,False,True,76036,Plátano,Permanente,Frutales
76036|Zapote,1,2026,156.0,7,pool_A_full,159.37573655607042,118.54264941392276,203.10131421919905,68.75715450048507,312.96088275060765,162.0843259990163,159.37573655607042,147.8863361836559,False,True,76036,Zapote,Permanente,Frutales
76041|Aguacate Hass,1,2026,1110.2,6,pool_A_full,1134.2239918240346,921.1780322161783,1346.1687214311542,415.30834347896524,1697.3691047719299,1153.5001200263328,1134.2239918240346,1052.4577591736847,False,True,76041,Aguacate,Permanente,Frutales
76041|Aguacate Papelillo,1,2026,784.8,6,pool_A_full,801.782551597462,597.3869828568359,1020.6568748602392,348.1789199826943,1570.5738799940323,815.4088400258205,801.782551597462,743.9820297239305,False,True,76041,Aguacate,Permanente,Frutales
76041|Aguacate demás variedades,1,2026,1335.0,7,pool_A_full,1363.8885147586795,1107.7417230429014,1618.7112891959825,499.5307152641005,2040.9622044805246,1387.0677897992741,1363.8885147586795,1265.565761571671,False,True,76041,Aguacate,Permanente,Frutales
76041|Ahuyama,1,2026,9.0,3,pool_A_full,8.837239952346712,4.795348486679879,53.92855626624637,1.7952196910854186,552.629758475039,9.282386682337023,8.837239952346712,7.991951048407356,False,True,76041,Ahuyama,Transitorio,Hortalizas
76041|Banano consumo interno,1,2026,1855.5,7,pool_A_full,1895.65178961403,1539.7096993565572,2249.7540228329653,694.5384755584187,2836.514732942821,1927.8683775075306,1895.65178961403,1758.9942101844458,False,True,76041,Banano,Permanente,Frutales
76041|Cacao,1,2026,33.48,7,pool_A_full,33.9451121191436,24.930789953175484,51.61284228363886,14.457920019999783,147.8424100274025,34.4913231080368,33.9451121191436,31.536576111689797,False,True,76041,Cacao,Permanente,Cultivos tropicales tradicionales
76041|Café,1,2026,3547.6,7,pool_A_full,3596.8841025649294,2921.6740323855697,4268.6040263577925,1318.4128925706136,5381.669188067619,3654.7615847691563,3596.8841025649294,3341.6713683939884,False,True,76041,Café,Permanente,Cultivos tropicales tradicionales
76041|Caña de azúcar,1,2026,221875.0,7,pool_A_full,224957.34024596735,222576.21771270575,248731.27605177797,201762.30998296774,310943.9469227256,228577.1300655814,224957.34024596735,208995.75342835046,False,True,76041,Caña,Permanente,Cultivos tropicales tradicionales
76041|Caña panelera,1,2026,5720.0,7,pool_A_full,5799.463599805896,4710.898397968055,6882.402031437771,2126.1409079059813,8676.87171713644,5892.78280101465,5799.463599805896,5387.969395426095,False,True,76041,Caña,Permanente,Cultivos tropicales tradicionales
76041|Frijol,1,2026,41.19,7,pool_A_full,39.87464872531845,26.01188678416648,83.89371989912942,15.429310987815676,145.0678697656871,41.28566717700169,39.87464872531845,35.95983034472144,False,True,76041,Frijol,Transitorio,Leguminosas
76041|Granadilla,1,2026,195.8,7,pool_A_full,200.03698216460634,148.85118069736404,254.84862864908663,86.44320136147726,392.56170541327964,203.43660917056022,200.03698216460634,185.6163116971784,False,True,76041,Granadilla,Permanente,Frutales
76041|Guanábana,1,2026,297.0,7,pool_A_full,303.42688305867256,225.91709441304914,386.4272271492031,131.41375267636207,594.963797208818,308.5836206519734,303.42688305867256,281.5528323496526,False,True,76041,Guanábana,Permanente,Frutales
76041|Guayaba,1,2026,192.0,7,pool_A_full,196.15475268439437,145.95740132859333,249.90793028643415,84.75458382198559,384.9616268675976,199.48840122955852,196.15475268439437,182.01395222603804,False,True,76041,Guayaba,Permanente,Frutales
76041|Limón Tahití,1,2026,566.79,5,pool_A_full,579.0549597603535,431.36781438690974,737.203809059741,251.30115424990728,1134.5493737455604,588.8959944421952,579.0549597603535,537.3108749072713,False,True,76041,Limón,Permanente,Frutales
76041|Lulo,1,2026,91.2,7,pool_A_full,93.17350752508733,68.8808300989557,140.78623556340517,40.65751543055353,400.11509080232514,94.75699058404031,93.17350752508733,86.45662730736808,False,True,76041,Lulo,Permanente,Frutales
76041|Mandarina Arrayana y/o Oneco,1,2026,129.0,5,pool_A_full,131.79147445982747,97.98158547791974,167.9963521687726,56.75908250935964,258.960324662865,134.03126957610965,131.79147445982747,122.29062415186931,False,True,76041,Mandarina,Permanente,Frutales
76041|Mango demás variedades,1,2026,143.0,7,pool_A_full,146.0944251763979,108.64287788918051,186.19892508380843,62.9803050232765,286.9606140416944,148.5772988324316,146.0944251763979,135.56247483501792,False,True,76041,Mango,Permanente,Frutales
76041|Maracuyá,1,2026,147.0,6,pool_A_full,150.18098252398943,111.68896143525501,191.39966020239012,64.75779717010988,294.9606967213599,152.73330719138076,150.18098252398943,139.3544321730604,False,True,76041,Maracuyá,Permanente,Frutales
76041|Maíz amarillo tecnificado,1,2026,70.0,5,pool_A_full,69.7395261387587,45.74799981931463,145.92093278103485,27.43331283100412,251.7916988537283,71.2187310007204,69.7395261387587,63.975136629857325,False,True,76041,Maíz,Transitorio,Cereales
76041|Maíz blanco tecnificado,1,2026,80.0,5,pool_A_full,79.70231558715281,52.33187880119846,166.61293340297726,31.43779412340009,287.3942906076137,81.39283542939474,79.70231558715281,73.1144418626941,False,True,76041,Maíz,Transitorio,Cereales
76041|Mora,1,2026,12.0,7,pool_A_full,12.259672042774648,8.839252179729709,18.963565477791203,4.865396832318442,55.47718445688928,12.468025076847407,12.259672042774648,11.375872014127378,False,True,76041,Mora,Permanente,Frutales
76041|Naranja Valencia,1,2026,390.78,5,pool_A_full,399.23622007295637,297.3325231507662,508.35846200435077,173.087056058871,782.5257356335771,406.0212366275358,399.23622007295637,370.45527214005807,False,True,76041,Naranja,Permanente,Frutales
76041|Pimentón,1,2026,360.0,4,pool_A_full,353.48959809386844,210.8228465208873,562.8786249196472,115.07732928064506,957.5703587606247,371.2954672934809,353.48959809386844,319.6780419362942,False,True,76041,Pimentón,Transitorio,Hortalizas
76041|Pitahaya,1,2026,95.0,7,pool_A_full,97.05573700529929,71.7616128779084,146.63126266347243,42.374814050165796,416.65074792495943,98.70519852504198,97.05573700529929,90.05898677850841,False,True,76041,Pitahaya,Permanente,Frutales
76041|Piña demás variedades,1,2026,0.0,6,pool_A_full,0.0,0.0,0.7557487299040222,0.0,15.682225503031251,0.0,0.0,0.0,False,True,76041,Piña,Permanente,Frutales
76041|Plátano consumo interno,1,2026,17497.15,7,pool_A_full,17875.77672360287,15592.455278990577,19584.96558469961,13080.918854995705,22622.846735994495,18179.57541444672,17875.77672360287,16587.111584332404,False,True,76041,Plátano,Permanente,Frutales
76041|Tomate,1,2026,375.0,7,pool_A_full,368.21833134777967,219.62390082619342,586.307289395789,119.90024095137997,997.3981201257195,386.76611176404265,368.21833134777967,332.99796035030647,False,True,76041,Tomate,Transitorio,Hortalizas
76054|Aguacate Hass,1,2026,5345.6,6,pool_A_full,5461.275239321347,4436.177392213976,6481.074377619572,2002.120769896941,8170.91988104323,5554.089570899626,5461.275239321347,5067.571786559943,False,True,76054,Aguacate,Permanente,Frutales
76054|Aguacate Papelillo,1,2026,321.6,6,pool_A_full,328.5592107463606,244.65050822140753,418.41174812848067,142.34532937938752,644.1643056887616,334.1430720595106,328.5592107463606,304.87336997861377,False,True,76054,Aguacate,Permanente,Frutales
76054|Aguacate demás variedades,1,2026,2152.0,7,pool_A_full,2198.5678530042537,1785.7779125688505,2609.2240910815053,805.6235878106103,3289.696912941035,2235.932497114635,2198.5678530042537,2040.0730478668431,False,True,76054,Aguacate,Permanente,Frutales
76054|Banano consumo interno,1,2026,4896.0,7,pool_A_full,5001.946193452056,4063.050010560526,5935.98924208991,1833.6760263266694,7483.733681626031,5086.954231353742,5001.946193452056,4641.35578176397,False,True,76054,Banano,Permanente,Frutales
76054|Cacao,1,2026,5.5,7,pool_A_full,5.5764073075056695,5.373576886825232,10.546518777484613,3.2232293906898724,108.70910970359216,5.666137308667933,5.5764073075056695,5.180739803294322,False,True,76054,Cacao,Permanente,Cultivos tropicales tradicionales
76054|Café,1,2026,1720.24,7,pool_A_full,1744.137983029737,1416.630285059662,2069.9528007258064,638.9754657140357,2609.8402000731535,1772.2029170659864,1744.137983029737,1620.3846980398225,False,True,76054,Café,Permanente,Cultivos tropicales tradicionales
76054|Caña panelera,1,2026,2882.0,7,pool_A_full,2922.037429132971,2373.4749264512593,3467.764423991183,1070.933714239175,4372.054566751015,2969.055949741997,2922.037429132971,2714.7076569262244,False,True,76054,Caña,Permanente,Cultivos tropicales tradicionales
76054|Cebolla de rama,1,2026,4.36,6,pool_A_full,4.281151799136851,2.111250232312698,28.488560323292283,0.5006220822169722,296.2177977958818,4.496800659443269,4.281151799136851,3.871656285672897,False,True,76054,Cebolla de rama,Transitorio,Hortalizas
76054|Frijol,1,2026,10.07,7,pool_A_full,9.748427110074212,5.33215018524559,59.01638530211086,2.054130554079715,603.9104356265494,10.093388406710538,9.748427110074212,8.79134478201857,False,True,76054,Frijol,Transitorio,Leguminosas
76054|Granadilla,1,2026,55.0,3,pool_A_full,56.1901635293838,41.437583625774124,85.10466161013213,24.297986475299616,242.59119926564864,57.14511493555062,56.1901635293838,52.13941339808382,False,True,76054,Granadilla,Permanente,Frutales
76054|Limón Mandarino,1,2026,0.65,3,pool_A_full,0.6640655689836268,0.6127422394490396,1.9216810092200172,0.06862763973666176,26.760317073614864,0.6753513583292347,0.6640655689836268,0.6161930674318997,False,True,76054,Limón,Permanente,Frutales
76054|Limón Tahití,1,2026,16.96,5,pool_A_full,17.32700315378817,12.59943180699437,26.592864008405417,7.106923451601851,77.06056849064389,17.621475441944337,17.32700315378817,16.077899113300028,False,True,76054,Limón,Permanente,Frutales
76054|Lulo,1,2026,18.0,7,pool_A_full,18.389508064161973,13.38785656754986,28.192555635792267,7.576920968548372,81.58611675578591,18.702037615271113,18.389508064161973,17.06380802119107,False,True,76054,Lulo,Permanente,Frutales
76054|Mandarina Arrayana y/o Oneco,1,2026,5.12,5,pool_A_full,5.230793404917184,5.038622453758201,9.939707606977704,3.001283467483919,102.94350064362833,5.3196906994548945,5.230793404917184,4.853705392694348,False,True,76054,Mandarina,Permanente,Frutales
76054|Maíz amarillo tecnificado,1,2026,15.0,5,pool_A_full,14.94418417259115,9.536665418953417,32.11492936035109,5.408665722826167,55.97744420735766,15.261156643011514,14.94418417259115,13.70895784925514,False,True,76054,Maíz,Transitorio,Cereales
76054|Maíz amarillo tradicional,1,2026,22.0,5,pool_A_full,21.91813678646702,14.145380706272116,46.59932979571084,8.211802627503356,80.89925843507757,22.383029743083554,21.91813678646702,20.106471512240873,False,True,76054,Maíz,Transitorio,Cereales
76054|Naranja Valencia,1,2026,9.76,5,pool_A_full,9.97119992812338,9.632824734383364,18.262670339325716,6.045472067203665,182.02403123979448,10.140660395835893,9.97119992812338,9.2523759048236,False,True,76054,Naranja,Permanente,Frutales
76054|Plátano consumo interno,1,2026,12156.0,7,pool_A_full,12419.047779330718,10832.690133535836,13606.521765661444,9087.77812462985,15717.116400833822,12630.109402846425,12419.047779330718,11523.758350311035,False,True,76054,Plátano,Permanente,Frutales
76054|Tomate,1,2026,400.0,7,pool_A_full,392.76622010429827,234.29232466837047,625.3550635226925,127.93842706927146,1063.7777224008787,412.5505192149788,392.76622010429827,355.19782437366024,False,True,76054,Tomate,Transitorio,Hortalizas
76054|Yuca consumo en fresco,1,2026,64.0,3,pool_A_full,65.2039134590295,42.750654031097795,136.50078987065996,25.61025150670228,235.58343033349217,65.98027755937886,65.2039134590295,61.33580608965105,False,True,76054,Yuca,Transitorio,Raíces y tubérculos
76100|Aguacate Hass,1,2026,33224.0,6,pool_A_full,33942.94532909541,29607.435662951833,37188.307407235974,24838.597500110347,42956.554855317365,34519.80542943152,33942.94532909541,31495.997649780667,False,True,76100,Aguacate,Permanente,Frutales
76100|Ahuyama,1,2026,2375.0,7,pool_A_full,2332.0494318692713,1441.057108597273,3827.868724142354,618.1993427571377,6386.126115099221,2449.5187078389367,2332.0494318692713,2108.9870822186076,False,True,76100,Ahuyama,Transitorio,Hortalizas
76100|Ají,1,2026,1008.0,7,pool_A_full,989.7708746628317,591.0283925101164,1574.9969302889867,323.427113456392,2678.1296497327467,1039.6273084217466,989.7708746628317,895.0985174216238,False,True,76100,Ají,Transitorio,Hortalizas
76100|Arracacha,1,2026,660.0,7,pool_A_full,672.4153575462417,401.3947633254777,1070.1866521747597,219.50930865350685,1819.9730394037763,680.4216123310945,672.4153575462417,632.5255002995265,False,True,76100,Arracacha,Transitorio,Raíces y tubérculos
76100|Arveja,1,2026,32.71,7,pool_A_full,31.66544694841385,20.586860859753532,66.84379536210706,12.12967336008108,115.73182276777368,32.78597167661387,31.66544694841385,28.556592633547908,False,True,76100,Arveja,Transitorio,Leguminosas
76100|Banano consumo interno,1,2026,11424.0,7,pool_A_full,11671.207784721464,10180.368426324316,12787.181197518652,8540.521632183885,14770.692015572682,11869.559873158732,11671.207784721464,10829.830157449263,False,True,76100,Banano,Permanente,Frutales
76100|Cacao,1,2026,186.0,7,pool_A_full,188.58395621746445,140.31419689340146,240.272997086634,81.46158433106369,370.14059475310745,191.61846171131558,188.58395621746445,175.20320062049888,False,True,76100,Cacao,Permanente,Cultivos tropicales tradicionales
76100|Café,1,2026,819.0,7,pool_A_full,830.3777426994806,618.7015842936787,1057.048390245303,360.6167064366135,1626.5534915836777,843.739355599825,830.3777426994806,771.4592543450999,False,True,76100,Café,Permanente,Cultivos tropicales tradicionales
76100|Caña de azúcar,1,2026,63720.0,7,pool_A_full,64605.2133880475,56353.348146067954,70782.17817245937,47276.71981148503,81761.00287573785,65644.77623787649,64605.2133880475,60021.22550289349,False,True,76100,Caña,Permanente,Cultivos tropicales tradicionales
76100|Caña panelera,1,2026,10560.0,7,pool_A_full,10706.702030410885,9339.054716436467,11730.459574697798,7834.712849753421,13550.067587641162,10878.983632642432,10706.702030410885,9947.020422325098,False,True,76100,Caña,Permanente,Cultivos tropicales tradicionales
76100|Chontaduro,1,2026,32.0,7,pool_A_full,32.692458780732395,24.001266805796863,49.72686600446137,13.903810619751543,142.50695878654483,33.24806687159309,32.692458780732395,30.335658704339675,False,True,76100,Chontaduro,Permanente,Frutales
76100|Durazno o albaricoque,1,2026,18.0,7,pool_A_full,18.389508064161973,13.38785656754986,28.192555635792267,7.576920968548372,81.58611675578591,18.702037615271113,18.389508064161973,17.06380802119107,False,True,76100,Durazno o albaricoque,Permanente,Frutales
76100|Frijol,1,2026,118.0,7,pool_A_full,114.23181717862533,67.8559880340621,182.296657975475,36.73256439165949,310.596743395287,118.2740647459626,114.23181717862533,103.0167511696317,False,True,76100,Frijol,Transitorio,Leguminosas
76100|Granadilla,1,2026,144.0,7,pool_A_full,147.11606451329578,109.40439877569918,187.49910886345393,63.42467805998487,288.9606347116109,149.6163009221689,147.11606451329578,136.51046416952855,False,True,76100,Granadilla,Permanente,Frutales
76100|Guanábana,1,2026,72.0,7,pool_A_full,73.55803225664789,54.3252960579312,111.25346705780177,31.980638194617747,316.5665074458561,74.80815046108445,73.55803225664789,68.25523208476427,False,True,76100,Guanábana,Permanente,Frutales
76100|Guayaba,1,2026,160.0,7,pool_A_full,163.462293903662,121.58873295999724,208.3020493377807,70.53464664731845,320.9609654302731,166.24033435796545,163.462293903662,151.67829352169838,False,True,76100,Guayaba,Permanente,Frutales
76100|Habichuela,1,2026,350.0,7,pool_A_full,338.82318654677005,202.0590321272967,539.5490941798098,110.27482480188966,917.9111206503138,350.8129039075162,338.82318654677005,305.5581602489076,False,True,76100,Habichuela,Transitorio,Leguminosas
76100|Limón Tahití,1,2026,743.2,5,pool_A_full,759.28235518251,565.7077139776611,966.56922962699,329.6930016556271,1487.373020125511,772.1863530927495,759.28235518251,704.545673408289,False,True,76100,Limón,Permanente,Frutales
76100|Lulo,1,2026,2910.0,7,pool_A_full,2972.970470372852,2414.84943234935,3528.206592708463,1089.611834310309,4448.253717118593,3023.4960811354968,2972.970470372852,2758.648963425889,False,True,76100,Lulo,Permanente,Frutales
76100|Mango demás variedades,1,2026,20.0,7,pool_A_full,20.43278673795775,14.904058030156575,31.268885688459285,8.480762347291682,90.28909418875145,20.78004179474568,20.43278673795775,18.959786690212297,False,True,76100,Mango,Permanente,Frutales
76100|Maracuyá,1,2026,660.0,7,pool_A_full,674.2819623526057,502.3491762193111,858.3939391604908,292.72116500149247,1320.9713003884672,685.7413792266075,674.2819623526057,625.6729607770058,False,True,76100,Maracuyá,Permanente,Frutales
76100|Maíz amarillo tecnificado,1,2026,336.0,5,pool_A_full,334.74972546604175,199.62496318436695,533.0695313231965,108.94097329899068,906.8961315771585,341.8499088034579,334.74972546604175,307.08065582331517,False,True,76100,Maíz,Transitorio,Cereales
76100|Maíz amarillo tradicional,1,2026,290.0,5,pool_A_full,288.9208940034289,172.24025687609858,460.17064062014816,93.93435987835015,782.9710300991048,295.04902843155594,288.9208940034289,265.0398517522661,False,True,76100,Maíz,Transitorio,Cereales
76100|Maíz blanco tecnificado,1,2026,140.0,5,pool_A_full,139.4790522775174,82.94230152304986,222.45686658846947,44.99975089800073,378.8674383228441,142.4374620014408,139.4790522775174,127.95027325971465,False,True,76100,Maíz,Transitorio,Cereales
76100|Maíz blanco tradicional,1,2026,60.0,5,pool_A_full,59.7767366903646,39.16412083743077,125.22893215909234,23.428831538608126,216.1891070998427,61.044626572046056,59.7767366903646,54.83583139702056,False,True,76100,Maíz,Transitorio,Cereales
76100|Melón,1,2026,1680.0,7,pool_A_full,1649.6181244380527,1019.2465354616495,2707.901074204718,437.0797268303798,4517.852444633991,1732.712180702911,1649.6181244380527,1491.830862369373,False,True,76100,Melón,Transitorio,Hortalizas
76100|Mora,1,2026,55.0,7,pool_A_full,56.1901635293838,41.437583625774124,85.10466161013213,24.297986475299616,242.59119926564864,57.14511493555062,56.1901635293838,52.13941339808382,False,True,76100,Mora,Permanente,Frutales
76100|Papaya demás variedades,1,2026,81.0,7,pool_A_full,82.75278628872887,61.1482026396614,125.0969522948033,36.04792439896263,355.72990589420095,84.15916926872,82.75278628872887,76.7871360953598,False,True,76100,Papaya,Permanente,Frutales
76100|Patilla,1,2026,480.0,6,pool_A_full,471.31946412515794,281.231280963337,750.3079407287838,153.660622646524,1276.1924496813874,495.06062305797457,471.31946412515794,426.23738924839233,False,True,76100,Patilla,Transitorio,Hortalizas
76100|Pepino cohombro,1,2026,480.0,7,pool_A_full,471.31946412515794,281.231280963337,750.3079407287838,153.660622646524,1276.1924496813874,495.06062305797457,471.31946412515794,426.23738924839233,False,True,76100,Pepino Cohombro,Transitorio,Hortalizas
76100|Pimentón,1,2026,2420.0,7,pool_A_full,2376.2356316310047,1468.3685845556945,3900.384615145513,629.9265121336908,6507.093475057407,2495.9306412506216,2376.2356316310047,2148.9468374606445,False,True,76100,Pimentón,Transitorio,Hortalizas
76100|Pitahaya,1,2026,65.0,7,pool_A_full,66.40655689836268,49.01859093880769,100.4863118734672,28.81719336901616,286.1060864304766,67.53513583292346,66.40655689836268,61.619306743189966,False,True,76100,Pitahaya,Permanente,Frutales
76100|Piña demás variedades,1,2026,160.0,7,pool_A_full,163.462293903662,121.58873295999724,208.3020493377807,70.53464664731845,320.9609654302731,166.24033435796545,163.462293903662,151.67829352169838,False,True,76100,Piña,Permanente,Frutales
76100|Plátano consumo interno,1,2026,5252.0,7,pool_A_full,5365.649797387704,4358.497848346622,6367.59579958226,1967.0530919650523,8027.857985435025,5456.838975300216,5365.649797387704,4978.839984849749,False,True,76100,Plátano,Permanente,Frutales
76100|Sacha inchi,1,2026,4.0,7,pool_A_full,3.7017016492662242,3.556691147506978,7.255006699086824,2.0193331499972715,77.4348471610331,3.6963052832177263,3.7017016492662242,3.4498897620332256,False,True,76100,Sacha inchi,Permanente,Oleaginosas
76100|Sábila,1,2026,50.0,7,pool_A_full,46.2712706158278,34.077334563400655,70.17092361810717,19.91037847959664,200.34346169869366,46.20381604022158,46.2712706158278,43.12362202541532,False,True,76100,Sábila,Permanente,"Cultivos para condimentos, bebidas medicinales y aromáticas"
76100|Tomate,1,2026,1764.0,7,pool_A_full,1732.0990306599554,1070.227957250703,2843.2640707439423,458.9704429999443,4743.6581832225975,1819.3477897380565,1732.0990306599554,1566.4224054878416,False,True,76100,Tomate,Transitorio,Hortalizas
76100|Tomate de árbol,1,2026,91.0,7,pool_A_full,92.96917965770774,68.729209952695,140.47860255813845,40.567131292679186,399.24479305902844,94.54919016609284,92.96917965770774,86.26702944046595,False,True,76100,Tomate de árbol,Permanente,Frutales
76100|Uva,1,2026,496.0,7,pool_A_full,506.7331111013521,377.4597508302562,645.163799298642,219.8439869813234,992.9679105221796,515.3450365096929,506.7331111013521,470.20270991726494,False,True,76100,Uva,Permanente,Frutales
76100|Yuca consumo en fresco,1,2026,1625.0,7,pool_A_full,1655.5681151706708,1022.9242228328876,2717.6658623458784,438.658874833299,4534.1415727912345,1675.280484906104,1655.5681151706708,1557.3544514950463,False,True,76100,Yuca,Transitorio,Raíces y tubérculos
76109|Arroz secano manual,1,2026,25.28,7,pool_A_full,25.185931725540286,16.30489301233002,53.386305999707965,9.525272491409245,92.576908530352,25.72013599568874,25.185931725540286,23.10416362861133,False,True,76109,Arroz,Transitorio,Cereales
76109|Banano consumo interno,1,2026,3748.0,7,pool_A_full,3829.104234693282,3110.31372466605,4544.179331974149,1403.5724551107674,5729.085645747618,3894.1798323353405,3829.104234693282,3553.0640257457844,False,True,76109,Banano,Permanente,Frutales
76109|Borojó,1,2026,1164.0,7,pool_A_full,1189.1881881491408,965.8271717467733,1411.3946562431997,435.4647651962266,1779.5991259655352,1209.3984324541987,1189.1881881491408,1103.4595853703556,False,True,76109,Borojó,Permanente,Frutales
76109|Cacao,1,2026,115.0,7,pool_A_full,116.5976073387549,86.65621189273857,148.6599593073838,50.1503463065866,229.21592544035812,118.47378009032951,116.5976073387549,108.32455952342673,False,True,76109,Cacao,Permanente,Cultivos tropicales tradicionales
76109|Caña panelera,1,2026,3312.0,7,pool_A_full,3358.011091356141,2727.6299978931997,3985.133758452789,1230.8135920674797,5024.299589536688,3412.04486660149,3358.011091356141,3119.74731427469,False,True,76109,Caña,Permanente,Cultivos tropicales tradicionales
76109|Chontaduro,1,2026,0.0,7,pool_A_full,0.0,0.0,0.7557487299040222,0.0,15.682225503031251,0.0,0.0,0.0,False,True,76109,Chontaduro,Permanente,Frutales
76109|Cimarrón,1,2026,6.0,7,pool_A_full,5.642521664832905,2.913265109370883,36.09009099950794,0.8874508953675695,372.83429526788893,5.89113769113393,5.642521664832905,4.717834271684797,False,True,76109,Cimarrón,Transitorio,"Cultivos para condimentos, bebidas medicinales y aromáticas"
76109|Coco,1,2026,246.0,7,pool_A_full,251.32327687688027,187.0795292005992,320.1178543872868,108.75072780423636,492.96274304308247,255.59451407537188,251.32327687688027,233.20537628961125,False,True,76109,Coco,Permanente,Frutales
76109|Guayaba,1,2026,34.0,7,pool_A_full,34.73573745452817,25.517468268403576,52.80319605712839,14.807651998494851,151.20993621951035,35.32607105106766,34.73573745452817,32.231637373360904,False,True,76109,Guayaba,Permanente,Frutales
"76109|Malanga, achín, yota, papa china, bore",1,2026,10.5,7,pool_A_full,10.697517051872026,6.73026842100555,23.29490569546605,3.7017442699499314,40.80173898978102,10.824889287085595,10.697517051872026,10.062905686583376,False,True,76109,"Malanga, achín, yota, papa china, bore",Transitorio,Raíces y tubérculos
76109|Maíz amarillo tradicional,1,2026,3.86,5,pool_A_full,3.8456367270801226,1.8546781017154226,26.05675889767394,0.3768718930303145,271.7074569560725,3.927204309468296,3.8456367270801226,3.5277718198749897,False,True,76109,Maíz,Transitorio,Cereales
76109|Piña demás variedades,1,2026,68.0,7,pool_A_full,69.47147490905634,51.292893132717786,105.10080695246778,30.172955437131137,299.160552579925,70.65214210213531,69.47147490905634,64.46327474672181,False,True,76109,Piña,Permanente,Frutales
76109|Plátano consumo interno,1,2026,812.0,7,pool_A_full,829.5711415610845,618.1003509701421,1056.021873666594,360.2658665811611,1624.9744422157569,843.6696968666746,829.5711415610845,769.7673396226193,False,True,76109,Plátano,Permanente,Frutales
76109|Yuca consumo en fresco,1,2026,25.0,7,pool_A_full,25.470278694933395,16.492802838694104,53.97687430369618,9.639563988322065,93.59303851284292,25.77354592163237,25.470278694933395,23.95929925376994,False,True,76109,Yuca,Transitorio,Raíces y tubérculos
76111|Aguacate demás variedades,1,2026,315.0,7,pool_A_full,321.8163911228345,239.6244703703845,409.83053518282077,139.41246733711236,630.9641692673132,327.28565826724446,321.8163911228345,298.6166403708437,False,True,76111,Aguacate,Permanente,Frutales
76111|Ají,1,2026,15.0,5,pool_A_full,14.728733253911185,9.394285337303367,31.667453222627167,5.32206656525564,55.20751815998954,15.470644470561705,14.728733253911185,13.31991841401226,False,True,76111,Ají,Transitorio,Hortalizas
76111|Arracacha,1,2026,156.0,7,pool_A_full,158.93453905638438,94.56779522472353,253.40427150810527,51.37043414876222,431.47674771234773,160.82692655098597,158.93453905638438,149.50602734352444,False,True,76111,Arracacha,Transitorio,Raíces y tubérculos
76111|Arveja,1,2026,26.189999999999998,7,pool_A_full,25.35365501617116,16.415732436737912,53.734655269962595,9.59268782554929,93.17627719862307,26.250828438108137,25.35365501617116,22.864480619768255,False,True,76111,Arveja,Transitorio,Leguminosas
76111|Banano consumo interno,1,2026,3720.0,7,pool_A_full,3800.498333260141,3087.0762542783777,4510.232748800591,1393.0821241055005,5686.289352189604,3865.0877738226964,3800.498333260141,3526.520324379487,False,True,76111,Banano,Permanente,Frutales
76111|Cacao,1,2026,2.0,7,pool_A_full,2.027784475456607,1.9344011477260303,4.316028747206054,0.9443790184389877,49.5101833941443,2.0604135667883394,2.027784475456607,1.883905383016117,False,True,76111,Cacao,Permanente,Cultivos tropicales tradicionales
76111|Café,1,2026,624.63,7,pool_A_full,633.3075084522302,471.80718225735643,806.2480218910365,274.8988848194638,1240.757322931295,643.4980631115002,633.3075084522302,588.3719096966786,False,True,76111,Café,Permanente,Cultivos tropicales tradicionales
76111|Caña de azúcar,1,2026,1055080.0,7,pool_A_full,1069737.4221823784,1058414.5334245346,1182788.9878641216,959438.7106570181,1478627.2497595132,1086950.5730235206,1069737.4221823784,993835.4457563224,False,True,76111,Caña,Permanente,Cultivos tropicales tradicionales
76111|Caña panelera,1,2026,1470.0,7,pool_A_full,1490.4215894606061,1210.528505809357,1768.8679117591266,545.9328130913493,2230.2639337896967,1514.4039715894294,1490.4215894606061,1384.670456516846,False,True,76111,Caña,Permanente,Cultivos tropicales tradicionales
76111|Cebolla de rama,1,2026,448.0,7,pool_A_full,439.89816651681406,262.45569844535044,700.3267898463474,143.37174441562294,1191.226558769184,462.05658152077626,439.89816651681406,397.8215632984995,False,True,76111,Cebolla de rama,Transitorio,Hortalizas
76111|Cilantro,1,2026,40.0,7,pool_A_full,39.27662201042983,25.61668265592959,82.65166121461019,15.1889378669614,142.93078746575674,41.25505192149788,39.27662201042983,35.519782437366025,False,True,76111,Cilantro,Transitorio,Hortalizas
76111|Curuba,1,2026,45.0,7,pool_A_full,45.97377016040493,33.85657631274053,69.72301134679701,19.778779581583056,199.07631210082081,46.75509403817778,45.97377016040493,42.65952005297767,False,True,76111,Curuba,Permanente,Frutales
76111|Fresa,1,2026,87.0,7,pool_A_full,88.8826223101162,65.6968070274816,134.32594245280447,38.75944853519259,381.8388381930979,90.3931818071437,88.8826223101162,82.4750721024235,False,True,76111,Fresa,Permanente,Frutales
76111|Frijol,1,2026,100.0,7,pool_A_full,96.80662472764858,63.63520926231813,202.13735928854942,38.31276486600811,348.517507023623,100.23225825929035,96.80662472764858,87.30233149968788,False,True,76111,Frijol,Transitorio,Leguminosas
76111|Granadilla,1,2026,200.0,7,pool_A_full,204.32786737957747,152.04956842074233,260.30940052359745,88.30956811565235,400.9617922269286,207.8004179474568,204.32786737957747,189.59786690212297,False,True,76111,Granadilla,Permanente,Frutales
76111|Guayaba,1,2026,30.0,7,pool_A_full,30.64918010693662,22.485065343190154,46.650535951794375,12.99996924100823,133.8039813535793,31.17006269211852,30.64918010693662,28.439680035318446,False,True,76111,Guayaba,Permanente,Frutales
76111|Habichuela,1,2026,173.0,7,pool_A_full,167.47546077883206,99.67136486650999,266.990123454951,54.16715198891234,454.57213455488403,173.4018067885723,167.47546077883206,151.03303349446003,False,True,76111,Habichuela,Transitorio,Leguminosas
76111|Lechuga,1,2026,18.0,2,pool_A_full,17.674479904693424,11.340973015538516,37.785558181665145,6.506091121460335,65.73431047668164,18.564773364674046,17.674479904693424,15.983902096814711,False,True,76111,Lechuga,Transitorio,Hortalizas
76111|Limón Tahití,1,2026,75.0,5,pool_A_full,76.62295026734155,56.599598251841265,115.86796213680228,33.3364002627327,329.620973595304,77.92515673029631,76.62295026734155,71.09920008829612,False,True,76111,Limón,Permanente,Frutales
76111|Lulo,1,2026,168.0,7,pool_A_full,171.63540859884506,127.6809000521462,218.70351957494395,74.0896309409852,336.9611307896041,174.55235107586373,171.63540859884506,159.26220819778328,False,True,76111,Lulo,Permanente,Frutales
76111|Mandarina Arrayana y/o Oneco,1,2026,37.5,5,pool_A_full,38.311475133670776,28.170820827965347,58.1867736492957,16.38937441129565,166.4401467272002,38.962578365148154,38.311475133670776,35.54960004414806,False,True,76111,Mandarina,Permanente,Frutales
76111|Mango demás variedades,1,2026,37.5,7,pool_A_full,38.311475133670776,28.170820827965347,58.1867736492957,16.38937441129565,166.4401467272002,38.962578365148154,38.311475133670776,35.54960004414806,False,True,76111,Mango,Permanente,Frutales
76111|Maracuyá,1,2026,192.0,6,pool_A_full,196.15475268439437,145.95740132859333,249.90793028643415,84.75458382198559,384.9616268675976,199.48840122955852,196.15475268439437,182.01395222603804,False,True,76111,Maracuyá,Permanente,Frutales
76111|Maíz amarillo tecnificado,1,2026,3115.0,5,pool_A_full,3103.4089131747623,1917.8341575984448,5093.780261505254,822.9208018610574,8497.856033838381,3169.2335295320577,3103.4089131747623,2846.893580028651,False,True,76111,Maíz,Transitorio,Cereales
76111|Maíz amarillo tradicional,1,2026,92.62,5,pool_A_full,92.27535587102616,60.64073407633592,192.72623818786872,36.49144951440383,332.3247614010173,94.23255521838176,92.27535587102616,84.64824506653409,False,True,76111,Maíz,Transitorio,Cereales
76111|Maíz blanco tecnificado,1,2026,4389.0,5,pool_A_full,4372.66828890017,2702.3629722974374,7176.816934519804,1159.7866052606073,11972.672981473694,4465.414433745169,4372.66828890017,4011.241066692054,False,True,76111,Maíz,Transitorio,Cereales
76111|Mora,1,2026,180.0,7,pool_A_full,183.89508064161973,136.81915069036984,234.30572493068914,79.42210738148542,360.96137882860097,187.02037615271112,183.89508064161973,170.63808021191068,False,True,76111,Mora,Permanente,Frutales
76111|Naranja Valencia,1,2026,216.32,5,pool_A_full,221.00102135775097,164.4775892887263,281.52839980741066,95.56173607473258,433.60212955996394,224.75693205196927,221.00102135775097,205.0690528413362,False,True,76111,Naranja,Permanente,Frutales
76111|Otras hortalizas,1,2026,173.0,7,pool_A_full,169.871390195109,101.10303618140283,270.80127445040836,54.95169711881689,461.0509337424344,178.42809956047833,169.871390195109,153.62305904160806,False,True,76111,Otras hortalizas,Transitorio,Hortalizas
76111|Papa todas las variedades,1,2026,465.0,7,pool_A_full,473.74718372576115,282.68194828649547,754.1696596549233,154.4555774463139,1282.7572122612596,479.38795414236205,473.74718372576115,445.6429661201209,False,True,76111,Papa,Transitorio,Raíces y tubérculos
76111|Pimentón,1,2026,123.0,7,pool_A_full,120.77561268207172,71.76618849704877,192.70572619660138,38.87532488303396,328.2917291921165,126.85928465860599,120.77561268207172,109.22333099490052,False,True,76111,Pimentón,Transitorio,Hortalizas
76111|Piña demás variedades,1,2026,2100.0,7,pool_A_full,2145.4426074855633,1742.62261042032,2546.180436616331,786.1415445151163,3210.2180820475874,2181.9043884482967,2145.4426074855633,1990.7776024722912,False,True,76111,Piña,Permanente,Frutales
76111|Plantas aromáticas,1,2026,2.0,3,pool_A_full,1.8808405549443015,0.6971706526767911,15.085854699375673,0.0,161.13074687259578,1.96371256371131,1.8808405549443015,1.5726114238949322,False,True,76111,Plantas aromáticas,Transitorio,"Cultivos para condimentos, bebidas medicinales y aromáticas"
76111|Plátano consumo interno,1,2026,468.0,7,pool_A_full,478.12720966821126,356.1371660077346,608.7586534685702,207.40154195348964,936.9673317645206,486.2529779970489,478.12720966821126,443.65900855096777,False,True,76111,Plátano,Permanente,Frutales
76111|Repollo,1,2026,115.0,3,pool_A_full,112.92028827998575,67.07229286755208,180.2104384759921,36.303105325308664,307.0502564640654,118.60827427430641,112.92028827998575,102.11937450742732,False,True,76111,Repollo,Transitorio,Hortalizas
76111|Sorgo,1,2026,573.0,3,pool_A_full,570.867835392982,340.7157326421842,908.6572942932495,186.25765548794288,1545.3798065836513,582.9761837630398,570.867835392982,523.6821898415463,False,True,76111,Sorgo,Transitorio,Cereales
76111|Tomate,1,2026,1269.0,7,pool_A_full,1246.0508332808863,769.8017217080641,2045.5892697092218,329.9715798578644,3413.017223682605,1308.8165222095204,1246.0508332808863,1126.8650978254373,False,True,76111,Tomate,Transitorio,Hortalizas
76111|Tomate de árbol,1,2026,180.0,7,pool_A_full,183.89508064161973,136.81915069036984,234.30572493068914,79.42210738148542,360.96137882860097,187.02037615271112,183.89508064161973,170.63808021191068,False,True,76111,Tomate de árbol,Permanente,Frutales
76111|Tomate invernadero,1,2026,198.0,1,pool_A_full,194.41927895162766,115.77146002357995,309.84904857731203,62.989883236708394,527.4305360175938,204.21250701141452,194.41927895162766,175.82292306496183,False,True,76111,Tomate,Transitorio,Hortalizas
76111|Yuca consumo en fresco,1,2026,214.0,7,pool_A_full,218.02558562862987,129.8772479029849,347.3990692832361,70.71974907192721,591.2640193752501,220.62155308917306,218.02558562862987,205.0916016122707,False,True,76111,Yuca,Transitorio,Raíces y tubérculos
76113|Aguacate Hass,1,2026,1375.0,6,pool_A_full,1404.754088234595,1140.9381093110017,1667.206408015347,514.5169024144803,2102.0997667062534,1428.6278733887655,1404.754088234595,1303.4853349520954,False,True,76113,Aguacate,Permanente,Frutales
76113|Aguacate Papelillo,1,2026,363.0,6,pool_A_full,370.8550792939331,276.17747292327874,472.23935660580105,160.7423730991131,726.9651614233,377.1577585746341,370.8550792939331,344.12012842735317,False,True,76113,Aguacate,Permanente,Frutales
76113|Aguacate demás variedades,1,2026,330.0,7,pool_A_full,337.14098117630283,251.0472836681639,429.33329187750206,146.0780628877376,660.9644793160589,342.87068961330374,337.14098117630283,312.8364803885029,False,True,76113,Aguacate,Permanente,Frutales
76113|Cacao,1,2026,160.5,7,pool_A_full,162.7297041553927,121.04266706921975,207.3697229546498,70.2159988433994,319.5268050703595,165.34818873476425,162.7297041553927,151.18340698704338,False,True,76113,Cacao,Permanente,Cultivos tropicales tradicionales
76113|Café,1,2026,1481.62,7,pool_A_full,1502.2030172630089,1220.0989289027414,1782.8489156345775,550.2532879294072,2247.8897178938114,1526.3749744124696,1502.2030172630089,1395.6159467921696,False,True,76113,Café,Permanente,Cultivos tropicales tradicionales
76113|Caña de azúcar,1,2026,1463840.0,7,pool_A_full,1484176.0132761998,1468466.4053292482,1641026.0727116838,1331145.3201223053,2051478.141037848,1508057.8978037215,1484176.0132761998,1378868.0279371564,False,True,76113,Caña,Permanente,Cultivos tropicales tradicionales
76113|Caña panelera,1,2026,16000.0,7,pool_A_full,16222.275803652856,14150.148701711027,17773.374344671898,11870.915217545373,20530.268640448656,16483.308534306714,16222.275803652856,15071.243064128936,False,True,76113,Caña,Permanente,Cultivos tropicales tradicionales
76113|Cilantro,1,2026,224.0,7,pool_A_full,219.94908325840703,131.02662081944408,350.45873366929175,71.34959679931552,596.4653223837591,231.02829076038813,219.94908325840703,198.91078164924974,False,True,76113,Cilantro,Transitorio,Hortalizas
76113|Frijol,1,2026,107.69,7,pool_A_full,104.25105416920475,61.89205103147053,166.42048290104967,33.46437169842901,283.6079018888245,107.94011891942976,104.25105416920475,94.01588079201387,False,True,76113,Frijol,Transitorio,Leguminosas
76113|Granadilla,1,2026,24.0,7,pool_A_full,24.519344085549296,17.936460955370006,37.42154579379332,10.288445104778301,107.69504905468264,24.936050153694815,24.519344085549296,22.751744028254755,False,True,76113,Granadilla,Permanente,Frutales
76113|Guanábana,1,2026,540.0,7,pool_A_full,551.6852419248592,410.96666983707564,702.3718856030401,239.39640059649062,1080.9688199985003,561.0611284581333,551.6852419248592,511.914240635732,False,True,76113,Guanábana,Permanente,Frutales
76113|Guayaba,1,2026,828.0,7,pool_A_full,845.9173709514507,630.2846851544407,1076.8248141409215,367.375835168495,1656.9747729344206,860.2937303024712,845.9173709514507,784.9351689747891,False,True,76113,Guayaba,Permanente,Frutales
76113|Habichuela,1,2026,420.0,7,pool_A_full,406.58782385612403,242.55132991404835,647.3407775173242,132.46429992566607,1101.1525275807091,420.9754846890194,406.58782385612403,366.6697922986891,False,True,76113,Habichuela,Transitorio,Leguminosas
76113|Limón Tahití,1,2026,1800.0,5,pool_A_full,1838.950806416197,1493.649713409568,2182.4670454710968,673.7451408872671,2751.6863653546225,1870.2037615271113,1838.950806416197,1706.3808021191066,False,True,76113,Limón,Permanente,Frutales
76113|Mandarina Arrayana y/o Oneco,1,2026,1963.36,5,pool_A_full,2005.845808491836,1629.223754928489,2380.521110729381,734.9487292094177,3001.3721694845,2039.935142906594,2005.845808491836,1861.2443398047606,False,True,76113,Mandarina,Permanente,Frutales
76113|Maracuyá,1,2026,84.0,7,pool_A_full,85.81770429942253,63.42250483357148,129.71144737380385,37.4036864670776,368.784372043649,87.27617553793186,85.81770429942253,79.63110409889164,False,True,76113,Maracuyá,Permanente,Frutales
76113|Maíz amarillo tecnificado,1,2026,7520.0,5,pool_A_full,7492.017665192364,4630.431825376364,12296.116638765163,1987.6726574144504,20512.431115732892,7650.9265303631055,7492.017665192364,6872.757535093244,False,True,76113,Maíz,Transitorio,Cereales
76113|Maíz amarillo tradicional,1,2026,279.65999999999997,5,pool_A_full,278.61936971378935,166.0846511537618,443.78423779689786,90.56113416597141,755.1148225059947,284.5290044523066,278.61936971378935,255.58981014151283,False,True,76113,Maíz,Transitorio,Cereales
76113|Maíz blanco tecnificado,1,2026,8640.0,5,pool_A_full,8607.850083412502,5320.127486650203,14127.357669986744,2283.818418644824,23567.21524552218,8790.426226374631,8607.850083412502,7896.359721170961,False,True,76113,Maíz,Transitorio,Cereales
76113|Maíz blanco tradicional,1,2026,740.0,5,pool_A_full,737.2464191811634,440.1341229352448,1173.3119627151846,240.7381868193982,1995.281805427887,752.8837277219013,737.2464191811634,676.3085872299202,False,True,76113,Maíz,Transitorio,Cereales
76113|Naranja Valencia,1,2026,13109.6,5,pool_A_full,13393.283050996544,11682.490652657316,14673.903139679183,9800.706801127779,16950.053960649457,13620.901795619899,13393.283050996544,12427.760979700357,False,True,76113,Naranja,Permanente,Frutales
76113|Pepino cohombro,1,2026,525.0,7,pool_A_full,515.5056638868915,307.63444387925574,820.5939341572102,168.12935765872865,1395.6757337766737,541.4725564696597,515.5056638868915,466.1971444904291,False,True,76113,Pepino Cohombro,Transitorio,Hortalizas
76113|Pimentón,1,2026,190.0,7,pool_A_full,186.56395454954168,111.07756439408325,297.3537608567028,60.417663678983104,506.1890632895427,195.96149662711494,186.56395454954168,168.71896657748863,False,True,76113,Pimentón,Transitorio,Hortalizas
76113|Pitahaya,1,2026,48.0,7,pool_A_full,49.03868817109859,36.13087850665061,74.33750642579757,21.13454164969803,212.1307782502694,49.87210030738963,49.03868817109859,45.50348805650951,False,True,76113,Pitahaya,Permanente,Frutales
76113|Plátano consumo interno,1,2026,2400.0,7,pool_A_full,2451.9344085549296,1991.595507431073,2909.8938277615666,898.5379481429651,3668.7497987405577,2493.605015369482,2451.9344085549296,2275.1744028254757,False,True,76113,Plátano,Permanente,Frutales
76113|Soya,1,2026,312.0,2,pool_A_full,293.411126571311,174.92336478443764,467.3131525007827,95.40468286421866,795.1130051151775,306.33915993896437,293.411126571311,245.32738212760944,False,True,76113,Soya,Transitorio,Oleaginosas
76122|Aguacate Hass,1,2026,2073.6,6,pool_A_full,2118.471328991459,1720.712995483374,2514.1736581955506,776.250660995865,3169.8672909786096,2154.474733279232,2118.471328991459,1965.750684041211,False,True,76122,Aguacate,Permanente,Frutales
76122|Aguacate Papelillo,1,2026,1314.4,6,pool_A_full,1342.8427444185832,1090.6455841148304,1593.7363030040108,491.8128288816551,2009.4763599342755,1365.6643467506863,1342.8427444185832,1246.0371812807523,False,True,76122,Aguacate,Permanente,Frutales
76122|Aguacate demás variedades,1,2026,1636.8,7,pool_A_full,1672.219266634462,1358.208457435719,1984.6069606880899,612.6014973137172,2502.2451114736496,1700.6386204819864,1672.219266634462,1551.6689427269744,False,True,76122,Aguacate,Permanente,Frutales
76122|Banano consumo interno,1,2026,10134.0,7,pool_A_full,10353.29304012319,9030.785089844987,11343.261343824377,7576.0942069717275,13102.81297597312,10529.247177397636,10353.29304012319,9606.92391593057,False,True,76122,Banano,Permanente,Frutales
76122|Cacao,1,2026,37.5,7,pool_A_full,38.02095891481138,27.955245183979727,57.74937674092191,16.260864980267637,165.20274522682286,38.632754377281366,38.02095891481138,35.323225931552194,False,True,76122,Cacao,Permanente,Cultivos tropicales tradicionales
76122|Café,1,2026,765.57,7,pool_A_full,776.2054804376573,578.3220612150104,988.1063535052272,337.0538973148132,1520.5027157895895,788.6954071630746,776.2054804376573,721.1307220378244,False,True,76122,Café,Permanente,Cultivos tropicales tradicionales
76122|Caña de azúcar,1,2026,11920.0,7,pool_A_full,12085.595473721378,10541.828212755101,13241.188267191315,8843.763441701403,15295.117850843026,12280.064858058502,12085.595473721378,11228.076082776057,False,True,76122,Caña,Permanente,Cultivos tropicales tradicionales
76122|Frijol,1,2026,118.88,7,pool_A_full,115.08371547622863,68.36503406338124,183.65175342314654,37.01151779321552,312.90034965384046,119.15610861864435,115.08371547622863,103.78501168682895,False,True,76122,Frijol,Transitorio,Leguminosas
76122|Guanábana,1,2026,880.0,7,pool_A_full,899.0426164701408,669.883771253409,1144.434370682483,390.48323307732886,1760.9758477700718,914.32183896881,899.0426164701408,834.2306143693411,False,True,76122,Guanábana,Permanente,Frutales
76122|Limón Tahití,1,2026,1469.48,5,pool_A_full,1501.2785727847074,1219.3479736762554,1781.7518786666872,549.9142764636775,2246.5066886834256,1526.7927908271442,1501.2785727847074,1393.0513672766583,False,True,76122,Limón,Permanente,Frutales
76122|Mandarina Arrayana y/o Oneco,1,2026,5211.8,6,pool_A_full,5324.579896044409,4325.135480147181,6318.858205168797,1951.9919738789201,7966.414735398166,5415.071091292777,5324.579896044409,4940.730813602423,False,True,76122,Mandarina,Permanente,Frutales
76122|Maracuyá,1,2026,373.8,6,pool_A_full,381.8887841324303,284.4018984976799,486.28134142597156,165.54160189556328,748.565384658397,388.3789811437968,381.8887841324303,354.3584132400678,False,True,76122,Maracuyá,Permanente,Frutales
76122|Maíz amarillo tecnificado,1,2026,1853.8000000000002,5,pool_A_full,1846.9019079432985,1141.1875790282936,3031.6720574189444,489.4395214469962,5057.95090482921,1886.0754789876496,1846.9019079432985,1694.2444040632788,False,True,76122,Maíz,Transitorio,Cereales
76122|Maíz amarillo tradicional,1,2026,349.07,5,pool_A_full,347.77109127509283,207.40579169412928,553.7823248338235,113.2048088948117,942.1070245405966,355.1474632917353,347.77109127509283,319.0257277626328,False,True,76122,Maíz,Transitorio,Cereales
76122|Maíz blanco tecnificado,1,2026,1632.8,5,pool_A_full,1626.7242611337886,1005.0958458662229,2670.3289610796846,431.00361677564587,4455.176536361863,1661.2277711139466,1626.7242611337886,1492.2657584175863,False,True,76122,Maíz,Transitorio,Cereales
76122|Maíz blanco tradicional,1,2026,351.0,5,pool_A_full,349.69390963863293,208.55475871967187,556.8409087263644,113.83443419702554,947.3064907547846,357.1110654464694,349.69390963863293,320.7896136725703,False,True,76122,Maíz,Transitorio,Cereales
76122|Naranja Valencia,1,2026,35718.86,6,pool_A_full,36491.79244514847,31830.729835702863,39980.84840428071,26703.800140470667,46182.23291790293,37111.97018303349,36491.79244514847,33861.09832087782,False,True,76122,Naranja,Permanente,Frutales
76122|Pimentón,1,2026,336.4,4,pool_A_full,330.3163911077148,196.97585441387207,526.01752614385,107.48928158535546,894.908014212874,346.95498665979716,330.3163911077148,298.72137029824825,False,True,76122,Pimentón,Transitorio,Hortalizas
76122|Piña demás variedades,1,2026,1048.0,7,pool_A_full,1070.678025068986,869.5576515692821,1270.758811667042,392.0048224601248,1602.3001955109214,1088.8741900446737,1070.678025068986,993.4928225671243,False,True,76122,Piña,Permanente,Frutales
76122|Plátano consumo interno,1,2026,23836.8,7,pool_A_full,24352.61254576756,21242.0335728752,26681.048143205728,17820.556317202096,30819.567164984688,24766.48501264969,24352.61254576756,22597.032168862625,False,True,76122,Plátano,Permanente,Frutales
76122|Soya,1,2026,474.6,6,pool_A_full,446.32346368828274,266.2950910366182,710.5473654379291,145.4757027250036,1208.6011148856865,465.98899136869386,446.32346368828274,373.18069089026744,False,True,76122,Soya,Transitorio,Oleaginosas
76122|Tomate,1,2026,517.5,7,pool_A_full,508.1412972599359,303.2339167266028,808.8796019191396,165.7179018233613,1375.7618530941268,533.7372342343788,508.1412972599359,459.53718528342296,False,True,76122,Tomate,Transitorio,Hortalizas
76122|Yuca consumo en fresco,1,2026,750.0,7,pool_A_full,764.1083608480019,456.18529334346954,1216.0406487223768,249.53410767221126,2067.918805777246,773.206377648971,764.1083608480019,718.7789776130983,False,True,76122,Yuca,Transitorio,Raíces y tubérculos
76126|Aguacate Hass,1,2026,1540.08,6,pool_A_full,1573.4063099696982,1277.939595439452,1867.3457633828652,576.3648967840983,2354.4144860118363,1600.1463383625962,1573.4063099696982,1459.9794142931075,False,True,76126,Aguacate,Permanente,Frutales
76126|Aguacate Papelillo,1,2026,60.27,6,pool_A_full,61.574202834835674,45.4327744797428,93.21079129890968,26.679608508288226,265.52354480151297,62.62065594846611,61.574202834835674,57.13531719095476,False,True,76126,Aguacate,Permanente,Frutales
76126|Aguacate demás variedades,1,2026,1003.95,7,pool_A_full,1025.6748122786341,833.0001311915369,1217.353562067217,375.50128386076864,1534.972455109838,1043.1061479917464,1025.6748122786341,951.7338923819318,False,True,76126,Aguacate,Permanente,Frutales
76126|Ahuyama,1,2026,494.0,7,pool_A_full,485.06628182880837,289.44559831495627,772.17469423985,158.16200687254326,1313.3650269554769,509.4998912304988,485.06628182880837,438.66931310147044,False,True,76126,Ahuyama,Transitorio,Hortalizas
76126|Arracacha,1,2026,3.5,3,pool_A_full,3.5658390172906755,1.6898427168046433,24.49444219910951,0.29736828513697533,255.96072929231894,3.6082964290285315,3.5658390172906755,3.354301895527792,False,True,76126,Arracacha,Transitorio,Raíces y tubérculos
76126|Arveja,1,2026,0.31,7,pool_A_full,0.3001005366557106,0.0,6.259418884301439,0.0,72.16832257713355,0.31072000060380006,0.3001005366557106,0.2706372276490324,False,True,76126,Arveja,Transitorio,Leguminosas
76126|Banano consumo interno,1,2026,0.0,6,pool_A_full,0.0,0.0,0.7557487299040222,0.0,15.682225503031251,0.0,0.0,0.0,False,True,76126,Banano,Permanente,Frutales
76126|Cacao,1,2026,2.1,6,pool_A_full,2.1291736992294377,2.032663311700294,4.4940427480711564,1.0094890290747278,51.20158128869996,2.1634342451277564,2.1291736992294377,1.9781006521669229,False,True,76126,Cacao,Permanente,Cultivos tropicales tradicionales
76126|Café,1,2026,465.37,7,pool_A_full,471.8350306716206,351.4470316769962,600.7509458808478,204.6646909070944,924.6493956813166,479.4273307881448,471.8350306716206,438.3565240471052,False,True,76126,Café,Permanente,Cultivos tropicales tradicionales
76126|Caña panelera,1,2026,9800.0,7,pool_A_full,9936.143929737374,8071.253494440397,11791.394786329258,3643.140678928024,14865.615189149294,10096.026477262863,9936.143929737374,9231.136376778973,False,True,76126,Caña,Permanente,Cultivos tropicales tradicionales
76126|Frijol,1,2026,5.26,7,pool_A_full,5.092028460674316,2.588956667866722,33.01628197530112,0.7310300444452824,341.8531032733027,5.272216784438672,5.092028460674316,4.592102636883582,False,True,76126,Frijol,Transitorio,Leguminosas
76126|Granadilla,1,2026,102.96,7,pool_A_full,105.18798612700647,78.15158159297467,134.13956654680584,45.18760863347425,206.87978641824225,106.97565515935075,105.18798612700647,97.6049818812129,False,True,76126,Granadilla,Permanente,Frutales
76126|Guayaba,1,2026,302.22,7,pool_A_full,308.75984039727956,229.89223344067642,393.21418647895223,133.73337992797966,605.4039051057816,314.007211560402,308.75984039727956,286.50133667579803,False,True,76126,Guayaba,Permanente,Frutales
76126|Habichuela,1,2026,155.0,7,pool_A_full,150.0502683278553,89.25905972134522,239.27226202530431,48.46128695708415,407.452915629925,155.36000030190002,150.0502683278553,135.3186138245162,False,True,76126,Habichuela,Transitorio,Leguminosas
76126|Lulo,1,2026,2297.45,7,pool_A_full,2347.165294556051,1906.4882721362296,2785.564466888419,860.1171108361782,3512.008373584343,2387.055351066923,2347.165294556051,2177.9580965714117,False,True,76126,Lulo,Permanente,Frutales
76126|Mandarina Arrayana y/o Oneco,1,2026,62.49,5,pool_A_full,63.84224216274898,47.11575810323627,96.62551765737011,27.68287243869331,275.1838497521046,64.92724058768287,63.84224216274898,59.23985351356832,False,True,76126,Mandarina,Permanente,Frutales
76126|Maracuyá,1,2026,188.24,5,pool_A_full,192.31338877765833,143.09408279528333,245.01923927496742,83.0837412039622,377.441549148712,195.58175337214635,192.31338877765833,178.44951232827816,False,True,76126,Maracuyá,Permanente,Frutales
76126|Maíz amarillo tradicional,1,2026,7.83,5,pool_A_full,7.800864138092581,4.184795218093956,48.141706753375146,1.5007368790974107,494.30359234365267,7.96632376765201,7.800864138092581,7.156075997311183,False,True,76126,Maíz,Transitorio,Cereales
76126|Maíz blanco tradicional,1,2026,22.65,5,pool_A_full,22.565718100612635,14.57333284009456,47.94430983613708,8.472093911509097,83.21342689908008,23.044346530947383,22.565718100612635,20.700526352375263,False,True,76126,Maíz,Transitorio,Cereales
76126|Mora,1,2026,141.4,7,pool_A_full,144.4598022373613,107.42444447075079,184.1186310363759,62.26930816454318,283.76058096982837,146.91489548885195,144.4598022373613,134.04569189980094,False,True,76126,Mora,Permanente,Frutales
76126|Naranja Valencia,1,2026,161.1,5,pool_A_full,164.58609717424963,122.42640593516765,209.73225149539053,71.02345698769759,323.16098816718096,167.38323665667644,164.58609717424963,152.72108178966005,False,True,76126,Naranja,Permanente,Frutales
76126|Pepino cohombro,1,2026,560.0,7,pool_A_full,549.8727081460177,328.17023725830364,875.2608179348754,179.38281822377672,1488.6071769618968,577.5707269009704,549.8727081460177,497.27695412312437,False,True,76126,Pepino Cohombro,Transitorio,Hortalizas
76126|Pimentón,1,2026,580.69,7,pool_A_full,570.1885408809125,340.3098248300895,907.576755802301,186.03522105494392,1543.5429358048189,598.9099025073651,570.1885408809125,515.649561588852,False,True,76126,Pimentón,Transitorio,Hortalizas
76126|Plátano consumo interno,1,2026,3634.24,7,pool_A_full,3712.882543727778,3015.9032021195726,4406.259214051876,1360.951738855087,5555.210418777645,3775.9829546068268,3712.882543727778,3445.2207590518565,False,True,76126,Plátano,Permanente,Frutales
76126|Tomate,1,2026,773.52,7,pool_A_full,759.531316437692,453.4503116095696,1208.7600471979335,248.03535821946443,2055.542084073576,797.790194057926,759.531316437692,686.8815527737842,False,True,76126,Tomate,Transitorio,Hortalizas
76126|Tomate invernadero,1,2026,5525.0,5,pool_A_full,5425.08341519062,3352.860425686788,8903.981094363295,1439.1011991158268,14853.841312171873,5698.354046656895,5425.08341519062,4906.169949161183,False,True,76126,Tomate,Transitorio,Hortalizas
76126|Uchuva,1,2026,2.0,5,pool_A_full,2.0432786737957747,1.949417471958518,4.343232666260929,0.9543290642240885,49.768661104827,2.078004179474568,2.0432786737957747,1.8959786690212297,False,True,76126,Uchuva,Permanente,Frutales
76126|Yuca consumo en fresco,1,2026,103.2,7,pool_A_full,105.14131045268506,62.424017614168285,167.83659353350325,33.75588539112229,286.0152314399122,106.39319756449842,105.14131045268506,98.90398731956232,False,True,76126,Yuca,Transitorio,Raíces y tubérculos
76130|Ahuyama,1,2026,140.0,7,pool_A_full,137.46817703650441,81.7407167097292,219.25821260289587,44.34129144320017,373.4298587392248,144.3926817252426,137.46817703650441,124.31923853078109,False,True,76130,Ahuyama,Transitorio,Hortalizas
76130|Cacao,1,2026,8.73,7,pool_A_full,8.85127923536809,8.547444783193923,16.296371005427396,5.32628273422426,163.34126169773975,8.993705219031103,8.85127923536809,8.22324699686535,False,True,76130,Cacao,Permanente,Cultivos tropicales tradicionales
76130|Caña de azúcar,1,2026,3097702.0,7,pool_A_full,3140736.012595441,3107492.169919666,3472653.8247500635,2816900.5416561468,4341230.814797029,3191273.6133336863,3140736.012595441,2917888.736389896,False,True,76130,Caña,Permanente,Cultivos tropicales tradicionales
76130|Caña panelera,1,2026,89705.0,7,pool_A_full,90951.20318541747,79334.28145624428,99647.09366837423,66556.26365837357,115103.01102963534,92414.69950437399,90951.20318541747,84497.86619173038,False,True,76130,Caña,Permanente,Cultivos tropicales tradicionales
76130|Cilantro,1,2026,44.0,7,pool_A_full,43.20428421147281,28.212266226909783,90.8091344933275,16.767637275234325,156.9665105546794,45.38055711364767,43.20428421147281,39.07176068110263,False,True,76130,Cilantro,Transitorio,Hortalizas
76130|Guayaba,1,2026,143.0,7,pool_A_full,146.0944251763979,108.64287788918051,186.19892508380843,62.9803050232765,286.9606140416944,148.5772988324316,146.0944251763979,135.56247483501792,False,True,76130,Guayaba,Permanente,Frutales
76130|Habichuela,1,2026,66.0,7,pool_A_full,63.892372320248064,41.88392607481334,133.7768127957713,25.08308569820429,230.8965638716111,66.15329045113162,63.892372320248064,57.619538789794,False,True,76130,Habichuela,Transitorio,Leguminosas
76130|Limón Tahití,1,2026,67.1,5,pool_A_full,68.55199950584823,50.610602474544734,103.71645842876755,29.76622681669663,295.24421273509034,69.71704022137175,68.55199950584823,63.61008434566225,False,True,76130,Limón,Permanente,Frutales
76130|Mandarina Arrayana y/o Oneco,1,2026,58.68,5,pool_A_full,59.94979628916803,44.227394316970475,90.76510890703945,25.961054612187304,258.60467774230546,60.96864262578383,59.94979628916803,55.62801414908288,False,True,76130,Mandarina,Permanente,Frutales
76130|Maracuyá,1,2026,310.4,7,pool_A_full,317.1168501731042,236.1214742923989,403.8496897964519,137.368351368254,621.764074185698,322.5062486544529,317.1168501731042,294.2558894320948,False,True,76130,Maracuyá,Permanente,Frutales
76130|Maíz amarillo tecnificado,1,2026,120.0,5,pool_A_full,119.5534733807292,71.03590747597669,190.76169671757896,38.47513636728747,324.98695941934267,122.08925314409211,119.5534733807292,109.67166279404113,False,True,76130,Maíz,Transitorio,Cereales
76130|Maíz blanco tecnificado,1,2026,160.0,5,pool_A_full,159.40463117430562,94.848695570123,254.1520364593599,51.52436542871396,432.7479172263454,162.78567085878947,159.40463117430562,146.2288837253882,False,True,76130,Maíz,Transitorio,Cereales
76130|Naranja Valencia,1,2026,355.8,5,pool_A_full,363.49927606826833,270.6945225403445,462.87803339235387,157.54288723481295,712.5650125999017,369.67694352852567,363.49927606826833,337.29460521887677,False,True,76130,Naranja,Permanente,Frutales
76130|Pepino cohombro,1,2026,210.0,7,pool_A_full,206.2022655547566,122.8123034678249,328.5919801582257,66.84821257329628,559.2927451096699,216.58902258786387,206.2022655547566,186.47885779617164,False,True,76130,Pepino Cohombro,Transitorio,Hortalizas
76130|Pimentón,1,2026,75.0,7,pool_A_full,73.64366626955594,48.32803890200631,154.02955240338653,29.002557689349484,265.7433644938307,77.35322235280853,73.64366626955594,66.59959207006129,False,True,76130,Pimentón,Transitorio,Hortalizas
76130|Plantas aromáticas,1,2026,17.6,7,pool_A_full,16.551396883509856,10.598787030741557,35.452995128596775,6.054674881918896,61.72090976034268,17.28067056065953,16.551396883509856,13.838980530275405,False,True,76130,Plantas aromáticas,Transitorio,"Cultivos para condimentos, bebidas medicinales y aromáticas"
76130|Plátano consumo interno,1,2026,79.05,7,pool_A_full,80.76058958177799,59.66990621361988,122.09753049345302,35.16667905468792,347.24450289705936,82.1331151937323,80.76058958177799,74.9385568930641,False,True,76130,Plátano,Permanente,Frutales
76130|Tomate,1,2026,188.0,7,pool_A_full,184.6001234490202,109.90409048670907,294.22993892655046,59.77460878955178,500.87869510752984,193.89874403104005,184.6001234490202,166.9429774556203,False,True,76130,Tomate,Transitorio,Hortalizas
76147|Aguacate Papelillo,1,2026,4642.44,6,pool_A_full,4742.899323188228,3852.6181180070366,5628.578683893955,1738.6785859804106,7096.182674677133,4823.504861479956,4742.899323188228,4400.983606105458,False,True,76147,Aguacate,Permanente,Frutales
76147|Banano consumo interno,1,2026,665.0,7,pool_A_full,679.390159037095,506.1567806519041,864.8948580587177,294.9430301850341,1330.9714037380486,690.9363896752939,679.390159037095,630.4129074495588,False,True,76147,Banano,Permanente,Frutales
76147|Cacao,1,2026,6.6,7,pool_A_full,6.691688769006802,6.454460690542121,12.504672787000722,3.939439507683007,127.31448654370425,6.79936477040152,6.691688769006802,6.216887763953186,False,True,76147,Cacao,Permanente,Cultivos tropicales tradicionales
76147|Café,1,2026,361.11,7,pool_A_full,366.1266259660677,272.65292581545924,466.22171603768385,158.68568137988336,717.7084657862847,372.01797155146863,366.1266259660677,340.148536430475,False,True,76147,Café,Permanente,Cultivos tropicales tradicionales
76147|Caña de azúcar,1,2026,655920.0,7,pool_A_full,665032.1965707488,657993.0019892525,735313.9052049731,596461.8777130793,919230.1420125206,675733.2333639038,665032.1965707488,617845.6094139657,False,True,76147,Caña,Permanente,Cultivos tropicales tradicionales
76147|Caña panelera,1,2026,960.0,7,pool_A_full,973.3365482191714,725.2618080273895,1238.9841413280394,422.7981791331103,1906.4179757118136,988.9985120584029,973.3365482191714,904.2745838477362,False,True,76147,Caña,Permanente,Cultivos tropicales tradicionales
76147|Frijol,1,2026,7.0,7,pool_A_full,6.776463730935401,3.581296942344732,42.421724758804025,1.209656840030295,436.65138982104685,7.016258078150324,6.776463730935401,6.111163204978151,False,True,76147,Frijol,Transitorio,Leguminosas
76147|Guanábana,1,2026,220.0,7,pool_A_full,224.7606541175352,167.27998615111483,286.3130761165058,97.19702884981929,440.9622056252562,228.5804597422025,224.7606541175352,208.55765359233527,False,True,76147,Guanábana,Permanente,Frutales
76147|Guayaba,1,2026,78.0,7,pool_A_full,79.68786827803521,58.873900445751346,120.48245721580281,34.69216233084767,342.6754397447524,81.04216299950815,79.68786827803521,73.94316809182796,False,True,76147,Guayaba,Permanente,Frutales
76147|Limón Tahití,1,2026,389.34,6,pool_A_full,397.7650594278234,296.23593307417923,506.4861973616612,172.44715888601093,779.6457058688973,404.52507361831414,397.7650594278234,369.09016749836275,False,True,76147,Limón,Permanente,Frutales
76147|Mandarina Arrayana y/o Oneco,1,2026,2030.7,6,pool_A_full,2074.64300143854,1685.109871210837,2462.162643261783,760.1779752770834,3104.2972554915136,2109.9015436295026,2074.64300143854,1925.0819415907056,False,True,76147,Mandarina,Permanente,Frutales
76147|Maracuyá,1,2026,102.0,5,pool_A_full,104.2072123635845,77.42052154191683,132.8913901183463,44.76101051823426,204.95976657512261,105.97821315320297,104.2072123635845,96.69491212008272,False,True,76147,Maracuyá,Permanente,Frutales
76147|Maíz amarillo tecnificado,1,2026,3336.0,5,pool_A_full,3323.586559984272,2053.925890760514,5455.12335784451,881.3567065324073,9100.63040230571,3394.0812374057605,3323.586559984272,3048.8722256743436,False,True,76147,Maíz,Transitorio,Cereales
76147|Maíz amarillo tradicional,1,2026,36.0,5,pool_A_full,35.86604201421876,23.362811280909515,75.56813066643036,13.81807643685774,130.74288689051727,36.62677594322763,35.86604201421876,32.90149883821234,False,True,76147,Maíz,Transitorio,Cereales
76147|Maíz blanco tecnificado,1,2026,8149.0,5,pool_A_full,8118.677121496353,5017.769835145336,13324.554682192293,2153.990232248296,22228.019702909176,8290.87769892672,8118.677121496353,7447.619834238676,False,True,76147,Maíz,Transitorio,Cereales
76147|Naranja Valencia,1,2026,10053.44,6,pool_A_full,10270.989775142696,8958.994056056788,11253.089108620026,7515.866088076307,12998.654576414869,10445.5451690484,10270.989775142696,9530.553895142397,False,True,76147,Naranja,Permanente,Frutales
76147|Plátano consumo interno,1,2026,2550.0,7,pool_A_full,2605.180309089613,2116.081955936448,3091.7505233341826,954.7361499568902,3898.015657087036,2649.4553288300744,2605.180309089613,2417.372803002068,False,True,76147,Plátano,Permanente,Frutales
76147|Soya,1,2026,1941.0,7,pool_A_full,1825.3557585734445,1127.869910985228,2996.3117361496984,483.7210993053484,4998.964596420924,1905.7830430818262,1825.3557585734445,1526.2193868900317,False,True,76147,Soya,Transitorio,Oleaginosas
76233|Aguacate demás variedades,1,2026,2420.0,7,pool_A_full,2472.367195292887,2008.1937005651216,2934.1413871712466,906.0310417181552,3699.318579853416,2514.3850571642274,2472.367195292887,2294.134189515688,False,True,76233,Aguacate,Permanente,Frutales
76233|Ahuyama,1,2026,3660.0,7,pool_A_full,3593.8109139543294,2220.951477632206,5898.600278343602,953.0751793986993,9840.416282793967,3774.837250817056,3593.8109139543294,3250.060093018991,False,True,76233,Ahuyama,Transitorio,Hortalizas
76233|Ají,1,2026,200.0,6,pool_A_full,196.38311005214914,116.94493393095412,312.97287050746434,63.63293812613972,532.7409041996065,206.2752596074894,196.38311005214914,177.59891218683012,False,True,76233,Ají,Transitorio,Hortalizas
76233|Banano consumo interno,1,2026,2349.0,7,pool_A_full,2399.8308023731374,1949.2701149392437,2848.062551266875,879.4305595262309,3590.7994069027477,2440.61590879288,2399.8308023731374,2226.826946765434,False,True,76233,Banano,Permanente,Frutales
76233|Cacao,1,2026,40.0,7,pool_A_full,40.55568950913214,29.836125302639083,61.56562951286409,17.3820994082949,175.99897358467132,41.20827133576679,40.55568950913214,37.67810766032234,False,True,76233,Cacao,Permanente,Cultivos tropicales tradicionales
76233|Café,1,2026,998.35,7,pool_A_full,1012.2193155360518,822.0698094242629,1201.3859429246718,370.5668959338625,1514.8421547272296,1028.5069422015692,1012.2193155360518,940.3984695670703,False,True,76233,Café,Permanente,Cultivos tropicales tradicionales
"76233|Calabacín, calabaza",1,2026,354.0,7,pool_A_full,347.598104792304,207.3024247987647,553.50715912919,113.14816461235104,941.639254214586,365.10720950525626,347.598104792304,314.35007457068934,False,True,76233,"Calabacín, calabaza",Transitorio,Hortalizas
76233|Caña panelera,1,2026,3000.0,7,pool_A_full,3041.6767131849106,2470.661666986489,3609.7401948434363,1114.8077272246164,4551.042735794524,3090.6203501825094,3041.6767131849106,2825.8580745241757,False,True,76233,Caña,Permanente,Cultivos tropicales tradicionales
76233|Chontaduro,1,2026,300.0,7,pool_A_full,306.4918010693662,228.20165707260512,390.32777848813953,132.74687178648716,600.9638592185674,311.70062692118523,306.4918010693662,284.39680035318446,False,True,76233,Chontaduro,Permanente,Frutales
76233|Cilantro,1,2026,320.0,7,pool_A_full,314.21297608343866,187.353368373404,500.40218631660144,102.21623149201879,851.3629951203701,330.04041537198304,314.21297608343866,284.1582594989282,False,True,76233,Cilantro,Transitorio,Hortalizas
76233|Cimarrón,1,2026,288.0,7,pool_A_full,270.8410399119794,161.43676312359923,431.41142365397155,88.01412642720257,734.0815497984976,282.77460917442863,270.8410399119794,226.45604504087024,False,True,76233,Cimarrón,Transitorio,"Cultivos para condimentos, bebidas medicinales y aromáticas"
76233|Frijol,1,2026,73.98,7,pool_A_full,71.61754097351442,46.98908018764534,149.82143517848803,28.18816922053001,258.5028911172892,74.151824660223,71.61754097351442,64.5862648434691,False,True,76233,Frijol,Transitorio,Leguminosas
76233|Guanábana,1,2026,300.0,7,pool_A_full,306.4918010693662,228.20165707260512,390.32777848813953,132.74687178648716,600.9638592185674,311.70062692118523,306.4918010693662,284.39680035318446,False,True,76233,Guanábana,Permanente,Frutales
76233|Guayaba,1,2026,333.0,7,pool_A_full,340.2058991869965,253.3318463277197,433.2338432164381,147.41118199786257,666.9645413258079,345.9876958825156,340.2058991869965,315.68044839203475,False,True,76233,Guayaba,Permanente,Frutales
76233|Habichuela,1,2026,832.5,7,pool_A_full,805.9151508576745,481.1666561574072,1282.5417686133935,263.2237069050625,2180.9679612776854,834.4335500085921,805.9151508576745,726.7919097349017,False,True,76233,Habichuela,Transitorio,Leguminosas
76233|Lechuga,1,2026,2328.0,7,pool_A_full,2285.899401007016,1412.5317892629218,3752.1299046501726,605.9509658527389,6259.7824280317955,2401.0440218311765,2285.899401007016,2067.251337854703,False,True,76233,Lechuga,Transitorio,Hortalizas
76233|Limón Tahití,1,2026,387.94,5,pool_A_full,396.33476435616643,295.1698038330533,504.66594007015783,171.82503663461932,776.8456769310147,403.07047069268197,396.33476435616643,367.76298243004794,False,True,76233,Limón,Permanente,Frutales
76233|Lulo,1,2026,2800.0,7,pool_A_full,2860.5901433140843,2323.5593701120742,3394.8450159552076,1048.3998196467633,4280.125420997843,2909.2058512643953,2860.5901433140843,2654.3701366297214,False,True,76233,Lulo,Permanente,Frutales
76233|Mandarina Arrayana y/o Oneco,1,2026,861.3,5,pool_A_full,879.9379608701503,655.6433306755107,1120.1209340031135,382.1734572908828,1723.5754612426356,894.8924998907227,879.9379608701503,816.5032138139925,False,True,76233,Mandarina,Permanente,Frutales
76233|Maracuyá,1,2026,400.0,7,pool_A_full,408.65573475915494,304.35374572446784,520.3461564526815,177.18417545732194,800.9659262102061,415.6008358949136,408.65573475915494,379.19573380424595,False,True,76233,Maracuyá,Permanente,Frutales
76233|Maíz amarillo tradicional,1,2026,361.53,5,pool_A_full,360.18472692779187,214.82347518545586,573.5284156633884,117.26964374744607,975.6745628974782,367.8243974098635,360.18472692779187,330.4133020827474,False,True,76233,Maíz,Transitorio,Cereales
76233|Maíz blanco tradicional,1,2026,190.29000000000002,5,pool_A_full,189.58192041349136,112.88092935441539,302.1543712288237,61.40589413547925,514.3499025256987,193.60303317324409,189.58192041349136,173.91183927565075,False,True,76233,Maíz,Transitorio,Cereales
76233|Naranja Valencia,1,2026,5551.84,5,pool_A_full,5671.978136163167,4607.337959812297,6731.11521025221,2079.389550844298,8486.14515187908,5768.373361887043,5671.978136163167,5263.085106909412,False,True,76233,Naranja,Permanente,Frutales
76233|Pepino cohombro,1,2026,280.0,7,pool_A_full,274.93635407300883,163.88389022592068,437.92574771355567,89.35513370339241,745.1556314801154,288.7853634504852,274.93635407300883,248.63847706156218,False,True,76233,Pepino Cohombro,Transitorio,Hortalizas
76233|Pimentón,1,2026,1222.0,7,pool_A_full,1199.9008024186312,741.2764023737126,1969.8504502170365,317.723202953465,3286.673536615172,1260.3418362017603,1199.9008024186312,1085.129353461532,False,True,76233,Pimentón,Transitorio,Hortalizas
76233|Pitahaya,1,2026,426.4,7,pool_A_full,435.6270132532591,324.4578971285595,554.6710082353204,188.91562362642227,853.7664718959985,443.0304910639779,435.6270132532591,404.22265223532617,False,True,76233,Pitahaya,Permanente,Frutales
"76233|Piña Cayena, Gold, Manzana y/o Perolera",1,2026,97541.6,6,pool_A_full,99652.33554395898,86924.0567500395,109180.13654054383,72923.6032085023,126114.67649667326,101345.92623631826,99652.33554395898,92468.3964711006,False,True,76233,Piña,Permanente,Frutales
76233|Plantas aromáticas,1,2026,20.4,7,pool_A_full,19.184573660431873,12.338913862384679,40.92191483105395,7.113063920187233,71.13071594867658,20.02986814985536,19.184573660431873,16.040636523728306,False,True,76233,Plantas aromáticas,Transitorio,"Cultivos para condimentos, bebidas medicinales y aromáticas"
76233|Plátano consumo interno,1,2026,10800.0,7,pool_A_full,11033.704838497184,9624.29090542269,12088.726942708401,8074.007900918472,13963.904015022199,11221.222569162668,11033.704838497184,10238.28481271464,False,True,76233,Plátano,Permanente,Frutales
76233|Sacha inchi,1,2026,6.0,7,pool_A_full,5.552552473899336,5.35045778714008,10.504635683678222,3.2079103221338077,108.31115799003402,5.54445792482659,5.552552473899336,5.174834643049838,False,True,76233,Sacha inchi,Permanente,Oleaginosas
76233|Sábila,1,2026,840.0,7,pool_A_full,777.3573463459071,579.1806518310143,989.5722694269655,337.55491380178984,1522.7576755804553,776.2241094757226,777.3573463459071,724.4768500269773,False,True,76233,Sábila,Permanente,"Cultivos para condimentos, bebidas medicinales y aromáticas"
76233|Tomate,1,2026,255.0,7,pool_A_full,250.38846531649017,149.2154663837436,398.87797358665205,81.31694758550086,678.7760292049562,263.000955999549,250.38846531649017,226.43861303820842,False,True,76233,Tomate,Transitorio,Hortalizas
76233|Tomate invernadero,1,2026,24650.0,7,pool_A_full,24204.218313927384,21140.094607270486,26785.493512021232,16671.334450858714,31484.830426587694,25423.42574662307,24204.218313927384,21889.06592702681,False,True,76233,Tomate,Transitorio,Hortalizas
76233|Yuca consumo en fresco,1,2026,810.0,7,pool_A_full,825.237029715842,492.71231335546423,1313.2766464207884,269.5506403513476,2233.2159833595597,835.0628878608887,825.237029715842,776.2812958221461,False,True,76233,Yuca,Transitorio,Raíces y tubérculos
76243|Aguacate Hass,1,2026,180.0,6,pool_A_full,183.89508064161973,136.81915069036984,234.30572493068914,79.42210738148542,360.96137882860097,187.02037615271112,183.89508064161973,170.63808021191068,False,True,76243,Aguacate,Permanente,Frutales
76243|Aguacate demás variedades,1,2026,30.0,7,pool_A_full,30.64918010693662,22.485065343190154,46.650535951794375,12.99996924100823,133.8039813535793,31.17006269211852,30.64918010693662,28.439680035318446,False,True,76243,Aguacate,Permanente,Frutales
76243|Banano consumo interno,1,2026,252.0,7,pool_A_full,257.4531128982676,191.6486545197109,327.9189570651592,111.4169660244864,504.96286706258053,261.8285266137956,257.4531128982676,238.89331229667494,False,True,76243,Banano,Permanente,Frutales
76243|Cacao,1,2026,12.0,7,pool_A_full,12.166706852739642,8.770267973654311,18.82359846711159,4.824273814389477,55.08121597676854,12.362481400730037,12.166706852739642,11.303432298096702,False,True,76243,Cacao,Permanente,Cultivos tropicales tradicionales
76243|Café,1,2026,4448.79,7,pool_A_full,4510.593648283299,3663.908936647801,5352.901864784426,1653.487653268495,6748.638239426265,4583.173635896148,4510.593648283299,4190.549714454136,False,True,76243,Café,Permanente,Cultivos tropicales tradicionales
76243|Caña panelera,1,2026,1800.0,7,pool_A_full,1825.0060279109464,1482.3219327299148,2165.9187963459394,668.6313239828389,2730.8240675554425,1854.3722101095054,1825.0060279109464,1695.5148447145052,False,True,76243,Caña,Permanente,Cultivos tropicales tradicionales
76243|Cebolla de rama,1,2026,12.0,5,pool_A_full,11.782986603128949,7.4475976590682205,25.549348263589206,4.138042009050949,44.68072584329752,12.376515576449364,11.782986603128949,10.655934731209808,False,True,76243,Cebolla de rama,Transitorio,Hortalizas
76243|Cilantro,1,2026,10.8,5,pool_A_full,10.604687942816055,6.668922587774162,23.10210627997402,3.664432186569072,40.4700089166207,11.138864018804428,10.604687942816055,9.590341258088827,False,True,76243,Cilantro,Transitorio,Hortalizas
76243|Fresa,1,2026,5.0,7,pool_A_full,5.108196684489437,4.9198068775351365,9.72445857079629,2.922554451973926,100.89831450752064,5.19501044868642,5.108196684489437,4.739946672553074,False,True,76243,Fresa,Permanente,Frutales
76243|Frijol,1,2026,2.4,6,pool_A_full,2.323358993463566,0.9578686305063124,17.55676107827908,0.0,186.03522998218264,2.405574198222968,2.323358993463566,2.095255955992509,False,True,76243,Frijol,Transitorio,Leguminosas
76243|Granadilla,1,2026,162.0,7,pool_A_full,165.50557257745774,123.11177473303445,210.90241689707145,71.42339272073511,324.96100677010577,168.31833853744,165.50557257745774,153.5742721907196,False,True,76243,Granadilla,Permanente,Frutales
76243|Limón Tahití,1,2026,4.2,5,pool_A_full,4.290885214971127,4.127703036048039,8.289464996253527,2.3976943485739697,87.26374026680234,4.363808776896593,4.290885214971127,3.9815552049445824,False,True,76243,Limón,Permanente,Frutales
76243|Limón demás variedades,1,2026,3.5,5,pool_A_full,3.5757376791426054,3.4346121747468272,7.033845618528609,1.9384417580990072,75.33348780617378,3.636507314080494,3.5757376791426054,3.317962670787152,False,True,76243,Limón,Permanente,Frutales
76243|Lulo,1,2026,150.0,7,pool_A_full,153.2459005346831,113.97352409481093,195.30021154132643,66.09091628023495,300.96075873110914,155.85031346059262,153.2459005346831,142.19840017659223,False,True,76243,Lulo,Permanente,Frutales
76243|Mandarina Arrayana y/o Oneco,1,2026,8.0,5,pool_A_full,8.173114695183099,7.890196283111752,15.105684475331643,4.890779839723763,152.02796791021427,8.312016717898272,8.173114695183099,7.583914676084919,False,True,76243,Mandarina,Permanente,Frutales
76243|Maracuyá,1,2026,20.0,7,pool_A_full,20.43278673795775,14.904058030156575,31.268885688459285,8.480762347291682,90.28909418875145,20.78004179474568,20.43278673795775,18.959786690212297,False,True,76243,Maracuyá,Permanente,Frutales
76243|Maíz amarillo tradicional,1,2026,3.4,5,pool_A_full,3.387348412453994,1.5846897204725696,23.49779768517455,0.24665076114344694,245.91546141998003,3.459195505749276,3.387348412453994,3.1073637791644986,False,True,76243,Maíz,Transitorio,Cereales
76243|Mora,1,2026,36.0,7,pool_A_full,36.779016128323946,27.03366973101031,55.879526109795435,15.711493377238163,159.91291365247588,37.404075230542226,36.779016128323946,34.12761604238214,False,True,76243,Mora,Permanente,Frutales
76243|Naranja Valencia,1,2026,42.0,5,pool_A_full,42.908852149711265,31.582274118830455,65.10851626779649,18.423017513468093,186.02184595137268,43.63808776896593,42.908852149711265,39.81555204944582,False,True,76243,Naranja,Permanente,Frutales
76243|Pitahaya,1,2026,40.0,7,pool_A_full,40.8655734759155,30.066072656223728,62.03218621512945,17.519176134724784,177.31886851840704,41.56008358949136,40.8655734759155,37.919573380424595,False,True,76243,Pitahaya,Permanente,Frutales
76243|Plátano consumo interno,1,2026,27430.0,7,pool_A_full,28023.56701110905,24444.113297400454,30702.980560488155,20506.89788640548,35465.32140148796,28499.8273214937,28023.56701110905,26003.347445626165,False,True,76243,Plátano,Permanente,Frutales
76243|Repollo,1,2026,3.5,5,pool_A_full,3.43670442591261,1.6137665041325744,23.77338866145164,0.26067511160773416,248.69316715276193,3.6098170431310646,3.43670442591261,3.107980963269527,False,True,76243,Repollo,Transitorio,Hortalizas
76243|Sábila,1,2026,20.0,7,pool_A_full,18.50850824633112,13.476159867813916,28.37172054431634,7.629560527753805,82.092976594935,18.48152641608863,18.50850824633112,17.24944881016613,False,True,76243,Sábila,Permanente,"Cultivos para condimentos, bebidas medicinales y aromáticas"
76243|Tomate,1,2026,135.0,5,pool_A_full,132.55859928520067,78.80703194129372,211.44865777751494,42.73365421962184,360.15393828419263,139.23580023505534,132.55859928520067,119.87926572611033,False,True,76243,Tomate,Transitorio,Hortalizas
76243|Tomate de árbol,1,2026,16.0,7,pool_A_full,16.346229390366197,11.871655104943143,25.116225583125246,6.673079589805061,72.88313932282041,16.624033435796544,16.346229390366197,15.167829352169838,False,True,76243,Tomate de árbol,Permanente,Frutales
76243|Yuca consumo en fresco,1,2026,45.0,6,pool_A_full,45.846501650880114,29.958367552747276,96.29683100470328,17.82966015159396,166.40862406189373,46.39238265893826,45.846501650880114,43.126738656785896,False,True,76243,Yuca,Transitorio,Raíces y tubérculos
76243|Zanahoria,1,2026,3.3,5,pool_A_full,3.2403213158604607,1.4980726138581275,22.676837112186384,0.20487349053581874,237.64092746831557,3.403541783523575,3.2403213158604607,2.930382051082697,False,True,76243,Zanahoria,Transitorio,Hortalizas
76246|Aguacate Hass,1,2026,510.0,6,pool_A_full,521.0360618179226,388.121043241517,663.3663722136778,226.06520949524025,1020.968199901009,529.8910657660149,521.0360618179226,483.47456060041355,False,True,76246,Aguacate,Permanente,Frutales
76246|Aguacate Papelillo,1,2026,573.75,6,pool_A_full,586.1655695451628,436.66799975707954,746.2530881660734,254.3939905853975,1148.4695176081789,596.1274489867667,586.1655695451628,543.9088806754653,False,True,76246,Aguacate,Permanente,Frutales
76246|Aguacate demás variedades,1,2026,2460.2,7,pool_A_full,2513.437096636182,2041.5560687645625,2982.878981584708,921.092159804287,3760.7618298902735,2556.152941171666,2513.437096636182,2332.2433607630146,False,True,76246,Aguacate,Permanente,Frutales
76246|Banano consumo interno,1,2026,204.0,7,pool_A_full,208.414424727169,155.09565196681677,265.510135642179,90.0870602624857,408.961874906594,211.95642630640594,208.414424727169,193.38982424016544,False,True,76246,Banano,Permanente,Frutales
76246|Café,1,2026,1451.65,7,pool_A_full,1471.816666898292,1195.4151440396843,1746.7894762071035,539.1100322584441,2202.429756654542,1495.4996771141466,1471.816666898292,1367.3856246276732,False,True,76246,Café,Permanente,Cultivos tropicales tradicionales
76246|Caña panelera,1,2026,2010.0,7,pool_A_full,2037.92339783389,1655.2813862248158,2418.5875410830026,746.7121945501498,3049.3623344972852,2070.715634622281,2037.92339783389,1893.3249099311977,False,True,76246,Caña,Permanente,Cultivos tropicales tradicionales
76246|Frijol,1,2026,2.0,7,pool_A_full,1.9361324945529717,0.7297444294768844,15.394590323450828,0.0,164.24252043097715,2.004645165185807,1.9361324945529717,1.7460466299937576,False,True,76246,Frijol,Transitorio,Leguminosas
76246|Guayaba,1,2026,67.5,7,pool_A_full,68.9606552406074,50.91384276706611,104.33172443930101,29.94699509244531,296.98480822168364,70.13264105726667,68.9606552406074,63.9892800794665,False,True,76246,Guayaba,Permanente,Frutales
76246|Limón Tahití,1,2026,5.5,5,pool_A_full,5.61901635293838,5.414871778464573,10.621329554885515,3.2505920165988984,109.41992340796956,5.7145114935550625,5.61901635293838,5.213941339808382,False,True,76246,Limón,Permanente,Frutales
76246|Lulo,1,2026,50.0,7,pool_A_full,51.08196684489437,37.64707996925731,77.41383647846455,22.038383028441338,220.83375568323487,51.9501044868642,51.08196684489437,47.39946672553074,False,True,76246,Lulo,Permanente,Frutales
76246|Mandarina Arrayana y/o Oneco,1,2026,7.1,5,pool_A_full,7.2536392919749995,6.999079461438767,13.491316703971037,4.300312223398811,136.6890718894062,7.376914837134716,7.2536392919749995,6.730724275025365,False,True,76246,Mandarina,Permanente,Frutales
76246|Maíz amarillo tradicional,1,2026,15.25,5,pool_A_full,15.193253908801003,9.701262393500512,32.63222937589965,5.508777755136066,56.86750900120476,15.515509253728371,15.193253908801003,13.93744048007606,False,True,76246,Maíz,Transitorio,Cereales
76246|Mora,1,2026,0.8,6,pool_A_full,0.8173114695183099,0.7612617097278704,2.190742304446785,0.1670389091241535,29.316799743749545,0.8312016717898273,0.8173114695183099,0.758391467608492,False,True,76246,Mora,Permanente,Frutales
76246|Naranja Valencia,1,2026,87.84,5,pool_A_full,89.74079935311043,66.33361164177639,135.61800107492454,39.13906191426475,385.4940887149432,91.26594356252303,89.74079935311043,83.27138314341241,False,True,76246,Naranja,Permanente,Frutales
76246|Plátano consumo interno,1,2026,24060.0,7,pool_A_full,24580.64244576317,21440.938224582336,26930.879857426335,17987.424690308584,31108.149026720075,24998.390279079053,24580.64244576317,22808.62338832539,False,True,76246,Plátano,Permanente,Frutales
76246|Tomate,1,2026,220.0,7,pool_A_full,216.02142105736405,128.67967300469576,344.2110898089872,70.06348702045283,585.8445860197337,226.90278556823836,216.02142105736405,195.35880340551313,False,True,76246,Tomate,Transitorio,Hortalizas
76246|Yuca consumo en fresco,1,2026,108.0,7,pool_A_full,110.03160396211227,65.34617921512786,175.61547334937617,35.357208005453195,299.2390056464973,111.34171838145183,110.03160396211227,103.50417277628615,False,True,76246,Yuca,Transitorio,Raíces y tubérculos
76248|Aguacate demás variedades,1,2026,328.0,7,pool_A_full,335.09770250250705,249.52424189512666,426.7329243182112,145.18931681432088,656.9644379762261,340.79268543382915,335.09770250250705,310.9405017194817,False,True,76248,Aguacate,Permanente,Frutales
76248|Banano consumo interno,1,2026,126.0,7,pool_A_full,128.7265564491338,95.6970228183639,164.0958008298364,55.42596339923462,252.96026265311596,130.9142633068978,128.7265564491338,119.44665614833747,False,True,76248,Banano,Permanente,Frutales
76248|Café,1,2026,147.03,7,pool_A_full,149.07257571319246,110.86276484444609,189.98905226610756,64.2756836857979,292.7908149908844,151.4713033624448,149.07257571319246,138.49530423242985,False,True,76248,Café,Permanente,Cultivos tropicales tradicionales
76248|Caña de azúcar,1,2026,2035800.0,7,pool_A_full,2064081.8175672803,2042234.0652143145,2282217.194762304,1851258.1304505304,2853043.352349023,2097294.9696338507,2064081.8175672803,1917627.2893721054,False,True,76248,Caña,Permanente,Cultivos tropicales tradicionales
76248|Cebolla de bulbo,1,2026,1296.0,7,pool_A_full,1272.5625531379264,786.1886072831172,2089.098804311116,337.0078814837961,3485.5976396575084,1336.6636822565313,1272.5625531379264,1150.8409509706592,False,True,76248,Cebolla de bulbo,Transitorio,Hortalizas
76248|Cebolla de rama,1,2026,25000.0,7,pool_A_full,24547.88875651864,21440.260019799072,27165.8134067378,16908.051529194647,31931.872429585568,25784.407450936174,24547.88875651864,22199.864023353766,False,True,76248,Cebolla de rama,Transitorio,Hortalizas
76248|Cilantro,1,2026,227.51999999999998,7,pool_A_full,223.40542599532486,133.09193489642263,355.9566602663598,72.48137340471466,605.8115703841016,234.65873532947992,223.40542599532486,202.03652250373793,False,True,76248,Cilantro,Transitorio,Hortalizas
76248|Fresa,1,2026,60.0,7,pool_A_full,61.29836021387324,45.22808728229091,92.79548674179968,26.557589922157888,264.3486428480625,62.34012538423704,61.29836021387324,56.87936007063689,False,True,76248,Fresa,Permanente,Frutales
76248|Frijol,1,2026,22.28,7,pool_A_full,21.568515989320105,13.914334870174867,45.873192423293105,8.071274721251854,79.64986873614173,22.331747140169888,21.568515989320105,19.45095945813046,False,True,76248,Frijol,Transitorio,Leguminosas
76248|Limón Tahití,1,2026,21.0,5,pool_A_full,21.454426074855633,15.662158761459924,32.80705071479277,8.932683036663336,94.64058290523425,21.819043884482966,21.454426074855633,19.90777602472291,False,True,76248,Limón,Permanente,Frutales
76248|Mandarina Arrayana y/o Oneco,1,2026,59.8,5,pool_A_full,61.09403234649366,45.07646713603023,92.48785373653295,26.467205784283554,263.47834510476616,62.13232496628958,61.09403234649366,56.689762203734766,False,True,76248,Mandarina,Permanente,Frutales
76248|Maracuyá,1,2026,700.4,7,pool_A_full,715.5561915632802,533.1146200346633,910.9213638581651,310.67383568450947,1401.7721354530881,727.7170636519937,715.5561915632802,663.9717298912346,False,True,76248,Maracuyá,Permanente,Frutales
76248|Maíz blanco tecnificado,1,2026,1632.0,5,pool_A_full,1625.9272379779172,1004.6032061081695,2669.0209317716676,430.7920840890521,4452.994547697729,1660.4138427596527,1625.9272379779172,1491.5346139989595,False,True,76248,Maíz,Transitorio,Cereales
76248|Mora,1,2026,8.0,7,pool_A_full,8.173114695183099,7.890196283111752,15.105684475331643,4.890779839723763,152.02796791021427,8.312016717898272,8.173114695183099,7.583914676084919,False,True,76248,Mora,Permanente,Frutales
76248|Naranja Valencia,1,2026,399.2,5,pool_A_full,407.83842328963664,303.7445290152531,519.3060094289652,176.8286770279553,799.3659096742732,414.7696342231238,407.83842328963664,378.4373423366374,False,True,76248,Naranja,Permanente,Frutales
76248|Repollo,1,2026,351.0,7,pool_A_full,344.65235814152174,205.5422139377035,548.8214262339618,112.1835822782042,933.6737019415672,362.0130806111439,344.65235814152174,311.68609088788685,False,True,76248,Repollo,Transitorio,Hortalizas
76248|Tomate,1,2026,361.53999999999996,7,pool_A_full,355.00174804127,211.72642142956525,565.283967805864,115.57248154550707,961.6593422607737,372.8837867924586,355.00174804127,321.04555356013276,False,True,76248,Tomate,Transitorio,Hortalizas
76248|Tomate de árbol,1,2026,60.5,7,pool_A_full,61.809179882322184,45.60713764794259,93.56456925496643,26.78355026684372,266.5243872063039,62.85962642910568,61.809179882322184,57.3533547378922,False,True,76248,Tomate de árbol,Permanente,Frutales
76248|Uva,1,2026,2376.0,7,pool_A_full,2427.4150644693805,1971.6776756702118,2880.7967564699466,889.5462358527367,3632.0672614051186,2468.668965215787,2427.4150644693805,2252.4226587972207,False,True,76248,Uva,Permanente,Frutales
76250|Aguacate Hass,1,2026,1282.5,6,pool_A_full,1310.2524495715404,1064.1714660660198,1555.0614457455665,479.8613446292264,1960.7191540592555,1332.5201800880668,1310.2524495715404,1215.7963215098634,False,True,76250,Aguacate,Permanente,Frutales
76250|Aguacate demás variedades,1,2026,388.48,7,pool_A_full,396.8864495980913,295.5810251117733,505.3680393111663,172.06499807444177,777.9256880927694,403.63153182114013,396.8864495980913,368.2748966706837,False,True,76250,Aguacate,Permanente,Frutales
76250|Ahuyama,1,2026,45.0,7,pool_A_full,44.186199761733555,28.86116211965484,92.8485028130068,17.162312127302553,160.4754413269102,46.41193341168511,44.186199761733555,39.95975524203678,False,True,76250,Ahuyama,Transitorio,Hortalizas
76250|Arracacha,1,2026,1770.0,7,pool_A_full,1803.2957316012844,1114.234615360325,2960.1080680346304,477.86629228078334,4938.5714592464665,1824.7670512515717,1803.2957316012844,1696.3183871669119,False,True,76250,Arracacha,Transitorio,Raíces y tubérculos
76250|Banano consumo interno,1,2026,1128.4,7,pool_A_full,1152.8178277555762,936.2823879681634,1368.2340004939645,422.1270586323883,1725.1866955846358,1172.4099580595514,1152.8178277555762,1069.7111650617778,False,True,76250,Banano,Permanente,Frutales
76250|Berenjena,1,2026,153.0,7,pool_A_full,150.23307918989408,89.36829710766122,239.56305514888555,48.521148224503705,407.94725192230726,157.8005735997294,150.23307918989408,135.86316782292505,False,True,76250,Berenjena,Transitorio,Hortalizas
76250|Cacao,1,2026,14.8,7,pool_A_full,15.005605118378893,10.876853706552788,23.09780157168684,6.080056373780019,67.17299173755882,15.247060394233712,15.005605118378893,13.940899834319266,False,True,76250,Cacao,Permanente,Cultivos tropicales tradicionales
76250|Café,1,2026,661.88,7,pool_A_full,671.0749943076095,499.95873072601427,854.312608613249,291.32625969850295,1314.6931529580547,681.873265792933,671.0749943076095,623.4596474553538,False,True,76250,Café,Permanente,Cultivos tropicales tradicionales
76250|Caña panelera,1,2026,4600.0,7,pool_A_full,4663.904293550196,3788.4479793285836,5534.835392840101,1709.7095982136536,6978.000960113294,4738.951203613181,4663.904293550196,4332.982380937069,False,True,76250,Caña,Permanente,Cultivos tropicales tradicionales
76250|Frijol,1,2026,41.96,7,pool_A_full,40.62005973572135,26.50448937400115,85.44188521675996,15.72892431014536,147.7316381841298,42.057455565598225,40.62005973572135,36.63205829726903,False,True,76250,Frijol,Transitorio,Leguminosas
76250|Granadilla,1,2026,150.0,7,pool_A_full,153.2459005346831,113.97352409481093,195.30021154132643,66.09091628023495,300.96075873110914,155.85031346059262,153.2459005346831,142.19840017659223,False,True,76250,Granadilla,Permanente,Frutales
76250|Habichuela,1,2026,520.0,7,pool_A_full,503.3944485837726,300.39746960940806,801.3288965709168,164.16355010248944,1362.9259660527034,521.2077429483098,503.3944485837726,453.97212379837697,False,True,76250,Habichuela,Transitorio,Leguminosas
76250|Lulo,1,2026,4102.0,7,pool_A_full,4190.764559955134,3404.1017431387377,4973.361133525526,1536.2002113916294,6270.153071445318,4261.986572102339,4190.764559955134,3888.6522501625423,False,True,76250,Lulo,Permanente,Frutales
76250|Maracuyá,1,2026,736.0,7,pool_A_full,751.9265519568451,560.2247635947265,957.2079064135421,326.49351579132673,1472.9728713021118,764.7055380466411,751.9265519568451,697.7201501998126,False,True,76250,Maracuyá,Permanente,Frutales
76250|Maíz amarillo tradicional,1,2026,37.5,5,pool_A_full,37.360460431477875,24.350393128192092,78.6719307597217,14.418748630717145,136.08327565360017,38.15289160752878,37.360460431477875,34.272394623137856,False,True,76250,Maíz,Transitorio,Cereales
76250|Pepino cohombro,1,2026,840.0,7,pool_A_full,824.8090622190264,492.45658429068675,1312.5958881561953,269.41050274416114,2232.0587224436786,866.3560903514555,824.8090622190264,745.9154311846866,False,True,76250,Pepino Cohombro,Transitorio,Hortalizas
76250|Pimentón,1,2026,2890.0,7,pool_A_full,2837.7359402535553,1753.6217778992109,4657.772810067371,752.4102811776863,7770.530345731744,2980.6775013282218,2837.7359402535553,2566.3042810996953,False,True,76250,Pimentón,Transitorio,Hortalizas
76250|Plátano consumo interno,1,2026,2060.0,7,pool_A_full,2104.577034009648,1709.4262241522192,2497.6853177969656,771.1553573647361,3149.0805198218577,2140.344304858805,2104.577034009648,1952.8580290918667,False,True,76250,Plátano,Permanente,Frutales
76250|Repollo,1,2026,1653.0,7,pool_A_full,1623.1064045810126,1002.8596498865963,2664.3915396028237,430.0434252044477,4445.272028659077,1704.8650206559,1623.1064045810126,1467.855009224151,False,True,76250,Repollo,Transitorio,Hortalizas
76250|Tomate,1,2026,1650.0,7,pool_A_full,1620.1606579302304,1001.0388848227018,2659.5571468692806,429.26161391267806,4437.207537995204,1701.7708917617877,1620.1606579302304,1465.1910255413486,False,True,76250,Tomate,Transitorio,Hortalizas
76250|Tomate invernadero,1,2026,9900.0,3,pool_A_full,9720.963947581382,6008.142810533343,15954.137164114618,2579.2426662806747,26614.556863661688,10210.625350570725,9720.963947581382,8791.146153248092,False,True,76250,Tomate,Transitorio,Hortalizas
76250|Yuca consumo en fresco,1,2026,280.0,7,pool_A_full,285.26712138325405,170.056969916179,454.3586667514888,92.73793501897724,773.090914715795,288.66371432228254,285.26712138325405,268.3441516422233,False,True,76250,Yuca,Transitorio,Raíces y tubérculos
76275|Aguacate demás variedades,1,2026,131.67,7,pool_A_full,134.5192514893448,100.0148462449245,171.4678428604259,57.945558517370934,264.30037985154183,136.80540515570817,134.5192514893448,124.82175567501264,False,True,76275,Aguacate,Permanente,Frutales
76275|Arracacha,1,2026,20.6,7,pool_A_full,20.98750964462512,13.530378601602406,44.66648382947462,7.837742832402242,77.5736096920517,21.237401839425072,20.98750964462512,19.742462585106434,False,True,76275,Arracacha,Transitorio,Raíces y tubérculos
76275|Arveja,1,2026,55.61,7,pool_A_full,53.834164011045374,35.23698983016115,112.88663402930175,21.04025138780777,194.95298742015808,55.73915881799136,53.834164011045374,48.54882654697643,False,True,76275,Arveja,Transitorio,Leguminosas
76275|Banano consumo interno,1,2026,3280.54,7,pool_A_full,3351.5287102669954,2722.3641565439007,3977.441125891648,1228.4363789778536,5014.601524796642,3408.4879154667497,3351.5287102669954,3109.916931435452,False,True,76275,Banano,Permanente,Frutales
76275|Cacao,1,2026,10.48,7,pool_A_full,10.62559065139262,7.626692861509422,16.50331678177074,4.142563282148895,48.51710913519667,10.7965670899709,10.62559065139262,9.871664207004454,False,True,76275,Cacao,Permanente,Cultivos tropicales tradicionales
76275|Café,1,2026,1186.55,7,pool_A_full,1203.0338346765184,977.074424413502,1427.8252655890296,440.542228508948,1800.3131158627245,1222.391858836352,1203.0338346765184,1117.6739661088868,False,True,76275,Café,Permanente,Cultivos tropicales tradicionales
76275|Caña de azúcar,1,2026,1601019.8,7,pool_A_full,1623261.547669321,1606079.7573634854,1794810.375608181,1455890.0073351604,2243726.821670455,1649381.458308377,1623261.547669321,1508084.9097676936,False,True,76275,Caña,Permanente,Cultivos tropicales tradicionales
76275|Cilantro,1,2026,195.0,7,pool_A_full,191.47353230084542,114.01124916251872,305.16331568208363,62.025300902561426,519.4649837445747,201.11837811730217,191.47353230084542,173.15893938215936,False,True,76275,Cilantro,Transitorio,Hortalizas
76275|Curuba,1,2026,34.02,7,pool_A_full,34.75617024126613,25.53263028302966,52.8339593576551,14.81669041228229,151.29696599384013,35.34685109286241,34.75617024126613,32.25059716005112,False,True,76275,Curuba,Permanente,Frutales
76275|Fresa,1,2026,6.25,7,pool_A_full,6.385245855611796,6.157469129858727,11.966636031019355,3.7426483635363583,122.20233675864297,6.493763060858025,6.385245855611796,5.924933340691343,False,True,76275,Fresa,Permanente,Frutales
76275|Frijol,1,2026,76.36,7,pool_A_full,73.92153864203246,48.511670010770665,154.6066734329825,29.114246762276274,266.73635713793,76.5373524067941,73.92153864203246,66.66406033316166,False,True,76275,Frijol,Transitorio,Leguminosas
76275|Granadilla,1,2026,239.31,7,pool_A_full,244.4885097130334,181.98495446978964,311.41962490145903,105.77787218865754,479.58260476134194,248.64359009502945,244.4885097130334,226.86332764173525,False,True,76275,Granadilla,Permanente,Frutales
76275|Guanábana,1,2026,94.6,7,pool_A_full,96.64708127054014,71.4583725853871,146.0159966529391,42.19404577441715,414.9101524383665,98.28959768914706,96.64708127054014,89.67979104470416,False,True,76275,Guanábana,Permanente,Frutales
76275|Guayaba,1,2026,125.58,7,pool_A_full,128.2974679276367,95.37718404602609,163.54972364238535,55.239326723817115,252.12025397175108,130.47788242920814,128.2974679276367,119.04850062784301,False,True,76275,Guayaba,Permanente,Frutales
76275|Habichuela,1,2026,257.4,7,pool_A_full,249.18025204896742,148.4935067693935,396.95609593618286,80.92131913815126,675.5089166252468,257.9978327594133,249.18025204896742,224.71620128019657,False,True,76275,Habichuela,Transitorio,Leguminosas
76275|Limón Tahití,1,2026,144.4,5,pool_A_full,147.52472024805493,109.70900713030667,188.01918237531217,63.60242727466823,289.76064297957754,150.0319017580638,147.52472024805493,136.88965990333278,False,True,76275,Limón,Permanente,Frutales
76275|Mandarina Arrayana y/o Oneco,1,2026,358.91,5,pool_A_full,366.6765744060208,273.06285249741757,466.9216049470514,158.924887378976,718.7850768833421,372.90824002760866,366.6765744060208,340.24285204920477,False,True,76275,Mandarina,Permanente,Frutales
76275|Mango demás variedades,1,2026,61.92,7,pool_A_full,63.25990774071718,46.68364068639335,95.74876359236,27.425277645751468,272.7035011837094,64.33500939653263,63.25990774071718,58.699499592897276,False,True,76275,Mango,Permanente,Frutales
76275|Maracuyá,1,2026,179.66,7,pool_A_full,183.54772326707445,136.5602335889534,233.86366244560955,79.27102054900453,360.28137180082916,186.66711544220044,183.54772326707445,170.31576383817705,False,True,76275,Maracuyá,Permanente,Frutales
76275|Maíz amarillo tecnificado,1,2026,161.24,5,pool_A_full,160.64001706590648,95.58689200104159,256.11713699135527,51.92889152961821,436.0885069183628,164.0472598079451,160.64001706590648,147.36215757425995,False,True,76275,Maíz,Transitorio,Cereales
76275|Maíz amarillo tradicional,1,2026,90.0,5,pool_A_full,89.6651050355469,58.915757783082334,187.30493402491973,35.442275415796075,322.9968823614992,91.56693985806908,89.6651050355469,82.25374709553084,False,True,76275,Maíz,Transitorio,Cereales
76275|Maíz blanco tecnificado,1,2026,330.0,5,pool_A_full,328.7720517970053,196.05304497024494,523.5609803619292,106.98358893977658,890.7319879061077,335.7454461462533,328.7720517970053,301.5970726836131,False,True,76275,Maíz,Transitorio,Cereales
76275|Maíz blanco tradicional,1,2026,43.5,5,pool_A_full,43.33813410051434,28.3007205173224,91.0871311328872,16.821437406154736,157.44483070593148,44.25735426473339,43.33813410051434,39.75597776283991,False,True,76275,Maíz,Transitorio,Cereales
76275|Mora,1,2026,648.34,7,pool_A_full,662.3696476843763,493.46984268250407,843.2337962898254,287.5397753934732,1297.6510593772423,673.6266148602707,662.3696476843763,614.619405136612,False,True,76275,Mora,Permanente,Frutales
76275|Naranja Valencia,1,2026,2068.4,5,pool_A_full,2113.1588044395903,1716.3974652685215,2507.8692927490342,774.3024566663165,3161.9194078892633,2149.0719224125983,2113.1588044395903,1960.8211395017559,False,True,76275,Naranja,Permanente,Frutales
76275|Otras hortalizas,1,2026,80.0,7,pool_A_full,78.55324402085967,51.57251836573153,164.22639400178306,30.975931949690622,283.288018354984,82.51010384299576,78.55324402085967,71.03956487473205,False,True,76275,Otras hortalizas,Transitorio,Hortalizas
76275|Papaya demás variedades,1,2026,425.5,7,pool_A_full,434.70753785005104,323.77252833069286,553.5008428336397,188.5156878933848,851.966453293074,442.09538918321437,434.70753785005104,403.36946183426664,False,True,76275,Papaya,Permanente,Frutales
76275|Pepino cohombro,1,2026,176.0,7,pool_A_full,172.81713684589124,102.86324704246407,275.48700734563675,55.91627945296381,469.01648601545344,181.52222845459067,172.81713684589124,156.28704272441053,False,True,76275,Pepino Cohombro,Transitorio,Hortalizas
76275|Pitahaya,1,2026,5.64,7,pool_A_full,5.7620458601040845,5.553489950724814,10.872453430430497,3.34244253469389,111.80597390009521,5.859971786118281,5.7620458601040845,5.346659846639867,False,True,76275,Pitahaya,Permanente,Frutales
"76275|Piña Cayena, Gold, Manzana y/o Perolera",1,2026,5583.9,6,pool_A_full,5704.731893304112,4633.944863406179,6769.98404798593,2091.400979845327,8535.146908003,5801.68376888402,5704.731893304112,5293.477644973822,False,True,76275,Piña,Permanente,Frutales
76275|Piña demás variedades,1,2026,7622.43,7,pool_A_full,7787.374330750564,6325.740595883942,9241.452912156914,2855.145782136926,11650.915776103377,7919.720698876166,7787.374330750564,7225.982343053746,False,True,76275,Piña,Permanente,Frutales
76275|Plátano consumo interno,1,2026,2783.6,7,pool_A_full,2843.835258188959,2309.9488517421537,3374.9620172392683,1042.2554829151077,4255.059020485294,2892.1662169927035,2843.835258188959,2638.8231115437475,False,True,76275,Plátano,Permanente,Frutales
76275|Tomate,1,2026,2496.0,7,pool_A_full,2450.861213450821,1514.4946328410292,4022.8558977286225,649.7323981918689,6711.393905209003,2574.315239901468,2450.861213450821,2216.43442409164,False,True,76275,Tomate,Transitorio,Hortalizas
76275|Tomate de árbol,1,2026,28.4,7,pool_A_full,29.014557167899998,21.272104173104786,44.18947190966077,12.276896138013585,126.84159940720677,29.507659348538866,29.014557167899998,26.92289710010146,False,True,76275,Tomate de árbol,Permanente,Frutales
76275|Yuca consumo en fresco,1,2026,480.0,7,pool_A_full,489.0293509427212,291.81370328949413,778.4786590795261,159.45971061609808,1324.0815066568377,494.85208169534144,489.0293509427212,460.01854567238286,False,True,76275,Yuca,Transitorio,Raíces y tubérculos
76306|Aguacate Hass,1,2026,0.0,6,pool_A_full,0.0,0.0,0.7557487299040222,0.0,15.682225503031251,0.0,0.0,0.0,False,True,76306,Aguacate,Permanente,Frutales
76306|Banano consumo interno,1,2026,480.0,7,pool_A_full,490.3868817109859,365.27541664595805,624.3608588243151,212.73401839398977,960.9675798035171,498.7210030738963,490.3868817109859,455.03488056509514,False,True,76306,Banano,Permanente,Frutales
76306|Café,1,2026,872.4,7,pool_A_full,884.519588194172,659.0584349843178,1125.9517172511046,384.16628545783976,1732.5447217428432,898.7523978330736,884.519588194172,821.7595280716303,False,True,76306,Café,Permanente,Cultivos tropicales tradicionales
76306|Caña de azúcar,1,2026,384000.0,7,pool_A_full,389334.61928766855,385213.6081925761,430480.1932181131,349190.9577458598,538151.7234872137,395599.4048233612,389334.61928766855,361709.8335390945,False,True,76306,Caña,Permanente,Cultivos tropicales tradicionales
76306|Caña panelera,1,2026,1200.0,7,pool_A_full,1216.6706852739642,988.1520656016279,1444.0080970971892,445.54312236194926,1820.7147334359045,1236.2481400730037,1216.6706852739642,1130.3432298096702,False,True,76306,Caña,Permanente,Cultivos tropicales tradicionales
76306|Frijol,1,2026,64.5,7,pool_A_full,62.440272949333334,40.92431064007048,130.7609063328546,24.49942338197765,225.7074046149047,64.64980657724227,62.440272949333334,56.310003817298686,False,True,76306,Frijol,Transitorio,Leguminosas
76306|Granadilla,1,2026,72.0,7,pool_A_full,73.55803225664789,54.3252960579312,111.25346705780177,31.980638194617747,316.5665074458561,74.80815046108445,73.55803225664789,68.25523208476427,False,True,76306,Granadilla,Permanente,Frutales
76306|Guayaba,1,2026,80.0,2,pool_A_full,81.731146951831,60.3901019083581,123.55878726846991,35.596003709591,351.3784171777182,83.12016717898273,81.731146951831,75.83914676084919,False,True,76306,Guayaba,Permanente,Frutales
76306|Habichuela,1,2026,240.0,7,pool_A_full,232.3358993463566,138.4282784624009,370.1621632208578,75.405649607384,629.9603383311198,240.55741982229682,232.3358993463566,209.52559559925092,False,True,76306,Habichuela,Transitorio,Leguminosas
76306|Limón Pajarito,1,2026,0.0,2,pool_A_full,0.0,0.0,0.7557487299040222,0.0,15.682225503031251,0.0,0.0,0.0,False,True,76306,Limón,Permanente,Frutales
76306|Limón Tahití,1,2026,0.0,2,pool_A_full,0.0,0.0,0.7557487299040222,0.0,15.682225503031251,0.0,0.0,0.0,False,True,76306,Limón,Permanente,Frutales
76306|Lulo,1,2026,56.0,7,pool_A_full,57.21180286628169,42.195684357077475,86.64282663646563,24.749907164671267,246.9426879821314,58.184117025287904,57.21180286628169,53.087402732594434,False,True,76306,Lulo,Permanente,Frutales
76306|Maracuyá,1,2026,780.0,7,pool_A_full,796.8786827803522,593.7316826015461,1014.4159927179408,346.04592940649405,1560.973780778433,810.4216299950815,796.8786827803522,739.4316809182795,False,True,76306,Maracuyá,Permanente,Frutales
76306|Maíz amarillo tecnificado,1,2026,450.0,5,pool_A_full,448.3255251777345,267.4914092526839,713.7319995872722,146.1312761240562,1214.0148613271163,457.8346992903454,448.3255251777345,411.2687354776542,False,True,76306,Maíz,Transitorio,Cereales
76306|Maíz amarillo tradicional,1,2026,21.54,5,pool_A_full,21.459848471840893,13.842522273105459,45.647497767101484,8.027596488053145,79.26153921439881,21.91502093936453,21.459848471840893,19.68606347153038,False,True,76306,Maíz,Transitorio,Cereales
76306|Maíz blanco tecnificado,1,2026,344.0,5,pool_A_full,342.71995702475704,204.38752080319622,545.7475992715528,111.55081911127589,928.448323138559,349.9891923463974,342.71995702475704,314.39210000958457,False,True,76306,Maíz,Transitorio,Cereales
76306|Maíz blanco tradicional,1,2026,33.980000000000004,5,pool_A_full,33.85355854564316,22.032867726568977,71.38834654079795,13.009171215793758,123.55116335623246,34.57160684863542,33.85355854564316,31.055359181179316,False,True,76306,Maíz,Transitorio,Cereales
76306|Mora,1,2026,216.0,7,pool_A_full,220.67409676994367,164.2339026050404,281.1123409979242,95.41953670298594,432.96212294559086,224.42445138325334,220.67409676994367,204.7656962542928,False,True,76306,Mora,Permanente,Frutales
76306|Papaya demás variedades,1,2026,570.0,7,pool_A_full,582.3344220317957,433.8122964326345,741.3773989924027,252.72759169774105,1140.9694400959918,592.2311911502519,582.3344220317957,540.3539206710504,False,True,76306,Papaya,Permanente,Frutales
76306|Plátano consumo interno,1,2026,1258.0,7,pool_A_full,1285.2222858175423,1043.838679476809,1525.3581854687066,470.6823049996194,1923.2723971959979,1307.0646288895034,1285.2222858175423,1192.5705828143534,False,True,76306,Plátano,Permanente,Frutales
76306|Tomate,1,2026,91.0,7,pool_A_full,89.35431507372786,58.71037318592709,186.65944551825558,35.31735532244115,321.8862568495215,93.85524312140768,89.35431507372786,80.8075050450077,False,True,76306,Tomate,Transitorio,Hortalizas
76306|Tomate de árbol,1,2026,8.0,2,pool_A_full,8.173114695183099,7.890196283111752,15.105684475331643,4.890779839723763,152.02796791021427,8.312016717898272,8.173114695183099,7.583914676084919,False,True,76306,Tomate de árbol,Permanente,Frutales
76306|Uva,1,2026,1250.0,7,pool_A_full,1277.0491711223592,1037.1994022231886,1515.6591617048332,467.6850675695433,1911.0448847508515,1298.752612171605,1277.0491711223592,1184.9866681382687,False,True,76306,Uva,Permanente,Frutales
76318|Aguacate demás variedades,1,2026,720.0,7,pool_A_full,735.5803225664789,548.0404294104287,936.4049659392158,319.38354720399326,1440.9725405834502,748.0815046108445,735.5803225664789,682.5523208476427,False,True,76318,Aguacate,Permanente,Frutales
76318|Ají,1,2026,246.0,7,pool_A_full,241.55122536414345,143.93483380055986,384.82077490096674,78.42320058306,654.8793723858989,253.71856931721197,241.55122536414345,218.44666198980104,False,True,76318,Ají,Transitorio,Hortalizas
76318|Arracacha,1,2026,16.0,7,pool_A_full,16.300978364757373,10.433298717370173,34.93289378824299,5.954020714849705,60.826025015770014,16.495069389844716,16.300978364757373,15.333951522412763,False,True,76318,Arracacha,Transitorio,Raíces y tubérculos
76318|Banano consumo interno,1,2026,504.0,7,pool_A_full,514.9062257965352,383.551917922405,655.5652695358049,223.39897127499003,1008.96807588151,523.6570532275912,514.9062257965352,477.78662459334987,False,True,76318,Banano,Permanente,Frutales
76318|Cacao,1,2026,6.0,7,pool_A_full,6.083353426369821,5.864887706696546,11.436588781810116,3.548779443868569,117.16609917637042,6.181240700365018,6.083353426369821,5.651716149048351,False,True,76318,Cacao,Permanente,Cultivos tropicales tradicionales
76318|Café,1,2026,537.13,7,pool_A_full,544.5919376510036,405.67938384104633,693.3446302616785,236.31109147943909,1067.0825544120612,553.3549695645104,544.5919376510036,505.95104918972345,False,True,76318,Café,Permanente,Cultivos tropicales tradicionales
76318|Caña de azúcar,1,2026,1703808.0,7,pool_A_full,1727477.7057793853,1709192.8159301628,1910040.2540814346,1549360.6339009663,2387777.883376332,1755274.5592012536,1727477.7057793853,1604906.5314129621,False,True,76318,Caña,Permanente,Cultivos tropicales tradicionales
76318|Caña panelera,1,2026,3000.0,7,pool_A_full,3041.6767131849106,2470.661666986489,3609.7401948434363,1114.8077272246164,4551.042735794524,3090.6203501825094,3041.6767131849106,2825.8580745241757,False,True,76318,Caña,Permanente,Cultivos tropicales tradicionales
76318|Cilantro,1,2026,229.5,7,pool_A_full,225.34961878484114,134.25367406472304,359.04924397721055,73.11799774525159,611.0688348842942,236.7008603995941,225.34961878484114,203.79475173438757,False,True,76318,Cilantro,Transitorio,Hortalizas
76318|Frijol,1,2026,44.1,7,pool_A_full,42.691721504893025,27.87354072756762,89.74457843718777,16.56161588129535,155.13483872369747,44.202425892347044,42.691721504893025,38.50032819136236,False,True,76318,Frijol,Transitorio,Leguminosas
76318|Guanábana,1,2026,643.7,7,pool_A_full,657.6292411611702,489.9363857690576,837.2009435522707,285.47788450314647,1288.3709634688303,668.8056451638897,657.6292411611702,610.2207346244828,False,True,76318,Guanábana,Permanente,Frutales
76318|Guayaba,1,2026,32.0,5,pool_A_full,32.692458780732395,24.001266805796863,49.72686600446137,13.903810619751543,142.50695878654483,33.24806687159309,32.692458780732395,30.335658704339675,False,True,76318,Guayaba,Permanente,Frutales
76318|Habichuela,1,2026,143.25,7,pool_A_full,138.6754899223566,82.46213830714042,221.17865803650707,44.73662506130738,376.6945366094655,143.5827099564334,138.6754899223566,125.06058987330289,False,True,76318,Habichuela,Transitorio,Leguminosas
76318|Limón Tahití,1,2026,40.56,5,pool_A_full,41.43769150457831,30.49060906575361,62.89355862987622,17.772251720772914,179.75570219963743,42.14192475974424,41.43769150457831,38.45044740775054,False,True,76318,Limón,Permanente,Frutales
76318|Lulo,1,2026,300.0,7,pool_A_full,306.4918010693662,228.20165707260512,390.32777848813953,132.74687178648716,600.9638592185674,311.70062692118523,306.4918010693662,284.39680035318446,False,True,76318,Lulo,Permanente,Frutales
76318|Mandarina Arrayana y/o Oneco,1,2026,78.26,5,pool_A_full,79.95349450562867,59.07100663589024,120.88238012264958,34.80966171008432,343.8068268110384,81.31230354283986,79.95349450562867,74.18964531880073,False,True,76318,Mandarina,Permanente,Frutales
76318|Maracuyá,1,2026,360.0,7,pool_A_full,367.79016128323946,273.89291026372274,468.3388052668646,159.409253988988,720.9650994135505,374.04075230542225,367.79016128323946,341.27616042382135,False,True,76318,Maracuyá,Permanente,Frutales
76318|Maíz amarillo tecnificado,1,2026,1575.0,5,pool_A_full,1569.1393381220707,969.5026233469123,2575.8238435755707,415.7203801692923,4297.527855378091,1602.421447516209,1569.1393381220707,1439.4405741717899,False,True,76318,Maíz,Transitorio,Cereales
76318|Maíz amarillo tradicional,1,2026,83.0,5,pool_A_full,82.69115242167103,54.30704249576361,172.82053358956009,32.6391385111189,298.0750681337795,84.44506675799704,82.69115242167103,75.85623343254511,False,True,76318,Maíz,Transitorio,Cereales
76318|Mora,1,2026,310.2,7,pool_A_full,316.9125223057246,235.96917011509504,403.58965304052265,137.27947676091227,621.3640700517143,322.2984482365055,316.9125223057246,294.0662915651927,False,True,76318,Mora,Permanente,Frutales
76318|Naranja Valencia,1,2026,1000.8,5,pool_A_full,1022.4566483674056,830.3859157729239,1213.534571460192,374.3211216226765,1530.1578720845616,1039.8332914090738,1022.4566483674056,948.7477259782233,False,True,76318,Naranja,Permanente,Frutales
76318|Papaya demás variedades,1,2026,3000.0,7,pool_A_full,3064.918010693662,2489.5413014525766,3637.320610052031,1123.330755398663,4585.8132321264875,3117.006269211852,3064.918010693662,2843.9680035318447,False,True,76318,Papaya,Permanente,Frutales
76318|Pepino cohombro,1,2026,250.0,7,pool_A_full,245.47888756518643,146.28178161530815,391.06841876127123,79.70931036192253,665.5001087499243,257.84407450936175,245.47888756518643,221.99864023353766,False,True,76318,Pepino Cohombro,Transitorio,Hortalizas
76318|Pimentón,1,2026,192.0,7,pool_A_full,188.52778565006318,112.2510383014574,300.47758278685507,61.060718568414416,511.49943147155534,198.02424922318983,188.52778565006318,170.49495569935692,False,True,76318,Pimentón,Transitorio,Hortalizas
76318|Plantas aromáticas,1,2026,30.0,7,pool_A_full,28.21260832416452,18.305062999446818,59.67249666805,10.741826337107263,103.39290859439299,29.455688455669648,28.21260832416452,23.589171358423982,False,True,76318,Plantas aromáticas,Transitorio,"Cultivos para condimentos, bebidas medicinales y aromáticas"
76318|Plátano consumo interno,1,2026,2288.0,7,pool_A_full,2337.5108028223663,1898.6456258803923,2774.107495067346,856.5766241219023,3497.5646245085145,2377.2367813189057,2337.5108028223663,2168.9995973602868,False,True,76318,Plátano,Permanente,Frutales
76318|Tomate,1,2026,720.0,7,pool_A_full,706.9791961877369,422.04814984823696,1125.1665723470585,230.82720937828216,1913.4366315229154,742.5909345869618,706.9791961877369,639.3560838725884,False,True,76318,Tomate,Transitorio,Hortalizas
76318|Tomate de árbol,1,2026,500.0,7,pool_A_full,510.8196684489437,380.5058343763306,650.3645344172235,221.62147912815672,1000.9679932018448,519.501044868642,510.8196684489437,473.99466725530743,False,True,76318,Tomate de árbol,Permanente,Frutales
76318|Tomate invernadero,1,2026,1600.0,1,pool_A_full,1571.064880417193,970.6928004244551,2578.9839346435506,416.23142571650783,4302.799360263886,1650.2020768599152,1571.064880417193,1420.791297494641,False,True,76318,Tomate,Transitorio,Hortalizas
76318|Uva,1,2026,2440.0,7,pool_A_full,2492.799982030845,2024.7918936991719,2958.3889465809293,913.5241352933443,3729.887360966284,2535.165098958973,2492.799982030845,2313.0939762059,False,True,76318,Uva,Permanente,Frutales
76318|Yuca consumo en fresco,1,2026,40.0,7,pool_A_full,40.75244591189343,26.591976374233987,85.71684182945151,15.782136110775987,148.20472767463104,41.23767347461179,40.75244591189343,38.33487880603191,False,True,76318,Yuca,Transitorio,Raíces y tubérculos
76364|Aguacate demás variedades,1,2026,45.0,7,pool_A_full,45.97377016040493,33.85657631274053,69.72301134679701,19.778779581583056,199.07631210082081,46.75509403817778,45.97377016040493,42.65952005297767,False,True,76364,Aguacate,Permanente,Frutales
76364|Ahuyama,1,2026,59.75,7,pool_A_full,58.66945412807956,38.43237653764432,122.92918552827689,22.98376619530897,212.23217021731278,61.62473380773746,58.66945412807956,53.0576750158155,False,True,76364,Ahuyama,Transitorio,Hortalizas
76364|Arazá,1,2026,1.25,7,pool_A_full,1.2770491711223593,1.2068201205643634,2.9979261901270893,0.4622727172866293,36.98624775415359,1.298752612171605,1.2770491711223593,1.1849866681382686,False,True,76364,Arazá,Permanente,Frutales
76364|Arroz riego,1,2026,16923.5,7,pool_A_full,16860.526722989754,14726.036420433229,18658.661330476723,11613.066406334516,21932.252749385847,17218.145629867024,16860.526722989754,15466.903210791292,False,True,76364,Arroz,Transitorio,Cereales
76364|Banano consumo interno,1,2026,160.0,7,pool_A_full,163.462293903662,121.58873295999724,208.3020493377807,70.53464664731845,320.9609654302731,166.24033435796545,163.462293903662,151.67829352169838,False,True,76364,Banano,Permanente,Frutales
76364|Cacao,1,2026,197.1,7,pool_A_full,199.83816005624863,148.70298046392767,254.59559876761546,86.35672154334112,392.17247967383315,203.05375700699085,199.83816005624863,185.65887549623832,False,True,76364,Cacao,Permanente,Cultivos tropicales tradicionales
76364|Café,1,2026,1231.72,7,pool_A_full,1248.831347054706,1014.2771792438097,1482.1731093974727,457.3370519543068,1868.8291802330234,1268.9262992422669,1248.831347054706,1160.2219691843059,False,True,76364,Café,Permanente,Cultivos tropicales tradicionales
76364|Caña de azúcar,1,2026,1016400.0,7,pool_A_full,1030520.0704270477,1019612.2866164452,1139427.0873799643,924264.9860897473,1424419.7136144736,1047102.1746418341,1030520.0704270477,957400.7156487907,False,True,76364,Caña,Permanente,Cultivos tropicales tradicionales
76364|Caña panelera,1,2026,3480.0,7,pool_A_full,3528.344987294496,2865.9975606891167,4187.268754242434,1293.2782885213269,5279.1302030901525,3585.1196062117106,3528.344987294496,3277.9953664480436,False,True,76364,Caña,Permanente,Cultivos tropicales tradicionales
76364|Cilantro,1,2026,18.75,7,pool_A_full,18.410916567388984,11.827644935097304,39.315084421424636,6.802097260511505,68.36600855585462,19.338305588202132,18.410916567388984,16.649898017515323,False,True,76364,Cilantro,Transitorio,Hortalizas
76364|Frijol,1,2026,11.7,7,pool_A_full,11.326375093134883,7.145847337121916,24.600998838187444,3.9545098507999628,43.04899877883925,11.72717421633697,11.326375093134883,10.214372785463482,False,True,76364,Frijol,Transitorio,Leguminosas
76364|Guanábana,1,2026,22.5,7,pool_A_full,22.986885080202466,16.799309858414976,35.11429825429307,9.610564070720821,101.1678159799585,23.37754701908889,22.986885080202466,21.329760026488835,False,True,76364,Guanábana,Permanente,Frutales
76364|Guayaba,1,2026,174.0,7,pool_A_full,177.7652446202324,132.25002537125798,226.50462225281646,76.75586916123528,348.9612548091024,180.7863636142874,177.7652446202324,164.950144204847,False,True,76364,Guayaba,Permanente,Frutales
76364|Habichuela,1,2026,90.0,7,pool_A_full,87.12596225488372,57.23777303069902,182.03131620243818,34.42168275783051,313.92311197891354,90.2090324333613,87.12596225488372,78.5720983497191,False,True,76364,Habichuela,Transitorio,Leguminosas
76364|Limón Tahití,1,2026,332.28,5,pool_A_full,339.47031886443,252.7835512894264,432.29771089509364,147.09123341143263,665.5245264434684,345.23961437790473,339.47031886443,314.9978960711871,False,True,76364,Limón,Permanente,Frutales
76364|Lulo,1,2026,18.0,7,pool_A_full,18.389508064161973,13.38785656754986,28.192555635792267,7.576920968548372,81.58611675578591,18.702037615271113,18.389508064161973,17.06380802119107,False,True,76364,Lulo,Permanente,Frutales
76364|Mandarina Arrayana y/o Oneco,1,2026,1086.0,5,pool_A_full,1109.5003198711056,901.094218523977,1316.8291745454378,406.2417002529852,1660.380879625363,1128.3562694546904,1109.5003198711056,1029.5164172785278,False,True,76364,Mandarina,Permanente,Frutales
76364|Mango demás variedades,1,2026,210.0,7,pool_A_full,214.54426074855633,159.66477728592858,273.31123832005164,92.75329848273583,420.9619989260924,218.19043884482966,214.54426074855633,199.07776024722912,False,True,76364,Mango,Permanente,Frutales
76364|Maracuyá,1,2026,60.0,7,pool_A_full,61.29836021387324,45.22808728229091,92.79548674179968,26.557589922157888,264.3486428480625,62.34012538423704,61.29836021387324,56.87936007063689,False,True,76364,Maracuyá,Permanente,Frutales
76364|Maíz amarillo tradicional,1,2026,16.5,5,pool_A_full,16.438602589850266,10.524247266235994,35.21872945364245,6.009337916685564,61.31783297044048,16.787272307312666,16.438602589850266,15.079853634180655,False,True,76364,Maíz,Transitorio,Cereales
76364|Mora,1,2026,17.5,7,pool_A_full,17.878688395713027,13.008806201898173,27.42347312262549,7.350960623862543,79.41037239754453,18.18253657040247,17.878688395713027,16.58981335393576,False,True,76364,Mora,Permanente,Frutales
76364|Naranja Valencia,1,2026,8768.5,5,pool_A_full,8958.244525589125,7276.875156140985,10630.922932789645,3284.526269822824,13402.613924604406,9110.489823861375,8958.244525589125,8312.444479656326,False,True,76364,Naranja,Permanente,Frutales
76364|Otras hortalizas,1,2026,22.75,6,pool_A_full,22.338578768431965,14.423228506077498,47.47255770014193,8.380796668784429,82.40173164477739,23.46381078035192,22.338578768431965,20.201876261251925,False,True,76364,Otras hortalizas,Transitorio,Hortalizas
76364|Papaya demás variedades,1,2026,40.0,7,pool_A_full,40.8655734759155,30.066072656223728,62.03218621512945,17.519176134724784,177.31886851840704,41.56008358949136,40.8655734759155,37.919573380424595,False,True,76364,Papaya,Permanente,Frutales
76364|Piña demás variedades,1,2026,4550.0,7,pool_A_full,4648.458982885388,3775.90126934146,5516.506464302409,1704.045507475884,6954.89376837348,4727.459508304642,4648.458982885388,4313.351472023298,False,True,76364,Piña,Permanente,Frutales
76364|Plátano consumo interno,1,2026,546.0,7,pool_A_full,557.8150779462464,415.5357951561873,710.1729882809125,242.06263881674062,1092.9689440179982,567.295140996557,557.8150779462464,517.6021766427957,False,True,76364,Plátano,Permanente,Frutales
76364|Tomate,1,2026,95.0,7,pool_A_full,93.28197727477084,61.30595675690729,194.81691879697289,36.89605473071408,335.9219799384442,97.98074831355747,93.28197727477084,84.35948328874431,False,True,76364,Tomate,Transitorio,Hortalizas
76364|Tomate de árbol,1,2026,10.0,7,pool_A_full,10.216393368978874,7.323050717122996,15.887235425124192,3.961555453575132,46.77420702392372,10.39002089737284,10.216393368978874,9.479893345106149,False,True,76364,Tomate de árbol,Permanente,Frutales
76364|Yuca consumo en fresco,1,2026,170.0,7,pool_A_full,173.1978951255471,103.09076656085556,276.0926709710678,56.04095844056064,470.04608914822063,175.2601122671001,173.1978951255471,162.9232349256356,False,True,76364,Yuca,Transitorio,Raíces y tubérculos
76364|Zapote,1,2026,5.0,7,pool_A_full,5.108196684489437,4.9198068775351365,9.72445857079629,2.922554451973926,100.89831450752064,5.19501044868642,5.108196684489437,4.739946672553074,False,True,76364,Zapote,Permanente,Frutales
76377|Aguacate Hass,1,2026,56.0,6,pool_A_full,57.21180286628169,42.195684357077475,86.64282663646563,24.749907164671267,246.9426879821314,58.184117025287904,57.21180286628169,53.087402732594434,False,True,76377,Aguacate,Permanente,Frutales
76377|Ahuyama,1,2026,1080.0,7,pool_A_full,1060.4687942816054,655.0935226826928,1741.0225274959648,280.717468476343,2904.9543118582415,1113.8864018804427,1060.4687942816054,959.0341258088827,False,True,76377,Ahuyama,Transitorio,Hortalizas
76377|Ají,1,2026,160.0,7,pool_A_full,157.10648804171933,93.47545578347085,250.4964319044187,50.771840337513346,426.53354055935205,165.02020768599152,157.10648804171933,142.0791297494641,False,True,76377,Ají,Transitorio,Hortalizas
76377|Banano consumo interno,1,2026,1392.0,7,pool_A_full,1422.1219569618593,1155.0465734749448,1687.8168335135779,520.886031953392,2128.083230652189,1446.2909089142993,1422.1219569618593,1319.601153638776,False,True,76377,Banano,Permanente,Frutales
76377|Café,1,2026,809.35,7,pool_A_full,820.5936826054025,611.4086328111943,1044.5967590541795,356.3610240853994,1607.3996456841278,833.7978601400713,820.5936826054025,762.3694108720472,False,True,76377,Café,Permanente,Cultivos tropicales tradicionales
76377|Caña panelera,1,2026,95.0,7,pool_A_full,96.31976258418884,71.21548791314491,145.5231904955923,42.04925682489486,413.5159974573377,97.86964442244613,96.31976258418884,89.48550569326555,False,True,76377,Caña,Permanente,Cultivos tropicales tradicionales
76377|Cilantro,1,2026,90.2,7,pool_A_full,88.56878263351926,58.19125647173102,185.02795086251223,35.00161544078659,319.07911223173704,93.03014208297772,88.56878263351926,80.0971093962604,False,True,76377,Cilantro,Transitorio,Hortalizas
76377|Frijol,1,2026,40.08,7,pool_A_full,38.80009519084155,25.301771362456762,81.66194911657102,14.997400873807967,141.2278919157244,40.173089110323566,38.80009519084155,34.9907744650749,False,True,76377,Frijol,Transitorio,Leguminosas
76377|Granadilla,1,2026,73.8,7,pool_A_full,75.39698306306408,55.68987737427725,114.02216410520211,32.79409543548673,324.3991871355248,76.67835422261156,75.39698306306408,69.96161288688337,False,True,76377,Granadilla,Permanente,Frutales
76377|Habichuela,1,2026,1380.0,7,pool_A_full,1335.9314212415504,825.3568844161819,2193.0962052456816,353.8261970089801,3659.080870154111,1383.2051639782067,1335.9314212415504,1204.7721746956927,False,True,76377,Habichuela,Transitorio,Leguminosas
76377|Lechuga,1,2026,2091.0,7,pool_A_full,2053.185415595219,1268.691349215234,3370.212878700215,544.1878738028945,5622.687665585374,2156.6078391963015,2053.185415595219,1856.796626913309,False,True,76377,Lechuga,Transitorio,Hortalizas
76377|Lulo,1,2026,289.0,7,pool_A_full,295.2537683634894,219.82492732090017,376.0257569120398,127.8587683826953,578.9636318494871,300.2716039340751,295.2537683634894,273.9689176735677,False,True,76377,Lulo,Permanente,Frutales
76377|Maíz amarillo tradicional,1,2026,82.22,5,pool_A_full,81.9140548446963,53.79349993517672,171.20655754104857,32.326788970312016,295.2980659769764,83.65148661256043,81.9140548446963,75.14336762438384,False,True,76377,Maíz,Transitorio,Cereales
76377|Papaya demás variedades,1,2026,16.2,7,pool_A_full,16.550557257745773,12.02327525120381,25.42385858839194,6.763463727679393,73.75343706611694,16.831833853744,16.550557257745773,15.35742721907196,False,True,76377,Papaya,Permanente,Frutales
76377|Pepino cohombro,1,2026,94.5,7,pool_A_full,92.79101949964047,60.98150881053473,193.79723463713327,36.698717304679974,334.16751455232895,97.46506016453874,92.79101949964047,83.91548600827724,False,True,76377,Pepino Cohombro,Transitorio,Hortalizas
76377|Piña demás variedades,1,2026,20088.0,7,pool_A_full,20522.69099960476,17901.290928073886,22484.949889307212,15017.885362446028,25972.633100139086,20871.47397864256,20522.69099960476,19043.209751649232,False,True,76377,Piña,Permanente,Frutales
76377|Plantas aromáticas,1,2026,36.0,7,pool_A_full,33.855129988997426,22.033906210110658,71.39161031617257,13.009802847682273,123.5567789979657,35.34682614680358,33.855129988997426,28.30700563010878,False,True,76377,Plantas aromáticas,Transitorio,"Cultivos para condimentos, bebidas medicinales y aromáticas"
76377|Plátano consumo interno,1,2026,3791.0,7,pool_A_full,3873.0347261798906,3145.9998399042556,4596.311584704963,1419.6826062974249,5794.808525140273,3938.856922194044,3873.0347261798906,3593.827567129741,False,True,76377,Plátano,Permanente,Frutales
76377|Repollo,1,2026,860.0,7,pool_A_full,844.4473732242413,504.19132336442823,1343.8341074577177,275.84105163847426,2285.162404263805,886.9836163122044,844.4473732242413,763.6753224033696,False,True,76377,Repollo,Transitorio,Hortalizas
76377|Tomate,1,2026,14400.0,7,pool_A_full,14139.583923754739,12349.536097504893,15647.553738179018,9738.905728163722,18392.886053078666,14851.818691739238,14139.583923754739,12787.121677451769,False,True,76377,Tomate,Transitorio,Hortalizas
76377|Té,1,2026,270.9,7,pool_A_full,250.69774419655502,186.61326269728107,319.32177360297936,108.47864562545058,491.7381638347706,250.3322753059205,250.69774419655502,233.6437841337002,False,True,76377,Té,Permanente,"Cultivos para condimentos, bebidas medicinales y aromáticas"
76377|Yuca consumo en fresco,1,2026,132.0,7,pool_A_full,134.48307150924833,79.9569872199257,214.50987242874075,43.363821077107715,365.35787667942253,136.0843224662189,134.48307150924833,126.50510005990529,False,True,76377,Yuca,Transitorio,Raíces y tubérculos
76400|Aguacate Hass,1,2026,106.4,6,pool_A_full,108.70242544593522,80.77121344259878,138.61219874878614,46.716251879750985,213.75985752275471,110.54982234804703,108.70242544593522,100.86606519192942,False,True,76400,Aguacate,Permanente,Frutales
76400|Ají,1,2026,268.0,7,pool_A_full,263.15336746987987,156.84304678167575,419.1828161326421,85.49680436680445,713.2934223880393,276.4088478740358,263.15336746987987,237.98254233035237,False,True,76400,Ají,Transitorio,Hortalizas
76400|Arracacha,1,2026,162.0,7,pool_A_full,165.0474059431684,98.22049722592294,263.1278712779463,53.372087416675825,448.0064654705789,167.01257757217775,165.0474059431684,155.25625916442922,False,True,76400,Arracacha,Transitorio,Raíces y tubérculos
76400|Banano consumo interno,1,2026,360.3,7,pool_A_full,368.0966530843088,274.1213665296783,468.7288604007582,159.5425659000005,721.5651056145255,374.35245293234345,368.0966530843088,341.56055722417454,False,True,76400,Banano,Permanente,Frutales
76400|Berenjena,1,2026,115.0,7,pool_A_full,112.92028827998575,67.07229286755208,180.2104384759921,36.303105325308664,307.0502564640654,118.60827427430641,112.92028827998575,102.11937450742732,False,True,76400,Berenjena,Transitorio,Hortalizas
76400|Cacao,1,2026,6.3,7,pool_A_full,6.387521097688312,6.159674198619336,11.970630784405426,3.7441094757757893,122.24029286003739,6.490302735383269,6.387521097688312,5.934301956500768,False,True,76400,Cacao,Permanente,Cultivos tropicales tradicionales
76400|Café,1,2026,310.37,7,pool_A_full,314.68173382373357,234.30636019667563,400.750652137414,136.30917127619367,616.996948590103,319.74527936204845,314.68173382373357,292.3538568633561,False,True,76400,Café,Permanente,Cultivos tropicales tradicionales
76400|Caña de azúcar,1,2026,229920.0,7,pool_A_full,233114.10329849154,230646.64365818317,257750.05809404864,209078.04457820253,322218.4978091482,236865.1436379875,233114.10329849154,216573.7628315328,False,True,76400,Caña,Permanente,Cultivos tropicales tradicionales
76400|Cilantro,1,2026,33.0,7,pool_A_full,32.40321315860461,21.07441140671425,68.37608297685497,12.426213902483793,118.3682720601419,34.03541783523575,32.40321315860461,29.30382051082697,False,True,76400,Cilantro,Transitorio,Hortalizas
76400|Guanábana,1,2026,60.0,7,pool_A_full,61.29836021387324,45.22808728229091,92.79548674179968,26.557589922157888,264.3486428480625,62.34012538423704,61.29836021387324,56.87936007063689,False,True,76400,Guanábana,Permanente,Frutales
76400|Guayaba,1,2026,4644.0,7,pool_A_full,4744.493080553789,3853.9127770714927,5630.46999352791,1739.2630472792755,7098.567039603937,4825.125704739947,4744.493080553789,4402.462469467296,False,True,76400,Guayaba,Permanente,Frutales
76400|Limón Tahití,1,2026,205.66,5,pool_A_full,210.1103460264195,156.3597766384377,267.6684407163904,90.82471950342156,412.2819092186552,213.68116977536982,210.1103460264195,194.96348653545306,False,True,76400,Limón,Permanente,Frutales
76400|Lulo,1,2026,157.05,7,pool_A_full,160.4484578598132,119.3422463447673,204.46650718782672,69.22374618902883,315.06090445401986,163.17527819324047,160.4484578598132,148.88172498489206,False,True,76400,Lulo,Permanente,Frutales
76400|Mandarina Arrayana y/o Oneco,1,2026,87.22,5,pool_A_full,89.10738296423374,65.86358918836835,134.66433875859786,38.85887108685436,382.7961657107238,90.62176226688591,89.10738296423374,82.68362975601582,False,True,76400,Mandarina,Permanente,Frutales
76400|Mango demás variedades,1,2026,731.0,7,pool_A_full,746.8183552723557,556.4171591621334,950.7069875153153,324.27165060778503,1462.9727679525301,759.5105275979546,746.8183552723557,692.9802035272595,False,True,76400,Mango,Permanente,Frutales
76400|Maracuyá,1,2026,110.61,7,pool_A_full,113.00352705427532,83.97721637484221,144.08597246109338,48.58706236429314,222.17994454310275,114.92402114584098,113.00352705427532,104.85710029021911,False,True,76400,Maracuyá,Permanente,Frutales
76400|Maíz amarillo tecnificado,1,2026,1723.27,5,pool_A_full,1716.8576172734101,1060.8072445050125,2818.250725449878,454.9253194707458,4701.932179417253,1753.2728938801633,1716.8576172734101,1574.9490528590604,False,True,76400,Maíz,Transitorio,Cereales
76400|Maíz amarillo tradicional,1,2026,56.709999999999994,5,pool_A_full,56.49897896184294,36.99802465239095,118.42126395447316,22.111357193409827,204.4758544128142,57.69734621501219,56.49897896184294,51.82899997541726,False,True,76400,Maíz,Transitorio,Cereales
76400|Maíz blanco tecnificado,1,2026,4380.0,5,pool_A_full,4363.701778396616,2696.820775019344,7162.101604804631,1157.4068625364348,11948.125609002152,4456.257739759362,4363.701778396616,4003.0156919825013,False,True,76400,Maíz,Transitorio,Cereales
76400|Maíz blanco tradicional,1,2026,42.0,5,pool_A_full,41.84371568325522,27.313138670039816,87.9833310395958,16.220765212295333,152.1044419428486,42.731238600432235,41.84371568325522,38.385081977914396,False,True,76400,Maíz,Transitorio,Cereales
76400|Melón,1,2026,162.0,7,pool_A_full,159.0703191422408,94.64892969084497,253.62025383457086,51.41489522694464,431.84390874136454,167.0829602820664,159.0703191422408,143.8551188713324,False,True,76400,Melón,Transitorio,Hortalizas
76400|Naranja Valencia,1,2026,64.12,5,pool_A_full,65.50751428189254,48.35146229526075,99.13272665029375,28.419503162369114,282.2767763599716,66.62081399395466,65.50751428189254,60.78507612882063,False,True,76400,Naranja,Permanente,Frutales
76400|Papaya demás variedades,1,2026,2518.88,7,pool_A_full,2573.3868929253504,2090.255167419866,3054.021320892715,943.0768963538939,3850.4506336754225,2617.12158379745,2573.3868929253504,2387.8713749120975,False,True,76400,Papaya,Permanente,Frutales
76400|Patilla,1,2026,224.0,6,pool_A_full,219.94908325840703,131.02662081944408,350.45873366929175,71.34959679931552,596.4653223837591,231.02829076038813,219.94908325840703,198.91078164924974,False,True,76400,Patilla,Transitorio,Hortalizas
76400|Pimentón,1,2026,120.0,7,pool_A_full,117.82986603128948,70.00597763598749,188.01999330137284,37.910742548886965,320.32617691909724,123.76515576449364,117.82986603128948,106.55934731209808,False,True,76400,Pimentón,Transitorio,Hortalizas
76400|Pitahaya,1,2026,27.0,7,pool_A_full,27.58426209624296,20.21076314928008,42.03604087279384,11.644207172893271,120.74951520413096,28.053056422906668,27.58426209624296,25.5957120317866,False,True,76400,Pitahaya,Permanente,Frutales
76400|Piña demás variedades,1,2026,3.6,7,pool_A_full,3.6779016128323945,3.5336251549327145,7.213219815346454,2.0040492710240017,77.03780958626356,3.7404075230542224,3.6779016128323945,3.4127616042382134,False,True,76400,Piña,Permanente,Frutales
76400|Plátano consumo interno,1,2026,466.0,7,pool_A_full,476.0839309944155,354.6141242346974,606.1582859092794,206.51279588007296,932.9672904246879,484.17497381757437,476.0839309944155,441.7630298819465,False,True,76400,Plátano,Permanente,Frutales
76400|Tomate,1,2026,266.0,7,pool_A_full,261.18953636935834,155.66957287430145,416.0589942024895,84.85374947737316,707.983054206026,274.3460952779609,261.18953636935834,236.20655320848408,False,True,76400,Tomate,Transitorio,Hortalizas
76400|Tomate invernadero,1,2026,660.0,7,pool_A_full,648.0642631720922,386.8439326270117,1031.4519144424892,211.5355626953427,1754.1255860625324,680.708356704715,648.0642631720922,586.0764102165394,False,True,76400,Tomate,Transitorio,Hortalizas
76400|Uva,1,2026,5855.2,7,pool_A_full,5981.90264540451,4859.099353269574,7098.902191378277,2193.044794192781,8949.812423799014,6083.565035829745,5981.90264540451,5550.667151426552,False,True,76400,Uva,Permanente,Frutales
76400|Yuca consumo en fresco,1,2026,90.0,7,pool_A_full,91.69300330176023,60.255888159366975,191.51673358196922,36.25737651895577,330.24369154725844,92.78476531787652,91.69300330176023,86.25347731357179,False,True,76400,Yuca,Transitorio,Raíces y tubérculos
76403|Aguacate Papelillo,1,2026,66.0,6,pool_A_full,67.42819623526056,49.776691670111035,102.02447689980067,29.269114058387803,290.457575146959,68.57413792266074,67.42819623526056,62.56729607770058,False,True,76403,Aguacate,Permanente,Frutales
76403|Banano consumo interno,1,2026,280.0,7,pool_A_full,286.05901433140843,212.9712393422326,364.32410289523114,123.85941105232023,560.9634458202397,290.9205851264395,286.05901433140843,265.43701366297216,False,True,76403,Banano,Permanente,Frutales
76403|Berenjena,1,2026,10.0,7,pool_A_full,9.819155502607458,5.373817938052115,59.411314012572696,2.074227796444997,607.8909568972714,10.31376298037447,9.819155502607458,8.879945609341506,False,True,76403,Berenjena,Transitorio,Hortalizas
76403|Cacao,1,2026,9.0,7,pool_A_full,9.125030139554731,8.812752625924432,16.77700880776317,5.502079762940757,167.90803601304,9.271861050547528,9.125030139554731,8.477574223572526,False,True,76403,Cacao,Permanente,Cultivos tropicales tradicionales
76403|Café,1,2026,486.29,7,pool_A_full,493.0456562848967,367.2572435955012,627.7445339138324,213.89048104050366,966.1725517661432,500.97925669675084,493.0456562848967,458.06217435345377,False,True,76403,Café,Permanente,Cultivos tropicales tradicionales
76403|Caña de azúcar,1,2026,207000.0,7,pool_A_full,209875.6932097588,207654.2057874129,232055.77786920726,188235.7031334809,290097.5896280653,213252.80416259312,209875.6932097588,194984.2071421681,False,True,76403,Caña,Permanente,Cultivos tropicales tradicionales
76403|Caña panelera,1,2026,75.0,7,pool_A_full,76.04191782962276,56.16844696387005,114.99316832005474,33.07938140067668,327.1461705945495,77.26550875456273,76.04191782962276,70.64645186310439,False,True,76403,Caña,Permanente,Cultivos tropicales tradicionales
76403|Frijol,1,2026,2.0,7,pool_A_full,1.9361324945529717,0.7297444294768844,15.394590323450828,0.0,164.24252043097715,2.004645165185807,1.9361324945529717,1.7460466299937576,False,True,76403,Frijol,Transitorio,Leguminosas
76403|Guanábana,1,2026,10.0,7,pool_A_full,10.216393368978874,7.323050717122996,15.887235425124192,3.961555453575132,46.77420702392372,10.39002089737284,10.216393368978874,9.479893345106149,False,True,76403,Guanábana,Permanente,Frutales
76403|Guayaba,1,2026,840.0,7,pool_A_full,858.1770429942253,639.422935792664,1092.4270194966664,372.7083116089951,1680.9750209734168,872.7617553793186,858.1770429942253,796.3110409889165,False,True,76403,Guayaba,Permanente,Frutales
76403|Limón Tahití,1,2026,2125.5,5,pool_A_full,2171.4944105764594,1763.7853066662337,2577.0960748636758,795.6952388234834,3249.193277966489,2208.3989417365974,2171.4944105764594,2014.9513305023117,False,True,76403,Limón,Permanente,Frutales
76403|Mandarina Arrayana y/o Oneco,1,2026,3846.0,5,pool_A_full,3929.2248897092745,3191.6448710228974,4662.992373081594,1440.2886136291988,5878.872673200656,3996.0020371295946,3929.2248897092745,3645.9669805278245,False,True,76403,Mandarina,Permanente,Frutales
76403|Mango demás variedades,1,2026,410.0,7,pool_A_full,418.8721281281338,311.9689545896541,533.3479942491356,181.62790582440542,820.9661329093699,425.9908567922865,418.8721281281338,388.67562714935207,False,True,76403,Mango,Permanente,Frutales
76403|Maracuyá,1,2026,237.12,7,pool_A_full,242.25111956522704,180.31722372831382,308.5722224240355,104.80469523826625,475.202559494225,246.36817551850478,242.25111956522704,224.787230999157,False,True,76403,Maracuyá,Permanente,Frutales
76403|Maíz amarillo tecnificado,1,2026,150.0,5,pool_A_full,149.4418417259115,88.89549854658642,238.30445152391465,48.26205816335734,405.8076777745947,152.61156643011512,149.4418417259115,137.08957849255142,False,True,76403,Maíz,Transitorio,Cereales
76403|Maíz amarillo tradicional,1,2026,0.0,5,pool_A_full,0.0,0.0,4.583736549309541,0.0,55.2789726749492,0.0,0.0,0.0,False,True,76403,Maíz,Transitorio,Cereales
76403|Maíz blanco tecnificado,1,2026,2160.0,5,pool_A_full,2151.9625208531256,1329.7454464229816,3532.3202750618434,570.4036572405153,5893.107066026967,2197.606556593658,2151.9625208531256,1974.0899302927403,False,True,76403,Maíz,Transitorio,Cereales
76403|Naranja Valencia,1,2026,780.0,6,pool_A_full,796.8786827803522,593.7316826015461,1014.4159927179408,346.04592940649405,1560.973780778433,810.4216299950815,796.8786827803522,739.4316809182795,False,True,76403,Naranja,Permanente,Frutales
76403|Papaya demás variedades,1,2026,594.0,7,pool_A_full,606.8537661173451,452.08879770908163,772.5818097038929,263.3925445787414,1188.9699361739852,617.1672413039468,606.8537661173451,563.1056646993052,False,True,76403,Papaya,Permanente,Frutales
76403|Pimentón,1,2026,10.0,6,pool_A_full,9.819155502607458,5.373817938052115,59.411314012572696,2.074227796444997,607.8909568972714,10.31376298037447,9.819155502607458,8.879945609341506,False,True,76403,Pimentón,Transitorio,Hortalizas
76403|Plátano consumo interno,1,2026,1080.0,7,pool_A_full,1103.3704838497183,896.1147605837624,1309.5549067225338,403.9937721804287,1651.2102452915044,1122.1222569162667,1103.3704838497183,1023.828481271464,False,True,76403,Plátano,Permanente,Frutales
76403|Romero,1,2026,0.07,6,pool_A_full,0.06477977886215892,0.0319397006279309,0.8694857443647213,0.0,16.762896382046286,0.06468534245631022,0.06477977886215892,0.06037307083558145,False,True,76403,Romero,Permanente,"Cultivos para condimentos, bebidas medicinales y aromáticas"
76403|Soya,1,2026,12.8,6,pool_A_full,12.03737955164353,7.615712462210487,26.077704210098748,4.240293673458884,45.589813437484494,12.567760407752385,12.03737955164353,10.064713112927567,False,True,76403,Soya,Transitorio,Oleaginosas
76403|Tomate invernadero,1,2026,108.5,6,pool_A_full,106.5378372032909,63.25850266858606,170.05801720299726,34.2131769346569,289.7915598725242,111.904328337063,106.5378372032909,96.34740986135535,False,True,76403,Tomate,Transitorio,Hortalizas
76403|Uva,1,2026,36.0,7,pool_A_full,36.779016128323946,27.03366973101031,55.879526109795435,15.711493377238163,159.91291365247588,37.404075230542226,36.779016128323946,34.12761604238214,False,True,76403,Uva,Permanente,Frutales
76403|Yuca consumo en fresco,1,2026,140.0,7,pool_A_full,142.63356069162703,84.82725655485831,227.47467212186223,46.03269210099255,387.39750035706425,144.33185716114127,142.63356069162703,134.17207582111166,False,True,76403,Yuca,Transitorio,Raíces y tubérculos
76497|Aguacate demás variedades,1,2026,84.0,7,pool_A_full,85.81770429942253,63.42250483357148,129.71144737380385,37.4036864670776,368.784372043649,87.27617553793186,85.81770429942253,79.63110409889164,False,True,76497,Aguacate,Permanente,Frutales
76497|Banano consumo interno,1,2026,2940.0,7,pool_A_full,3003.6196504797886,2439.7467220504286,3564.5779318229875,1100.8514746730943,4494.106888787899,3054.666143827615,3003.6196504797886,2787.0886434612075,False,True,76497,Banano,Permanente,Frutales
76497|Café,1,2026,907.0,7,pool_A_full,919.6002596195713,685.2072558437961,1170.5969441125428,399.42500145286687,1801.2206873515925,934.397552538512,919.6002596195713,854.3510911978091,False,True,76497,Café,Permanente,Cultivos tropicales tradicionales
76497|Caña de azúcar,1,2026,1015560.0,7,pool_A_full,1029668.4009473559,1018769.6318253701,1138485.4121884783,923501.1306441295,1423242.5075554813,1046236.800943783,1029668.4009473559,956609.4753879239,False,True,76497,Caña,Permanente,Cultivos tropicales tradicionales
76497|Caña panelera,1,2026,35227.5,7,pool_A_full,35716.88880457381,31154.801202054125,39131.85664975957,26136.73893569237,45201.55829906187,36291.60946201811,35716.88880457381,33182.638440100134,False,True,76497,Caña,Permanente,Cultivos tropicales tradicionales
76497|Frijol,1,2026,62.94,7,pool_A_full,60.93008960358202,39.92631058793789,127.62436361142119,23.892414573101934,220.31067898792992,63.08618334839734,60.93008960358202,54.948087445903546,False,True,76497,Frijol,Transitorio,Leguminosas
76497|Guanábana,1,2026,27.0,7,pool_A_full,27.58426209624296,20.21076314928008,42.03604087279384,11.644207172893271,120.74951520413096,28.053056422906668,27.58426209624296,25.5957120317866,False,True,76497,Guanábana,Permanente,Frutales
76497|Guayaba,1,2026,178.5,7,pool_A_full,182.36262163627288,135.67686936059178,232.35544926122083,78.75554782642284,357.9613478237261,185.4618730181052,182.36262163627288,169.21609621014474,False,True,76497,Guayaba,Permanente,Frutales
76497|Limón Tahití,1,2026,5.76,5,pool_A_full,5.884642580531831,5.67230552694788,11.087702466611917,3.4211715502038844,113.851160036203,5.9846520368867555,5.884642580531831,5.460418566781141,False,True,76497,Limón,Permanente,Frutales
76497|Mango demás variedades,1,2026,120.0,7,pool_A_full,122.59672042774648,91.12789749925211,156.29469815196387,52.75972517898452,240.9601386336176,124.68025076847408,122.59672042774648,113.75872014127378,False,True,76497,Mango,Permanente,Frutales
76497|Maracuyá,1,2026,33.6,6,pool_A_full,34.32708171976902,25.21422797588224,52.18793004659499,14.626883722746193,149.4693407329173,34.910470215172744,34.32708171976902,31.85244163955666,False,True,76497,Maracuyá,Permanente,Frutales
76497|Maíz amarillo tecnificado,1,2026,4668.0,5,pool_A_full,4650.630114510366,2874.171087918332,7632.992155690182,1233.5586297099596,12733.641528090828,4749.271947305183,4650.630114510366,4266.2276826882,False,True,76497,Maíz,Transitorio,Cereales
76497|Maíz amarillo tradicional,1,2026,120.0,5,pool_A_full,119.5534733807292,71.03590747597669,190.76169671757896,38.47513636728747,324.98695941934267,122.08925314409211,119.5534733807292,109.67166279404113,False,True,76497,Maíz,Transitorio,Cereales
76497|Maíz blanco tecnificado,1,2026,9485.0,5,pool_A_full,9449.705791801804,5840.478231093413,15508.963626578032,2507.249818858812,25871.94077201495,9650.138050597614,9449.705791801804,8668.631013345668,False,True,76497,Maíz,Transitorio,Cereales
76497|Maíz blanco tradicional,1,2026,58.0,5,pool_A_full,57.78417880068578,37.84734504105397,121.09053203470376,22.627935280128913,209.06858874906544,59.00980568631118,57.78417880068578,53.00797035045321,False,True,76497,Maíz,Transitorio,Cereales
76497|Naranja Valencia,1,2026,137.7,5,pool_A_full,140.67973669083906,104.6068171906318,179.30795105168775,60.62512792872226,276.3605044911376,143.070587756824,140.67973669083906,130.53813136211164,False,True,76497,Naranja,Permanente,Frutales
76497|Papaya demás variedades,1,2026,24.0,7,pool_A_full,24.519344085549296,17.936460955370006,37.42154579379332,10.288445104778301,107.69504905468264,24.936050153694815,24.519344085549296,22.751744028254755,False,True,76497,Papaya,Permanente,Frutales
76497|Plátano consumo interno,1,2026,1236.0,7,pool_A_full,1262.7462204057888,1025.5806670293537,1498.6858701180556,462.43990206691035,1889.6467379718465,1284.206582915283,1262.7462204057888,1171.71481745512,False,True,76497,Plátano,Permanente,Frutales
76497|Soya,1,2026,32.4,7,pool_A_full,30.469616990097684,19.79660028371235,64.360142127299,11.649016941337266,111.45845675582207,31.81214353212322,30.469616990097684,25.4763050670979,False,True,76497,Soya,Transitorio,Oleaginosas
76497|Tomate,1,2026,164.0,7,pool_A_full,161.0341502427623,95.82240359821917,256.7440757647232,52.05795011637598,437.15427692337744,169.1457128781413,161.0341502427623,145.63110799320071,False,True,76497,Tomate,Transitorio,Hortalizas
76497|Yuca consumo en fresco,1,2026,54.0,7,pool_A_full,55.015801981056136,36.017871674071216,115.34081152015645,21.515203425066332,199.17563755896677,55.67085919072591,55.015801981056136,51.75208638814308,False,True,76497,Yuca,Transitorio,Raíces y tubérculos
76520|Aguacate demás variedades,1,2026,2368.3,7,pool_A_full,2419.5484415752667,1965.287371313603,2871.4614460972193,886.6613948262896,3620.2982806766636,2460.66864912481,2419.5484415752667,2245.1231409214893,False,True,76520,Aguacate,Permanente,Frutales
76520|Ahuyama,1,2026,25.5,7,pool_A_full,25.038846531649018,16.207692211126382,53.08082057926006,9.466152511972064,92.05129126841177,26.3000955999549,25.038846531649018,22.64386130382084,False,True,76520,Ahuyama,Transitorio,Hortalizas
76520|Arracacha,1,2026,60.0,7,pool_A_full,61.12866886784015,40.057541088287145,128.03679853045847,23.972232274047887,221.02031322368188,61.85651021191768,61.12866886784015,57.50231820904786,False,True,76520,Arracacha,Transitorio,Raíces y tubérculos
76520|Arveja,1,2026,27.48,7,pool_A_full,26.60246047515783,17.241001710616768,56.328334828070915,10.094637417504202,97.63895415939061,27.543824569652987,26.60246047515783,23.99068069611423,False,True,76520,Arveja,Transitorio,Leguminosas
76520|Banano consumo interno,1,2026,1641.75,7,pool_A_full,1677.2763813521065,1362.3165102363957,1990.608231641985,614.4560379735759,2509.810884799082,1705.781680826186,1677.2763813521065,1556.361489932802,False,True,76520,Banano,Permanente,Frutales
76520|Cacao,1,2026,9.6,6,pool_A_full,9.733365482191713,9.402325609770008,17.84509281295377,5.892739826755194,178.05642338037399,9.88998512058403,9.733365482191713,9.04274583847736,False,True,76520,Cacao,Permanente,Cultivos tropicales tradicionales
76520|Café,1,2026,220.63,7,pool_A_full,223.6950444099956,166.48569014090796,284.95693368234447,96.73353042666432,438.87610599677674,227.29452262025566,223.6950444099956,207.82302232742293,False,True,76520,Café,Permanente,Cultivos tropicales tradicionales
76520|Caña de azúcar,1,2026,4758600.0,7,pool_A_full,4824707.602453905,4773639.380857127,5334590.065451572,4327240.996318242,6668872.706426361,4902341.999459496,4824707.602453905,4482376.077810247,False,True,76520,Caña,Permanente,Cultivos tropicales tradicionales
76520|Caña panelera,1,2026,10680.0,7,pool_A_full,10828.369098938281,9445.18178964105,11863.759165211928,7923.746725513535,13704.042610864852,11002.608446649732,10828.369098938281,10060.054745306064,False,True,76520,Caña,Permanente,Cultivos tropicales tradicionales
76520|Cebolla de bulbo,1,2026,502.0,7,pool_A_full,492.9216062308944,294.13949394445297,784.6699819604593,160.73422643026854,1334.606499683528,517.7509016147984,492.9216062308944,445.7732695889436,False,True,76520,Cebolla de bulbo,Transitorio,Hortalizas
76520|Cebolla de rama,1,2026,12.0,7,pool_A_full,11.782986603128949,7.4475976590682205,25.549348263589206,4.138042009050949,44.68072584329752,12.376515576449364,11.782986603128949,10.655934731209808,False,True,76520,Cebolla de rama,Transitorio,Hortalizas
76520|Cilantro,1,2026,2370.0,7,pool_A_full,2327.1398541179674,1438.0225001574483,3819.8114029197804,616.8963239375207,6372.685297326101,2444.361826348749,2327.1398541179674,2104.547109413937,False,True,76520,Cilantro,Transitorio,Hortalizas
76520|Curuba,1,2026,12.1,6,pool_A_full,12.361835976464436,8.915062252860045,19.117381980424554,4.910588901255606,55.912333328537564,12.571925285821136,12.361835976464436,11.470670947578439,False,True,76520,Curuba,Permanente,Frutales
76520|Frijol,1,2026,339.15,7,pool_A_full,328.3196677638201,195.78272597035013,522.8413832624949,106.83545615770441,889.5087025761023,339.9377038863832,328.3196677638201,296.0858572811914,False,True,76520,Frijol,Transitorio,Leguminosas
76520|Granadilla,1,2026,130.0,7,pool_A_full,132.81311379672536,98.74310636443836,169.296535948418,57.20345554606798,260.9603453327814,135.07027166584692,132.81311379672536,123.23861348637993,False,True,76520,Granadilla,Permanente,Frutales
76520|Guayaba,1,2026,318.4,7,pool_A_full,325.2899648682873,242.21364138454794,414.25116003361535,140.9233356619208,637.7642395450291,330.8182653723512,325.2899648682873,301.83980410817975,False,True,76520,Guayaba,Permanente,Frutales
76520|Habichuela,1,2026,272.0,7,pool_A_full,263.31401925920414,156.93904316491606,419.4383613180075,85.5494096639675,713.7278386421581,272.6317424652697,263.31401925920414,237.46234167915102,False,True,76520,Habichuela,Transitorio,Leguminosas
76520|Limón Tahití,1,2026,102.5,5,pool_A_full,104.71803203203345,77.80128198517612,133.54148200816897,44.983197036588415,205.95977691008076,106.49771419807162,104.71803203203345,97.16890678733802,False,True,76520,Limón,Permanente,Frutales
76520|Lulo,1,2026,117.0,7,pool_A_full,119.53180241705282,88.84333483969627,152.39414681302765,51.42660606885949,234.9600766238685,121.56324449926223,119.53180241705282,110.91475213774194,False,True,76520,Lulo,Permanente,Frutales
76520|Mandarina Arrayana y/o Oneco,1,2026,149.25,5,pool_A_full,152.4796710320097,113.40238342992201,194.32507370659246,65.75763650270372,299.460743228672,155.07106189328965,152.4796710320097,141.48740817570928,False,True,76520,Mandarina,Permanente,Frutales
76520|Maracuyá,1,2026,273.35,7,pool_A_full,279.2651127410375,207.90712544688367,355.677880760589,120.90433035820968,547.6633083652956,284.0112212296866,279.2651127410375,259.1328845884766,False,True,76520,Maracuyá,Permanente,Frutales
76520|Maíz amarillo tecnificado,1,2026,441.0,5,pool_A_full,439.35901467417983,262.13353193150107,699.4691731453715,143.19519958523514,1189.7686458205408,448.6780053045385,439.35901467417983,403.04336076810114,False,True,76520,Maíz,Transitorio,Cereales
76520|Maíz blanco tecnificado,1,2026,2513.0,5,pool_A_full,2503.6489883814374,1547.1227396637546,4109.4882072236505,663.7424551997309,6855.909564076621,2556.752442925862,2503.6489883814374,2296.707405011878,False,True,76520,Maíz,Transitorio,Cereales
76520|Naranja Valencia,1,2026,1735.5,5,pool_A_full,1773.0550691862834,1440.1205405522562,2104.2686663748714,649.5799141072796,2653.1020462656347,1803.1881267390565,1773.0550691862834,1645.2354900431721,False,True,76520,Naranja,Permanente,Frutales
76520|Pepino cohombro,1,2026,60.0,7,pool_A_full,58.91493301564474,38.59460051083057,123.43902760819665,23.082434908326015,213.10940291037033,61.88257788224682,58.91493301564474,53.27967365604904,False,True,76520,Pepino Cohombro,Transitorio,Hortalizas
76520|Pimentón,1,2026,306.0,7,pool_A_full,300.46615837978817,179.13905102178487,478.5354328055355,97.71484726599948,814.1904178462811,315.6011471994588,300.46615837978817,271.7263356458501,False,True,76520,Pimentón,Transitorio,Hortalizas
76520|Plantas aromáticas,1,2026,48.15,7,pool_A_full,45.281236360284055,29.58481371170493,95.12281545362063,17.60245528159668,164.3886165652006,47.27637997134978,45.281236360284055,37.860620030270496,False,True,76520,Plantas aromáticas,Transitorio,"Cultivos para condimentos, bebidas medicinales y aromáticas"
76520|Plátano consumo interno,1,2026,2244.24,7,pool_A_full,2292.8038654397146,1862.3287793030893,2721.0538350789593,840.1817353793854,3430.6801314335676,2331.770049872002,2292.8038654397146,2127.515584082102,False,True,76520,Plátano,Permanente,Frutales
76520|Repollo,1,2026,1177.0,7,pool_A_full,1155.7146026568978,713.9649264152907,1897.3345592138796,305.99603357691245,3165.7061766569873,1213.9299027900752,1155.7146026568978,1045.1695982194954,False,True,76520,Repollo,Transitorio,Hortalizas
76520|Tomate de árbol,1,2026,43.2,7,pool_A_full,44.13481935398874,32.49199499639448,66.9543142993967,18.965322340714078,191.24363241115202,44.88489027665067,44.13481935398874,40.95313925085856,False,True,76520,Tomate de árbol,Permanente,Frutales
76520|Tomate invernadero,1,2026,2140.0,7,pool_A_full,2101.299277557996,1298.4305119255162,3449.174626681429,556.9574582351406,5754.407679762069,2207.1452778001367,2101.299277557996,1900.3083603990824,False,True,76520,Tomate,Transitorio,Hortalizas
76520|Uva,1,2026,16.0,7,pool_A_full,16.346229390366197,11.871655104943143,25.116225583125246,6.673079589805061,72.88313932282041,16.624033435796544,16.346229390366197,15.167829352169838,False,True,76520,Uva,Permanente,Frutales
76520|Yuca consumo en fresco,1,2026,276.0,7,pool_A_full,281.1918767920647,167.6218352487127,447.876266904928,91.40349950703474,762.071102876974,284.53994697482136,281.1918767920647,264.51066376162015,False,True,76520,Yuca,Transitorio,Raíces y tubérculos
76563|Aguacate demás variedades,1,2026,196.0,7,pool_A_full,200.2413100319859,149.00348487466786,255.10866540501587,86.53207596881899,392.9617095472631,203.64440958850767,200.2413100319859,185.8059095640805,False,True,76563,Aguacate,Permanente,Frutales
76563|Arveja,1,2026,72.0,7,pool_A_full,69.70076980390698,45.72238781378477,145.84043864743802,27.417734963110846,251.65320089843672,72.16722594668904,69.70076980390698,62.857678679775276,False,True,76563,Arveja,Transitorio,Leguminosas
76563|Banano consumo interno,1,2026,169.52,7,pool_A_full,173.18830039092987,128.83841179965455,220.67979892000506,74.76507795678191,340.0011622078771,176.1316342522644,173.18830039092987,160.70315198623945,False,True,76563,Banano,Permanente,Frutales
76563|Café,1,2026,306.46,7,pool_A_full,310.7174151742159,231.3513922903009,395.70548343717616,134.58484816808505,609.2361675054145,315.7171708389772,310.7174151742159,288.6708218395596,False,True,76563,Café,Permanente,Cultivos tropicales tradicionales
76563|Caña de azúcar,1,2026,1264800.0,7,pool_A_full,1282370.9022787584,1268797.3462630135,1417893.894005209,1150147.9535796624,1772536.3624879909,1303005.5396369458,1282370.9022787584,1191381.7642193923,False,True,76563,Caña,Permanente,Cultivos tropicales tradicionales
76563|Caña panelera,1,2026,3200.0,6,pool_A_full,3244.455160730571,2635.3849560292506,3850.3770945930187,1189.1704610982458,4854.412513834369,3296.661706861343,3244.455160730571,3014.248612825787,False,True,76563,Caña,Permanente,Cultivos tropicales tradicionales
76563|Cebolla de rama,1,2026,75.0,6,pool_A_full,73.64366626955594,48.32803890200631,154.02955240338653,29.002557689349484,265.7433644938307,77.35322235280853,73.64366626955594,66.59959207006129,False,True,76563,Cebolla de rama,Transitorio,Hortalizas
76563|Cilantro,1,2026,40.0,7,pool_A_full,39.27662201042983,25.61668265592959,82.65166121461019,15.1889378669614,142.93078746575674,41.25505192149788,39.27662201042983,35.519782437366025,False,True,76563,Cilantro,Transitorio,Hortalizas
76563|Frijol,1,2026,51.870000000000005,7,pool_A_full,50.213596246231326,32.84434867953562,105.36697391509618,19.58498667934934,182.01468367343665,51.99047235909391,50.213596246231326,45.283719348888106,False,True,76563,Frijol,Transitorio,Leguminosas
76563|Guanábana,1,2026,480.0,7,pool_A_full,490.3868817109859,365.27541664595805,624.3608588243151,212.73401839398977,960.9675798035171,498.7210030738963,490.3868817109859,455.03488056509514,False,True,76563,Guanábana,Permanente,Frutales
76563|Guayaba,1,2026,60.0,7,pool_A_full,61.29836021387324,45.22808728229091,92.79548674179968,26.557589922157888,264.3486428480625,62.34012538423704,61.29836021387324,56.87936007063689,False,True,76563,Guayaba,Permanente,Frutales
76563|Habichuela,1,2026,360.0,7,pool_A_full,348.50384901953487,207.8436460968326,554.9479060851689,113.44474981957197,944.088464497513,360.8361297334452,348.50384901953487,314.2883933988764,False,True,76563,Habichuela,Transitorio,Leguminosas
76563|Limón Tahití,1,2026,433.2,5,pool_A_full,442.5741607441648,329.6362391568864,563.5122579369096,191.93736027603916,867.3666124514305,450.0957052741914,442.5741607441648,410.6689797099983,False,True,76563,Limón,Permanente,Frutales
76563|Lulo,1,2026,56.0,6,pool_A_full,57.21180286628169,42.195684357077475,86.64282663646563,24.749907164671267,246.9426879821314,58.184117025287904,57.21180286628169,53.087402732594434,False,True,76563,Lulo,Permanente,Frutales
76563|Mandarina Arrayana y/o Oneco,1,2026,14.0,5,pool_A_full,14.302950716570422,10.355453642336421,22.039895530458217,5.769238211061752,64.18016188985483,14.546029256321976,14.302950716570422,13.271850683148608,False,True,76563,Mandarina,Permanente,Frutales
"76563|Mango Kent, Keitt, Hilacha o Nam Doc",1,2026,1000.0,4,pool_A_full,1021.6393368978873,829.7219880475617,1212.5646690838043,374.02139787966854,1528.9351208400467,1039.002089737284,1021.6393368978873,947.9893345106149,False,True,76563,Mango,Permanente,Frutales
76563|Mora,1,2026,20.0,7,pool_A_full,20.43278673795775,14.904058030156575,31.268885688459285,8.480762347291682,90.28909418875145,20.78004179474568,20.43278673795775,18.959786690212297,False,True,76563,Mora,Permanente,Frutales
76563|Naranja Valencia,1,2026,83.16,5,pool_A_full,84.9595272564283,62.785700219276656,128.4193887516837,37.0240730880054,365.12912152180377,86.40341378255253,84.9595272564283,78.83479305790273,False,True,76563,Naranja,Permanente,Frutales
76563|Pepino cohombro,1,2026,528.0,7,pool_A_full,518.4514105376737,309.3946547403171,825.279667052439,169.09393999287568,1403.6412860496935,544.566685363772,518.4514105376737,468.8611281732315,False,True,76563,Pepino Cohombro,Transitorio,Hortalizas
76563|Pimentón,1,2026,75.0,7,pool_A_full,73.64366626955594,48.32803890200631,154.02955240338653,29.002557689349484,265.7433644938307,77.35322235280853,73.64366626955594,66.59959207006129,False,True,76563,Pimentón,Transitorio,Hortalizas
76563|Piña demás variedades,1,2026,1200.0,7,pool_A_full,1225.9672042774648,995.7039193880629,1455.0402631806269,448.95233363156785,1834.62293196869,1246.802507684741,1225.9672042774648,1137.5872014127378,False,True,76563,Piña,Permanente,Frutales
76563|Plátano consumo interno,1,2026,120.0,7,pool_A_full,122.59672042774648,91.12789749925211,156.29469815196387,52.75972517898452,240.9601386336176,124.68025076847408,122.59672042774648,113.75872014127378,False,True,76563,Plátano,Permanente,Frutales
76563|Tomate,1,2026,880.0,7,pool_A_full,864.0856842294562,515.9260624381699,1375.0723267592407,282.27160053278743,2338.2660860839324,907.6111422729534,864.0856842294562,781.4352136220525,False,True,76563,Tomate,Transitorio,Hortalizas
76563|Tomate de árbol,1,2026,90.0,7,pool_A_full,91.94754032080986,67.97110922139166,138.94043753180495,40.11521060330754,394.8933043425458,93.51018807635556,91.94754032080986,85.31904010595534,False,True,76563,Tomate de árbol,Permanente,Frutales
76606|Aguacate Hass,1,2026,72.0,6,pool_A_full,73.55803225664789,54.3252960579312,111.25346705780177,31.980638194617747,316.5665074458561,74.80815046108445,73.55803225664789,68.25523208476427,False,True,76606,Aguacate,Permanente,Frutales
76606|Aguacate Papelillo,1,2026,18.0,6,pool_A_full,18.389508064161973,13.38785656754986,28.192555635792267,7.576920968548372,81.58611675578591,18.702037615271113,18.389508064161973,17.06380802119107,False,True,76606,Aguacate,Permanente,Frutales
76606|Aguacate demás variedades,1,2026,567.0,7,pool_A_full,579.2695040211021,431.52773377307875,737.4768476534667,251.39447258761606,1134.969378086243,589.11418488104,579.2695040211021,537.5099526675186,False,True,76606,Aguacate,Permanente,Frutales
76606|Ahuyama,1,2026,1586.0,7,pool_A_full,1557.3180627135428,962.1958967929463,2556.4234352203466,412.58297302158076,4265.165070499123,1635.762808687391,1557.3180627135428,1408.3593736415628,False,True,76606,Ahuyama,Transitorio,Hortalizas
76606|Ají,1,2026,480.0,7,pool_A_full,471.31946412515794,281.231280963337,750.3079407287838,153.660622646524,1276.1924496813874,495.06062305797457,471.31946412515794,426.23738924839233,False,True,76606,Ají,Transitorio,Hortalizas
76606|Banano consumo interno,1,2026,1176.0,7,pool_A_full,1201.4478601919154,975.7860876272026,1425.9431918890082,439.9606213413399,1797.9403946332525,1221.866457531046,1201.4478601919154,1114.835457384483,False,True,76606,Banano,Permanente,Frutales
76606|Café,1,2026,441.26,7,pool_A_full,447.3900888199912,333.22598916479905,569.6412227701753,194.03210007934584,876.7945537499022,454.5890452405113,447.3900888199912,415.64604465484587,False,True,76606,Café,Permanente,Cultivos tropicales tradicionales
76606|Caña panelera,1,2026,28000.0,7,pool_A_full,28388.982656392498,24762.856022169588,31103.33339608533,20774.30279355701,35927.77096281809,28845.78993503675,28388.982656392498,26374.675362225636,False,True,76606,Caña,Permanente,Cultivos tropicales tradicionales
76606|Cilantro,1,2026,4.0,2,pool_A_full,3.927662201042983,1.9030012298186927,26.51476753461481,0.4001791642875238,276.3237663638781,4.125505192149788,3.927662201042983,3.5519782437366025,False,True,76606,Cilantro,Transitorio,Hortalizas
76606|Cimarrón,1,2026,72.0,7,pool_A_full,67.71025997799485,44.406965474093674,141.70629220490773,26.61766191113237,244.54000141940213,70.69365229360716,67.71025997799485,56.61401126021756,False,True,76606,Cimarrón,Transitorio,"Cultivos para condimentos, bebidas medicinales y aromáticas"
76606|Frijol,1,2026,386.0,7,pool_A_full,373.6735714487235,222.88364241762608,594.9848170391028,121.68655486554601,1012.1495585002314,386.8965168808607,373.6735714487235,336.98699958879524,False,True,76606,Frijol,Transitorio,Leguminosas
76606|Guayaba,1,2026,72.0,7,pool_A_full,73.55803225664789,54.3252960579312,111.25346705780177,31.980638194617747,316.5665074458561,74.80815046108445,73.55803225664789,68.25523208476427,False,True,76606,Guayaba,Permanente,Frutales
76606|Habichuela,1,2026,146.0,7,pool_A_full,141.33767210236692,84.05290714876278,225.4133313104808,45.60835444117001,383.8933061674452,146.3390970585639,141.33767210236692,127.46140398954431,False,True,76606,Habichuela,Transitorio,Leguminosas
76606|Limón Tahití,1,2026,39.2,5,pool_A_full,40.04826200639719,29.459592071181042,60.80165419406264,17.15763958322746,173.83767754522083,40.728881917701536,40.04826200639719,37.161181912816105,False,True,76606,Limón,Permanente,Frutales
76606|Lulo,1,2026,2190.0,7,pool_A_full,2237.390147806373,1817.3144795235455,2655.294453959901,819.8604656034703,3347.77759705548,2275.414576524652,2237.390147806373,2076.0966425782467,False,True,76606,Lulo,Permanente,Frutales
76606|Macadamia,1,2026,90.0,7,pool_A_full,91.94754032080986,67.97110922139166,138.94043753180495,40.11521060330754,394.8933043425458,93.51018807635556,91.94754032080986,85.31904010595534,False,True,76606,Macadamia,Permanente,Frutales
76606|Mandarina Arrayana y/o Oneco,1,2026,64.8,5,pool_A_full,66.20222903098309,48.86697079254702,100.1786788682005,28.72680923114183,285.23578868718005,67.327335414976,66.20222903098309,61.42970887628784,False,True,76606,Mandarina,Permanente,Frutales
76606|Maracuyá,1,2026,90.0,7,pool_A_full,91.94754032080986,67.97110922139166,138.94043753180495,40.11521060330754,394.8933043425458,93.51018807635556,91.94754032080986,85.31904010595534,False,True,76606,Maracuyá,Permanente,Frutales
76606|Maíz amarillo tecnificado,1,2026,5.59,4,pool_A_full,5.569199301652302,2.870069187693977,35.68067824033468,0.8666165846917948,368.7077879939854,5.687324375628957,5.569199301652302,5.108871625155749,False,True,76606,Maíz,Transitorio,Cereales
76606|Maíz amarillo tradicional,1,2026,613.0,5,pool_A_full,610.7189931865584,364.52852073633045,972.0476340350303,199.3068845493692,1653.1407643906539,623.6726014777372,610.7189931865584,560.2394107728934,False,True,76606,Maíz,Transitorio,Cereales
76606|Mora,1,2026,8.0,7,pool_A_full,8.173114695183099,7.890196283111752,15.105684475331643,4.890779839723763,152.02796791021427,8.312016717898272,8.173114695183099,7.583914676084919,False,True,76606,Mora,Permanente,Frutales
76606|Naranja Valencia,1,2026,293.4,5,pool_A_full,299.7489814458401,223.1756192215822,381.74656554247974,129.8140097442121,587.7637227971193,304.8432131289191,299.7489814458401,278.1400707454144,False,True,76606,Naranja,Permanente,Frutales
76606|Pepino cohombro,1,2026,350.0,7,pool_A_full,343.670442591261,204.9554769840165,547.2595152688858,111.86205483348847,931.0185178505611,360.98170431310643,343.670442591261,310.7980963269527,False,True,76606,Pepino Cohombro,Transitorio,Hortalizas
76606|Pimentón,1,2026,1495.2,7,pool_A_full,1468.160130749867,907.0874075257306,2410.1024818184214,388.92015125733604,4021.079819739062,1542.1138408255908,1468.160130749867,1327.7294675087421,False,True,76606,Pimentón,Transitorio,Hortalizas
76606|Pitahaya,1,2026,32.0,7,pool_A_full,32.692458780732395,24.001266805796863,49.72686600446137,13.903810619751543,142.50695878654483,33.24806687159309,32.692458780732395,30.335658704339675,False,True,76606,Pitahaya,Permanente,Frutales
"76606|Piña Cayena, Gold, Manzana y/o Perolera",1,2026,360.0,6,pool_A_full,367.79016128323946,273.89291026372274,468.3388052668646,159.409253988988,720.9650994135505,374.04075230542225,367.79016128323946,341.27616042382135,False,True,76606,Piña,Permanente,Frutales
76606|Piña demás variedades,1,2026,27885.0,7,pool_A_full,28488.41290939759,24849.586489724556,31212.270121287296,20847.06414878651,36053.60431855602,28972.573272324164,28488.41290939759,26434.682592828496,False,True,76606,Piña,Permanente,Frutales
76606|Plátano consumo interno,1,2026,6000.0,4,pool_A_full,6129.836021387324,4979.270271560097,7274.454521504377,2247.2947916771564,9171.130399056154,6234.012538423704,6129.836021387324,5687.936007063689,False,True,76606,Plátano,Permanente,Frutales
76606|Tomate,1,2026,1450.0,7,pool_A_full,1423.7775478780814,879.654547229716,2337.2642979663624,377.14086112799873,3899.5748270699564,1495.4956321542982,1423.7775478780814,1287.5921133545185,False,True,76606,Tomate,Transitorio,Hortalizas
76606|Tomate de árbol,1,2026,16.0,7,pool_A_full,16.346229390366197,11.871655104943143,25.116225583125246,6.673079589805061,72.88313932282041,16.624033435796544,16.346229390366197,15.167829352169838,False,True,76606,Tomate de árbol,Permanente,Frutales
76606|Tomate invernadero,1,2026,3675.0,7,pool_A_full,3608.5396472082407,2230.05530295168,5922.772242011321,956.9842358575503,9880.73873611336,3790.3078952876176,3608.5396472082407,3263.380011433004,False,True,76606,Tomate,Transitorio,Hortalizas
76606|Yuca consumo en fresco,1,2026,240.0,7,pool_A_full,244.5146754713606,145.70562324151587,389.5346682858809,79.39357989955292,662.8927963275858,247.42604084767072,244.5146754713606,230.00927283619143,False,True,76606,Yuca,Transitorio,Raíces y tubérculos
76616|Aguacate Hass,1,2026,280.0,6,pool_A_full,286.05901433140843,212.9712393422326,364.32410289523114,123.85941105232023,560.9634458202397,290.9205851264395,286.05901433140843,265.43701366297216,False,True,76616,Aguacate,Permanente,Frutales
76616|Banano consumo interno,1,2026,5970.0,7,pool_A_full,6099.186841280387,4954.372981859019,7238.08318238985,2236.05515131437,9125.27722738685,6202.842475731586,6099.186841280387,5659.496327028371,False,True,76616,Banano,Permanente,Frutales
76616|Cacao,1,2026,66.0,7,pool_A_full,66.91688769006804,49.3972785366964,101.2546583410629,29.042937459778525,288.2797485062955,67.9936477040152,66.91688769006804,62.16887763953186,False,True,76616,Cacao,Permanente,Cultivos tropicales tradicionales
76616|Café,1,2026,1740.53,7,pool_A_full,1764.709856533244,1433.3414627330492,2094.3654142054,646.5195650655144,2640.617064055294,1793.1058127010542,1764.709856533244,1639.496918150521,False,True,76616,Café,Permanente,Cultivos tropicales tradicionales
76616|Caña de azúcar,1,2026,401800.0,7,pool_A_full,407381.90111923235,403069.8644796487,450434.7389424661,365377.41837919486,563097.2804515797,413937.0855677774,407381.90111923235,378476.5914479379,False,True,76616,Caña,Permanente,Cultivos tropicales tradicionales
76616|Caña panelera,1,2026,2280.0,7,pool_A_full,2311.674302020532,1877.6578264325449,2743.44735574494,847.1018852795497,3458.9115348510772,2348.871466138707,2311.674302020532,2147.6521366383736,False,True,76616,Caña,Permanente,Cultivos tropicales tradicionales
76616|Frijol,1,2026,6.0,7,pool_A_full,5.808397483658915,3.0109864397711634,37.01629787173339,0.934583969004426,382.16961594303314,6.013935495557421,5.808397483658915,5.238139889981273,False,True,76616,Frijol,Transitorio,Leguminosas
76616|Guanábana,1,2026,7.5,7,pool_A_full,7.662295026734155,7.395131382182315,14.208813491242417,4.562742275098789,143.5063590097652,7.79251567302963,7.662295026734155,7.1099200088296115,False,True,76616,Guanábana,Permanente,Frutales
76616|Guayaba,1,2026,13.0,7,pool_A_full,13.281311379672536,9.597352911033063,20.501730504124705,5.317317521690096,59.82867317337204,13.507027166584692,13.281311379672536,12.323861348637992,False,True,76616,Guayaba,Permanente,Frutales
76616|Habichuela,1,2026,5.25,3,pool_A_full,5.082347798201551,2.583253562840985,32.96222770643042,0.7282793157350236,341.30828553452255,5.262193558612743,5.082347798201551,4.583372403733613,False,True,76616,Habichuela,Transitorio,Leguminosas
76616|Limón Tahití,1,2026,44.55,5,pool_A_full,45.51403245880088,33.515430983654,69.03083708494691,19.575415271365813,197.11814217840367,46.287543097796004,45.51403245880088,42.23292485244789,False,True,76616,Limón,Permanente,Frutales
76616|Lulo,1,2026,192.0,7,pool_A_full,196.15475268439437,145.95740132859333,249.90793028643415,84.75458382198559,384.9616268675976,199.48840122955852,196.15475268439437,182.01395222603804,False,True,76616,Lulo,Permanente,Frutales
76616|Mandarina Arrayana y/o Oneco,1,2026,106.4,5,pool_A_full,108.70242544593522,80.77121344259878,138.61219874878614,46.716251879750985,213.75985752275471,110.54982234804703,108.70242544593522,100.86606519192942,False,True,76616,Mandarina,Permanente,Frutales
76616|Mango demás variedades,1,2026,64.0,7,pool_A_full,65.38491756146479,48.26049020750435,98.94814684713373,28.365272679644512,281.7545977139939,66.49613374318618,65.38491756146479,60.67131740867935,False,True,76616,Mango,Permanente,Frutales
76616|Maracuyá,1,2026,195.0,7,pool_A_full,199.21967069508804,148.24196398814917,253.80848162537032,86.0877029321106,390.9616888773466,202.60540749877038,199.21967069508804,184.85792022956988,False,True,76616,Maracuyá,Permanente,Frutales
76616|Maíz amarillo tecnificado,1,2026,28.6,5,pool_A_full,28.49357782240713,18.49074083431546,60.25605020619285,10.85476028048471,104.39696899264206,29.09793866600862,28.49357782240713,26.138412965913137,False,True,76616,Maíz,Transitorio,Cereales
76616|Maíz amarillo tradicional,1,2026,16.0,5,pool_A_full,15.94046311743056,10.195053317141802,34.18412942254534,5.8091138520657655,59.53770338274624,16.278567085878947,15.94046311743056,14.622888372538817,False,True,76616,Maíz,Transitorio,Cereales
76616|Maíz blanco tecnificado,1,2026,0.0,5,pool_A_full,0.0,0.0,4.583736549309541,0.0,55.2789726749492,0.0,0.0,0.0,False,True,76616,Maíz,Transitorio,Cereales
76616|Maíz blanco tradicional,1,2026,2.0,5,pool_A_full,1.99255788967882,0.7629859514725834,15.709654864524254,0.0,167.41808370143792,2.0348208857348684,1.99255788967882,1.8278610465673522,False,True,76616,Maíz,Transitorio,Cereales
76616|Mora,1,2026,25.0,6,pool_A_full,25.540983422447184,18.694561686673357,38.95971082012681,10.740365794149955,112.04653777116536,25.9750522434321,25.540983422447184,23.69973336276537,False,True,76616,Mora,Permanente,Frutales
76616|Naranja Valencia,1,2026,845.24,5,pool_A_full,863.5304331195703,643.4133052380217,1099.2399825020084,375.03682632134684,1691.455129283779,878.2061263295419,863.5304331195703,801.2785051017521,False,True,76616,Naranja,Permanente,Frutales
76616|Pitahaya,1,2026,4.0,7,pool_A_full,4.086557347591549,3.9296770756762625,7.930716602617835,2.2664793227239795,83.85509670662275,4.156008358949136,4.086557347591549,3.7919573380424594,False,True,76616,Pitahaya,Permanente,Frutales
76616|Piña demás variedades,1,2026,180.0,7,pool_A_full,183.89508064161973,136.81915069036984,234.30572493068914,79.42210738148542,360.96137882860097,187.02037615271112,183.89508064161973,170.63808021191068,False,True,76616,Piña,Permanente,Frutales
76616|Plátano consumo interno,1,2026,28441.0,7,pool_A_full,29056.444380712812,25345.06581924588,31834.610771406686,21262.73984523454,36772.47311391831,29550.258434218096,29056.444380712812,26961.764662816397,False,True,76616,Plátano,Permanente,Frutales
76616|Tomate,1,2026,36.0,7,pool_A_full,35.34895980938685,23.021099084949398,74.49418793589294,13.610238458688485,128.89506437683394,37.12954672934809,35.34895980938685,31.967804193629423,False,True,76616,Tomate,Transitorio,Hortalizas
76616|Tomate invernadero,1,2026,256.0,7,pool_A_full,251.3703808667509,149.80220333743065,400.4398845517281,81.6384750302165,681.4312132959625,264.03233229758644,251.3703808667509,227.32660759914256,False,True,76616,Tomate,Transitorio,Hortalizas
76622|Aguacate Hass,1,2026,6794.1,6,pool_A_full,6941.119818817937,5638.30152994756,8237.203867865815,2544.808072080074,10384.863853142439,7059.0840978840815,6941.119818817937,6440.734337598568,False,True,76622,Aguacate,Permanente,Frutales
76622|Ahuyama,1,2026,502.5,7,pool_A_full,493.41256400602475,294.4328624212966,785.4509374429977,160.89499015262643,1335.9340917290317,518.2665897638171,493.41256400602475,446.2172668694107,False,True,76622,Ahuyama,Transitorio,Hortalizas
76622|Ají,1,2026,950.0,7,pool_A_full,932.8197727477085,556.9976491962656,1484.4060943145705,304.77852166288346,2524.1289724543776,979.8074831355747,932.8197727477085,843.5948328874431,False,True,76622,Ají,Transitorio,Hortalizas
76622|Algodón,1,2026,465.0,3,pool_A_full,437.2954290245501,260.9004503722828,696.1866738992046,142.51948015019713,1184.1885327590142,456.5631710628796,437.2954290245501,365.6321560555717,False,True,76622,Algodón,Transitorio,Cultivos tropicales tradicionales
76622|Arracacha,1,2026,585.1,7,pool_A_full,596.1064025762212,355.7968666771713,948.80371504791,194.52200369238497,1613.6270627218562,603.204068749884,596.1064025762212,560.7434397352317,False,True,76622,Arracacha,Transitorio,Raíces y tubérculos
76622|Banano consumo interno,1,2026,4477.6,7,pool_A_full,4574.492294893981,3715.8158101962,5428.730299239361,1676.920508733697,6844.234780744913,4652.235757007664,4574.492294893981,4244.717044204729,False,True,76622,Banano,Permanente,Frutales
76622|Berenjena,1,2026,367.75,7,pool_A_full,361.09944360838927,215.3700579119622,574.9834348989873,117.5691669771915,978.148035465924,379.28863360327114,361.09944360838927,326.5599997835339,False,True,76622,Berenjena,Transitorio,Hortalizas
76622|Cacao,1,2026,9.23,7,pool_A_full,9.358225354232241,9.038755603065235,17.186441009752905,5.651832787402958,171.798251170518,9.508808610728186,9.358225354232241,8.694223342619381,False,True,76622,Cacao,Permanente,Cultivos tropicales tradicionales
76622|Café,1,2026,651.18,7,pool_A_full,660.2263473639166,491.87224566253406,840.5061367225733,286.60752382720847,1293.4552098362742,670.8500532106153,660.2263473639166,613.3807536562175,False,True,76622,Café,Permanente,Cultivos tropicales tradicionales
76622|Caña de azúcar,1,2026,330023.1,7,pool_A_full,334607.8593610317,331066.11605877196,369969.8269760429,300106.97083802376,462506.5642900274,339992.03629677236,334607.8593610317,310866.1473048331,False,True,76622,Caña,Permanente,Cultivos tropicales tradicionales
76622|Caña panelera,1,2026,5100.0,7,pool_A_full,5170.850412414348,4200.256201935486,6136.427642214056,1895.6164328977268,7736.425405212905,5254.0545953102655,5170.850412414348,4803.9587266910985,False,True,76622,Caña,Permanente,Cultivos tropicales tradicionales
76622|Cebolla de bulbo,1,2026,11.0,6,pool_A_full,10.801071052868203,6.798701766323171,23.50997994390988,3.7433671569827176,41.17179507106683,11.345139278411917,10.801071052868203,9.767940170275658,False,True,76622,Cebolla de bulbo,Transitorio,Hortalizas
76622|Cebolla de rama,1,2026,22.2,6,pool_A_full,21.798525215788555,14.066335765067718,46.35090512431829,8.163725500146898,80.47181972005046,22.89655381643132,21.798525215788555,19.713479252738143,False,True,76622,Cebolla de rama,Transitorio,Hortalizas
76622|Cilantro,1,2026,43.0,6,pool_A_full,42.222368661212066,27.563370334164738,88.76976617364815,16.37296242316609,153.4575797824488,44.349180815610225,42.222368661212066,38.18376612016848,False,True,76622,Cilantro,Transitorio,Hortalizas
76622|Espinaca,1,2026,12.0,6,pool_A_full,11.782986603128949,7.4475976590682205,25.549348263589206,4.138042009050949,44.68072584329752,12.376515576449364,11.782986603128949,10.655934731209808,False,True,76622,Espinaca,Transitorio,Hortalizas
76622|Fresa,1,2026,0.6,7,pool_A_full,0.6129836021387324,0.563235749356096,1.8319939108110939,0.03582388327416439,25.908156183569975,0.6234012538423704,0.6129836021387324,0.5687936007063689,False,True,76622,Fresa,Permanente,Frutales
76622|Frijol,1,2026,13.25,7,pool_A_full,12.826877776413436,8.137449953022866,27.717435516534675,4.557627577567489,48.41113001076919,13.28077421935597,12.826877776413436,11.567558923708644,False,True,76622,Frijol,Transitorio,Leguminosas
76622|Granadilla,1,2026,80.0,7,pool_A_full,81.731146951831,60.3901019083581,123.55878726846991,35.596003709591,351.3784171777182,83.12016717898273,81.731146951831,75.83914676084919,False,True,76622,Granadilla,Permanente,Frutales
76622|Guanábana,1,2026,448.75,7,pool_A_full,458.46065243292696,341.47788894225107,583.7301157103959,198.84736099685398,898.4669338686303,466.2521877696062,458.46065243292696,425.4102138616384,False,True,76622,Guanábana,Permanente,Frutales
76622|Guayaba,1,2026,5158.0,7,pool_A_full,5269.615699719303,4280.486340616587,6253.632270356754,1931.8355521616597,7884.1847142045635,5359.172778864911,5269.615699719303,4889.7289874057515,False,True,76622,Guayaba,Permanente,Frutales
76622|Habichuela,1,2026,52.5,7,pool_A_full,50.823477982015504,33.24738716212762,106.63365462952116,19.830124852164538,184.19413056125344,52.62193558612743,50.823477982015504,45.83372403733614,False,True,76622,Habichuela,Transitorio,Leguminosas
76622|Limón Tahití,1,2026,631.98,5,pool_A_full,645.6556281327269,481.0113609790589,821.9627896548257,280.2698325129244,1264.9307212174092,656.6285406721688,645.6556281327269,599.1102996240184,False,True,76622,Limón,Permanente,Frutales
76622|Lulo,1,2026,246.56,7,pool_A_full,251.8953949055431,187.5059808970497,320.8459573038883,108.99957670479307,494.08275461823575,256.17635524562473,251.8953949055431,233.7362503169372,False,True,76622,Lulo,Permanente,Frutales
76622|Mandarina Arrayana y/o Oneco,1,2026,255.0,5,pool_A_full,260.5180309089613,193.93321717926685,331.8195084040956,112.7500851346115,510.9629290723299,264.94553288300744,260.5180309089613,241.73728030020678,False,True,76622,Mandarina,Permanente,Frutales
76622|Mango demás variedades,1,2026,2.8,5,pool_A_full,2.8605901433140843,2.741521313445616,5.778226240803691,1.4791891676240452,63.403235345545255,2.909205851264395,2.8605901433140843,2.6543701366297214,False,True,76622,Mango,Permanente,Frutales
76622|Maracuyá,1,2026,719.9,7,pool_A_full,735.478158632789,547.9642773217766,936.2749475612511,319.33910990032234,1440.772538516458,747.9776044018707,735.478158632789,682.4575219141916,False,True,76622,Maracuyá,Permanente,Frutales
76622|Maíz amarillo tecnificado,1,2026,4607.0,5,pool_A_full,4589.857098875162,2836.6073063668096,7533.254920954005,1217.4292623572335,12567.264892450516,4687.209910290269,4589.857098875162,4210.477920767896,False,True,76622,Maíz,Transitorio,Cereales
76622|Maíz amarillo tradicional,1,2026,48.5,5,pool_A_full,48.319528824711384,31.592660008264325,101.43313144385843,18.82367805235273,175.24612658287424,49.34440647907056,48.319528824711384,44.32563037925829,False,True,76622,Maíz,Transitorio,Cereales
76622|Maíz blanco tecnificado,1,2026,8539.0,5,pool_A_full,8507.225909983723,5257.931717196047,13962.218969849808,2257.1124169624436,23291.739176675124,8687.667771645021,8507.225909983723,7804.05273831931,False,True,76622,Maíz,Transitorio,Cereales
76622|Maíz blanco tradicional,1,2026,18.5,5,pool_A_full,18.431160479529087,11.841023062612765,39.35712957803096,6.810234175164763,68.43835132121758,18.822093193047532,18.431160479529087,16.907714680748008,False,True,76622,Maíz,Transitorio,Cereales
76622|Melón,1,2026,167.0,7,pool_A_full,163.97989689354455,97.58261445928035,261.4298086599515,53.02253245052292,445.11982919639627,172.23984177225364,163.97989689354455,148.29509167600315,False,True,76622,Melón,Transitorio,Hortalizas
76622|Mora,1,2026,63.36,7,pool_A_full,64.73106838585014,47.77530573947018,97.96372123028023,28.07604343844664,278.96964493544453,65.83117240575432,64.73106838585014,60.06460423459256,False,True,76622,Mora,Permanente,Frutales
"76622|Papaya Hawaiana, Maradol, Melona, redonda y/o Tainung",1,2026,1000.0,6,pool_A_full,1021.6393368978873,829.7219880475617,1212.5646690838043,374.02139787966854,1528.9351208400467,1039.002089737284,1021.6393368978873,947.9893345106149,False,True,76622,Papaya,Permanente,Frutales
76622|Patilla,1,2026,270.0,7,pool_A_full,265.11719857040134,158.01652068904986,422.3066380627942,86.13985925623582,718.6037905700517,278.4716004701107,265.11719857040134,239.75853145222067,False,True,76622,Patilla,Transitorio,Hortalizas
76622|Pepino cohombro,1,2026,168.0,7,pool_A_full,164.9618124438053,98.16935141296749,262.99171962502777,53.34405989523861,447.7750132874029,173.2712180702911,164.9618124438053,149.1830862369373,False,True,76622,Pepino Cohombro,Transitorio,Hortalizas
76622|Pimentón,1,2026,715.0,7,pool_A_full,702.0696184364332,419.11446507980133,1117.3570175216773,229.21957215470377,1900.1607110678826,737.4340530967746,702.0696184364332,634.9161110679177,False,True,76622,Pimentón,Transitorio,Hortalizas
76622|Pitahaya,1,2026,3.84,7,pool_A_full,3.923095053687887,3.7712563073788434,7.643717887709279,2.1615073020439883,81.12818185847902,3.9897680245911706,3.923095053687887,3.640279044520761,False,True,76622,Pitahaya,Permanente,Frutales
76622|Plátano consumo interno,1,2026,2566.15,7,pool_A_full,2621.679784380514,2129.4849968921944,3111.330427557502,960.7868230188564,3922.6999478356747,2666.2352125793313,2621.679784380514,2432.682830754414,False,True,76622,Plátano,Permanente,Frutales
76622|Repollo,1,2026,950.4,7,pool_A_full,933.2125389678127,557.2323439777405,1485.030858700601,304.90713264077004,2525.19104609078,980.2200336547896,933.2125389678127,843.9500307118168,False,True,76622,Repollo,Transitorio,Hortalizas
76622|Sorgo,1,2026,44.0,2,pool_A_full,43.83627357293404,28.629914466416597,92.1217311639843,17.021661470774532,159.22496029362586,44.76605948616711,43.83627357293404,40.212943024481746,False,True,76622,Sorgo,Transitorio,Cereales
76622|Soya,1,2026,41.8,6,pool_A_full,39.309567598335896,25.6384546470857,82.72008684269099,15.202180141238127,143.04852038808605,41.04159258156638,39.309567598335896,32.86757875940408,False,True,76622,Soya,Transitorio,Oleaginosas
76622|Tomate,1,2026,260.0,7,pool_A_full,255.29804306779388,152.149151152179,406.68752841203275,82.92458480907922,692.051949659988,268.1578374897362,255.29804306779388,230.87858584287918,False,True,76622,Tomate,Transitorio,Hortalizas
76622|Tomate de árbol,1,2026,8.32,4,pool_A_full,8.500039282990423,8.207037819706594,15.679681905148758,5.100723881083747,157.48179760650157,8.644497386614203,8.500039282990423,7.887271263128316,False,True,76622,Tomate de árbol,Permanente,Frutales
76622|Tomate invernadero,1,2026,3058.0,3,pool_A_full,3002.6977526973606,1855.5846214773196,4928.498803145821,796.1917135168162,8222.14182290895,3153.948719398513,3002.6977526973606,2715.487367336633,False,True,76622,Tomate,Transitorio,Hortalizas
76622|Uva,1,2026,720.0,7,pool_A_full,735.5803225664789,548.0404294104287,936.4049659392158,319.38354720399326,1440.9725405834502,748.0815046108445,735.5803225664789,682.5523208476427,False,True,76622,Uva,Permanente,Frutales
76622|Yuca consumo en fresco,1,2026,267.0,7,pool_A_full,272.02257646188866,162.1427822469135,433.29086725016623,88.40101960516436,737.276526239627,275.2614704430337,272.02257646188866,255.88531603026297,False,True,76622,Yuca,Transitorio,Raíces y tubérculos
76670|Aguacate demás variedades,1,2026,232.0,7,pool_A_full,237.02032616030985,176.4182367893385,301.915281472251,102.52950529031953,464.9624536642532,241.0484848190499,237.02032616030985,219.93352560646264,False,True,76670,Aguacate,Permanente,Frutales
76670|Ahuyama,1,2026,63.0,6,pool_A_full,61.86067966642698,40.541288189065725,129.55713256723467,24.266459464530715,223.63619522706247,64.97670677635917,61.86067966642698,55.94365733885149,False,True,76670,Ahuyama,Transitorio,Hortalizas
76670|Arracacha,1,2026,200.0,5,pool_A_full,203.76222955946716,121.35427656685282,324.71066982027344,66.04922478012875,552.6946779393771,206.18836737305895,203.76222955946716,191.67439403015953,False,True,76670,Arracacha,Transitorio,Raíces y tubérculos
76670|Banano consumo interno,1,2026,672.0,7,pool_A_full,686.5416343953802,511.4874268575344,873.9961445162353,298.05364144199245,1344.971548427463,698.2094043034549,686.5416343953802,637.0488327911331,False,True,76670,Banano,Permanente,Frutales
76670|Cacao,1,2026,6.0,6,pool_A_full,6.083353426369821,5.864887706696546,11.436588781810116,3.548779443868569,117.16609917637042,6.181240700365018,6.083353426369821,5.651716149048351,False,True,76670,Cacao,Permanente,Cultivos tropicales tradicionales
76670|Café,1,2026,109.21,7,pool_A_full,110.72717128230802,82.28044100324786,141.18898059270967,47.5969368958581,217.72361790062823,112.50888281447727,110.72717128230802,102.87065343959506,False,True,76670,Café,Permanente,Cultivos tropicales tradicionales
76670|Caña de azúcar,1,2026,540996.5,7,pool_A_full,548512.1519881801,542706.2902247912,606479.8470278552,491955.9952077368,758172.2366308161,557338.2640925039,548512.1519881801,509593.1092714394,False,True,76670,Caña,Permanente,Cultivos tropicales tradicionales
76670|Caña panelera,1,2026,2660.0,7,pool_A_full,2696.9533523572873,2190.632075613793,3200.657465269145,988.391079639446,4035.3141131267853,2740.3500438284914,2696.9533523572873,2505.5941594114356,False,True,76670,Caña,Permanente,Cultivos tropicales tradicionales
76670|Cilantro,1,2026,160.0,7,pool_A_full,157.10648804171933,93.47545578347085,250.4964319044187,50.771840337513346,426.53354055935205,165.02020768599152,157.10648804171933,142.0791297494641,False,True,76670,Cilantro,Transitorio,Hortalizas
76670|Frijol,1,2026,78.68,7,pool_A_full,76.16745233571392,49.99587521650627,159.27127542896022,30.016977811373465,274.76225678830247,78.86274079840965,76.16745233571392,68.68947442395444,False,True,76670,Frijol,Transitorio,Leguminosas
76670|Granadilla,1,2026,8.0,5,pool_A_full,8.173114695183099,7.890196283111752,15.105684475331643,4.890779839723763,152.02796791021427,8.312016717898272,8.173114695183099,7.583914676084919,False,True,76670,Granadilla,Permanente,Frutales
76670|Guanábana,1,2026,115.0,7,pool_A_full,117.48852374325705,87.32029306665896,149.79377925373672,50.537859995442766,230.9600352840356,119.48524031978766,117.48852374325705,109.01877346872071,False,True,76670,Guanábana,Permanente,Frutales
76670|Limón Mandarino,1,2026,324.0,5,pool_A_full,331.0111451549155,246.47815834905208,421.5321891996294,143.41182466748745,648.9643552965605,336.63667707488,331.0111451549155,307.1485443814392,False,True,76670,Limón,Permanente,Frutales
76670|Lulo,1,2026,350.0,7,pool_A_full,357.57376791426054,266.2777013985364,455.33696747041034,154.9655236219045,700.9648927143866,363.6507314080494,357.57376791426054,331.7962670787152,False,True,76670,Lulo,Permanente,Frutales
76670|Mandarina Arrayana y/o Oneco,1,2026,173.2,5,pool_A_full,176.94793315071408,131.64080866204307,225.46447522910015,76.4003707318686,347.3612382731693,179.95516194249757,176.94793315071408,164.1917527372385,False,True,76670,Mandarina,Permanente,Frutales
76670|Mango demás variedades,1,2026,120.0,7,pool_A_full,122.59672042774648,91.12789749925211,156.29469815196387,52.75972517898452,240.9601386336176,124.68025076847408,122.59672042774648,113.75872014127378,False,True,76670,Mango,Permanente,Frutales
76670|Maracuyá,1,2026,0.0,6,pool_A_full,0.0,0.0,0.7557487299040222,0.0,15.682225503031251,0.0,0.0,0.0,False,True,76670,Maracuyá,Permanente,Frutales
76670|Maíz amarillo tecnificado,1,2026,110.0,5,pool_A_full,109.59068393233511,65.08271045244012,174.91411178213374,35.21282910193085,298.046719967592,111.91514871541776,109.59068393233511,100.53235756120436,False,True,76670,Maíz,Transitorio,Cereales
76670|Maíz amarillo tradicional,1,2026,12.86,5,pool_A_full,12.812147230634812,8.127715316830269,27.686841227255385,4.551706726253424,48.35848957202613,13.083898295275203,12.812147230634812,11.753146529428074,False,True,76670,Maíz,Transitorio,Cereales
76670|Maíz blanco tecnificado,1,2026,40.0,5,pool_A_full,39.851157793576405,25.996362873663056,83.84493091520737,15.419868953816138,144.9839235920715,40.69641771469737,39.851157793576405,36.55722093134705,False,True,76670,Maíz,Transitorio,Cereales
76670|Maíz blanco tradicional,1,2026,7.83,5,pool_A_full,7.800864138092581,4.184795218093956,48.141706753375146,1.5007368790974107,494.30359234365267,7.96632376765201,7.800864138092581,7.156075997311183,False,True,76670,Maíz,Transitorio,Cereales
76670|Mora,1,2026,152.0,7,pool_A_full,155.28917920847888,115.49656586784825,197.90057910061736,66.97966235365168,304.96080007094207,157.92831764006718,155.28917920847888,144.09437884561345,False,True,76670,Mora,Permanente,Frutales
76670|Naranja demás variedades,1,2026,1053.0,5,pool_A_full,1075.7862217534753,873.7071998527947,1276.8207015194625,393.87809585392193,1609.9423907891373,1094.06920049336,1075.7862217534753,998.2327692396774,False,True,76670,Naranja,Permanente,Frutales
76670|Papaya demás variedades,1,2026,364.0,7,pool_A_full,371.87671863083096,276.9389938097973,473.5395403854464,161.18674613582144,728.9651820932163,378.19676066437137,371.87671863083096,345.0681177618638,False,True,76670,Papaya,Permanente,Frutales
76670|Pimentón,1,2026,40.0,7,pool_A_full,39.27662201042983,25.61668265592959,82.65166121461019,15.1889378669614,142.93078746575674,41.25505192149788,39.27662201042983,35.519782437366025,False,True,76670,Pimentón,Transitorio,Hortalizas
76670|Plátano consumo interno,1,2026,300.0,6,pool_A_full,306.4918010693662,228.20165707260512,390.32777848813953,132.74687178648716,600.9638592185674,311.70062692118523,306.4918010693662,284.39680035318446,False,True,76670,Plátano,Permanente,Frutales
76670|Repollo,1,2026,50.0,7,pool_A_full,49.095777513037284,32.10564158338008,103.04534441140343,19.13568638764371,178.0200951880635,51.56881490187235,49.095777513037284,44.39972804670753,False,True,76670,Repollo,Transitorio,Hortalizas
76670|Tomate,1,2026,342.0,7,pool_A_full,335.81511818917505,200.26158135451982,534.7642275482766,109.2898352757633,909.7770451225101,352.7306939288069,335.81511818917505,303.69413983947953,False,True,76670,Tomate,Transitorio,Hortalizas
76670|Tomate de árbol,1,2026,122.5,7,pool_A_full,125.1508187699912,93.03169971554865,159.54515760107736,53.87065777075537,245.96019030840847,127.27775599281729,125.1508187699912,116.12869347755031,False,True,76670,Tomate de árbol,Permanente,Frutales
76670|Yuca consumo en fresco,1,2026,255.0,7,pool_A_full,259.7968426883206,154.8373782445145,413.84366771048377,84.39771306933699,704.217090723164,262.89016840065017,259.7968426883206,244.3848523884534,False,True,76670,Yuca,Transitorio,Raíces y tubérculos
76736|Aguacate Hass,1,2026,10324.8,6,pool_A_full,10548.221825603307,9200.816485659128,11556.827164045191,7718.739751724029,13349.503922295271,10727.48877611951,10548.221825603307,9787.800280955196,False,True,76736,Aguacate,Permanente,Frutales
76736|Aguacate demás variedades,1,2026,4321.2,7,pool_A_full,4414.707902603151,3586.0179398879272,5239.114384655644,1618.3245169757113,6605.186912442312,4489.735830172752,4414.707902603151,4096.451512287269,False,True,76736,Aguacate,Permanente,Frutales
76736|Ahuyama,1,2026,50.0,4,pool_A_full,49.095777513037284,32.10564158338008,103.04534441140343,19.13568638764371,178.0200951880635,51.56881490187235,49.095777513037284,44.39972804670753,False,True,76736,Ahuyama,Transitorio,Hortalizas
76736|Ají,1,2026,130.0,5,pool_A_full,127.64902153389694,75.87334717285835,203.63910295213435,41.12601699604356,346.878017829161,134.0789187448681,127.64902153389694,115.43929292143959,False,True,76736,Ají,Transitorio,Hortalizas
76736|Arracacha,1,2026,22.0,4,pool_A_full,22.41384525154139,14.472968131586125,47.62888079854511,8.411049563831273,82.67070068048525,22.680720411036482,22.41384525154139,21.084183343317548,False,True,76736,Arracacha,Transitorio,Raíces y tubérculos
76736|Arveja,1,2026,35.05,6,pool_A_full,33.930721967040824,22.08386093795238,71.54860944425705,13.040186573394632,123.82691120823563,35.13140651988126,33.930721967040824,30.5994671906406,False,True,76736,Arveja,Transitorio,Leguminosas
76736|Banano consumo interno,1,2026,19635.0,7,pool_A_full,20059.888379990018,17497.600035496256,21977.898963940148,14679.214336383151,25386.936042047142,20400.80603199157,20059.888379990018,18613.770583115922,False,True,76736,Banano,Permanente,Frutales
76736|Cacao,1,2026,20.0,7,pool_A_full,20.27784475456607,14.789084353364245,31.03560733732659,8.412223984076743,89.62914672188361,20.604135667883394,20.27784475456607,18.83905383016117,False,True,76736,Cacao,Permanente,Cultivos tropicales tradicionales
76736|Café,1,2026,6064.21,7,pool_A_full,6148.4554469543555,4994.395414575095,7296.550167751783,2254.122891039189,9198.986273631908,6247.390277926758,6148.4554469543555,5712.198931370083,False,True,76736,Café,Permanente,Cultivos tropicales tradicionales
76736|Caña de azúcar,1,2026,2700.0,7,pool_A_full,2737.5090418664195,2223.576733422345,3248.7848452190647,1003.2636264141728,4095.9880687347504,2781.558315164258,2737.5090418664195,2543.272267071758,False,True,76736,Caña,Permanente,Cultivos tropicales tradicionales
76736|Caña panelera,1,2026,12000.0,7,pool_A_full,12166.706852739642,10612.5795948915,13330.054660867416,8903.119358874823,15397.767866325501,12362.481400730037,12166.706852739642,11303.432298096703,False,True,76736,Caña,Permanente,Cultivos tropicales tradicionales
76736|Cebolla de rama,1,2026,45.0,5,pool_A_full,44.186199761733555,28.86116211965484,92.8485028130068,17.162312127302553,160.4754413269102,46.41193341168511,44.186199761733555,39.95975524203678,False,True,76736,Cebolla de rama,Transitorio,Hortalizas
76736|Cilantro,1,2026,100.8,7,pool_A_full,98.97708746628317,65.0695529348286,206.645255051113,39.18516887270982,356.27377841738223,103.96273084217465,98.97708746628317,89.50985174216238,False,True,76736,Cilantro,Transitorio,Hortalizas
76736|Fresa,1,2026,42.0,6,pool_A_full,42.908852149711265,31.582274118830455,65.10851626779649,18.423017513468093,186.02184595137268,43.63808776896593,42.908852149711265,39.81555204944582,False,True,76736,Fresa,Permanente,Frutales
76736|Frijol,1,2026,44.05,6,pool_A_full,42.6433181925292,27.84155354640953,89.64404822175719,16.542160470754474,154.96186674847402,44.152309763217396,42.6433181925292,38.45667702561251,False,True,76736,Frijol,Transitorio,Leguminosas
76736|Granadilla,1,2026,357.5,6,pool_A_full,365.2360629409947,271.9891080474262,465.08834581775113,158.29832139721717,715.9650477387597,371.44324708107905,365.2360629409947,338.9061870875448,False,True,76736,Granadilla,Permanente,Frutales
76736|Guanábana,1,2026,187.5,6,pool_A_full,191.55737566835387,142.53055733925953,244.0571032780298,82.75490515679805,375.9615338529739,194.81289182574076,191.55737566835387,177.7480002207403,False,True,76736,Guanábana,Permanente,Frutales
76736|Guayaba,1,2026,294.0,6,pool_A_full,300.36196504797886,223.63253175349334,382.52667581026697,130.08063356623708,588.9637351990691,305.4666143827615,300.36196504797886,278.7088643461208,False,True,76736,Guayaba,Permanente,Frutales
76736|Habichuela,1,2026,264.0,7,pool_A_full,255.56948928099226,152.3113519892872,407.11931179371993,83.0134696498216,692.7859635643982,264.6131618045265,255.56948928099226,230.478155159176,False,True,76736,Habichuela,Transitorio,Leguminosas
76736|Limón Pajarito,1,2026,263.5,4,pool_A_full,269.2019652725933,200.4061447146752,342.87107053108167,116.52725594663245,527.9631047666193,273.77705064577435,269.2019652725933,249.79518964354702,False,True,76736,Limón,Permanente,Frutales
76736|Limón Tahití,1,2026,3370.5,6,pool_A_full,3443.4353850143293,2797.0228292608567,4086.506648116397,1262.1403138790574,5152.099902242303,3501.9565434595156,3443.4353850143293,3195.1980519680274,False,True,76736,Limón,Permanente,Frutales
76736|Lulo,1,2026,1060.0,6,pool_A_full,1082.9376971117606,879.5165674497119,1285.3073473128509,396.50067860523865,1620.6414641786396,1101.3422151215211,1082.9376971117606,1004.8686945812517,False,True,76736,Lulo,Permanente,Frutales
76736|Macadamia,1,2026,120.0,4,pool_A_full,122.59672042774648,91.12789749925211,156.29469815196387,52.75972517898452,240.9601386336176,124.68025076847408,122.59672042774648,113.75872014127378,False,True,76736,Macadamia,Permanente,Frutales
76736|Mandarina Arrayana y/o Oneco,1,2026,2456.8,6,pool_A_full,2509.9635228907296,2038.7343759317748,2978.7568964850634,919.8183338965051,3755.565137101088,2552.6203340665597,2509.9635228907296,2329.0201970256785,False,True,76736,Mandarina,Permanente,Frutales
76736|Maracuyá,1,2026,200.0,6,pool_A_full,204.32786737957747,152.04956842074233,260.30940052359745,88.30956811565235,400.9617922269286,207.8004179474568,204.32786737957747,189.59786690212297,False,True,76736,Maracuyá,Permanente,Frutales
76736|Maíz amarillo tradicional,1,2026,240.0,5,pool_A_full,239.1069467614584,142.4742717584157,380.932715942922,77.62282355156697,648.2698328403513,244.17850628818422,239.1069467614584,219.34332558808225,False,True,76736,Maíz,Transitorio,Cereales
76736|Maíz blanco tradicional,1,2026,81.0,5,pool_A_full,80.69859453199221,52.99026669938687,168.6821334651716,31.83824225263971,290.9545497830024,82.41024587226217,80.69859453199221,74.02837238597776,False,True,76736,Maíz,Transitorio,Cereales
76736|Mora,1,2026,273.0,7,pool_A_full,278.9075389731232,207.64059313660206,355.222816437713,120.7487997953617,546.9633011308247,283.6475704982785,278.9075389731232,258.80108832139786,False,True,76736,Mora,Permanente,Frutales
76736|Naranja Valencia,1,2026,33345.36,6,pool_A_full,34066.93147902134,29715.585611568167,37324.14780525478,24929.32843989616,43113.46477798846,34645.89872304204,34066.93147902134,31611.045635416875,False,True,76736,Naranja,Permanente,Frutales
76736|Papa todas las variedades,1,2026,750.0,6,pool_A_full,764.1083608480019,456.18529334346954,1216.0406487223768,249.53410767221126,2067.918805777246,773.206377648971,764.1083608480019,718.7789776130983,False,True,76736,Papa,Transitorio,Raíces y tubérculos
"76736|Papaya Hawaiana, Maradol, Melona, redonda y/o Tainung",1,2026,110.0,6,pool_A_full,112.3803270587676,83.51268863406585,143.29286035550967,48.31599481190104,220.95993193445375,114.29022987110125,112.3803270587676,104.27882679616764,False,True,76736,Papaya,Permanente,Frutales
76736|Pepino cohombro,1,2026,70.0,6,pool_A_full,68.73408851825221,45.08355943828105,143.83271080498986,27.029183429008317,248.19871063267715,72.1963408626213,68.73408851825221,62.159619265390546,False,True,76736,Pepino Cohombro,Transitorio,Hortalizas
76736|Pimentón,1,2026,1925.0,6,pool_A_full,1890.1874342519354,1167.942349013056,3102.7098141107926,500.927648991611,5176.452515517417,1985.3993737220856,1890.1874342519354,1709.38952979824,False,True,76736,Pimentón,Transitorio,Hortalizas
76736|Pitahaya,1,2026,170.0,6,pool_A_full,173.67868727264084,129.20394182518348,221.3038871342348,74.9783770144019,340.9611721294369,176.6303552553383,173.67868727264084,161.15818686680453,False,True,76736,Pitahaya,Permanente,Frutales
"76736|Piña Cayena, Gold, Manzana y/o Perolera",1,2026,778.0,6,pool_A_full,794.8354041065563,592.2086408285089,1011.8156251586498,345.15718333307734,1556.9737394386,808.343625815607,794.8354041065563,737.5357022492583,False,True,76736,Piña,Permanente,Frutales
76736|Plantas aromáticas,1,2026,3.3,4,pool_A_full,3.1033869156580973,1.417401351102371,21.912231496918665,0.16596402673430696,229.93440010106605,3.2401257301236615,3.1033869156580973,2.594808849426638,False,True,76736,Plantas aromáticas,Transitorio,"Cultivos para condimentos, bebidas medicinales y aromáticas"
76736|Plátano consumo interno,1,2026,81630.0,7,pool_A_full,83396.41907097455,72744.4364269973,91370.00076996883,61027.80210849787,105542.09965443115,84813.74058525449,83396.41907097455,77384.36937610149,False,True,76736,Plátano,Permanente,Frutales
76736|Repollo,1,2026,9.25,7,pool_A_full,9.082718839911898,4.939965849522938,55.29924570282797,1.8649717174253135,566.4450580805973,9.540230756846384,9.082718839911898,8.213949688640893,False,True,76736,Repollo,Transitorio,Hortalizas
76736|Tomate,1,2026,1355.0,7,pool_A_full,1330.4955706033104,821.9969868730476,2184.1751947374755,352.3835035552762,3644.199289380455,1397.5148838407406,1330.4955706033104,1203.2326300657742,False,True,76736,Tomate,Transitorio,Hortalizas
76736|Tomate de árbol,1,2026,207.0,6,pool_A_full,211.47934273786268,157.38021462637275,269.4106869811155,91.42017937261082,414.9619369163434,215.0734325756178,211.47934273786268,196.23379224369728,False,True,76736,Tomate de árbol,Permanente,Frutales
76736|Tomate invernadero,1,2026,2180.0,6,pool_A_full,2140.5758995684255,1322.7073794441128,3513.633196462014,567.3816087920767,5861.934221947112,2248.4003297216345,2140.5758995684255,1935.8281428364485,False,True,76736,Tomate,Transitorio,Hortalizas
76736|Uva,1,2026,37.8,6,pool_A_full,38.61796693474014,28.39825104735634,58.64822315719572,16.52495061810714,167.74559334214493,39.274278992069334,38.61796693474014,35.833996844501236,False,True,76736,Uva,Permanente,Frutales
76736|Yuca consumo en fresco,1,2026,152.5,7,pool_A_full,155.3687000390937,92.4370523906905,247.73217164236456,50.2028030758126,421.83441235337943,157.21863012195743,155.3687000390937,146.15172544799665,False,True,76736,Yuca,Transitorio,Raíces y tubérculos
76736|Zanahoria,1,2026,44.0,5,pool_A_full,43.20428421147281,28.212266226909783,90.8091344933275,16.767637275234325,156.9665105546794,45.38055711364767,43.20428421147281,39.07176068110263,False,True,76736,Zanahoria,Transitorio,Hortalizas
76823|Aguacate Hass,1,2026,945.0,6,pool_A_full,965.4491733685036,719.38262887712,1228.9463163594355,419.36748046337163,1890.9771913146376,981.8569748017334,965.4491733685036,895.849921112531,False,True,76823,Aguacate,Permanente,Frutales
76823|Ají,1,2026,5.0,6,pool_A_full,4.909577751303729,2.4814706811909297,31.997525280941126,0.6791872696471026,331.5849647861104,5.156881490187235,4.909577751303729,4.439972804670753,False,True,76823,Ají,Transitorio,Hortalizas
76823|Banano consumo interno,1,2026,150.0,7,pool_A_full,153.2459005346831,113.97352409481093,195.30021154132643,66.09091628023495,300.96075873110914,155.85031346059262,153.2459005346831,142.19840017659223,False,True,76823,Banano,Permanente,Frutales
76823|Berenjena,1,2026,10.0,2,pool_A_full,9.819155502607458,5.373817938052115,59.411314012572696,2.074227796444997,607.8909568972714,10.31376298037447,9.819155502607458,8.879945609341506,False,True,76823,Berenjena,Transitorio,Hortalizas
76823|Cacao,1,2026,5.4,7,pool_A_full,5.47501808373284,5.27531472285097,10.368504776619508,3.158119380054133,107.01771180903657,5.563116630328516,5.47501808373284,5.086544534143516,False,True,76823,Cacao,Permanente,Cultivos tropicales tradicionales
76823|Café,1,2026,309.34,7,pool_A_full,313.6374248188734,233.52794154103202,399.4216179273767,135.8549378231624,614.9525484578189,318.6841663751524,313.6374248188734,291.3836455911028,False,True,76823,Café,Permanente,Cultivos tropicales tradicionales
76823|Caña de azúcar,1,2026,244640.0,7,pool_A_full,248038.59703785216,245413.16571131296,274251.7947829518,222463.70191093808,342847.63255720824,252029.78748954966,248038.59703785216,230439.30645053144,False,True,76823,Caña,Permanente,Cultivos tropicales tradicionales
76823|Frijol,1,2026,15.73,7,pool_A_full,15.227682069659123,9.724014138464394,32.70373420189027,5.522615940395535,56.99053998185715,15.76653422418637,15.227682069659123,13.732656744900904,False,True,76823,Frijol,Transitorio,Leguminosas
76823|Granadilla,1,2026,56.0,7,pool_A_full,57.21180286628169,42.195684357077475,86.64282663646563,24.749907164671267,246.9426879821314,58.184117025287904,57.21180286628169,53.087402732594434,False,True,76823,Granadilla,Permanente,Frutales
76823|Guanábana,1,2026,80.0,7,pool_A_full,81.731146951831,60.3901019083581,123.55878726846991,35.596003709591,351.3784171777182,83.12016717898273,81.731146951831,75.83914676084919,False,True,76823,Guanábana,Permanente,Frutales
76823|Guayaba,1,2026,2682.0,7,pool_A_full,2740.0367015601337,2225.630030621179,3251.784415438085,1004.1905675531436,4099.76961243194,2786.6036046753957,2740.0367015601337,2542.507395157469,False,True,76823,Guayaba,Permanente,Frutales
76823|Limón Tahití,1,2026,180.0,5,pool_A_full,183.89508064161973,136.81915069036984,234.30572493068914,79.42210738148542,360.96137882860097,187.02037615271112,183.89508064161973,170.63808021191068,False,True,76823,Limón,Permanente,Frutales
76823|Lulo,1,2026,20.0,7,pool_A_full,20.43278673795775,14.904058030156575,31.268885688459285,8.480762347291682,90.28909418875145,20.78004179474568,20.43278673795775,18.959786690212297,False,True,76823,Lulo,Permanente,Frutales
"76823|Mango Kent, Keitt, Hilacha o Nam Doc",1,2026,0.0,2,pool_A_full,0.0,0.0,0.7557487299040222,0.0,15.682225503031251,0.0,0.0,0.0,False,True,76823,Mango,Permanente,Frutales
76823|Mango demás variedades,1,2026,0.0,2,pool_A_full,0.0,0.0,0.7557487299040222,0.0,15.682225503031251,0.0,0.0,0.0,False,True,76823,Mango,Permanente,Frutales
76823|Maracuyá,1,2026,90.0,7,pool_A_full,91.94754032080986,67.97110922139166,138.94043753180495,40.11521060330754,394.8933043425458,93.51018807635556,91.94754032080986,85.31904010595534,False,True,76823,Maracuyá,Permanente,Frutales
76823|Maíz amarillo tecnificado,1,2026,270.0,5,pool_A_full,268.9953151066407,160.3338628290255,428.47547074925785,87.40974534763694,729.0905511956037,274.70081957420723,268.9953151066407,246.76124128659254,False,True,76823,Maíz,Transitorio,Cereales
76823|Maíz amarillo tradicional,1,2026,26.84,4,pool_A_full,26.740126879489765,17.331978133503895,56.614258096730964,10.149971573023013,98.13091284395817,27.307296286561932,26.740126879489765,24.529895244933865,False,True,76823,Maíz,Transitorio,Cereales
76823|Maíz blanco tecnificado,1,2026,0.0,4,pool_A_full,0.0,0.0,4.583736549309541,0.0,55.2789726749492,0.0,0.0,0.0,False,True,76823,Maíz,Transitorio,Cereales
76823|Maíz blanco tradicional,1,2026,1.12,2,pool_A_full,1.1158324182201393,0.24648643952973473,10.81425080582978,0.0,118.07687484978295,1.1394996960115265,1.1158324182201393,1.0236021860777174,False,True,76823,Maíz,Transitorio,Cereales
76823|Melón,1,2026,50.0,6,pool_A_full,49.095777513037284,32.10564158338008,103.04534441140343,19.13568638764371,178.0200951880635,51.56881490187235,49.095777513037284,44.39972804670753,False,True,76823,Melón,Transitorio,Hortalizas
76823|Mora,1,2026,20.0,3,pool_A_full,20.43278673795775,14.904058030156575,31.268885688459285,8.480762347291682,90.28909418875145,20.78004179474568,20.43278673795775,18.959786690212297,False,True,76823,Mora,Permanente,Frutales
"76823|Papaya Hawaiana, Maradol, Melona, redonda y/o Tainung",1,2026,140.0,6,pool_A_full,143.02950716570422,106.35831522962462,182.29837374487218,61.647185913151446,280.9605520319452,145.46029256321975,143.02950716570422,132.71850683148608,False,True,76823,Papaya,Permanente,Frutales
76823|Patilla,1,2026,50.0,1,pool_A_full,49.095777513037284,32.10564158338008,103.04534441140343,19.13568638764371,178.0200951880635,51.56881490187235,49.095777513037284,44.39972804670753,False,True,76823,Patilla,Transitorio,Hortalizas
76823|Pimentón,1,2026,30.0,7,pool_A_full,29.45746650782237,19.1277237284791,62.25797801781697,11.242189346279094,107.84147974344987,30.94128894112341,29.45746650782237,26.63983682802452,False,True,76823,Pimentón,Transitorio,Hortalizas
76823|Plátano consumo interno,1,2026,1500.0,7,pool_A_full,1532.459005346831,1244.6768163988154,1818.753654325862,561.3487372594177,2293.154648661656,1558.503134605926,1532.459005346831,1421.9840017659224,False,True,76823,Plátano,Permanente,Frutales
76823|Soya,1,2026,300.0,6,pool_A_full,282.12608324164523,168.18006395401846,449.3622880773772,91.70940464571059,764.5972774568377,294.5568845566965,282.12608324164523,235.89171358423982,False,True,76823,Soya,Transitorio,Oleaginosas
76823|Tomate,1,2026,400.0,7,pool_A_full,392.76622010429827,234.29232466837047,625.3550635226925,127.93842706927146,1063.7777224008787,412.5505192149788,392.76622010429827,355.19782437366024,False,True,76823,Tomate,Transitorio,Hortalizas
76823|Uva,1,2026,3360.0,7,pool_A_full,3432.708171976901,2788.308777865481,4073.776679426315,1258.2064397520828,5136.05129215805,3491.0470215172745,3432.708171976901,3185.244163955666,False,True,76823,Uva,Permanente,Frutales
76823|Yuca consumo en fresco,1,2026,130.0,3,pool_A_full,132.44544921365366,78.73941988619255,211.2686725054604,42.69660332113651,359.8479707600122,134.02243879248832,132.44544921365366,124.5883561196037,False,True,76823,Yuca,Transitorio,Raíces y tubérculos
76828|Aguacate Hass,1,2026,4345.0,6,pool_A_full,4439.022918821321,3605.7697897174444,5267.968980353162,1627.2412983301863,6641.563761966617,4514.464079908499,4439.022918821321,4119.013658448622,False,True,76828,Aguacate,Permanente,Frutales
76828|Aguacate Papelillo,1,2026,350.0,6,pool_A_full,357.57376791426054,266.2777013985364,455.33696747041034,154.9655236219045,700.9648927143866,363.6507314080494,357.57376791426054,331.7962670787152,False,True,76828,Aguacate,Permanente,Frutales
76828|Ají,1,2026,12.0,7,pool_A_full,11.782986603128949,7.4475976590682205,25.549348263589206,4.138042009050949,44.68072584329752,12.376515576449364,11.782986603128949,10.655934731209808,False,True,76828,Ají,Transitorio,Hortalizas
76828|Banano consumo interno,1,2026,6620.0,7,pool_A_full,6763.2524102640145,5493.814258715649,8026.128863204524,2479.5806925080437,10118.762613554945,6878.19383406082,6763.2524102640145,6275.689394460271,False,True,76828,Banano,Permanente,Frutales
76828|Berenjena,1,2026,22.0,6,pool_A_full,21.602142105736405,13.93655658651871,45.94303146038243,8.084790529733256,79.77003356560436,22.690278556823834,21.602142105736405,19.535880340551316,False,True,76828,Berenjena,Transitorio,Hortalizas
76828|Cacao,1,2026,38.1,7,pool_A_full,38.629294257448365,28.406656412457984,58.66527740618805,16.52996124299418,167.7938400327064,39.25087844731787,38.629294257448365,35.88839754645703,False,True,76828,Cacao,Permanente,Cultivos tropicales tradicionales
76828|Café,1,2026,3485.43,7,pool_A_full,3533.850422145361,2870.4697979866296,4193.8020460706375,1295.2972367459968,5287.366692563937,3590.713629045541,3533.850422145361,3283.1101695629322,False,True,76828,Café,Permanente,Cultivos tropicales tradicionales
76828|Caña de azúcar,1,2026,29520.0,7,pool_A_full,29930.09885773952,26107.13228276101,32791.79487593104,21902.065219851822,37878.12125698489,30411.70424579589,29930.09885773952,27806.443453317886,False,True,76828,Caña,Permanente,Cultivos tropicales tradicionales
76828|Caña panelera,1,2026,2317.5,7,pool_A_full,2349.6952609353434,1908.5434431280626,2788.5667744479865,861.044897880856,3515.7933682335447,2387.5042205159884,2349.6952609353434,2182.9753625699254,False,True,76828,Caña,Permanente,Cultivos tropicales tradicionales
76828|Frijol,1,2026,18.46,7,pool_A_full,17.87050292472393,11.47051422969639,38.19268396439861,6.584881355928015,66.43480982906277,18.502874874664997,17.87050292472393,16.116010394842384,False,True,76828,Frijol,Transitorio,Leguminosas
76828|Guanábana,1,2026,5.88,7,pool_A_full,6.0072393009595775,5.791121103170943,11.302951502793327,3.4999005657138778,115.8963461723107,6.10933228765523,6.0072393009595775,5.574177286922415,False,True,76828,Guanábana,Permanente,Frutales
76828|Guayaba,1,2026,56.0,6,pool_A_full,57.21180286628169,42.195684357077475,86.64282663646563,24.749907164671267,246.9426879821314,58.184117025287904,57.21180286628169,53.087402732594434,False,True,76828,Guayaba,Permanente,Frutales
76828|Habichuela,1,2026,50.0,7,pool_A_full,48.40331236382429,31.64802810422286,101.60714385799335,18.85735432512014,175.5455318000761,50.116129129645174,48.40331236382429,43.65116574984394,False,True,76828,Habichuela,Transitorio,Leguminosas
76828|Limón Tahití,1,2026,420.0,5,pool_A_full,429.08852149711265,319.58416345484045,546.34983204559,186.07163619148895,840.966339608534,436.3808776896593,429.08852149711265,398.15552049445824,False,True,76828,Limón,Permanente,Frutales
76828|Lulo,1,2026,105.6,7,pool_A_full,107.88511397641689,80.16199673338389,137.57205172506983,46.36075345038431,212.15984098682162,109.71862067625719,107.88511397641689,100.10767372432092,False,True,76828,Lulo,Permanente,Frutales
"76828|Mango Kent, Keitt, Hilacha o Nam Doc",1,2026,99.0,6,pool_A_full,101.14229435289084,75.13595888236092,128.99083877941,43.427891408109204,198.95970456537344,102.86120688399112,101.14229435289084,93.85094411655086,False,True,76828,Mango,Permanente,Frutales
76828|Maracuyá,1,2026,121.0,7,pool_A_full,123.61835976464437,91.88941838577078,157.59488193160934,53.20409821569289,242.96015930353406,125.71925285821136,123.61835976464437,114.7067094757844,False,True,76828,Maracuyá,Permanente,Frutales
76828|Maíz amarillo tradicional,1,2026,58.0,5,pool_A_full,57.78417880068578,37.84734504105397,121.09053203470376,22.627935280128913,209.06858874906544,59.00980568631118,57.78417880068578,53.00797035045321,False,True,76828,Maíz,Transitorio,Cereales
76828|Mora,1,2026,273.0,7,pool_A_full,278.9075389731232,207.64059313660206,355.222816437713,120.7487997953617,546.9633011308247,283.6475704982785,278.9075389731232,258.80108832139786,False,True,76828,Mora,Permanente,Frutales
76828|Papaya demás variedades,1,2026,85.5,7,pool_A_full,87.35016330476937,64.55965593052655,132.0186949133042,38.0815675011351,375.31160511837334,88.83467867253779,87.35016330476937,81.05308810065758,False,True,76828,Papaya,Permanente,Frutales
76828|Pimentón,1,2026,256.0,7,pool_A_full,251.3703808667509,149.80220333743065,400.4398845517281,81.6384750302165,681.4312132959625,264.03233229758644,251.3703808667509,227.32660759914256,False,True,76828,Pimentón,Transitorio,Hortalizas
76828|Pitahaya,1,2026,56.0,7,pool_A_full,57.21180286628169,42.195684357077475,86.64282663646563,24.749907164671267,246.9426879821314,58.184117025287904,57.21180286628169,53.087402732594434,False,True,76828,Pitahaya,Permanente,Frutales
76828|Plátano consumo interno,1,2026,40089.5,7,pool_A_full,40957.010196567855,35725.6251176796,44872.98318672282,29971.369971268534,51833.162255604795,41653.07427652285,40957.010196567855,38004.418425863296,False,True,76828,Plátano,Permanente,Frutales
76828|Tomate,1,2026,147.5,7,pool_A_full,144.83254366346,86.14124386238228,230.97254484096683,46.75274727856759,393.34373942177234,152.12800396052344,144.83254366346,130.97919773778722,False,True,76828,Tomate,Transitorio,Hortalizas
76828|Tomate invernadero,1,2026,1440.0,7,pool_A_full,1413.9583923754737,873.5853303500667,2321.149655521216,374.5348234887651,3872.69319152369,1485.1818691739236,1413.9583923754737,1278.7121677451769,False,True,76828,Tomate,Transitorio,Hortalizas
76828|Uva,1,2026,32.4,7,pool_A_full,33.101114515491545,24.304507098318204,50.342132014994775,14.084578895500204,144.24755427313792,33.663667707488,33.101114515491545,30.71485443814392,False,True,76828,Uva,Permanente,Frutales
76828|Yuca consumo en fresco,1,2026,70.5,7,pool_A_full,71.82618591971217,47.126962563165094,150.25477579848732,28.272032759765658,259.2484956369338,72.68139949900328,71.82618591971217,67.56522389563123,False,True,76828,Yuca,Transitorio,Raíces y tubérculos
76834|Aguacate Hass,1,2026,400.0,6,pool_A_full,408.65573475915494,304.35374572446784,520.3461564526815,177.18417545732194,800.9659262102061,415.6008358949136,408.65573475915494,379.19573380424595,False,True,76834,Aguacate,Permanente,Frutales
76834|Ahuyama,1,2026,128.0,7,pool_A_full,125.68519043337545,74.69987326548419,200.51528102198208,40.48296210661225,341.5676496471483,132.01616614879322,125.68519043337545,113.66330379957128,False,True,76834,Ahuyama,Transitorio,Hortalizas
76834|Arracacha,1,2026,28.0,7,pool_A_full,28.526712138325404,18.512637545802075,60.32486780884722,10.868078412812848,104.51537634520054,28.866371432228252,28.526712138325404,26.834415164222335,False,True,76834,Arracacha,Transitorio,Raíces y tubérculos
76834|Arveja,1,2026,29.82,7,pool_A_full,28.867735493784807,18.73800178881562,61.0331489102209,11.005150630817752,105.73404259985263,29.88925941292038,28.867735493784807,26.033555253206927,False,True,76834,Arveja,Transitorio,Leguminosas
76834|Banano consumo interno,1,2026,5480.0,7,pool_A_full,5598.583566200423,4547.717250074789,6644.017976852631,2052.4743587222156,8376.34209012167,5693.731451760316,5598.583566200423,5194.981553118169,False,True,76834,Banano,Permanente,Frutales
76834|Cacao,1,2026,22.2,7,pool_A_full,22.508407677568336,16.444258857784483,34.39390977663573,9.39891028074074,99.1298276767903,22.870590591350567,22.508407677568336,20.911349751478898,False,True,76834,Cacao,Permanente,Cultivos tropicales tradicionales
76834|Café,1,2026,3345.73,7,pool_A_full,3392.209676534717,2755.410580590262,4025.717171595556,1243.3548671352673,5075.462902603108,3446.7937414053754,3392.209676534717,3151.5193785592564,False,True,76834,Café,Permanente,Cultivos tropicales tradicionales
76834|Caña de azúcar,1,2026,813000.0,7,pool_A_full,824294.3892731108,815569.4479203431,911407.1660129174,739302.8460436583,1139367.675044131,837558.11489946,824294.3892731108,765807.5381960516,False,True,76834,Caña,Permanente,Cultivos tropicales tradicionales
76834|Caña panelera,1,2026,280.0,7,pool_A_full,283.889826563925,211.35434604920883,361.56349780845846,122.91589946206163,556.7169175051985,288.45789935036754,283.889826563925,263.7467536222564,False,True,76834,Caña,Permanente,Cultivos tropicales tradicionales
76834|Cebolla de bulbo,1,2026,130.0,7,pool_A_full,127.64902153389694,75.87334717285835,203.63910295213435,41.12601699604356,346.878017829161,134.0789187448681,127.64902153389694,115.43929292143959,False,True,76834,Cebolla de bulbo,Transitorio,Hortalizas
76834|Cebolla de rama,1,2026,48.0,7,pool_A_full,47.131946412515795,30.807849797889986,98.96660777204477,18.346336683507243,171.00223364360224,49.50606230579746,47.131946412515795,42.62373892483923,False,True,76834,Cebolla de rama,Transitorio,Hortalizas
76834|Cilantro,1,2026,60.0,7,pool_A_full,58.91493301564474,38.59460051083057,123.43902760819665,23.082434908326015,213.10940291037033,61.88257788224682,58.91493301564474,53.27967365604904,False,True,76834,Cilantro,Transitorio,Hortalizas
76834|Cimarrón,1,2026,13.0,7,pool_A_full,12.225463607137959,7.740007235899283,26.46834133170283,4.31589289047805,46.261942450936914,12.764131664123514,12.225463607137959,10.22197425531706,False,True,76834,Cimarrón,Transitorio,"Cultivos para condimentos, bebidas medicinales y aromáticas"
76834|Curuba,1,2026,45.0,7,pool_A_full,45.97377016040493,33.85657631274053,69.72301134679701,19.778779581583056,199.07631210082081,46.75509403817778,45.97377016040493,42.65952005297767,False,True,76834,Curuba,Permanente,Frutales
76834|Fresa,1,2026,270.0,7,pool_A_full,275.8426209624296,205.3560304770463,351.3222650987769,119.41568068523672,540.9632391210757,280.53056422906667,275.8426209624296,255.957120317866,False,True,76834,Fresa,Permanente,Frutales
76834|Frijol,1,2026,37.0,7,pool_A_full,35.81845114922997,23.331361003118097,75.46928784604874,13.798947584489262,130.57281824195397,37.085935555937425,35.81845114922997,32.301862654884516,False,True,76834,Frijol,Transitorio,Leguminosas
76834|Granadilla,1,2026,72.0,7,pool_A_full,73.55803225664789,54.3252960579312,111.25346705780177,31.980638194617747,316.5665074458561,74.80815046108445,73.55803225664789,68.25523208476427,False,True,76834,Granadilla,Permanente,Frutales
76834|Habichuela,1,2026,120.0,7,pool_A_full,116.1679496731783,69.0129108279693,185.3764203565469,37.36654939519597,315.83221216472697,120.27870991114841,116.1679496731783,104.76279779962546,False,True,76834,Habichuela,Transitorio,Leguminosas
76834|Lechuga,1,2026,24.0,7,pool_A_full,23.565973206257897,15.23434837200881,50.02176809974108,8.874140233869715,86.78789511006572,24.75303115289873,23.565973206257897,21.311869462419615,False,True,76834,Lechuga,Transitorio,Hortalizas
76834|Limón Pajarito,1,2026,612.0,5,pool_A_full,625.243274181507,465.7961736664167,795.9851177375101,271.39125923949155,1224.9703082324795,635.8692789192178,625.243274181507,580.1694727204963,False,True,76834,Limón,Permanente,Frutales
76834|Lulo,1,2026,1066.0,7,pool_A_full,1089.067533133148,884.4960253899274,1292.5816151357562,398.7486066777958,1629.8120985124995,1107.5762276599448,1089.067533133148,1010.5566305883154,False,True,76834,Lulo,Permanente,Frutales
76834|Maracuyá,1,2026,200.0,7,pool_A_full,204.32786737957747,152.04956842074233,260.30940052359745,88.30956811565235,400.9617922269286,207.8004179474568,204.32786737957747,189.59786690212297,False,True,76834,Maracuyá,Permanente,Frutales
76834|Maíz amarillo tradicional,1,2026,94.0,5,pool_A_full,93.65022081490454,61.54930937583592,195.58173427369687,37.0440679327545,337.2379190630537,95.63658162953881,93.65022081490454,85.90946918866555,False,True,76834,Maíz,Transitorio,Cereales
76834|Maíz blanco tradicional,1,2026,60.0,5,pool_A_full,59.7767366903646,39.16412083743077,125.22893215909234,23.428831538608126,216.1891070998427,61.044626572046056,59.7767366903646,54.83583139702056,False,True,76834,Maíz,Transitorio,Cereales
76834|Mora,1,2026,588.0,7,pool_A_full,600.7239300959577,447.51967238996997,764.7807070260207,260.7263063584914,1176.9698121544873,610.933228765523,600.7239300959577,557.4177286922416,False,True,76834,Mora,Permanente,Frutales
76834|Papa todas las variedades,1,2026,8480.0,7,pool_A_full,8639.518533321409,5339.70174542311,14179.330138183068,2292.2233341609176,23653.913101416223,8742.386776617699,8639.518533321409,8126.994306878764,False,True,76834,Papa,Transitorio,Raíces y tubérculos
76834|Papaya demás variedades,1,2026,510.0,7,pool_A_full,521.0360618179226,388.121043241517,663.3663722136778,226.06520949524025,1020.968199901009,529.8910657660149,521.0360618179226,483.47456060041355,False,True,76834,Papaya,Permanente,Frutales
76834|Pepino cohombro,1,2026,60.0,7,pool_A_full,58.91493301564474,38.59460051083057,123.43902760819665,23.082434908326015,213.10940291037033,61.88257788224682,58.91493301564474,53.27967365604904,False,True,76834,Pepino Cohombro,Transitorio,Hortalizas
76834|Pimentón,1,2026,128.0,7,pool_A_full,125.68519043337545,74.69987326548419,200.51528102198208,40.48296210661225,341.5676496471483,132.01616614879322,125.68519043337545,113.66330379957128,False,True,76834,Pimentón,Transitorio,Hortalizas
76834|Plátano consumo interno,1,2026,4257.0,7,pool_A_full,4349.1186571743065,3532.737739927626,5161.279718950564,1594.2716865993514,6507.061125070017,4423.031896011618,4349.1186571743065,4035.5905970116874,False,True,76834,Plátano,Permanente,Frutales
76834|Repollo,1,2026,54.0,7,pool_A_full,53.02343971408027,34.70122515436028,111.2028176901207,20.714385795916627,192.05581827698637,55.69432009402214,53.02343971408027,47.951706290444136,False,True,76834,Repollo,Transitorio,Hortalizas
76834|Tomate,1,2026,816.0,7,pool_A_full,801.2430890127686,478.37489740219695,1275.1100249943684,261.69384407098545,2168.3343042595266,841.6030591985568,801.2430890127686,724.6035617222669,False,True,76834,Tomate,Transitorio,Hortalizas
76834|Tomate de árbol,1,2026,144.0,7,pool_A_full,147.11606451329578,109.40439877569918,187.49910886345393,63.42467805998487,288.9606347116109,149.6163009221689,147.11606451329578,136.51046416952855,False,True,76834,Tomate de árbol,Permanente,Frutales
76834|Yuca consumo en fresco,1,2026,94.0,7,pool_A_full,95.76824789294957,62.949001102177554,199.98072492217062,37.89539575161015,344.80680865706864,96.9085326653377,95.76824789294957,90.08696519417498,False,True,76834,Yuca,Transitorio,Raíces y tubérculos
76834|Zanahoria,1,2026,630.0,7,pool_A_full,618.6067966642698,369.24182401639933,984.5945854902051,201.88973935387295,1674.4700633323419,649.7670677635916,618.6067966642698,559.436573388515,False,True,76834,Zanahoria,Transitorio,Hortalizas
76845|Aguacate demás variedades,1,2026,245.5,7,pool_A_full,250.81245720843134,186.6987687573399,319.4677624974641,108.52854128588218,491.96273270812424,255.07501303050324,250.81245720843134,232.73138162235594,False,True,76845,Aguacate,Permanente,Frutales
76845|Banano consumo interno,1,2026,128.0,7,pool_A_full,130.76983512292958,97.22006459140113,166.6961683891272,56.314709472651295,256.96030399294864,132.99226748637236,130.76983512292958,121.3426348173587,False,True,76845,Banano,Permanente,Frutales
76845|Cacao,1,2026,10.98,7,pool_A_full,11.132536770256772,8.002868885241293,17.266567336159174,4.36681016775435,50.67635480676636,11.311670481667983,11.132536770256772,10.342640552758482,False,True,76845,Cacao,Permanente,Cultivos tropicales tradicionales
76845|Café,1,2026,99.47,7,pool_A_full,100.85186088683434,74.91947235667806,128.62122019876747,43.3015642429228,198.39113509631588,102.47466874421806,100.85186088683434,93.69603422430657,False,True,76845,Café,Permanente,Cultivos tropicales tradicionales
76845|Caña panelera,1,2026,0.0,1,pool_A_full,0.0,0.0,0.7557487299040222,0.0,15.682225503031251,0.0,0.0,0.0,False,True,76845,Caña,Permanente,Cultivos tropicales tradicionales
76845|Guayaba,1,2026,48.0,1,pool_A_full,49.03868817109859,36.13087850665061,74.33750642579757,21.13454164969803,212.1307782502694,49.87210030738963,49.03868817109859,45.50348805650951,False,True,76845,Guayaba,Permanente,Frutales
76845|Habichuela,1,2026,6.0,3,pool_A_full,5.808397483658915,3.0109864397711634,37.01629787173339,0.934583969004426,382.16961594303314,6.013935495557421,5.808397483658915,5.238139889981273,False,True,76845,Habichuela,Transitorio,Leguminosas
76845|Limón Tahití,1,2026,243.0,5,pool_A_full,248.25835886618663,184.7949665410433,316.21730304835046,107.4176086941113,486.9626810333332,252.47750780616002,248.25835886618663,230.3614082860794,False,True,76845,Limón,Permanente,Frutales
76845|Maíz amarillo tradicional,1,2026,0.0,5,pool_A_full,0.0,0.0,4.583736549309541,0.0,55.2789726749492,0.0,0.0,0.0,False,True,76845,Maíz,Transitorio,Cereales
76845|Naranja Valencia,1,2026,444.0,5,pool_A_full,453.607865582662,337.86066473128744,577.5542427570799,196.73658907248924,888.9668356865271,461.3169278433541,453.607865582662,420.907264522713,False,True,76845,Naranja,Permanente,Frutales
"76845|Papaya Hawaiana, Maradol, Melona, redonda y/o Tainung",1,2026,0.0,3,pool_A_full,0.0,0.0,0.7557487299040222,0.0,15.682225503031251,0.0,0.0,0.0,False,True,76845,Papaya,Permanente,Frutales
76845|Piña demás variedades,1,2026,550.0,7,pool_A_full,561.901635293838,418.58187870226214,715.3737233994947,243.84013096357424,1100.9690266976647,571.4511493555062,561.901635293838,521.3941339808382,False,True,76845,Piña,Permanente,Frutales
76845|Plátano consumo interno,1,2026,1609.2,7,pool_A_full,1644.0220209360803,1335.302950910729,1951.1453287027266,602.2610281799541,2460.060193537895,1671.9621628052375,1644.0220209360803,1525.5044370944815,False,True,76845,Plátano,Permanente,Frutales
76845|Yuca consumo en fresco,1,2026,204.0,4,pool_A_full,207.8374741506565,123.78941123431916,331.1930696668343,67.38366029207126,563.7144897781981,210.31213472052013,207.8374741506565,195.50788191076273,False,True,76845,Yuca,Transitorio,Raíces y tubérculos
76863|Aguacate Hass,1,2026,11483.0,6,pool_A_full,11731.48450559844,10232.946268845464,12853.220942765136,8584.631103569558,14846.974855368322,11930.860996453233,11731.48450559844,10885.76152818539,False,True,76863,Aguacate,Permanente,Frutales
76863|Aguacate demás variedades,1,2026,710.0,7,pool_A_full,725.3639291975,540.4252205452426,923.403128142762,314.9398168369099,1420.9723338842869,737.6914837134717,725.3639291975,673.0724275025366,False,True,76863,Aguacate,Permanente,Frutales
76863|Ahuyama,1,2026,264.0,7,pool_A_full,259.22570526883686,154.4960989669273,412.9351722723372,84.21069458794176,702.6726860240133,272.283342681886,259.22570526883686,234.43056408661576,False,True,76863,Ahuyama,Transitorio,Hortalizas
76863|Ají,1,2026,0.0,3,pool_A_full,0.0,0.0,4.583736549309541,0.0,55.2789726749492,0.0,0.0,0.0,False,True,76863,Ají,Transitorio,Hortalizas
76863|Arracacha,1,2026,168.0,7,pool_A_full,171.16027282995242,101.87319922712241,272.85147104778747,55.373740684589436,464.5361832288103,173.19822859336952,171.16027282995242,161.006490985334,False,True,76863,Arracacha,Transitorio,Raíces y tubérculos
76863|Banano consumo interno,1,2026,1300.0,7,pool_A_full,1328.1311379672536,1078.6948850583144,1576.2780602290395,486.4178015075184,1987.4668375330132,1350.7027166584692,1328.1311379672536,1232.3861348637993,False,True,76863,Banano,Permanente,Frutales
76863|Berenjena,1,2026,203.0,7,pool_A_full,199.32885670293138,118.70514479201536,317.65860340269273,64.59752046028669,540.7064564726255,209.36938850160175,199.32885670293138,180.2628958696326,False,True,76863,Berenjena,Transitorio,Hortalizas
76863|Café,1,2026,952.49,7,pool_A_full,965.7222175138318,719.5861535576007,1229.2938045150504,419.4862439561548,1891.511718436619,981.2616591151127,965.7222175138318,897.2005191345106,False,True,76863,Café,Permanente,Cultivos tropicales tradicionales
76863|Caña panelera,1,2026,34240.0,7,pool_A_full,34715.67021981711,30281.463828808075,38034.91210282036,25404.064333083094,43934.472170450244,35274.280263416375,34715.67021981711,32252.460157235924,False,True,76863,Caña,Permanente,Cultivos tropicales tradicionales
76863|Cilantro,1,2026,12.0,6,pool_A_full,11.782986603128949,7.4475976590682205,25.549348263589206,4.138042009050949,44.68072584329752,12.376515576449364,11.782986603128949,10.655934731209808,False,True,76863,Cilantro,Transitorio,Hortalizas
76863|Frijol,1,2026,30.419999999999998,7,pool_A_full,29.448575242150696,19.121847962712767,62.239511495387575,11.238615557308409,107.8097063025352,30.49065296247612,29.448575242150696,26.557369242205052,False,True,76863,Frijol,Transitorio,Leguminosas
76863|Granadilla,1,2026,146.7,7,pool_A_full,149.87449072292006,111.46050516929948,191.00960506849657,64.62448525909741,294.36069052038516,152.42160656445955,149.87449072292006,139.0700353727072,False,True,76863,Granadilla,Permanente,Frutales
76863|Guayaba,1,2026,18.0,6,pool_A_full,18.389508064161973,13.38785656754986,28.192555635792267,7.576920968548372,81.58611675578591,18.702037615271113,18.389508064161973,17.06380802119107,False,True,76863,Guayaba,Permanente,Frutales
76863|Habichuela,1,2026,48.0,7,pool_A_full,46.46717986927132,30.368540857899042,97.58593524077104,18.079137903484607,168.62665279113423,48.11148396445937,46.46717986927132,41.905119119850184,False,True,76863,Habichuela,Transitorio,Leguminosas
76863|Lulo,1,2026,1020.0,7,pool_A_full,1042.0721236358452,846.3201811816118,1236.8122284934866,381.5144914548588,1559.503901952911,1059.7821315320298,1042.0721236358452,966.9491212008271,False,True,76863,Lulo,Permanente,Frutales
76863|Maracuyá,1,2026,110.0,7,pool_A_full,112.3803270587676,83.51268863406585,143.29286035550967,48.31599481190104,220.95993193445375,114.29022987110125,112.3803270587676,104.27882679616764,False,True,76863,Maracuyá,Permanente,Frutales
76863|Maíz amarillo tradicional,1,2026,15.0,5,pool_A_full,14.94418417259115,9.536665418953417,32.11492936035109,5.408665722826167,55.97744420735766,15.261156643011514,14.94418417259115,13.70895784925514,False,True,76863,Maíz,Transitorio,Cereales
76863|Maíz blanco tradicional,1,2026,12.0,5,pool_A_full,11.95534733807292,7.561501724388259,25.907329173768332,4.207321335107369,45.29666668119197,12.20892531440921,11.95534733807292,10.967166279404113,False,True,76863,Maíz,Transitorio,Cereales
76863|Mora,1,2026,273.0,7,pool_A_full,278.9075389731232,207.64059313660206,355.222816437713,120.7487997953617,546.9633011308247,283.6475704982785,278.9075389731232,258.80108832139786,False,True,76863,Mora,Permanente,Frutales
76863|Pepino cohombro,1,2026,86.0,7,pool_A_full,84.44473732242413,55.46589372220182,176.46260391985905,33.34398106210001,304.34160298836815,88.69836163122045,84.44473732242413,76.36753224033696,False,True,76863,Pepino Cohombro,Transitorio,Hortalizas
76863|Pimentón,1,2026,295.0,7,pool_A_full,289.66508732692,172.68494453122685,461.3544121896976,94.17804537412718,784.9833928452106,304.2560079210469,289.66508732692,261.95839547557443,False,True,76863,Pimentón,Transitorio,Hortalizas
76863|Plátano consumo interno,1,2026,4439.0,7,pool_A_full,4535.057016489722,3683.7812974474805,5381.93250957867,1662.458838133579,6785.23703319708,4612.130276343803,4535.057016489722,4208.12465589262,False,True,76863,Plátano,Permanente,Frutales
76863|Repollo,1,2026,240.0,7,pool_A_full,235.65973206257897,140.41441207843732,375.44930911050983,76.49403591476603,638.9482678398606,247.53031152898728,235.65973206257897,213.11869462419617,False,True,76863,Repollo,Transitorio,Hortalizas
76863|Tomate invernadero,1,2026,1260.0,2,pool_A_full,1237.2135933285397,764.3394265163803,2031.0860915085918,327.6261459825544,3388.823751690968,1299.5341355271833,1237.2135933285397,1118.87314677703,False,True,76863,Tomate,Transitorio,Hortalizas
76863|Yuca consumo en fresco,1,2026,0.0,7,pool_A_full,0.0,0.0,4.583736549309541,0.0,55.2789726749492,0.0,0.0,0.0,False,True,76863,Yuca,Transitorio,Raíces y tubérculos
76869|Aguacate demás variedades,1,2026,355.0,7,pool_A_full,362.68196459875,270.0853058311296,461.83788636863756,157.1873888054463,710.9649960639687,368.84574185673586,362.68196459875,336.5362137512683,False,True,76869,Aguacate,Permanente,Frutales
76869|Ají,1,2026,6268.0,7,pool_A_full,6154.646669034354,3803.8032398447317,10101.299028037643,1632.7297957109097,16851.146833259216,6464.666636098718,6154.646669034354,5565.949907935256,False,True,76869,Ají,Transitorio,Hortalizas
76869|Arracacha,1,2026,29.0,7,pool_A_full,29.54552328612274,19.185915781504736,62.44086564389758,11.277583220976444,108.1561556226531,29.897313269093548,29.54552328612274,27.792787134373132,False,True,76869,Arracacha,Transitorio,Raíces y tubérculos
76869|Arveja,1,2026,2.8,5,pool_A_full,2.71058549237416,1.18599283153574,19.718931833107334,0.05435078172164302,207.82793953338827,2.8065032312601295,2.71058549237416,2.4444652819912607,False,True,76869,Arveja,Transitorio,Leguminosas
76869|Banano consumo interno,1,2026,480.0,7,pool_A_full,490.3868817109859,365.27541664595805,624.3608588243151,212.73401839398977,960.9675798035171,498.7210030738963,490.3868817109859,455.03488056509514,False,True,76869,Banano,Permanente,Frutales
76869|Café,1,2026,514.39,7,pool_A_full,521.536028165062,388.4937137154821,664.0026516828035,226.2826752445574,1021.9469631420347,529.928067310127,521.536028165062,484.5310449848302,False,True,76869,Café,Permanente,Cultivos tropicales tradicionales
76869|Caña de azúcar,1,2026,26500.0,7,pool_A_full,26868.144299800042,23436.267607112262,29437.088514658644,19661.37934655555,34003.0831725219,27300.479759945498,26868.144299800042,24961.74632496355,False,True,76869,Caña,Permanente,Cultivos tropicales tradicionales
76869|Cebolla de rama,1,2026,25.0,7,pool_A_full,24.547888756518642,15.883244264753852,52.061136419420386,9.268815085937941,90.29682588229636,25.784407450936175,24.547888756518642,22.199864023353765,False,True,76869,Cebolla de rama,Transitorio,Hortalizas
76869|Cilantro,1,2026,34.0,7,pool_A_full,33.38512870886535,21.723307299459297,70.41545129653426,12.820888754552016,121.87720283237262,35.0667941332732,33.38512870886535,30.19181507176112,False,True,76869,Cilantro,Transitorio,Hortalizas
76869|Frijol,1,2026,87.1,7,pool_A_full,84.3185701377819,55.38251652352946,176.20056370746582,33.29326894645899,303.8907374159476,87.30229694384188,84.3185701377819,76.04033073622814,False,True,76869,Frijol,Transitorio,Leguminosas
76869|Habichuela,1,2026,170.0,7,pool_A_full,164.57126203700258,97.93598067564915,262.37047988334314,53.21617448360764,446.718931400724,170.39483904079358,164.57126203700258,148.4139635494694,False,True,76869,Habichuela,Transitorio,Leguminosas
76869|Limón Tahití,1,2026,25.2,5,pool_A_full,25.74531128982676,18.846181832934032,39.26734382539352,10.83074993202429,112.91683551446195,26.182852661379556,25.74531128982676,23.889331229667494,False,True,76869,Limón,Permanente,Frutales
76869|Lulo,1,2026,180.0,6,pool_A_full,183.89508064161973,136.81915069036984,234.30572493068914,79.42210738148542,360.96137882860097,187.02037615271112,183.89508064161973,170.63808021191068,False,True,76869,Lulo,Permanente,Frutales
76869|Mandarina Arrayana y/o Oneco,1,2026,126.31,5,pool_A_full,129.04326464357214,95.93309429318462,164.49885780152638,55.563719040614174,253.5802690607899,131.23635395471635,129.04326464357214,119.74053284203576,False,True,76869,Mandarina,Permanente,Frutales
76869|Mango demás variedades,1,2026,259.0,7,pool_A_full,264.6045882565528,196.97930072534137,337.0202435226773,114.52757728144489,518.9630117519955,269.10154124195657,264.6045882565528,245.52923763824924,False,True,76869,Mango,Permanente,Frutales
76869|Maracuyá,1,2026,456.0,7,pool_A_full,465.8675376254366,346.99891536951094,593.1564481128249,202.0690655129894,912.9670837255237,473.78495292020153,465.8675376254366,432.28313653684035,False,True,76869,Maracuyá,Permanente,Frutales
76869|Maíz amarillo tecnificado,1,2026,13.42,4,pool_A_full,13.370063439744882,8.496412539815765,28.845593262084165,4.775957678627599,50.35223471024372,13.653648143280966,13.370063439744882,12.264947622466932,False,True,76869,Maíz,Transitorio,Cereales
76869|Maíz amarillo tradicional,1,2026,25.73,5,pool_A_full,25.634257250718022,16.60116756651479,54.317446027695375,9.705474149567063,94.17902515927683,26.177970694979084,25.634257250718022,23.515432364088987,False,True,76869,Maíz,Transitorio,Cereales
76869|Maíz blanco tradicional,1,2026,0.0,4,pool_A_full,0.0,0.0,4.583736549309541,0.0,55.2789726749492,0.0,0.0,0.0,False,True,76869,Maíz,Transitorio,Cereales
76869|Naranja Valencia,1,2026,726.75,5,pool_A_full,742.4763880905397,553.1806953944296,945.1812064518226,322.3830652017747,1454.472680105386,755.0947687165711,742.4763880905397,688.9512488555894,False,True,76869,Naranja,Permanente,Frutales
76869|Papaya demás variedades,1,2026,1110.0,7,pool_A_full,1134.019663956655,921.0120502848378,1345.9262458370574,415.2334125432133,1697.063416960801,1153.2923196083852,1134.019663956655,1052.2681613067825,False,True,76869,Papaya,Permanente,Frutales
76869|Pepino cohombro,1,2026,160.0,7,pool_A_full,157.10648804171933,93.47545578347085,250.4964319044187,50.771840337513346,426.53354055935205,165.02020768599152,157.10648804171933,142.0791297494641,False,True,76869,Pepino Cohombro,Transitorio,Hortalizas
76869|Pimentón,1,2026,880.0,7,pool_A_full,864.0856842294562,515.9260624381699,1375.0723267592407,282.27160053278743,2338.2660860839324,907.6111422729534,864.0856842294562,781.4352136220525,False,True,76869,Pimentón,Transitorio,Hortalizas
"76869|Piña Cayena, Gold, Manzana y/o Perolera",1,2026,390.0,6,pool_A_full,398.4393413901761,296.73853685928157,507.3443186562272,172.74044509023844,780.9657195110422,405.21081499754075,398.4393413901761,369.71584045913977,False,True,76869,Piña,Permanente,Frutales
76869|Piña demás variedades,1,2026,15834.0,7,pool_A_full,16176.637260441148,14110.339367311815,17723.372325264227,11837.517713723142,20472.511057924712,16451.559088900154,16176.637260441148,15010.463122641075,False,True,76869,Piña,Permanente,Frutales
76869|Plátano consumo interno,1,2026,1859.0,7,pool_A_full,1899.2275272931724,1542.6143831550157,2253.9973457296596,695.8497669340768,2841.864269637572,1931.504884821611,1899.2275272931724,1762.312172855233,False,True,76869,Plátano,Permanente,Frutales
76869|Tomate,1,2026,26.0,7,pool_A_full,25.52980430677939,16.532140157498908,54.100504739099726,9.66348993800618,93.80575665452712,26.815783748973622,25.52980430677939,23.087858584287915,False,True,76869,Tomate,Transitorio,Hortalizas
76869|Tomate invernadero,1,2026,9600.0,6,pool_A_full,9426.38928250316,5826.066304143862,15470.697890760233,2501.0615371036556,25808.107797273806,9901.212461159492,9426.38928250316,8524.747784967845,False,True,76869,Tomate,Transitorio,Hortalizas
76869|Yuca consumo en fresco,1,2026,615.0,7,pool_A_full,626.5688558953616,373.99949831648206,997.259653900952,204.4969091441546,1696.0001562170428,634.0292296721562,626.5688558953616,589.3987616427405,False,True,76869,Yuca,Transitorio,Raíces y tubérculos
76890|Acelga,1,2026,20.0,7,pool_A_full,19.638311005214916,12.63876480102861,41.86429482102378,7.295440825596794,72.752172021143,20.62752596074894,19.638311005214916,17.759891218683013,False,True,76890,Acelga,Transitorio,Hortalizas
76890|Aguacate Hass,1,2026,1180.0,6,pool_A_full,1205.534417539507,979.105726254013,1430.792703770945,441.4592400563784,1804.054150855826,1226.0224658899951,1205.534417539507,1118.6274147225256,False,True,76890,Aguacate,Permanente,Frutales
76890|Aguacate demás variedades,1,2026,600.0,7,pool_A_full,612.9836021387324,456.6579230281933,780.3829123817653,266.0587827989915,1200.9700601934835,623.4012538423705,612.9836021387324,568.7936007063689,False,True,76890,Aguacate,Permanente,Frutales
76890|Ahuyama,1,2026,300.0,7,pool_A_full,294.57466507822375,175.61862929966227,469.16396701507836,95.78568259770547,798.2593133002424,309.4128894112341,294.57466507822375,266.39836828024517,False,True,76890,Ahuyama,Transitorio,Hortalizas
76890|Cacao,1,2026,9.1,7,pool_A_full,9.226419363327562,8.911014789898694,16.955022808628264,5.567189773576496,169.59943390759557,9.374881728886944,9.226419363327562,8.571769492723332,False,True,76890,Cacao,Permanente,Cultivos tropicales tradicionales
76890|Café,1,2026,871.55,7,pool_A_full,883.6577797921028,658.416050656845,1124.854941446705,383.7914326082509,1730.8575954200846,897.8767220671886,883.6577797921028,820.9588682838483,False,True,76890,Café,Permanente,Cultivos tropicales tradicionales
76890|Caña de azúcar,1,2026,319400.0,7,pool_A_full,323837.18073042016,320409.4421170192,358060.88682523544,290446.83657094627,447618.9718075469,329048.0466160978,323837.18073042016,300859.6896676739,False,True,76890,Caña,Permanente,Cultivos tropicales tradicionales
76890|Caña panelera,1,2026,1360.0,7,pool_A_full,1378.8934433104928,1119.9306968358383,1636.517616896857,505.0333094608533,2063.4105558677825,1401.0812254160708,1378.8934433104928,1281.0556604509595,False,True,76890,Caña,Permanente,Cultivos tropicales tradicionales
76890|Cilantro,1,2026,48.0,7,pool_A_full,47.131946412515795,30.807849797889986,98.96660777204477,18.346336683507243,171.00223364360224,49.50606230579746,47.131946412515795,42.62373892483923,False,True,76890,Cilantro,Transitorio,Hortalizas
76890|Frijol,1,2026,25.5,7,pool_A_full,24.68568930555039,15.9743093367562,52.34733829702091,9.324203160085043,90.78926394053818,25.55922585611904,24.68568930555039,22.26209453242041,False,True,76890,Frijol,Transitorio,Leguminosas
76890|Guanábana,1,2026,60.0,6,pool_A_full,61.29836021387324,45.22808728229091,92.79548674179968,26.557589922157888,264.3486428480625,62.34012538423704,61.29836021387324,56.87936007063689,False,True,76890,Guanábana,Permanente,Frutales
76890|Guayaba,1,2026,255.0,7,pool_A_full,260.5180309089613,193.93321717926685,331.8195084040956,112.7500851346115,510.9629290723299,264.94553288300744,260.5180309089613,241.73728030020678,False,True,76890,Guayaba,Permanente,Frutales
76890|Habichuela,1,2026,207.0,7,pool_A_full,200.38971318623257,119.33905236293228,319.34608393317245,64.94489704903226,543.575103635362,207.480774596731,200.38971318623257,180.7158262043539,False,True,76890,Habichuela,Transitorio,Leguminosas
76890|Limón Tahití,1,2026,111.3,5,pool_A_full,113.70845819673485,84.50266578654005,144.98309926904867,48.89367975962188,223.559958805345,115.6409325877597,113.70845819673485,105.51121293103142,False,True,76890,Limón,Permanente,Frutales
76890|Lulo,1,2026,66.0,7,pool_A_full,67.42819623526056,49.776691670111035,102.02447689980067,29.269114058387803,290.457575146959,68.57413792266074,67.42819623526056,62.56729607770058,False,True,76890,Lulo,Permanente,Frutales
76890|Mandarina Arrayana y/o Oneco,1,2026,235.8,5,pool_A_full,240.90255564052185,179.3120161581092,306.8559798349035,104.21812282981121,472.5625322099353,244.9966927600516,240.90255564052185,223.53588507760298,False,True,76890,Mandarina,Permanente,Frutales
"76890|Mango Kent, Keitt, Hilacha o Nam Doc",1,2026,120.0,6,pool_A_full,122.59672042774648,91.12789749925211,156.29469815196387,52.75972517898452,240.9601386336176,124.68025076847408,122.59672042774648,113.75872014127378,False,True,76890,Mango,Permanente,Frutales
76890|Maracuyá,1,2026,135.0,7,pool_A_full,137.9213104812148,102.55071079703156,175.7974548466452,59.42532072960975,270.9604486823635,140.26528211453333,137.9213104812148,127.978560158933,False,True,76890,Maracuyá,Permanente,Frutales
76890|Maíz amarillo tecnificado,1,2026,226.53000000000003,5,pool_A_full,225.68706937447158,134.45531536771188,359.58601903487715,73.22849566513163,611.981330298843,230.4739876227599,225.68706937447158,207.03268143945118,False,True,76890,Maíz,Transitorio,Cereales
76890|Maíz amarillo tradicional,1,2026,33.0,5,pool_A_full,32.87720517970053,21.387647586344357,69.36053047984761,12.616732049138944,120.06210936435161,33.57454461462533,32.87720517970053,30.15970726836131,False,True,76890,Maíz,Transitorio,Cereales
76890|Maíz blanco tecnificado,1,2026,226.51999999999998,5,pool_A_full,225.67710658502315,134.44936217068846,359.570171449942,73.22523335786626,611.9543900593917,230.46381351833116,225.67710658502315,207.02354213421827,False,True,76890,Maíz,Transitorio,Cereales
76890|Maíz blanco tradicional,1,2026,24.0,5,pool_A_full,23.91069467614584,15.462156502648881,50.73772992009932,9.012698885982552,88.01977678585459,24.41785062881842,23.91069467614584,21.934332558808226,False,True,76890,Maíz,Transitorio,Cereales
76890|Naranja Valencia,1,2026,972.9,5,pool_A_full,993.9529108679545,740.6290616109898,1265.2214438115427,431.7654881875346,1946.777768005305,1010.8451331054036,993.9529108679545,922.2988235453772,False,True,76890,Naranja,Permanente,Frutales
76890|Papaya demás variedades,1,2026,350.0,7,pool_A_full,357.57376791426054,266.2777013985364,455.33696747041034,154.9655236219045,700.9648927143866,363.6507314080494,357.57376791426054,331.7962670787152,False,True,76890,Papaya,Permanente,Frutales
76890|Perejil,1,2026,10.0,7,pool_A_full,9.404202774721508,5.129359566064976,57.094327299640234,1.9563203303798113,584.5378436631825,9.81856281855655,9.404202774721508,7.863057119474661,False,True,76890,Perejil,Transitorio,"Cultivos para condimentos, bebidas medicinales y aromáticas"
76890|Pimentón,1,2026,120.0,7,pool_A_full,117.82986603128948,70.00597763598749,188.01999330137284,37.910742548886965,320.32617691909724,123.76515576449364,117.82986603128948,106.55934731209808,False,True,76890,Pimentón,Transitorio,Hortalizas
76890|Piña demás variedades,1,2026,420.0,7,pool_A_full,429.08852149711265,319.58416345484045,546.34983204559,186.07163619148895,840.966339608534,436.3808776896593,429.08852149711265,398.15552049445824,False,True,76890,Piña,Permanente,Frutales
76890|Plátano consumo interno,1,2026,9109.62,7,pool_A_full,9306.746136191734,7559.973938235349,11044.489306081192,3412.3284738412653,13923.995055265428,9464.914216712557,9306.746136191734,8635.822601444588,False,True,76890,Plátano,Permanente,Frutales
76890|Tomate,1,2026,1410.0,7,pool_A_full,1384.5009258676514,855.3776797111186,2272.805728185778,366.7167105710629,3792.0482848848983,1454.2405802328003,1384.5009258676514,1252.0723309171524,False,True,76890,Tomate,Transitorio,Hortalizas
76890|Uva,1,2026,752.5,7,pool_A_full,768.7836010156602,572.7898582222839,978.6609387776917,333.8256708970145,1505.9732123557324,781.8490725273062,768.7836010156602,713.3619742192377,False,True,76890,Uva,Permanente,Frutales
76890|Yuca consumo en fresco,1,2026,304.0,7,pool_A_full,309.71858893039007,184.6677779209767,493.25306583085296,100.74454809063168,839.2097857487196,313.4063184070496,309.71858893039007,291.3450789258425,False,True,76890,Yuca,Transitorio,Raíces y tubérculos
76892|Aguacate demás variedades,1,2026,273.35,7,pool_A_full,279.2651127410375,207.90712544688367,355.677880760589,120.90433035820968,547.6633083652956,284.0112212296866,279.2651127410375,259.1328845884766,False,True,76892,Aguacate,Permanente,Frutales
76892|Ahuyama,1,2026,222.0,7,pool_A_full,217.98525215788555,129.85314691206992,347.33491173913944,70.70654190988414,591.1549542017464,228.96553816431324,217.98525215788555,197.13479252738145,False,True,76892,Ahuyama,Transitorio,Hortalizas
76892|Ají,1,2026,184.5,7,pool_A_full,181.1634190231076,107.85051114880432,288.7632505487841,58.64926273304699,491.58555078900775,190.28892698790898,181.1634190231076,163.8349964923508,False,True,76892,Ají,Transitorio,Hortalizas
76892|Arracacha,1,2026,154.5,7,pool_A_full,157.40632233468838,93.65461972442364,250.97337156564492,50.870020831783805,427.34431827278985,159.28051379568802,157.40632233468838,148.06846938829824,False,True,76892,Arracacha,Transitorio,Raíces y tubérculos
76892|Arveja,1,2026,0.99,7,pool_A_full,0.9583855848037209,0.15373082187757933,9.935109167509474,0.0,109.21592881418302,0.9922993567669743,0.9583855848037209,0.86429308184691,False,True,76892,Arveja,Transitorio,Leguminosas
76892|Banano consumo interno,1,2026,248.4,7,pool_A_full,253.7752112854352,188.90717932824387,323.2382954584357,109.81722309233636,497.76279265088164,258.0881190907414,253.7752112854352,235.48055069243674,False,True,76892,Banano,Permanente,Frutales
76892|Cacao,1,2026,0.62,7,pool_A_full,0.6286131873915481,0.5783832848812023,1.859435535267652,0.04586087166578217,26.168892449276296,0.6387282057043853,0.6286131873915481,0.5840106687349963,False,True,76892,Cacao,Permanente,Cultivos tropicales tradicionales
76892|Café,1,2026,82.53,7,pool_A_full,83.67652637971689,61.833657881272046,126.48772166914465,36.45653949789483,359.6644104083895,85.02296583352083,83.67652637971689,77.73935563016006,False,True,76892,Café,Permanente,Cultivos tropicales tradicionales
76892|Caña de azúcar,1,2026,239400.0,7,pool_A_full,242725.80171215587,240156.60487174775,268377.53525510855,217698.69889303492,335504.10904634994,246631.50394456423,242725.80171215587,225503.4743470292,False,True,76892,Caña,Permanente,Cultivos tropicales tradicionales
76892|Caña panelera,1,2026,45.0,7,pool_A_full,45.625150697773655,33.5978855399578,69.19813505674848,19.624568264349442,197.5914303003681,46.359305252737634,45.625150697773655,42.38787111786263,False,True,76892,Caña,Permanente,Cultivos tropicales tradicionales
76892|Cebolla de bulbo,1,2026,45.0,7,pool_A_full,44.186199761733555,28.86116211965484,92.8485028130068,17.162312127302553,160.4754413269102,46.41193341168511,44.186199761733555,39.95975524203678,False,True,76892,Cebolla de bulbo,Transitorio,Hortalizas
76892|Cebolla de rama,1,2026,98.7,7,pool_A_full,96.9150648107356,63.70687156006397,202.36258157978637,38.356351683366526,348.90502379569773,101.79684061629602,96.9150648107356,87.64506316420066,False,True,76892,Cebolla de rama,Transitorio,Hortalizas
76892|Cilantro,1,2026,1857.96,7,pool_A_full,1824.3598157624551,1127.2543190518882,2994.6772511585345,483.45677265818665,4996.238030815273,1916.255906701655,1824.3598157624551,1649.8583744332145,False,True,76892,Cilantro,Transitorio,Hortalizas
76892|Frijol,1,2026,19.65,7,pool_A_full,19.022501758982944,12.231809141259058,40.58530309164585,7.04792012680115,70.55154283938319,19.69563874795055,19.022501758982944,17.15490813968867,False,True,76892,Frijol,Transitorio,Leguminosas
76892|Granadilla,1,2026,0.0,7,pool_A_full,0.0,0.0,0.7557487299040222,0.0,15.682225503031251,0.0,0.0,0.0,False,True,76892,Granadilla,Permanente,Frutales
76892|Guanábana,1,2026,50.0,7,pool_A_full,51.08196684489437,37.64707996925731,77.41383647846455,22.038383028441338,220.83375568323487,51.9501044868642,51.08196684489437,47.39946672553074,False,True,76892,Guanábana,Permanente,Frutales
76892|Guayaba,1,2026,3.0,7,pool_A_full,3.064918010693662,2.93954727381739,6.1369746344393805,1.6104041934740336,66.81187890572485,3.117006269211852,3.064918010693662,2.8439680035318444,False,True,76892,Guayaba,Permanente,Frutales
76892|Gulupa o cholupa,1,2026,25.0,5,pool_A_full,25.540983422447184,18.694561686673357,38.95971082012681,10.740365794149955,112.04653777116536,25.9750522434321,25.540983422447184,23.69973336276537,False,True,76892,Gulupa o cholupa,Permanente,Frutales
76892|Habichuela,1,2026,19.5,7,pool_A_full,18.877291821891475,12.135847597784771,40.28371244535418,6.989553895178485,70.03262691371255,19.545290360561616,18.877291821891475,17.023954642439136,False,True,76892,Habichuela,Transitorio,Leguminosas
76892|Lechuga,1,2026,79.6,7,pool_A_full,78.16047780075536,51.31296000863352,163.41064667391134,30.81806200886333,281.88444604609174,82.09755332378077,78.16047780075536,70.68436705035839,False,True,76892,Lechuga,Transitorio,Hortalizas
76892|Limón Tahití,1,2026,933.12,5,pool_A_full,953.3120980461566,710.3357607452789,1213.5001330572481,414.0883287872765,1867.2169457560312,969.5136299756545,953.3120980461566,884.5878078185449,False,True,76892,Limón,Permanente,Frutales
76892|Mandarina Arrayana y/o Oneco,1,2026,41.25,5,pool_A_full,42.142622647037854,31.01369857035293,63.954892498046334,18.084076996439354,182.75822941401054,42.85883620166297,42.142622647037854,39.10456004856286,False,True,76892,Mandarina,Permanente,Frutales
76892|Mango demás variedades,1,2026,221.0,7,pool_A_full,225.7822934544331,168.04150703763358,287.6132598961514,97.6414018865277,442.9622262951729,229.61946183193976,225.7822934544331,209.5056429268459,False,True,76892,Mango,Permanente,Frutales
76892|Maracuyá,1,2026,300.0,7,pool_A_full,306.4918010693662,228.20165707260512,390.32777848813953,132.74687178648716,600.9638592185674,311.70062692118523,306.4918010693662,284.39680035318446,False,True,76892,Maracuyá,Permanente,Frutales
76892|Maíz amarillo tecnificado,1,2026,15.0,5,pool_A_full,14.94418417259115,9.536665418953417,32.11492936035109,5.408665722826167,55.97744420735766,15.261156643011514,14.94418417259115,13.70895784925514,False,True,76892,Maíz,Transitorio,Cereales
76892|Maíz amarillo tradicional,1,2026,31.8,5,pool_A_full,31.68167044589324,20.59758210851829,66.87749040521449,12.136194294051421,115.7897983538853,32.35365208318441,31.68167044589324,29.0629906404209,False,True,76892,Maíz,Transitorio,Cereales
76892|Mora,1,2026,1.2,7,pool_A_full,1.2259672042774648,1.1573136304714193,2.908239091718166,0.42946896082413183,36.134086864108696,1.2468025076847409,1.2259672042774648,1.1375872014127377,False,True,76892,Mora,Permanente,Frutales
76892|Naranja Valencia,1,2026,391.95,5,pool_A_full,400.4315380971269,298.223502587993,509.879677026536,173.6069725118198,784.8657598173795,407.23686907252846,400.4315380971269,371.56441966143547,False,True,76892,Naranja,Permanente,Frutales
"76892|Papaya Hawaiana, Maradol, Melona, redonda y/o Tainung",1,2026,200.0,6,pool_A_full,204.32786737957747,152.04956842074233,260.30940052359745,88.30956811565235,400.9617922269286,207.8004179474568,204.32786737957747,189.59786690212297,False,True,76892,Papaya,Permanente,Frutales
76892|Papaya demás variedades,1,2026,27.5,7,pool_A_full,28.0950817646919,20.589813514931762,42.805123385960606,11.870167517579095,122.92525956237237,28.57255746777531,28.0950817646919,26.06970669904191,False,True,76892,Papaya,Permanente,Frutales
76892|Pimentón,1,2026,132.29999999999998,7,pool_A_full,129.90742729949665,77.22284216633864,207.23149817180948,41.86553011888958,352.98494123847564,136.4510842303542,129.90742729949665,117.48168041158812,False,True,76892,Pimentón,Transitorio,Hortalizas
76892|Plantas aromáticas,1,2026,458.0,7,pool_A_full,430.71248708224505,256.96685822120503,685.7153363188849,140.36390118940065,1166.3876916249828,449.69017708988997,430.71248708224505,360.1280160719395,False,True,76892,Plantas aromáticas,Transitorio,"Cultivos para condimentos, bebidas medicinales y aromáticas"
76892|Plátano consumo interno,1,2026,342.0,7,pool_A_full,349.40065321907747,260.18553430638735,444.93549723324696,151.41053932823772,684.9647273550554,355.33871469015116,349.40065321907747,324.2123524026303,False,True,76892,Plátano,Permanente,Frutales
76892|Sábila,1,2026,38.0,7,pool_A_full,35.16616566802913,25.83686468516596,53.451242388590835,14.998051298859506,153.04326765719023,35.1149001905684,35.16616566802913,32.77395273931565,False,True,76892,Sábila,Permanente,"Cultivos para condimentos, bebidas medicinales y aromáticas"
76892|Tomate,1,2026,354.0,7,pool_A_full,347.598104792304,207.3024247987647,553.50715912919,113.14816461235104,941.639254214586,365.10720950525626,347.598104792304,314.35007457068934,False,True,76892,Tomate,Transitorio,Hortalizas
76892|Tomate invernadero,1,2026,800.0,7,pool_A_full,785.5324402085965,468.9871061432035,1250.1194495531497,256.54940495553484,2125.8513588034243,825.1010384299576,785.5324402085965,710.3956487473205,False,True,76892,Tomate,Transitorio,Hortalizas
76892|Uva,1,2026,744.0,7,pool_A_full,760.0996666520282,566.3169306868757,967.6093766507058,330.0485000849936,1488.9730366614433,773.0175547645393,760.0996666520282,705.3040648758974,False,True,76892,Uva,Permanente,Frutales
76892|Yuca consumo en fresco,1,2026,232.5,7,pool_A_full,236.87359186288057,141.13974574001656,377.3801685735796,76.89151331466098,642.2306491297968,239.69397707118102,236.87359186288057,222.82148306006044,False,True,76892,Yuca,Transitorio,Raíces y tubérculos
76892|Yuca industrial,1,2026,504.0,4,pool_A_full,513.4808184898573,306.424511294292,817.3730581588909,167.46632368775263,1390.2003776897634,519.5946857801085,513.4808184898573,483.019472956002,False,True,76892,Yuca,Transitorio,Raíces y tubérculos
76892|Zapote,1,2026,12.0,7,pool_A_full,12.259672042774648,8.839252179729709,18.963565477791203,4.865396832318442,55.47718445688928,12.468025076847407,12.259672042774648,11.375872014127378,False,True,76892,Zapote,Permanente,Frutales
76895|Banano consumo interno,1,2026,80.0,5,pool_A_full,81.731146951831,60.3901019083581,123.55878726846991,35.596003709591,351.3784171777182,83.12016717898273,81.731146951831,75.83914676084919,False,True,76895,Banano,Permanente,Frutales
76895|Cacao,1,2026,2.35,7,pool_A_full,2.3826467586615134,2.2783187216359506,4.93907775023391,1.1722640556640767,55.43007602508909,2.420985940976299,2.3826467586615134,2.2135888250439377,False,True,76895,Cacao,Permanente,Cultivos tropicales tradicionales
76895|Caña de azúcar,1,2026,2120400.0,7,pool_A_full,2149857.1008790946,2127101.4406011887,2377057.3390477127,1928189.2860449213,2971604.819718988,2184450.4635089976,2149857.1008790946,1997316.4870736871,False,True,76895,Caña,Permanente,Cultivos tropicales tradicionales
76895|Caña panelera,1,2026,2160.0,7,pool_A_full,2190.0072334931356,1778.823853006887,2599.0652158951893,802.4842449553718,3276.8896680271687,2225.246652131407,2190.0072334931356,2034.6178136574063,False,True,76895,Caña,Permanente,Cultivos tropicales tradicionales
76895|Guanábana,1,2026,2.5,7,pool_A_full,2.5540983422447185,2.4444823728879546,5.2401036503501555,1.2823666288490614,58.29027000527594,2.59750522434321,2.5540983422447185,2.369973336276537,False,True,76895,Guanábana,Permanente,Frutales
76895|Guayaba,1,2026,20.0,7,pool_A_full,20.43278673795775,14.904058030156575,31.268885688459285,8.480762347291682,90.28909418875145,20.78004179474568,20.43278673795775,18.959786690212297,False,True,76895,Guayaba,Permanente,Frutales
76895|Limón Tahití,1,2026,4025.4,5,pool_A_full,4112.5069867487555,3340.530663435323,4880.492980986439,1507.5016629986508,6153.074639783043,4182.399012028463,4112.5069867487555,3816.036267139029,False,True,76895,Limón,Permanente,Frutales
76895|Mandarina Arrayana y/o Oneco,1,2026,275.4,5,pool_A_full,281.35947338167813,209.46824326424678,358.343257508862,121.81529508346173,551.763350738624,286.141175513648,281.35947338167813,261.0762627242233,False,True,76895,Mandarina,Permanente,Frutales
76895|Mango demás variedades,1,2026,80.3,7,pool_A_full,82.03763875290035,60.61753212774909,124.02023677636993,35.73157991640249,352.68386379266286,83.4318678059039,82.03763875290035,76.12354356120237,False,True,76895,Mango,Permanente,Frutales
76895|Maracuyá,1,2026,365.5,6,pool_A_full,373.40917763617784,278.08127513957515,475.4898160549144,161.85330569088393,731.9652130980907,379.7552637989773,373.40917763617784,346.49010176362975,False,True,76895,Maracuyá,Permanente,Frutales
76895|Maíz amarillo tradicional,1,2026,17.5,1,pool_A_full,17.434881534689676,11.182635164424381,37.28792951583671,6.409786045925162,64.87809214582902,17.8046827501801,17.434881534689676,15.993784157464331,False,True,76895,Maíz,Transitorio,Cereales
76895|Naranja Valencia,1,2026,2240.4,5,pool_A_full,2288.880770386027,1859.1419262213522,2716.398303672301,838.7430614129491,3424.810925459899,2327.780281847411,2288.880770386027,2123.8753050375817,False,True,76895,Naranja,Permanente,Frutales
76895|Plátano consumo interno,1,2026,39.06,7,pool_A_full,39.90523249923148,29.353457968798566,60.586311090375936,17.094370686715425,173.2284691249132,40.583421625138314,39.90523249923148,37.02846340598462,False,True,76895,Plátano,Permanente,Frutales
76895|Soya,1,2026,0.0,6,pool_A_full,0.0,0.0,4.583736549309541,0.0,55.2789726749492,0.0,0.0,0.0,False,True,76895,Soya,Transitorio,Oleaginosas
76895|Uva,1,2026,84.0,7,pool_A_full,85.81770429942253,63.42250483357148,129.71144737380385,37.4036864670776,368.784372043649,87.27617553793186,85.81770429942253,79.63110409889164,False,True,76895,Uva,Permanente,Frutales
76895|Yuca consumo en fresco,1,2026,76.0,7,pool_A_full,77.42964723259752,50.82999285952972,161.89276389126425,30.524309204665432,279.2727816629228,78.3515796017624,77.42964723259752,72.83626973146062,False,True,76895,Yuca,Transitorio,Raíces y tubérculos
76001|Acelga,2,2027,24.0,7,pool_A_full,23.139795548252714,12.204233024372357,58.58899549260796,2.530883851443621,108.27222401277292,25.529689635682292,23.139795548252714,18.92482416596724,False,True,76001,Acelga,Transitorio,Hortalizas
76001|Aguacate demás variedades,2,2027,72.0,7,pool_A_full,75.14977929819514,46.71069907352631,155.0738607798819,15.428629396311848,785.1342991135242,77.72582465844792,75.14977929819514,64.70523204090324,False,True,76001,Aguacate,Permanente,Frutales
76001|Ahuyama,2,2027,48.0,7,pool_A_full,46.27959109650543,24.8614757895282,115.70949470597054,5.915499527401426,213.01780554448814,51.059379271364584,46.27959109650543,37.84964833193448,False,True,76001,Ahuyama,Transitorio,Hortalizas
76001|Ají,2,2027,28.0,6,pool_A_full,26.996428139628165,14.313773485231668,68.10907869483505,3.094986464103256,125.72982093472547,29.784637908296006,26.996428139628165,22.07896152696178,False,True,76001,Ají,Transitorio,Hortalizas
76001|Arveja,2,2027,16.6,7,pool_A_full,15.556727501325238,8.056368667727044,39.870220233502366,1.421722323634727,73.94638605479837,16.677199288956746,15.556727501325238,12.652017161567116,False,True,76001,Arveja,Transitorio,Leguminosas
76001|Café,2,2027,682.42,7,pool_A_full,701.5123848902167,443.72674183409254,1128.0567847328857,222.4200861502014,1846.1680659941717,724.2701002149803,701.5123848902167,605.4941188594623,False,True,76001,Café,Permanente,Cultivos tropicales tradicionales
76001|Caña de azúcar,2,2027,465000.0,7,pool_A_full,478009.5234224536,479904.57361071813,597143.6644077013,431732.6533345954,903685.8899084,493516.59769638325,478009.5234224536,412582.81596326316,False,True,76001,Caña,Permanente,Cultivos tropicales tradicionales
76001|Cebolla de rama,2,2027,49.0,7,pool_A_full,47.24374924434929,25.388860904743023,118.0895155065273,6.056525180566334,217.38220477497606,52.12311633951801,47.24374924434929,38.63818267218311,False,True,76001,Cebolla de rama,Transitorio,Hortalizas
76001|Cilantro,2,2027,104.0,7,pool_A_full,100.27244737576176,49.95859672412205,194.20511233821583,16.489263715473882,301.2518479074146,110.6286550879566,100.27244737576176,82.00757138585804,False,True,76001,Cilantro,Transitorio,Hortalizas
76001|Espinaca,2,2027,160.0,1,pool_A_full,154.26530365501807,77.1268963003068,298.27765969501905,25.81356984896619,462.39578198904013,170.19793090454863,154.26530365501807,126.1654944397816,False,True,76001,Espinaca,Transitorio,Hortalizas
76001|Frijol,2,2027,86.02000000000001,7,pool_A_full,80.61383732915644,43.64197403632951,200.46345378196702,10.937507080532145,368.43666309630805,86.42004113470237,80.61383732915644,65.56183832759056,False,True,76001,Frijol,Transitorio,Leguminosas
76001|Guayaba,2,2027,72.0,7,pool_A_full,75.14977929819514,46.71069907352631,155.0738607798819,15.428629396311848,785.1342991135242,77.72582465844792,75.14977929819514,64.70523204090324,False,True,76001,Guayaba,Permanente,Frutales
76001|Habichuela,2,2027,60.0,6,pool_A_full,56.22913554695869,30.30377968756782,140.26990816210167,7.370801241084278,258.0558361210836,60.27903357454245,56.22913554695869,45.73018251168837,False,True,76001,Habichuela,Transitorio,Leguminosas
76001|Lechuga,2,2027,180.0,7,pool_A_full,173.54846661189535,86.82986043465853,335.4464266081636,29.143679182356315,519.9471870181924,191.47267226761718,173.54846661189535,141.9361812447543,False,True,76001,Lechuga,Transitorio,Hortalizas
76001|Limón Tahití,2,2027,110.0,5,pool_A_full,114.81216281668704,72.31510012065255,185.12982631360157,35.8317540733305,303.513533725291,118.74778767262876,114.81216281668704,98.85521561804663,False,True,76001,Limón,Permanente,Frutales
76001|Mandarina Arrayana y/o Oneco,2,2027,57.42,5,pool_A_full,59.93194899031063,37.17615637277452,123.88394072057415,12.145519495688374,628.0326177511872,61.98634516511221,59.93194899031063,51.60242255262034,False,True,76001,Mandarina,Permanente,Frutales
"76001|Mango Kent, Keitt, Hilacha o Nam Doc",2,2027,30.0,6,pool_A_full,31.312408040914647,19.24493820716313,65.22635443619698,5.971111164063159,332.5780153537059,32.385760274353295,31.312408040914647,26.960513350376353,False,True,76001,Mango,Permanente,Frutales
76001|Maíz amarillo tradicional,2,2027,14.0,5,pool_A_full,13.896004303024593,7.147969255001701,35.77073119764061,1.1788113714323174,66.42888587609234,14.49173612957992,13.896004303024593,11.693766019454035,False,True,76001,Maíz,Transitorio,Cereales
76001|Maíz blanco tradicional,2,2027,6.0,5,pool_A_full,5.955430415581969,3.271259793460043,55.78262251607686,1.7769094365568359,331.3942326874229,6.210744055534251,5.955430415581969,5.011614008337443,False,True,76001,Maíz,Transitorio,Cereales
76001|Mora,2,2027,49.0,7,pool_A_full,51.14359980016059,31.669925265756014,105.8716549250069,10.249512269128047,537.3058580069571,52.896741781443716,51.14359980016059,44.03550513894804,False,True,76001,Mora,Permanente,Frutales
76001|Naranja Valencia,2,2027,330.0,5,pool_A_full,344.4364884500611,217.67919672763222,554.1751390686065,108.85920201392092,907.2818524172088,356.2433630178863,344.4364884500611,296.56564685413986,False,True,76001,Naranja,Permanente,Frutales
76001|Perejil,2,2027,40.0,7,pool_A_full,35.37561193123188,18.89710539942377,88.79306270752272,4.320594389361478,163.65939024239063,38.56167032877646,35.37561193123188,24.73106690564846,False,True,76001,Perejil,Transitorio,"Cultivos para condimentos, bebidas medicinales y aromáticas"
76001|Pimentón,2,2027,35.0,7,pool_A_full,33.745535174535206,18.005469291735448,84.76922429873242,4.082166036257614,156.2806155481423,37.23079738537001,33.745535174535206,27.598701908702225,False,True,76001,Pimentón,Transitorio,Hortalizas
76001|Plantas aromáticas,2,2027,69.0,7,pool_A_full,61.02293058137499,32.92593887607403,152.1033733680237,8.071980894421332,279.7556323693568,66.51888131713939,61.02293058137499,42.661090412243595,False,True,76001,Plantas aromáticas,Transitorio,"Cultivos para condimentos, bebidas medicinales y aromáticas"
76001|Plátano consumo interno,2,2027,120.0,7,pool_A_full,125.24963216365859,78.92255905733349,201.904613257011,39.15118352517555,330.9575482112874,129.54304109741318,125.24963216365859,107.84205340150541,False,True,76001,Plátano,Permanente,Frutales
76001|Repollo,2,2027,84.0,7,pool_A_full,80.9892844188845,43.84733993726195,201.3902435260143,10.99242304133813,370.1361778420607,89.35391372488802,80.9892844188845,66.23688458088535,False,True,76001,Repollo,Transitorio,Hortalizas
76001|Tomate,2,2027,90.0,7,pool_A_full,86.77423330594767,47.01165062855091,215.67036832935494,11.838576960327583,396.3225732249891,95.73633613380859,86.77423330594767,70.96809062237715,False,True,76001,Tomate,Transitorio,Hortalizas
76001|Tomate de árbol,2,2027,48.0,7,pool_A_full,50.09985286546343,31.01597857846164,103.73242858349056,10.024333263598313,526.5307083936281,51.817216438965275,50.09985286546343,43.13682136060216,False,True,76001,Tomate de árbol,Permanente,Frutales
76001|Tomate invernadero,2,2027,800.0,7,pool_A_full,771.3265182750904,387.6217485995616,1487.6782009156318,132.3770685174499,2304.0407429219076,850.9896545227431,771.3265182750904,630.827472198908,False,True,76001,Tomate,Transitorio,Hortalizas
76001|Yuca consumo en fresco,2,2027,160.0,7,pool_A_full,166.07618478018,83.0699335607821,321.04342112957846,27.85325211262905,497.64584988015565,170.05457135987012,166.07618478018,146.95629330731543,False,True,76001,Yuca,Transitorio,Raíces y tubérculos
76001|Zanahoria,2,2027,120.0,7,pool_A_full,115.69897774126356,57.7209680316034,223.9401258687311,19.15335118218597,347.2929719307361,127.64844817841146,115.69897774126356,94.6241208298362,False,True,76001,Zanahoria,Transitorio,Hortalizas
76020|Aguacate Hass,2,2027,126.0,6,pool_A_full,131.5121137718415,82.88703441934204,211.96948542305662,41.14284119628257,347.4239569028852,136.02019315228384,131.5121137718415,113.23415607158068,False,True,76020,Aguacate,Permanente,Frutales
76020|Aguacate Papelillo,2,2027,1003.2,6,pool_A_full,1047.0869248881859,693.3837223429009,1364.6451297735669,262.21848404418796,1714.821111696716,1082.9798235743742,1047.0869248881859,901.5595664365853,False,True,76020,Aguacate,Permanente,Frutales
76020|Aguacate demás variedades,2,2027,1326.4,7,pool_A_full,1384.4259341823063,916.8792277277311,1804.193953621649,346.93842523116484,2267.0781623296643,1431.882414263407,1384.4259341823063,1192.0141635979733,False,True,76020,Aguacate,Permanente,Frutales
76020|Banano consumo interno,2,2027,1687.2,7,pool_A_full,1761.0098282210397,1166.3754478479261,2294.878407966911,441.51439917999335,2883.582939150112,1821.3751578296294,1761.0098282210397,1516.2592708251661,False,True,76020,Banano,Permanente,Frutales
76020|Cacao,2,2027,19.8,7,pool_A_full,20.353953900568992,12.37905477822111,42.76629924463108,3.606923329411287,219.44811866347973,21.014255127716964,20.353953900568992,17.568042486177657,False,True,76020,Cacao,Permanente,Cultivos tropicales tradicionales
76020|Café,2,2027,973.5,7,pool_A_full,1000.7360667779755,662.6751230616065,1304.2504982445196,250.5778440207296,1638.9402100250895,1033.2008771127507,1000.7360667779755,863.7620889037347,False,True,76020,Café,Permanente,Cultivos tropicales tradicionales
76020|Frijol,2,2027,58.739999999999995,7,pool_A_full,55.04832370047255,29.657887109572453,137.35507851256176,7.198086046706713,252.7107230546431,59.01317386947706,55.04832370047255,44.76984867894291,False,True,76020,Frijol,Transitorio,Leguminosas
76020|Guanábana,2,2027,260.0,7,pool_A_full,271.37420302126026,171.42698417086604,436.75163046474154,85.6231958510059,715.1737510152348,280.67658904439526,271.37420302126026,233.65778236992838,False,True,76020,Guanábana,Permanente,Frutales
76020|Guayaba,2,2027,367.5,7,pool_A_full,383.5769985012044,242.45716774018564,617.0805901063917,121.30706245833979,1010.1969067396951,396.7255633608279,383.5769985012044,330.2662885421103,False,True,76020,Guayaba,Permanente,Frutales
76020|Habichuela,2,2027,100.0,7,pool_A_full,93.71522591159781,50.80830597313536,232.8041827506725,12.853823284816585,427.74196521443406,100.46505595757075,93.71522591159781,76.21697085281394,False,True,76020,Habichuela,Transitorio,Leguminosas
76020|Limón Tahití,2,2027,474.88,5,pool_A_full,495.65454434898487,313.4080618022651,797.2082523047209,156.95109591225162,1304.890734290323,512.6449946361631,495.65454434898487,426.76695266089075,False,True,76020,Limón,Permanente,Frutales
76020|Lulo,2,2027,112.5,6,pool_A_full,117.42153015342993,73.96696485482283,189.32352304945405,36.66161143629179,310.3745373467906,121.44660102882486,117.42153015342993,101.10192506391132,False,True,76020,Lulo,Permanente,Frutales
76020|Mandarina Arrayana y/o Oneco,2,2027,3360.4,6,pool_A_full,3507.4071993563193,2323.407253571619,4570.4139650913285,880.1078570823746,5742.606754493703,3627.636960864561,3507.4071993563193,3019.93696875349,False,True,76020,Mandarina,Permanente,Frutales
76020|Maracuyá,2,2027,854.0,7,pool_A_full,891.3598822313702,563.910045009711,1433.1739749032547,282.7973052906002,2345.3482114834105,921.9146424765905,891.3598822313702,767.4759467073802,False,True,76020,Maracuyá,Permanente,Frutales
76020|Maíz amarillo tradicional,2,2027,27.97,5,pool_A_full,27.762231453971275,14.73266043865306,69.99946132692489,3.206999117673215,129.19633874956594,28.952418538882167,27.762231453971275,23.362473968866382,False,True,76020,Maíz,Transitorio,Cereales
76020|Naranja Valencia,2,2027,9889.2,6,pool_A_full,10321.822186607105,7968.022764508603,11596.638273358394,7008.892751740368,14059.201154453627,10675.64201683782,10321.822186607105,8887.263620818061,False,True,76020,Naranja,Permanente,Frutales
"76020|Papaya Hawaiana, Maradol, Melona, redonda y/o Tainung",2,2027,1606.5,6,pool_A_full,1676.7794505909792,1110.57072233878,2185.1272010221687,420.3606267363389,2745.6895481040738,1734.2574626916191,1676.7794505909792,1443.7354899126537,False,True,76020,Papaya,Permanente,Frutales
76020|Pimentón,2,2027,138.0,7,pool_A_full,133.0538244024531,66.45363575251993,257.39201609056056,22.15044958223707,399.0892364569729,146.79571540517318,133.0538244024531,108.81773895431164,False,True,76020,Pimentón,Transitorio,Hortalizas
"76020|Piña Cayena, Gold, Manzana y/o Perolera",2,2027,3347.4,6,pool_A_full,3493.8384892052563,2314.4176447535438,4552.7340928449685,876.7001861806715,5720.393444907607,3613.603131412341,3493.8384892052563,3008.2540796349936,False,True,76020,Piña,Permanente,Frutales
76020|Plátano consumo interno,2,2027,13475.0,7,pool_A_full,14064.48994504416,10857.291224995419,15801.506482367135,9550.416679768383,19156.902208162206,14546.603989897023,14064.48994504416,12109.763913210712,False,True,76020,Plátano,Permanente,Frutales
76020|Tomate,2,2027,2400.0,7,pool_A_full,2313.9795548252714,1044.9645378813223,4602.627911750945,146.5680781830991,8426.306869208292,2552.9689635682294,2313.9795548252714,1892.482416596724,False,True,76020,Tomate,Transitorio,Hortalizas
76020|Yuca consumo en fresco,2,2027,270.0,7,pool_A_full,280.25356181655377,140.52207441629326,541.1231001381308,47.571135002542896,838.412999215634,286.9670891697808,280.25356181655377,247.98874495609476,False,True,76020,Yuca,Transitorio,Raíces y tubérculos
76036|Aguacate Papelillo,2,2027,360.0,6,pool_A_full,375.74889649097577,237.50157353767494,604.4994998988346,118.817490369456,989.6138958751978,388.62912329223957,375.74889649097577,323.52616020451626,False,True,76036,Aguacate,Permanente,Frutales
76036|Banano consumo interno,2,2027,443.2,7,pool_A_full,462.58864145777903,292.47563189085986,744.0657272679998,146.4351434088065,1217.9480963986862,478.44563178644603,462.58864145777903,398.2966505628933,False,True,76036,Banano,Permanente,Frutales
76036|Cacao,2,2027,94.8,7,pool_A_full,97.45226412999699,60.68404413386063,200.78423505494666,20.240189735623613,1015.3746024121333,100.61370636906909,97.45226412999699,84.11365796412332,False,True,76036,Cacao,Permanente,Cultivos tropicales tradicionales
76036|Café,2,2027,67.57,7,pool_A_full,69.460437629366,43.1461126651398,143.41318982674812,14.201205145741461,726.4002270457889,71.71379893837552,69.460437629366,59.953163171263846,False,True,76036,Café,Permanente,Cultivos tropicales tradicionales
76036|Caña de azúcar,2,2027,512582.4,7,pool_A_full,526923.1585779301,529012.12456714,658248.0016945682,475910.8907766314,996157.935317118,544017.0367463368,526923.1585779301,454801.4838821672,False,True,76036,Caña,Permanente,Cultivos tropicales tradicionales
76036|Limón Pajarito,2,2027,2250.0,2,pool_A_full,2348.4306030685984,1555.5563588336397,3060.280877217223,589.0403363706822,3845.2483726161545,2428.932020576497,2348.4306030685984,2022.0385012782265,False,True,76036,Limón,Permanente,Frutales
76036|Limón Tahití,2,2027,136.23,5,pool_A_full,142.1896449137934,89.6464649115666,229.13009246616434,44.53861752552002,375.4991837220596,147.0637374058383,142.1896449137934,122.42769112405901,False,True,76036,Limón,Permanente,Frutales
76036|Mandarina Arrayana y/o Oneco,2,2027,770.54,6,pool_A_full,804.2487630615457,508.7641927241725,1293.171603073561,255.09334708550153,2116.3004665832887,831.8174573933396,804.2487630615457,692.4717985666331,False,True,76036,Mandarina,Permanente,Frutales
76036|Maracuyá,2,2027,480.0,7,pool_A_full,500.99852865463436,316.79108077784554,805.7969432197461,158.65064379159617,1318.9420697071523,518.1721643896527,500.99852865463436,431.36821360602164,False,True,76036,Maracuyá,Permanente,Frutales
76036|Maíz amarillo tecnificado,2,2027,360.0,5,pool_A_full,357.3258249349181,179.30354436824925,689.6817670809588,60.881143496996195,1068.4383867082195,372.64464333205507,357.3258249349181,300.6968405002466,False,True,76036,Maíz,Transitorio,Cereales
76036|Maíz blanco tecnificado,2,2027,176.4,5,pool_A_full,175.08965421810987,87.60536018544366,338.41710330850157,29.40983485626923,524.5469257824976,182.595875232707,175.08965421810987,147.34145184512084,False,True,76036,Maíz,Transitorio,Cereales
76036|Naranja Valencia,2,2027,4013.42,6,pool_A_full,4188.994822652256,2774.9760497547963,5458.5147477314185,1051.2830303308895,6858.432556487301,4332.5886000098335,4188.994822652256,3606.7954496889156,False,True,76036,Naranja,Permanente,Frutales
76036|Otras hortalizas,2,2027,6.0,7,pool_A_full,5.7849488870631784,3.1665688031428036,54.39084836243719,1.7088458176265253,323.247062279042,6.382422408920573,5.7849488870631784,4.73120604149181,False,True,76036,Otras hortalizas,Transitorio,Hortalizas
"76036|Papaya Hawaiana, Maradol, Melona, redonda y/o Tainung",2,2027,372.9,6,pool_A_full,389.21323194856905,246.0251955659932,626.1389750558322,123.09955436233601,1025.0166745621325,402.55500021021146,389.21323194856905,335.1191809451781,False,True,76036,Papaya,Permanente,Frutales
76036|Papaya demás variedades,2,2027,409.2,7,pool_A_full,427.10124567807577,270.0102715061448,687.0314516604082,135.14908327253357,1124.638447146298,441.74177014217895,427.10124567807577,367.74140209913344,False,True,76036,Papaya,Permanente,Frutales
76036|Plátano consumo interno,2,2027,1588.4,7,pool_A_full,1657.8876310729609,1098.0544208305332,2160.511378894538,415.6161003270435,2714.7617862957313,1714.7180539927592,1657.8876310729609,1427.4693135245934,False,True,76036,Plátano,Permanente,Frutales
76036|Zapote,2,2027,156.0,7,pool_A_full,162.82452181275616,102.7094112293847,262.29384625328447,51.101129551817614,429.75600036087377,168.40595342663715,162.82452181275616,140.19466942195703,False,True,76036,Zapote,Permanente,Frutales
76041|Aguacate Hass,2,2027,1110.2,6,pool_A_full,1158.7678469007813,767.3751179993891,1510.164078262877,290.26623685052016,1897.6537367515607,1198.4890352195678,1158.7678469007813,997.7187307195943,False,True,76041,Aguacate,Permanente,Frutales
76041|Aguacate Papelillo,2,2027,784.8,6,pool_A_full,819.132594350327,518.186429167879,1317.0924492548618,259.82685348383256,2155.4356312403156,847.2114887770822,819.132594350327,705.2870292458454,False,True,76041,Aguacate,Permanente,Frutales
76041|Aguacate demás variedades,2,2027,1335.0,7,pool_A_full,1393.4021578207016,922.8261997150752,1815.889869107706,349.1927305969075,2281.7731209789326,1441.1663322087218,1393.4021578207016,1199.7428440917477,False,True,76041,Aguacate,Permanente,Frutales
76041|Ahuyama,2,2027,9.0,3,pool_A_full,8.677423330594767,4.942808238532724,78.00438119234063,2.8636470444849347,461.4760094153381,9.57363361338086,8.677423330594767,7.096809062237715,False,True,76041,Ahuyama,Transitorio,Hortalizas
76041|Banano consumo interno,2,2027,1855.5,7,pool_A_full,1936.6724373305708,1282.7563066235036,2523.7647540486923,485.63063093051346,3171.1598624840367,2003.0592729687514,1936.6724373305708,1667.5077507207775,False,True,76041,Banano,Permanente,Frutales
76041|Cacao,2,2027,33.48,7,pool_A_full,34.416685686416656,21.18988483668976,71.5887707364326,6.640831121904414,364.6251092992342,35.53319503413959,34.416685686416656,29.705962749354942,False,True,76041,Cacao,Permanente,Cultivos tropicales tradicionales
76041|Café,2,2027,3547.6,7,pool_A_full,3646.852871598917,2415.7934885842883,4752.110061707003,915.1285004876303,5970.892999352756,3765.1601763176113,3646.852871598917,3147.696339594134,False,True,76041,Café,Permanente,Cultivos tropicales tradicionales
76041|Caña de azúcar,2,2027,221875.0,7,pool_A_full,228082.50109539117,228986.72738437777,284927.55082642566,206001.41703514117,431194.6738286136,235481.7099223334,228082.50109539117,196864.11245558926,False,True,76041,Caña,Permanente,Cultivos tropicales tradicionales
76041|Caña panelera,2,2027,5720.0,7,pool_A_full,5880.0311268310425,3895.32976816219,7661.915475508287,1475.973007736258,9626.824874390792,6070.78481467379,5880.0311268310425,5075.212273784656,False,True,76041,Caña,Permanente,Cultivos tropicales tradicionales
76041|Frijol,2,2027,41.19,7,pool_A_full,38.60130155298714,20.661526201779697,96.75566553682623,4.7924101250191615,178.26093391493546,41.38155654892339,38.60130155298714,31.393770294274063,False,True,76041,Frijol,Transitorio,Leguminosas
76041|Granadilla,2,2027,195.8,7,pool_A_full,204.36564981370293,129.00709779737468,329.0574982880537,64.31245877016079,538.9831780151394,211.3710620572792,204.36564981370293,175.962283800123,False,True,76041,Granadilla,Permanente,Frutales
76041|Guanábana,2,2027,297.0,7,pool_A_full,309.992839605055,195.87458223658533,498.81834215535594,97.90508482283248,816.7166046134208,320.61902671609766,309.992839605055,266.9090821687259,False,True,76041,Guanábana,Permanente,Frutales
76041|Guayaba,2,2027,192.0,7,pool_A_full,200.39941146185373,126.49626340143595,322.68307924955815,63.05107557845969,528.5544525104608,207.2688657558611,200.39941146185373,172.54728544240865,False,True,76041,Guayaba,Permanente,Frutales
76041|Limón Tahití,2,2027,566.79,5,pool_A_full,591.5853251170004,374.1372168892992,951.3853191015961,187.4599720041594,1557.1286714311134,611.8641688633568,591.5853251170004,509.3649787286604,False,True,76041,Limón,Permanente,Frutales
76041|Lulo,2,2027,91.2,7,pool_A_full,95.18972044438053,59.266475469578054,196.14700653699506,19.752066302482685,992.0171716894417,98.45271123403403,95.18972044438053,81.95996058514412,False,True,76041,Lulo,Permanente,Frutales
76041|Mandarina Arrayana y/o Oneco,2,2027,129.0,5,pool_A_full,134.643354575933,84.86927210034631,217.0019215060794,42.13867003183607,355.6571612486841,139.25876917971917,134.643354575933,115.93020740661832,False,True,76041,Mandarina,Permanente,Frutales
76041|Mango demás variedades,2,2027,143.0,7,pool_A_full,149.25581166169314,94.11971461169951,240.48662322685234,46.78587126441908,394.0787815290786,154.37212397441738,149.25581166169314,128.51178030346063,False,True,76041,Mango,Permanente,Frutales
76041|Maracuyá,2,2027,147.0,6,pool_A_full,153.43079940048176,96.76269818637186,247.19653800421605,48.11364304515708,405.0563873234774,158.69022534433117,153.43079940048176,132.10651541684413,False,True,76041,Maracuyá,Permanente,Frutales
76041|Maíz amarillo tecnificado,2,2027,70.0,5,pool_A_full,69.48002151512297,37.55188523814247,172.97967087122123,9.308984155218317,318.0378594562299,72.4586806478996,69.48002151512297,58.46883009727018,False,True,76041,Maíz,Transitorio,Cereales
76041|Maíz blanco tecnificado,2,2027,80.0,5,pool_A_full,79.40573887442625,42.98115594941759,197.48126724150342,10.760800723751526,362.9680333098261,82.80992074045669,79.40573887442625,66.82152011116591,False,True,76041,Maíz,Transitorio,Cereales
76041|Mora,2,2027,12.0,7,pool_A_full,12.524963216365858,7.473897835864621,26.72028028890349,1.9178890645280053,138.6253223137835,12.954304109741319,12.524963216365858,10.78420534015054,False,True,76041,Mora,Permanente,Frutales
76041|Naranja Valencia,2,2027,390.78,5,pool_A_full,407.8754271409541,257.83933214477867,656.1322941106482,129.03469422223503,1074.086572463093,421.856913333726,407.8754271409541,351.18764690200237,False,True,76041,Naranja,Permanente,Frutales
76041|Pimentón,2,2027,360.0,4,pool_A_full,347.0969332237907,174.15653764382398,669.9653288264608,59.114663182867375,1037.9098322805617,382.94534453523437,347.0969332237907,283.8723624895086,False,True,76041,Pimentón,Transitorio,Hortalizas
76041|Pitahaya,2,2027,95.0,7,pool_A_full,99.15595879622971,61.75147288129663,204.27606663475703,20.607746523495663,1032.962740220092,102.5549075354521,99.15595879622971,85.37495894285846,False,True,76041,Pitahaya,Permanente,Frutales
76041|Piña demás variedades,2,2027,0.0,6,pool_A_full,0.0,0.0,1.5267926008274637,0.0,8.31937218212289,0.0,0.0,0.0,False,True,76041,Piña,Permanente,Frutales
76041|Plátano consumo interno,2,2027,17497.15,7,pool_A_full,18262.596678436323,14098.14992831044,20518.05806551858,12401.214400533023,24874.933970439495,18888.616846146695,18262.596678436323,15724.404872284587,False,True,76041,Plátano,Permanente,Frutales
76041|Tomate,2,2027,375.0,7,pool_A_full,361.5593054414486,181.43376074458763,697.8419040113189,61.61224518290991,1081.0733860524247,398.9014005575358,361.5593054414486,295.7003775932381,False,True,76041,Tomate,Transitorio,Hortalizas
76054|Aguacate Hass,2,2027,5345.6,6,pool_A_full,5579.453614117111,3696.1896709291923,7270.266456128509,1400.4854166256516,9134.74999990377,5770.710670752766,5579.453614117111,4804.004005525728,False,True,76054,Aguacate,Permanente,Frutales
76054|Aguacate Papelillo,2,2027,321.6,6,pool_A_full,335.669014198605,212.12893122082025,540.0843180361427,106.07088127437109,884.2288802489719,347.1753501410674,335.669014198605,289.01670311603453,False,True,76054,Aguacate,Permanente,Frutales
76054|Aguacate demás variedades,2,2027,2152.0,7,pool_A_full,2246.143403468277,1487.788538512743,2927.0018402830865,563.3517403424523,3677.794192659378,2323.13853701361,2246.143403468277,1933.9674910003305,False,True,76054,Aguacate,Permanente,Frutales
76054|Banano consumo interno,2,2027,4896.0,7,pool_A_full,5110.18499227727,3385.2875074978083,6658.81487443884,1282.632429132875,8366.511231449012,5285.356076774458,5110.18499227727,4399.955778781421,False,True,76054,Banano,Permanente,Frutales
76054|Cacao,2,2027,5.5,7,pool_A_full,5.653876083491387,5.193238427409407,15.81296485458886,2.1308701652529476,61.00994767578243,5.83729309103249,5.653876083491387,4.880011801716016,False,True,76054,Cacao,Permanente,Cultivos tropicales tradicionales
76054|Café,2,2027,1720.24,7,pool_A_full,1768.3679625209497,1171.250395300606,2304.4659717770064,443.36233460388246,2895.6289268202972,1825.7354667123147,1768.3679625209497,1526.3257275970834,False,True,76054,Café,Permanente,Cultivos tropicales tradicionales
76054|Caña panelera,2,2027,2882.0,7,pool_A_full,2962.6310677494866,1962.4794820997317,3860.5769723007497,743.29177427483,4850.754785384191,3058.741579701025,2962.6310677494866,2557.126184099192,False,True,76054,Caña,Permanente,Cultivos tropicales tradicionales
76054|Cebolla de rama,2,2027,4.36,6,pool_A_full,4.203729524599243,2.1955579117963144,41.48211708208998,1.0775544802772616,247.68190451120054,4.63789361714895,4.203729524599243,3.4380097234840488,False,True,76054,Cebolla de rama,Transitorio,Hortalizas
76054|Frijol,2,2027,10.07,7,pool_A_full,9.4371232492979,5.409332310225281,84.20640624783893,3.1669521955899045,497.781436464729,10.116831134927375,9.4371232492979,7.675048964878365,False,True,76054,Frijol,Transitorio,Leguminosas
76054|Granadilla,2,2027,55.0,3,pool_A_full,57.40608140834352,35.59360538952219,118.70701297410476,11.600586302306434,601.9567556869314,59.37389383631438,57.40608140834352,49.427607809023314,False,True,76054,Granadilla,Permanente,Frutales
76054|Limón Mandarino,2,2027,0.65,3,pool_A_full,0.6784355075531506,0.5622399865691818,3.241058421451389,0.0,14.641965178578145,0.7016914726109881,0.6784355075531506,0.584144455924821,False,True,76054,Limón,Permanente,Frutales
76054|Limón Tahití,2,2027,16.96,5,pool_A_full,17.701948012463745,10.717473404844656,37.330842942824376,3.03477693195547,192.07006439589543,18.3087498084344,17.701948012463745,15.241676880746098,False,True,76054,Limón,Permanente,Frutales
76054|Lulo,2,2027,18.0,7,pool_A_full,18.787444824548786,11.39757795963079,39.55563833800132,3.268963097706389,203.27621999375748,19.43145616461198,18.787444824548786,16.17630801022581,False,True,76054,Lulo,Permanente,Frutales
76054|Mandarina Arrayana y/o Oneco,2,2027,5.12,5,pool_A_full,5.343984305649433,4.904799982991915,15.029932603280546,1.9850557693236701,58.1219508618935,5.52716975348963,5.343984305649433,4.601260945130898,False,True,76054,Mandarina,Permanente,Frutales
76054|Maíz amarillo tecnificado,2,2027,15.0,5,pool_A_full,14.888576038954922,7.690896326129215,38.22089083466883,1.323993028285639,70.92190326145187,15.526860138835628,14.888576038954922,12.52903502084361,False,True,76054,Maíz,Transitorio,Cereales
76054|Maíz amarillo tradicional,2,2027,22.0,5,pool_A_full,21.83657819046722,11.491385824021807,55.372008293866394,2.3402646262588873,102.37302495896914,22.77272820362559,21.83657819046722,18.375918030570627,False,True,76054,Maíz,Transitorio,Cereales
76054|Naranja Valencia,2,2027,9.76,5,pool_A_full,10.186970082644232,6.009057256325249,21.928413283906956,1.413488092141408,114.48898717992654,10.536167342589605,10.186970082644232,8.771153676655773,False,True,76054,Naranja,Permanente,Frutales
76054|Plátano consumo interno,2,2027,12156.0,7,pool_A_full,12687.787738178615,9794.503255955833,14254.788548382367,8615.542994379073,17281.764807905172,13122.710063167955,12687.787738178615,10924.400009572499,False,True,76054,Plátano,Permanente,Frutales
76054|Tomate,2,2027,400.0,7,pool_A_full,385.6632591375452,193.56246591252727,744.3028626527486,65.77488184964756,1153.012642338865,425.49482726137154,385.6632591375452,315.413736099454,False,True,76054,Tomate,Transitorio,Hortalizas
76054|Yuca consumo en fresco,2,2027,64.0,3,pool_A_full,66.430473912072,35.88381240425651,165.45187395970794,8.862932391262895,304.233647728251,68.02182854394805,66.430473912072,58.78251732292617,False,True,76054,Yuca,Transitorio,Raíces y tubérculos
76100|Aguacate Hass,2,2027,33224.0,6,pool_A_full,34677.448158378276,26770.103659083732,38960.06029454664,23548.006075335637,47232.78432922037,35866.149978503796,34677.448158378276,29857.869851763466,False,True,76100,Aguacate,Permanente,Frutales
76100|Ahuyama,2,2027,2375.0,7,pool_A_full,2289.875601129175,1034.0737804505277,4554.694169188251,145.03157471112098,8338.560342836266,2526.3755368643933,2289.875601129175,1872.7690580905082,False,True,76100,Ahuyama,Transitorio,Hortalizas
76100|Ají,2,2027,1008.0,7,pool_A_full,971.8714130266139,488.5325755968192,1874.23337681233,167.01020558470705,2902.575355225088,1072.2469646986563,971.8714130266139,794.842614970624,False,True,76100,Ají,Transitorio,Hortalizas
76100|Arracacha,2,2027,660.0,7,pool_A_full,685.0642622182426,344.21602835856,1321.4055984411805,117.4799925213283,2046.5874377686928,701.4751068594642,685.0642622182426,606.1947098926761,False,True,76100,Arracacha,Transitorio,Raíces y tubérculos
76100|Arveja,2,2027,32.71,7,pool_A_full,30.654250395683643,16.314566629239373,77.13839932404927,3.630009451747913,142.28747454714514,32.8621198037214,30.654250395683643,24.930571165955442,False,True,76100,Arveja,Transitorio,Leguminosas
76100|Banano consumo interno,2,2027,11424.0,7,pool_A_full,11923.764981980297,9204.692192015755,13396.412864017824,8096.7199938446065,16241.12752436603,12332.497512473736,11923.764981980297,10266.563483823315,False,True,76100,Banano,Permanente,Frutales
76100|Cacao,2,2027,186.0,7,pool_A_full,191.20380936898144,120.67497078663743,307.90418402156297,60.12659729739196,504.3757719649249,197.4066390785533,191.20380936898144,165.03312638530525,False,True,76100,Cacao,Permanente,Cultivos tropicales tradicionales
76100|Café,2,2027,819.0,7,pool_A_full,841.9135477053538,532.6079530859787,1353.705312602738,267.07188242657355,2215.3352863287955,869.2260075555654,841.9135477053538,726.6781210191667,False,True,76100,Café,Permanente,Cultivos tropicales tradicionales
76100|Caña de azúcar,2,2027,63720.0,7,pool_A_full,65502.72437092203,50566.63172276882,73592.10148704778,44480.448423616275,89218.35536349319,67627.69377465277,65502.72437092203,56537.154910062636,False,True,76100,Caña,Permanente,Cultivos tropicales tradicionales
76100|Caña panelera,2,2027,10560.0,7,pool_A_full,10855.442080303463,8379.967192455659,12196.157512446689,7371.256663216025,14786.018192445747,11207.60273478238,10855.442080303463,9369.62265929475,False,True,76100,Caña,Permanente,Cultivos tropicales tradicionales
76100|Chontaduro,2,2027,32.0,7,pool_A_full,33.399901910308955,20.55283158175186,69.50480711922962,6.421469175122622,354.128314580364,34.54481095931018,33.399901910308955,28.75788090706811,False,True,76100,Chontaduro,Permanente,Frutales
76100|Durazno o albaricoque,2,2027,18.0,7,pool_A_full,18.787444824548786,11.39757795963079,39.55563833800132,3.268963097706389,203.27621999375748,19.43145616461198,18.787444824548786,16.17630801022581,False,True,76100,Durazno o albaricoque,Permanente,Frutales
76100|Frijol,2,2027,118.0,7,pool_A_full,110.58396657568542,55.14718021487429,214.0808170926417,18.270013398805812,332.02700752556404,118.54876602993349,110.58396657568542,89.93602560632046,False,True,76100,Frijol,Transitorio,Leguminosas
76100|Granadilla,2,2027,144.0,7,pool_A_full,150.29955859639028,94.78046050536763,242.16410192119335,47.117814209603594,396.82318297767836,155.45164931689584,150.29955859639028,129.41046408180648,False,True,76100,Granadilla,Permanente,Frutales
76100|Guanábana,2,2027,72.0,7,pool_A_full,75.14977929819514,46.71069907352631,155.0738607798819,15.428629396311848,785.1342991135242,77.72582465844792,75.14977929819514,64.70523204090324,False,True,76100,Guanábana,Permanente,Frutales
76100|Guayaba,2,2027,160.0,7,pool_A_full,166.99950955154478,105.35239480405708,269.0037610306483,52.42890133255564,440.7336061552724,172.72405479655092,166.99950955154478,143.78940453534054,False,True,76100,Guayaba,Permanente,Frutales
76100|Habichuela,2,2027,350.0,7,pool_A_full,328.00329069059234,164.54893700755576,633.1618671523352,55.817283113507855,980.92405886946,351.62769585149766,328.00329069059234,266.7593979848488,False,True,76100,Habichuela,Transitorio,Leguminosas
76100|Limón Tahití,2,2027,743.2,5,pool_A_full,775.7127218669256,490.69939999128667,1247.3093355702792,246.0180269641573,2041.2685309785718,802.303234529979,775.7127218669256,667.9017840666569,False,True,76100,Limón,Permanente,Frutales
76100|Lulo,2,2027,2910.0,7,pool_A_full,3037.3035799687204,2011.9518834437504,3957.874391263433,762.0451667648799,4973.001013141355,3141.41874661227,3037.3035799687204,2615.169794986506,False,True,76100,Lulo,Permanente,Frutales
76100|Mango demás variedades,2,2027,20.0,7,pool_A_full,20.874938693943097,12.705471334219514,43.83409102103395,3.7193211087658513,224.82651922041552,21.590506849568865,20.874938693943097,17.973675566917567,False,True,76100,Mango,Permanente,Frutales
76100|Maracuyá,2,2027,660.0,7,pool_A_full,688.8729769001222,435.7253416381017,1107.743108201114,218.40037392480676,1812.9343304550837,712.4867260357726,688.8729769001222,593.1312937082797,False,True,76100,Maracuyá,Permanente,Frutales
76100|Maíz amarillo tecnificado,2,2027,336.0,5,pool_A_full,333.5041032725902,167.31685362539886,643.7648175682194,56.76724694265281,997.3414637113932,347.80166710991807,333.5041032725902,280.65038446689687,False,True,76100,Maíz,Transitorio,Cereales
76100|Maíz amarillo tradicional,2,2027,290.0,5,pool_A_full,287.8458034197952,144.34236303493563,555.757331002135,48.88227854682798,861.0723613008095,300.18596268415547,287.8458034197952,242.22801040297645,False,True,76100,Maíz,Transitorio,Cereales
76100|Maíz blanco tecnificado,2,2027,140.0,5,pool_A_full,138.96004303024594,69.42554589212052,268.776396547513,23.170425082181747,416.7165925706442,144.9173612957992,138.96004303024594,116.93766019454036,False,True,76100,Maíz,Transitorio,Cereales
76100|Maíz blanco tradicional,2,2027,60.0,5,pool_A_full,59.554304155819686,32.12261452686731,148.47807450093887,7.857167586685096,273.1076856026337,62.107440555342514,59.554304155819686,50.11614008337444,False,True,76100,Maíz,Transitorio,Cereales
76100|Melón,2,2027,1680.0,7,pool_A_full,1619.78568837769,731.3107238744435,3222.136125945261,102.3167781901294,5899.206909693743,1787.0782744977605,1619.78568837769,1324.7376916177068,False,True,76100,Melón,Transitorio,Hortalizas
76100|Mora,2,2027,55.0,7,pool_A_full,57.40608140834352,35.59360538952219,118.70701297410476,11.600586302306434,601.9567556869314,59.37389383631438,57.40608140834352,49.427607809023314,False,True,76100,Mora,Permanente,Frutales
76100|Papaya demás variedades,2,2027,81.0,7,pool_A_full,84.54350171046954,52.596219259175605,174.32689785352878,17.455240446079436,882.1106456334859,87.4415527407539,84.54350171046954,72.79338604601615,False,True,76100,Papaya,Permanente,Frutales
76100|Patilla,2,2027,480.0,6,pool_A_full,462.79591096505425,232.3743224499342,892.9779303053255,79.09531918320805,1383.218262455474,510.5937927136458,462.79591096505425,378.4964833193448,False,True,76100,Patilla,Transitorio,Hortalizas
76100|Pepino cohombro,2,2027,480.0,7,pool_A_full,462.79591096505425,232.3743224499342,892.9779303053255,79.09531918320805,1383.218262455474,510.5937927136458,462.79591096505425,378.4964833193448,False,True,76100,Pepino Cohombro,Transitorio,Hortalizas
76100|Pimentón,2,2027,2420.0,7,pool_A_full,2333.2627177821487,1053.6771438259577,4640.974905801107,147.79728096068158,8496.504090305927,2574.243704931298,2333.2627177821487,1908.2531034016968,False,True,76100,Pimentón,Transitorio,Hortalizas
76100|Pitahaya,2,2027,65.0,7,pool_A_full,67.84355075531506,42.13307226246582,140.09927638926786,13.852376357603745,709.7082518202217,70.16914726109881,67.84355075531506,58.414445592482096,False,True,76100,Pitahaya,Permanente,Frutales
76100|Piña demás variedades,2,2027,160.0,7,pool_A_full,166.99950955154478,105.35239480405708,269.0037610306483,52.42890133255564,440.7336061552724,172.72405479655092,166.99950955154478,143.78940453534054,False,True,76100,Piña,Permanente,Frutales
76100|Plátano consumo interno,2,2027,5252.0,7,pool_A_full,5481.758901029457,3631.4644874390206,7142.971375954676,1375.950186133382,8974.814170883823,5669.667098696784,5481.758901029457,4719.887203872553,False,True,76100,Plátano,Permanente,Frutales
76100|Sacha inchi,2,2027,4.0,7,pool_A_full,3.425648775045071,3.1192678847491466,10.182696578645011,1.0824150521911058,40.244268082001284,3.4156681866858194,3.425648775045071,2.9754348425454165,False,True,76100,Sacha inchi,Permanente,Oleaginosas
76100|Sábila,2,2027,50.0,7,pool_A_full,42.820609688063385,26.45525911320924,88.81315243163742,8.453902074574879,451.38324524821746,42.695852333572745,42.820609688063385,37.1929355318177,False,True,76100,Sábila,Permanente,"Cultivos para condimentos, bebidas medicinales y aromáticas"
76100|Tomate,2,2027,1764.0,7,pool_A_full,1700.7749727965743,767.9036688419126,3383.193500955921,107.47942985597585,6194.035238303768,1876.4321882226484,1700.7749727965743,1390.974576198592,False,True,76100,Tomate,Transitorio,Hortalizas
76100|Tomate de árbol,2,2027,91.0,7,pool_A_full,94.9809710574411,59.1356861321192,195.71916126869186,19.707030501376746,989.8621417667761,98.23680616553834,94.9809710574411,81.78022382947493,False,True,76100,Tomate de árbol,Permanente,Frutales
76100|Uva,2,2027,496.0,7,pool_A_full,517.6984796097888,327.36301507653513,832.6366023292014,163.96173091454844,1362.852492884746,535.4445698693079,517.6984796097888,445.7471540595557,False,True,76100,Uva,Permanente,Frutales
76100|Yuca consumo en fresco,2,2027,1625.0,7,pool_A_full,1686.7112516737031,761.5493347250027,3355.2260232434814,106.58293973627727,6142.838547007571,1727.1167403736808,1686.7112516737031,1492.5248539024221,False,True,76100,Yuca,Transitorio,Raíces y tubérculos
76109|Arroz secano manual,2,2027,25.28,7,pool_A_full,25.092213484318695,13.27218661732005,63.40853190331897,2.8164604607377814,117.11012198294853,26.167934953984314,25.092213484318695,21.11560035512843,False,True,76109,Arroz,Transitorio,Cereales
76109|Banano consumo interno,2,2027,3748.0,7,pool_A_full,3911.9635112449364,2591.4358980244697,5097.546156067563,981.7088756593321,6404.905123383968,4046.0609836092053,3911.9635112449364,3368.2668012403524,False,True,76109,Banano,Permanente,Frutales
76109|Borojó,2,2027,1164.0,7,pool_A_full,1214.9214319874882,804.578268338819,1583.3315495593704,304.3687518129562,1989.5826641155843,1256.567498644908,1214.9214319874882,1046.0679179946026,False,True,76109,Borojó,Permanente,Frutales
76109|Cacao,2,2027,115.0,7,pool_A_full,118.21740901845627,74.47079741656917,190.60263563410106,36.914724873739715,312.46720084354274,122.0524919034066,118.21740901845627,102.03661039951669,False,True,76109,Cacao,Permanente,Cultivos tropicales tradicionales
76109|Caña panelera,2,2027,3312.0,7,pool_A_full,3404.6613797315404,2255.335586048589,4436.537351574623,854.3040823750466,5574.401768567007,3515.1117668181105,3404.6613797315404,2938.6543795060807,False,True,76109,Caña,Permanente,Cultivos tropicales tradicionales
76109|Chontaduro,2,2027,0.0,7,pool_A_full,0.0,0.0,1.5267926008274637,0.0,8.31937218212289,0.0,0.0,0.0,False,True,76109,Chontaduro,Permanente,Frutales
76109|Cimarrón,2,2027,6.0,7,pool_A_full,5.306341789684781,2.87266100308527,50.48360401950334,1.5177651100781135,300.3748272933462,5.784250549316469,5.306341789684781,3.7096600358472696,False,True,76109,Cimarrón,Transitorio,"Cultivos para condimentos, bebidas medicinales y aromáticas"
76109|Coco,2,2027,246.0,7,pool_A_full,256.7617459355001,162.1765416595127,413.26692874396826,80.97599461842282,676.7521307348397,265.563234249697,256.7617459355001,221.0762094730861,False,True,76109,Coco,Permanente,Frutales
76109|Guayaba,2,2027,34.0,7,pool_A_full,35.48739577970326,21.86072495634058,73.7832598022623,6.871827186182083,375.6786138070217,36.70386164426707,35.48739577970326,30.555248463759867,False,True,76109,Guayaba,Permanente,Frutales
"76109|Malanga, achín, yota, papa china, bore",2,2027,10.5,7,pool_A_full,10.898749626199313,5.508500142387138,28.37201917994634,0.7404083983867453,52.86138552942554,11.159831245491477,10.898749626199313,9.644006748292574,False,True,76109,"Malanga, achín, yota, papa china, bore",Transitorio,Raíces y tubérculos
76109|Maíz amarillo tradicional,2,2027,3.86,5,pool_A_full,3.8313269006910664,1.9668692096687526,38.44190298261425,0.9288752039793597,229.8850929512096,3.995578675727035,3.8313269006910664,3.2241383453637553,False,True,76109,Maíz,Transitorio,Cereales
76109|Piña demás variedades,2,2027,68.0,7,pool_A_full,70.97479155940653,44.0949123243489,146.51695541381676,14.527913374192934,742.0337006602086,73.40772328853414,70.97479155940653,61.11049692751973,False,True,76109,Piña,Permanente,Frutales
76109|Plátano consumo interno,2,2027,812.0,7,pool_A_full,847.5225109740898,536.1587174756514,1362.7198697409358,268.8557015928509,2230.0833506422287,876.5745780924959,847.5225109740898,729.7312280168533,False,True,76109,Plátano,Permanente,Frutales
76109|Yuca consumo en fresco,2,2027,25.0,7,pool_A_full,25.949403871903126,13.741061409622764,65.52450318567607,2.9418401347737375,120.99031640574273,26.571026774979707,25.949403871903126,22.961920829268035,False,True,76109,Yuca,Transitorio,Raíces y tubérculos
76111|Aguacate demás variedades,2,2027,315.0,7,pool_A_full,328.7802844296038,207.76800832261083,529.0129586534924,103.88005783615336,866.1158306882143,340.05048288070964,328.7802844296038,283.0853901789517,False,True,76111,Aguacate,Permanente,Frutales
76111|Ají,2,2027,15.0,5,pool_A_full,14.462372217657945,7.457766987438916,37.168808287597045,1.2616529729594461,68.9926309383798,15.956056022301432,14.462372217657945,11.828015103729525,False,True,76111,Ají,Transitorio,Hortalizas
76111|Arracacha,2,2027,156.0,7,pool_A_full,161.9242801606755,80.98076480239986,313.0405237110859,27.13623818935945,485.25431717704726,165.80320707587336,161.9242801606755,143.28238597463255,False,True,76111,Arracacha,Transitorio,Raíces y tubérculos
76111|Arveja,2,2027,26.189999999999998,7,pool_A_full,24.544017666247463,12.972328844691864,62.05531256611217,2.736276858619546,114.62863550492905,26.31179815528778,24.544017666247463,19.96122466635197,False,True,76111,Arveja,Transitorio,Leguminosas
76111|Banano consumo interno,2,2027,3720.0,7,pool_A_full,3882.7385970734163,2572.073663647069,5059.466431229235,974.3692767941229,6357.061071967743,4015.8342740198086,3882.7385970734163,3343.1036554466677,False,True,76111,Banano,Permanente,Frutales
76111|Cacao,2,2027,2.0,7,pool_A_full,2.0559549394514134,1.8443958567847565,6.721764329467972,0.43792851358083074,27.479581452544547,2.1226520331027237,2.0559549394514134,1.774549746078551,False,True,76111,Cacao,Permanente,Cultivos tropicales tradicionales
76111|Café,2,2027,624.63,7,pool_A_full,642.1055669147681,406.11914776287773,1032.5799328834287,203.52692970847087,1689.9653008518521,662.9360697184771,642.1055669147681,554.2185039465227,False,True,76111,Café,Permanente,Cultivos tropicales tradicionales
76111|Caña de azúcar,2,2027,1055080.0,7,pool_A_full,1084598.4687581987,1088898.3122276396,1354912.2373723872,979596.8709822337,2050452.4370934307,1119783.8535430108,1084598.4687581987,936145.9730462788,False,True,76111,Caña,Permanente,Cultivos tropicales tradicionales
76111|Caña panelera,2,2027,1470.0,7,pool_A_full,1511.1268804967888,1000.8217640165078,1969.2838198944637,378.75833465272376,2474.500040607113,1560.149244330502,1511.1268804967888,1304.2940633677351,False,True,76111,Caña,Permanente,Cultivos tropicales tradicionales
76111|Cebolla de rama,2,2027,448.0,7,pool_A_full,431.94285023405064,216.84957983497148,833.5079032442949,73.76714424978388,1291.1360144088308,476.5542065327361,431.94285023405064,353.2633844313885,False,True,76111,Cebolla de rama,Transitorio,Hortalizas
76111|Cilantro,2,2027,40.0,7,pool_A_full,38.56632591375452,20.64239486780959,96.6693283015163,4.787294302082157,178.10261170058297,42.54948272613716,38.56632591375452,31.5413736099454,False,True,76111,Cilantro,Transitorio,Hortalizas
76111|Curuba,2,2027,45.0,7,pool_A_full,46.96861206137197,29.05413851657857,97.31474955894171,9.348796247009124,494.205259553641,48.578640411529946,46.96861206137197,40.44077002556453,False,True,76111,Curuba,Permanente,Frutales
76111|Fresa,2,2027,87.0,7,pool_A_full,90.80598331865247,56.519899382941716,187.16225590262653,18.80631447925781,946.7615433134595,93.91870479562456,90.80598331865247,78.18548871609143,False,True,76111,Fresa,Permanente,Frutales
76111|Frijol,2,2027,100.0,7,pool_A_full,93.71522591159781,50.80830597313536,232.8041827506725,12.853823284816585,427.74196521443406,100.46505595757075,93.71522591159781,76.21697085281394,False,True,76111,Frijol,Transitorio,Leguminosas
76111|Granadilla,2,2027,200.0,7,pool_A_full,208.74938693943096,131.7822305507806,336.10290880428545,65.70661913993567,550.5096640992576,215.90506849568865,208.74938693943096,179.7367556691757,False,True,76111,Granadilla,Permanente,Frutales
76111|Guayaba,2,2027,30.0,7,pool_A_full,31.312408040914647,19.24493820716313,65.22635443619698,5.971111164063159,332.5780153537059,32.385760274353295,31.312408040914647,26.960513350376353,False,True,76111,Guayaba,Permanente,Frutales
76111|Habichuela,2,2027,173.0,7,pool_A_full,162.12734082706422,81.0829415234841,313.4319280981725,27.171305788067063,485.86036021484955,173.80454680659741,162.12734082706422,131.85535957536814,False,True,76111,Habichuela,Transitorio,Leguminosas
76111|Lechuga,2,2027,18.0,2,pool_A_full,17.354846661189534,9.03992233308339,44.30887068926736,1.6847299324541711,82.08582862984413,19.14726722676172,17.354846661189534,14.19361812447543,False,True,76111,Lechuga,Transitorio,Hortalizas
76111|Limón Tahití,2,2027,75.0,5,pool_A_full,78.28102010228662,48.67253913540941,161.49153980443086,16.104166412901044,817.4597479535115,80.96440068588325,78.28102010228662,67.40128337594088,False,True,76111,Limón,Permanente,Frutales
76111|Lulo,2,2027,168.0,7,pool_A_full,175.349485029122,110.63836195340178,282.42359058537573,55.08444489403168,462.6888177440693,181.36025753637847,175.349485029122,150.97887476210758,False,True,76111,Lulo,Permanente,Frutales
76111|Mandarina Arrayana y/o Oneco,2,2027,37.5,5,pool_A_full,39.14051005114331,24.149538361870846,81.27055199756933,7.6599537055361395,413.39163745367335,40.482200342941624,39.14051005114331,33.70064168797044,False,True,76111,Mandarina,Permanente,Frutales
76111|Mango demás variedades,2,2027,37.5,7,pool_A_full,39.14051005114331,24.149538361870846,81.27055199756933,7.6599537055361395,413.39163745367335,40.482200342941624,39.14051005114331,33.70064168797044,False,True,76111,Mango,Permanente,Frutales
76111|Maracuyá,2,2027,192.0,6,pool_A_full,200.39941146185373,126.49626340143595,322.68307924955815,63.05107557845969,528.5544525104608,207.2688657558611,200.39941146185373,172.54728544240865,False,True,76111,Maracuyá,Permanente,Frutales
76111|Maíz amarillo tecnificado,2,2027,3115.0,5,pool_A_full,3091.860957422972,1396.4304331626277,6149.54288539142,196.1540295563849,11258.057704275958,3224.411288831532,3091.860957422972,2601.8629393285228,False,True,76111,Maíz,Transitorio,Cereales
76111|Maíz amarillo tradicional,2,2027,92.62,5,pool_A_full,91.931994181867,49.8328955870468,228.40228186079958,12.59299323324044,419.66991271306387,95.87318573726374,91.931994181867,77.36261490870234,False,True,76111,Maíz,Transitorio,Cereales
76111|Maíz blanco tecnificado,2,2027,4389.0,5,pool_A_full,4356.39734899821,1967.778987706532,8664.232492712807,276.7617414942268,15861.39694192647,4543.159276623305,4356.39734899821,3665.99564709884,False,True,76111,Maíz,Transitorio,Cereales
76111|Mora,2,2027,180.0,7,pool_A_full,187.87444824548788,118.56731267741885,302.5533349174669,59.06776023624565,495.6216351272652,194.31456164611978,187.87444824548788,161.76308010225813,False,True,76111,Mora,Permanente,Frutales
76111|Naranja Valencia,2,2027,216.32,5,pool_A_full,225.78333691368854,142.56560353544387,363.47936109592956,71.12392800534683,595.2982957404031,233.52292208493682,225.78333691368854,194.4032749317804,False,True,76111,Naranja,Permanente,Frutales
76111|Otras hortalizas,2,2027,173.0,7,pool_A_full,166.7993595769883,83.43382298763547,322.43735818856294,27.978140915669783,499.8041952579893,184.0265127905432,166.7993595769883,136.41644086301386,False,True,76111,Otras hortalizas,Transitorio,Hortalizas
76111|Papa todas las variedades,2,2027,465.0,7,pool_A_full,482.65891201739817,242.36905138742665,931.2643492896552,82.52556376193562,1442.5002184921636,494.22109801462256,482.65891201739817,427.09172742438545,False,True,76111,Papa,Transitorio,Raíces y tubérculos
76111|Pimentón,2,2027,123.0,7,pool_A_full,118.59145218479514,59.176412651756166,229.51544090570255,19.65286758219449,355.92568268510894,130.83965938287176,118.59145218479514,96.98972385058211,False,True,76111,Pimentón,Transitorio,Hortalizas
76111|Piña demás variedades,2,2027,2100.0,7,pool_A_full,2191.868562864025,1451.8301032404322,2856.2823512976297,549.7210567356371,3588.9409543149704,2267.0032192047306,2191.868562864025,1887.2359345263446,False,True,76111,Piña,Permanente,Frutales
76111|Plantas aromáticas,2,2027,2.0,3,pool_A_full,1.768780596561594,0.7002802892704003,21.603723141587995,0.10541727929917581,131.31772110208246,1.928083516438823,1.768780596561594,1.236553345282423,False,True,76111,Plantas aromáticas,Transitorio,"Cultivos para condimentos, bebidas medicinales y aromáticas"
76111|Plátano consumo interno,2,2027,468.0,7,pool_A_full,488.47356543826845,308.86213005382865,785.6671988876553,154.66732844938235,1286.0092523239564,505.2178602799114,488.47356543826845,420.5840082658711,False,True,76111,Plátano,Permanente,Frutales
76111|Repollo,2,2027,115.0,3,pool_A_full,110.87818700204424,55.295226998015465,214.64793414044502,18.320823848838437,332.90512067344804,122.32976283764431,110.87818700204424,90.68144912859303,False,True,76111,Repollo,Transitorio,Hortalizas
76111|Sorgo,2,2027,573.0,3,pool_A_full,568.743604688078,285.6854247110465,1097.1946940065216,97.39197541679378,1699.4235783050528,593.1260573035211,568.743604688078,478.60913779622587,False,True,76111,Sorgo,Transitorio,Cereales
76111|Tomate,2,2027,1269.0,7,pool_A_full,1223.5166896138621,552.2666717121834,2434.1053982145136,77.05666111080919,4456.6540161375115,1349.882339486701,1223.5166896138621,1000.6500777755178,False,True,76111,Tomate,Transitorio,Hortalizas
76111|Tomate de árbol,2,2027,180.0,7,pool_A_full,187.87444824548788,118.56731267741885,302.5533349174669,59.06776023624565,495.6216351272652,194.31456164611978,187.87444824548788,161.76308010225813,False,True,76111,Tomate de árbol,Permanente,Frutales
76111|Tomate invernadero,2,2027,198.0,1,pool_A_full,190.90331327308488,95.56252815557507,368.898316829993,32.140777582407416,571.7434515444293,210.6199394943789,190.90331327308488,156.12979936922974,False,True,76111,Tomate,Transitorio,Hortalizas
76111|Yuca consumo en fresco,2,2027,214.0,7,pool_A_full,222.12689714349077,111.27371179894206,429.08253627923153,37.532940076768554,664.9315413721173,227.4479891938263,222.12689714349077,196.55404229853437,False,True,76111,Yuca,Transitorio,Raíces y tubérculos
76113|Aguacate Hass,2,2027,1375.0,6,pool_A_full,1435.152035208588,950.4865345399305,1870.2894760195977,359.67787183291955,2350.1217658592486,1484.3473459078593,1435.152035208588,1235.6901952255828,False,True,76113,Aguacate,Permanente,Frutales
76113|Aguacate Papelillo,2,2027,363.0,6,pool_A_full,378.8801372950672,239.48381121867908,609.531935981857,119.81331920500955,997.8471002209952,391.8676993196749,378.8801372950672,326.2222115395539,False,True,76113,Aguacate,Permanente,Frutales
76113|Aguacate demás variedades,2,2027,330.0,7,pool_A_full,344.4364884500611,217.67919672763222,554.1751390686065,108.85920201392092,907.2818524172088,356.2433630178863,344.4364884500611,296.56564685413986,False,True,76113,Aguacate,Permanente,Frutales
76113|Cacao,2,2027,160.5,7,pool_A_full,164.99038389097592,104.08051415372566,265.77475467113663,51.78993889171409,435.4508626185134,170.34282565649357,164.99038389097592,142.4076171228037,False,True,76113,Cacao,Permanente,Cultivos tropicales tradicionales
76113|Café,2,2027,1481.62,7,pool_A_full,1523.0719786950015,1008.7356894301951,1984.8481445622822,381.75824865301314,2494.0553381526565,1572.4818526428287,1523.0719786950015,1314.6041973924514,False,True,76113,Café,Permanente,Cultivos tropicales tradicionales
76113|Caña de azúcar,2,2027,1463840.0,7,pool_A_full,1504794.5392832784,1510760.2302676553,1879833.403799049,1359113.1697987472,2844840.136773733,1553611.4760685456,1504794.5392832784,1298828.4501498132,False,True,76113,Caña,Permanente,Cultivos tropicales tradicionales
76113|Caña panelera,2,2027,16000.0,7,pool_A_full,16447.639515611307,12697.037452894017,18478.96291541564,11168.736030721235,22402.87135667632,16981.21626482179,16447.639515611307,14196.39796862841,False,True,76113,Caña,Permanente,Cultivos tropicales tradicionales
76113|Cilantro,2,2027,224.0,7,pool_A_full,215.97142511702532,108.17638153023228,417.2177138170807,36.46991971581456,646.5602780823268,238.27710326636804,215.97142511702532,176.63169221569424,False,True,76113,Cilantro,Transitorio,Hortalizas
76113|Frijol,2,2027,107.69,7,pool_A_full,100.92192678419968,50.28540386775124,195.45699973869577,16.601425680018835,303.19024632144516,108.19081876070794,100.92192678419968,82.07805591139534,False,True,76113,Frijol,Transitorio,Leguminosas
76113|Granadilla,2,2027,24.0,7,pool_A_full,25.049926432731716,15.321258083396962,52.39099638709918,4.620037130884775,267.9271176737317,25.908608219482637,25.049926432731716,21.56841068030108,False,True,76113,Granadilla,Permanente,Frutales
76113|Guanábana,2,2027,540.0,7,pool_A_full,563.6233447364637,356.43583439793105,906.4456648802023,178.56722050266654,1483.6061566231292,582.9436849383593,563.6233447364637,485.28924030677433,False,True,76113,Guanábana,Permanente,Frutales
76113|Guayaba,2,2027,828.0,7,pool_A_full,864.2224619292442,546.7306517743409,1389.559528850391,274.16678871580325,2273.993773819821,893.846983572151,864.2224619292442,744.1101684703873,False,True,76113,Guayaba,Permanente,Frutales
76113|Habichuela,2,2027,420.0,7,pool_A_full,393.6039488287108,197.55808776396836,759.6087357048292,67.14620069984039,1176.7119622921878,421.9532350217972,393.6039488287108,320.11127758181857,False,True,76113,Habichuela,Transitorio,Leguminosas
76113|Limón Tahití,2,2027,1800.0,5,pool_A_full,1878.7444824548788,1244.3775920540181,2448.285299458445,471.0824974655472,3076.326117712602,1943.1456164611977,1878.7444824548788,1617.6308010225812,False,True,76113,Limón,Permanente,Frutales
76113|Mandarina Arrayana y/o Oneco,2,2027,1963.36,5,pool_A_full,2049.250981707006,1357.3423994787267,2670.453294086609,513.9038142734202,3355.46198340381,2119.496876408476,2049.250981707006,1764.4397830531639,False,True,76113,Mandarina,Permanente,Frutales
76113|Maracuyá,2,2027,84.0,7,pool_A_full,87.674742514561,54.55805932105862,180.74457687807757,18.130777462668615,914.4360944734723,90.68012876818923,87.674742514561,75.48943738105379,False,True,76113,Maracuyá,Permanente,Frutales
76113|Maíz amarillo tecnificado,2,2027,7520.0,5,pool_A_full,7464.139454196067,3371.933088394882,14844.368411490865,474.86436792859297,27174.6270463878,7784.1325496029285,7464.139454196067,6281.222890449596,False,True,76113,Maíz,Transitorio,Cereales
76113|Maíz amarillo tradicional,2,2027,279.65999999999997,5,pool_A_full,277.5826116702755,139.17809710655752,535.9747785870628,47.10987478133168,830.4414369763431,289.4827804284514,277.5826116702755,233.59132892860822,False,True,76113,Maíz,Transitorio,Cereales
76113|Maíz blanco tecnificado,2,2027,8640.0,5,pool_A_full,8575.819798438035,3874.2175319499597,17055.08454979537,545.7282905113108,31221.51868388274,8943.471439969322,8575.819798438035,7216.724172005919,False,True,76113,Maíz,Transitorio,Cereales
76113|Maíz blanco tradicional,2,2027,740.0,5,pool_A_full,734.5030845884428,369.0928144633808,1416.7001343660015,126.01783894076665,2194.1396674913044,765.9917668492243,734.5030845884428,618.0990610282847,False,True,76113,Maíz,Transitorio,Cereales
76113|Naranja Valencia,2,2027,13109.6,5,pool_A_full,13683.104815105822,10562.869144717119,15373.02222681137,9291.430444255673,18637.436547772562,14152.1454297554,13683.104815105822,11781.384860603128,False,True,76113,Naranja,Permanente,Frutales
76113|Pepino cohombro,2,2027,525.0,7,pool_A_full,506.18302761802806,254.20599175222543,976.6076558598993,86.58806518333577,1512.7089237710654,558.4619607805502,506.18302761802806,413.9805286305334,False,True,76113,Pepino Cohombro,Transitorio,Hortalizas
76113|Pimentón,2,2027,190.0,7,pool_A_full,183.19004809033396,91.68134250183434,354.03081006473553,30.808733849051357,548.7228895327681,202.11004294915148,183.19004809033396,149.82152464724064,False,True,76113,Pimentón,Transitorio,Hortalizas
76113|Pitahaya,2,2027,48.0,7,pool_A_full,50.09985286546343,31.01597857846164,103.73242858349056,10.024333263598313,526.5307083936281,51.817216438965275,50.09985286546343,43.13682136060216,False,True,76113,Pitahaya,Permanente,Frutales
76113|Plátano consumo interno,2,2027,2400.0,7,pool_A_full,2504.992643273172,1659.2826144268458,3264.2794031368167,628.3596160057268,4101.555790917331,2590.860821948264,2504.992643273172,2156.841068030108,False,True,76113,Plátano,Permanente,Frutales
76113|Soya,2,2027,312.0,2,pool_A_full,275.92977306360865,138.3464164452353,532.7888918602007,46.82443751759246,825.5084711391086,300.7810285644564,275.92977306360865,192.902321864058,False,True,76113,Soya,Transitorio,Oleaginosas
76122|Aguacate Hass,2,2027,2073.6,6,pool_A_full,2164.3136437880203,1433.5742822560276,2820.3786107357814,542.8008635198692,3543.830848693962,2238.5037501632996,2164.3136437880203,1863.5106827780135,False,True,76122,Aguacate,Permanente,Frutales
76122|Aguacate Papelillo,2,2027,1314.4,6,pool_A_full,1371.9009709659404,908.5811272802752,1787.8740715480828,343.7928828603615,2246.5735688655714,1418.9281101536658,1371.9009709659404,1181.2299582578228,False,True,76122,Aguacate,Permanente,Frutales
76122|Aguacate demás variedades,2,2027,1636.8,7,pool_A_full,1708.404982712303,1131.5234259686083,2226.334903257927,428.30312122261813,2797.4636466009138,1766.9670805687158,1708.404982712303,1470.9656083965338,False,True,76122,Aguacate,Permanente,Frutales
76122|Banano consumo interno,2,2027,10134.0,7,pool_A_full,10577.331436220968,8165.271054744316,11883.701616981965,7182.400771591251,14407.217557473297,10939.909820676543,10577.331436220968,9107.261409757131,False,True,76122,Banano,Permanente,Frutales
76122|Cacao,2,2027,37.5,7,pool_A_full,38.549155114714004,23.779032266152047,80.05853209586557,7.532374201277397,407.28676882816205,39.79972562067607,38.549155114714004,33.27280773897283,False,True,76122,Cacao,Permanente,Cultivos tropicales tradicionales
76122|Café,2,2027,765.57,7,pool_A_full,786.9887114979093,497.83768571748925,1265.431767104962,249.60413110832366,2070.917329215902,812.5193584912262,786.9887114979093,679.2710245526782,False,True,76122,Café,Permanente,Cultivos tropicales tradicionales
76122|Caña de azúcar,2,2027,11920.0,7,pool_A_full,12253.491439130425,9459.23475756524,13766.858863188916,8320.626505092321,16690.23148350338,12651.006117292232,12253.491439130425,10576.316486628164,False,True,76122,Caña,Permanente,Cultivos tropicales tradicionales
76122|Frijol,2,2027,118.88,7,pool_A_full,111.40866056370747,55.562152395812035,215.67043486872993,18.41243407703399,334.48834116859257,119.43285852236012,111.40866056370747,90.60673494982522,False,True,76122,Frijol,Transitorio,Leguminosas
76122|Guanábana,2,2027,880.0,7,pool_A_full,918.4973025334963,581.0894382450813,1476.7884209561187,291.4278218653972,2416.702649147,949.9823013810301,918.4973025334963,790.841724944373,False,True,76122,Guanábana,Permanente,Frutales
76122|Limón Tahití,2,2027,1469.48,5,pool_A_full,1533.7652455987752,1015.8202453962384,1998.7813475454848,384.44377543237977,2511.561265066553,1586.3409002652227,1533.7652455987752,1320.5978386037013,False,True,76122,Limón,Permanente,Frutales
76122|Mandarina Arrayana y/o Oneco,2,2027,5211.8,6,pool_A_full,5439.800274254631,3603.665850940044,7088.29977100823,1365.412619191191,8906.123782779112,5626.270179929151,5439.800274254631,4683.760115983049,False,True,76122,Mandarina,Permanente,Frutales
76122|Maracuyá,2,2027,373.8,6,pool_A_full,390.1526041897965,246.61986687029466,627.6487058807396,123.39830301300216,1027.486635865873,403.5265730184421,390.1526041897965,335.9279963456894,False,True,76122,Maracuyá,Permanente,Frutales
76122|Maíz amarillo tecnificado,2,2027,1853.8000000000002,5,pool_A_full,1840.0294840676424,830.8222722593526,3660.118605364939,116.35619101948832,6700.968656768235,1918.9128883582327,1840.0294840676424,1548.4216747759924,False,True,76122,Maíz,Transitorio,Cereales
76122|Maíz amarillo tradicional,2,2027,349.07,5,pool_A_full,346.4770158611996,173.84460562577613,668.7704229903648,59.007606441205645,1036.059663026748,361.3307379108902,346.4770158611996,291.56735031505855,False,True,76122,Maíz,Transitorio,Cereales
76122|Maíz blanco tecnificado,2,2027,1632.8,5,pool_A_full,1620.6711304270398,731.710788307859,3223.8969387887832,102.37322058129126,5902.430217583968,1690.150482312721,1620.6711304270398,1363.8272254688964,False,True,76122,Maíz,Transitorio,Cereales
76122|Maíz blanco tradicional,2,2027,351.0,5,pool_A_full,348.3926793115452,174.80853533968033,672.4629110136814,59.33843228911742,1041.7770405844094,363.3285272487537,348.3926793115452,293.17941948774046,False,True,76122,Maíz,Transitorio,Cereales
76122|Naranja Valencia,2,2027,35718.86,6,pool_A_full,37281.45063587682,28780.3441385667,41885.64384631399,25316.29945117363,50779.56620519091,38559.414574439565,37281.45063587682,32099.960063007464,False,True,76122,Naranja,Permanente,Frutales
76122|Pimentón,2,2027,336.4,4,pool_A_full,324.3428009346755,162.70703996528886,626.1061838689502,55.185134169467,969.9991743461613,357.84114972681346,324.3428009346755,265.2629520596408,False,True,76122,Pimentón,Transitorio,Hortalizas
76122|Piña demás variedades,2,2027,1048.0,7,pool_A_full,1093.8467875626184,724.3632973467392,1425.572689514886,273.96184222852156,1791.3715939626702,1131.3425589174085,1093.8467875626184,941.8205997064806,False,True,76122,Piña,Permanente,Frutales
76122|Plátano consumo interno,2,2027,23836.8,7,pool_A_full,24879.58693298914,19206.340791025905,27952.212993635618,16894.597235694688,33887.606312774085,25732.429683590155,24879.58693298914,21421.745487675034,False,True,76122,Plátano,Permanente,Frutales
76122|Soya,2,2027,474.6,6,pool_A_full,419.73163556406627,210.70510145013935,809.9704891380088,71.65832631179916,1254.6911343369359,457.5342184509327,419.73163556406627,293.434108835519,False,True,76122,Soya,Transitorio,Oleaginosas
76122|Tomate,2,2027,517.5,7,pool_A_full,498.9518415091991,250.5673802018435,962.669368267471,85.33927418331447,1491.127146885133,550.4839327693994,498.9518415091991,408.0665210786686,False,True,76122,Tomate,Transitorio,Hortalizas
76122|Yuca consumo en fresco,2,2027,750.0,7,pool_A_full,778.4821161570937,391.22232542216005,1501.470790357269,133.6128057948942,2325.3969235886298,797.1308032493912,778.4821161570937,688.8576248780411,False,True,76122,Yuca,Transitorio,Raíces y tubérculos
76126|Aguacate Hass,2,2027,1540.08,6,pool_A_full,1607.4537791883943,1064.6407363621079,2094.796653744973,402.9500497139409,2632.1966232803097,1662.5553894442007,1607.4537791883943,1384.0449133549205,False,True,76126,Aguacate,Permanente,Frutales
76126|Aguacate Papelillo,2,2027,60.27,6,pool_A_full,62.90662775419752,39.039904431563464,129.98073579389566,12.78727966144811,658.741794149175,65.06299239117578,62.90662775419752,54.1636713209061,False,True,76126,Aguacate,Permanente,Frutales
76126|Aguacate demás variedades,2,2027,1003.95,7,pool_A_full,1047.8697350892087,693.9023536208673,1365.6651224031655,262.4150804423633,1716.1026487882227,1083.789467581233,1047.8697350892087,902.2335792703446,False,True,76126,Aguacate,Permanente,Frutales
76126|Ahuyama,2,2027,494.0,7,pool_A_full,476.29412503486833,239.16639734398035,918.9960671445269,81.42639571658111,1423.50424597588,525.4861116677938,476.29412503486833,389.53596408282567,False,True,76126,Ahuyama,Transitorio,Hortalizas
76126|Arracacha,2,2027,3.5,3,pool_A_full,3.6329165420664378,1.8450274059608427,36.82212392885183,0.8496611849675315,220.40322698867712,3.7199437484971587,3.6329165420664378,3.2146689160975246,False,True,76126,Arracacha,Transitorio,Raíces y tubérculos
76126|Arveja,2,2027,0.31,7,pool_A_full,0.2905172003259532,0.0,9.53550199746792,0.0,60.6727433015912,0.31144167346846935,0.2905172003259532,0.23627260964372324,False,True,76126,Arveja,Transitorio,Leguminosas
76126|Banano consumo interno,2,2027,0.0,6,pool_A_full,0.0,0.0,1.5267926008274637,0.0,8.31937218212289,0.0,0.0,0.0,False,True,76126,Banano,Permanente,Frutales
76126|Cacao,2,2027,2.1,6,pool_A_full,2.158752686423984,1.9400770730883177,6.981512915899996,0.486298275057177,28.437591916065635,2.22878463475786,2.158752686423984,1.8632772333824787,False,True,76126,Cacao,Permanente,Cultivos tropicales tradicionales
76126|Café,2,2027,465.37,7,pool_A_full,478.3898750862521,302.47863155277804,769.4609949089611,151.4604113677546,1259.495455263241,493.9092883225073,478.3898750862521,412.91110766628765,False,True,76126,Café,Permanente,Cultivos tropicales tradicionales
76126|Caña panelera,2,2027,9800.0,7,pool_A_full,10074.179203311925,7776.847082541474,11318.412639973083,6840.726457461619,13721.89900038412,10400.994962203345,10074.179203311925,8695.2937557849,False,True,76126,Caña,Permanente,Cultivos tropicales tradicionales
76126|Frijol,2,2027,5.26,7,pool_A_full,4.929420882950045,2.6411976689623478,47.40650364084256,1.3672819393454403,282.3620907562562,5.284461943368222,4.929420882950045,4.0090126668580135,False,True,76126,Frijol,Transitorio,Leguminosas
76126|Granadilla,2,2027,102.96,7,pool_A_full,107.46418439641906,67.66344902922926,173.32037630544153,33.49487573923163,284.19294752714984,111.14792926158052,107.46418439641906,92.52848181849164,False,True,76126,Granadilla,Permanente,Frutales
76126|Guayaba,2,2027,302.22,7,pool_A_full,315.4411986041742,199.3236758015328,507.5747809398157,99.6378269966956,831.0423801751109,326.25414900383515,315.4411986041742,271.6002114916914,False,True,76126,Guayaba,Permanente,Frutales
76126|Habichuela,2,2027,155.0,7,pool_A_full,145.25860016297662,72.59487418612088,280.91701904181696,24.258155551581563,435.51489933471976,155.72083673423467,145.25860016297662,118.13630482186161,False,True,76126,Habichuela,Transitorio,Leguminosas
76126|Lulo,2,2027,2297.45,7,pool_A_full,2397.9563951199784,1588.3684310196243,3124.8124109164546,601.4783351619014,3926.3269526054287,2480.1554980770993,2397.9563951199784,2064.681046560738,False,True,76126,Lulo,Permanente,Frutales
76126|Mandarina Arrayana y/o Oneco,2,2027,62.49,5,pool_A_full,65.2237459492252,40.49166607735696,134.72981827206192,13.287177053724118,682.6626262907657,67.45953865147791,65.2237459492252,56.15874930883395,False,True,76126,Mandarina,Permanente,Frutales
76126|Maracuyá,2,2027,188.24,5,pool_A_full,196.47492298739243,124.01185884124388,316.3757593588361,61.80297010456593,518.235503063726,203.20985046814215,196.47492298739243,169.16823443582817,False,True,76126,Maracuyá,Permanente,Frutales
76126|Maíz amarillo tradicional,2,2027,7.83,5,pool_A_full,7.771836692334469,4.386696601094653,70.61136865917804,2.5020975887142107,418.19877741511976,8.105020992472198,7.771836692334469,6.540156280880364,False,True,76126,Maíz,Transitorio,Cereales
76126|Maíz blanco tradicional,2,2027,22.65,5,pool_A_full,22.481749818821932,11.84428842025469,56.96461205793474,2.434632703213546,105.29348625945279,23.4455588096418,22.481749818821932,18.91884288147385,False,True,76126,Maíz,Transitorio,Cereales
76126|Mora,2,2027,141.4,7,pool_A_full,147.5858165661777,93.0625211818306,237.80265731590694,46.25476255212389,389.6877392113197,152.64488342645188,147.5858165661777,127.07388625810721,False,True,76126,Mora,Permanente,Frutales
76126|Naranja Valencia,2,2027,161.1,5,pool_A_full,168.14763117971165,106.07921528709193,270.8489875944232,52.794038572258565,443.75244774873215,173.9115326732772,168.14763117971165,144.777956691521,False,True,76126,Naranja,Permanente,Frutales
76126|Pepino cohombro,2,2027,560.0,7,pool_A_full,539.9285627925633,271.18617898734107,1041.652997957902,92.41575651676852,1613.4238825720824,595.6927581659202,539.9285627925633,441.5792305392356,False,True,76126,Pepino Cohombro,Transitorio,Hortalizas
76126|Pimentón,2,2027,580.69,7,pool_A_full,559.8769948714529,281.22389538432793,1080.1040873295499,95.86075462216061,1672.9608110747404,617.7014781060146,559.8769948714529,457.8940060389799,False,True,76126,Pimentón,Transitorio,Hortalizas
76126|Plátano consumo interno,2,2027,3634.24,7,pool_A_full,3793.226859953788,2512.769905782578,4942.833674010137,951.8891339841126,6210.521577344342,3923.254180648857,3793.226859953788,3266.032534615725,False,True,76126,Plátano,Permanente,Frutales
76126|Tomate,2,2027,773.52,7,pool_A_full,745.7956105201849,374.77502408567983,1438.46675352263,127.96800376004137,2227.84268266331,822.8218969580403,745.7956105201849,609.9470828691242,False,True,76126,Tomate,Transitorio,Hortalizas
76126|Tomate invernadero,2,2027,5525.0,5,pool_A_full,5326.973766837343,2406.3092167306218,10594.345732088133,338.6310121803633,19394.62266571245,5877.147301547694,5326.973766837343,4356.652229873708,False,True,76126,Tomate,Transitorio,Hortalizas
76126|Uchuva,2,2027,2.0,5,pool_A_full,2.0874938693943097,1.8737513948847724,6.801456664285697,0.4527686298624077,27.7735044789083,2.1590506849568865,2.0874938693943097,1.7973675566917569,False,True,76126,Uchuva,Permanente,Frutales
76126|Yuca consumo en fresco,2,2027,103.2,7,pool_A_full,107.1191391832161,53.4037371917545,207.4022777869807,17.671654402200804,321.68608549601765,109.68519852711623,107.1191391832161,94.78680918321845,False,True,76126,Yuca,Transitorio,Raíces y tubérculos
76130|Ahuyama,2,2027,140.0,7,pool_A_full,134.98214069814082,67.42393216595512,261.10889278187534,22.483460515576088,404.8443769598883,148.92318954148004,134.98214069814082,110.3948076348089,False,True,76130,Ahuyama,Transitorio,Hortalizas
76130|Cacao,2,2027,8.73,7,pool_A_full,8.97424331070542,8.283741714014441,24.20284419634327,3.6932134609389307,91.95368564751341,9.26537612449339,8.97424331070542,7.745909641632876,False,True,76130,Cacao,Permanente,Cultivos tropicales tradicionales
76130|Caña de azúcar,2,2027,3097702.0,7,pool_A_full,3184367.863924261,3196992.144184614,3978005.306187244,2876084.6420977646,6020101.600163148,3287671.7241231864,3184367.863924261,2748513.14876351,False,True,76130,Caña,Permanente,Cultivos tropicales tradicionales
76130|Caña panelera,2,2027,89705.0,7,pool_A_full,92214.71892174451,71187.78442818993,103602.89163339857,62619.6949979955,125601.43063417917,95206.25031473991,92214.71892174451,79592.99248598822,False,True,76130,Caña,Permanente,Cultivos tropicales tradicionales
76130|Cilantro,2,2027,44.0,7,pool_A_full,42.42295850512997,22.75193532866888,106.1894115037434,5.351396914741789,195.56020862253553,46.80443099875087,42.42295850512997,34.69551097093994,False,True,76130,Cilantro,Transitorio,Hortalizas
76130|Guayaba,2,2027,143.0,7,pool_A_full,149.25581166169314,94.11971461169951,240.48662322685234,46.78587126441908,394.0787815290786,154.37212397441738,149.25581166169314,128.51178030346063,False,True,76130,Guayaba,Permanente,Frutales
76130|Habichuela,2,2027,66.0,7,pool_A_full,61.85204910165456,33.379458630402965,154.15004935038738,8.193254547644129,283.508755485086,66.3069369319967,61.85204910165456,50.30320076285721,False,True,76130,Habichuela,Transitorio,Leguminosas
76130|Limón Tahití,2,2027,67.1,5,pool_A_full,70.03541931817908,43.50636030578395,144.59165170645204,14.32525226921617,732.3360660082122,72.43615048030354,70.03541931817908,60.30168152700844,False,True,76130,Limón,Permanente,Frutales
76130|Mandarina Arrayana y/o Oneco,2,2027,58.68,5,pool_A_full,61.247070128029044,38.00012919876542,126.5793659108847,12.429245042655836,641.6093062639819,63.34654709663505,61.247070128029044,52.73476411333615,False,True,76130,Mandarina,Permanente,Frutales
76130|Maracuyá,2,2027,310.4,7,pool_A_full,323.9790485299968,204.7285772117376,521.2965566595241,102.35312028830464,853.4915840246558,335.08466630530876,323.9790485299968,278.95144479856066,False,True,76130,Maracuyá,Permanente,Frutales
76130|Maíz amarillo tecnificado,2,2027,120.0,5,pool_A_full,119.10860831163937,59.436636939745185,230.51227195356347,19.74217795356225,357.46915673995557,124.21488111068503,119.10860831163937,100.23228016674888,False,True,76130,Maíz,Transitorio,Cereales
76130|Maíz blanco tecnificado,2,2027,160.0,5,pool_A_full,158.8114777488525,79.41445484449589,307.040521141463,26.59867221080125,475.964028401333,165.61984148091338,158.8114777488525,133.64304022233182,False,True,76130,Maíz,Transitorio,Cereales
76130|Naranja Valencia,2,2027,355.8,5,pool_A_full,371.36515936524773,234.72644078426902,597.4540893826028,117.42332999968112,978.0874097910796,384.0951168538301,371.36515936524773,319.75168833546354,False,True,76130,Naranja,Permanente,Frutales
76130|Pepino cohombro,2,2027,210.0,7,pool_A_full,202.47321104721124,101.38430663618611,391.19957697787993,34.1388431824415,606.2742945619207,223.38478431222006,202.47321104721124,165.59221145221335,False,True,76130,Pepino Cohombro,Transitorio,Hortalizas
76130|Pimentón,2,2027,75.0,7,pool_A_full,72.31186108828973,39.100873900328494,179.97005632100328,9.72319216285395,330.8565847676674,79.78028011150717,72.31186108828973,59.14007551864763,False,True,76130,Pimentón,Transitorio,Hortalizas
76130|Plantas aromáticas,2,2027,17.6,7,pool_A_full,15.565269249742029,8.061040920907713,39.89130550768748,1.4229717095911099,73.98505149604429,16.967134944661645,15.565269249742029,10.881669438485325,False,True,76130,Plantas aromáticas,Transitorio,"Cultivos para condimentos, bebidas medicinales y aromáticas"
76130|Plátano consumo interno,2,2027,79.05,7,pool_A_full,82.50819518781009,51.321023218951595,170.15540648757198,17.01614138529646,861.0991038874943,85.33647832292094,82.50819518781009,71.04095267824168,False,True,76130,Plátano,Permanente,Frutales
76130|Tomate,2,2027,188.0,7,pool_A_full,181.26173179464624,90.7110460883992,350.31393337342126,30.475722915712357,542.9677490298532,199.98256881284462,181.26173179464624,148.24445596674337,False,True,76130,Tomate,Transitorio,Hortalizas
76147|Aguacate Papelillo,2,2027,4642.44,6,pool_A_full,4845.532519515459,3209.94864504306,6313.975766224366,1216.1671188377961,7933.249171552701,5011.631630935623,4845.532519515459,4172.085519944039,False,True,76147,Aguacate,Permanente,Frutales
76147|Banano consumo interno,2,2027,665.0,7,pool_A_full,694.091711573608,439.0290711064421,1116.1305016728184,220.06008865072906,1826.6563376980832,717.8843527481647,694.091711573608,597.6247126000092,False,True,76147,Banano,Permanente,Frutales
76147|Cacao,2,2027,6.6,7,pool_A_full,6.784651300189664,6.245731806748583,18.670199305341132,2.6629375414927567,71.54806277451435,7.004751709238987,6.784651300189664,5.8560141620592185,False,True,76147,Cacao,Permanente,Cultivos tropicales tradicionales
76147|Café,2,2027,361.11,7,pool_A_full,371.21294409264993,234.630080629351,597.2094535726683,117.37492096085326,977.6871788531676,383.25543783686226,371.21294409264993,320.4038294032128,False,True,76147,Café,Permanente,Cultivos tropicales tradicionales
76147|Caña de azúcar,2,2027,655920.0,7,pool_A_full,674270.9819424856,676944.1014319325,842319.1930655398,608993.7644267977,1274721.4599812126,696144.9607763692,674270.9819424856,581981.3347239216,False,True,76147,Caña,Permanente,Cultivos tropicales tradicionales
76147|Caña panelera,2,2027,960.0,7,pool_A_full,986.8583709366784,624.3655368209035,1586.6562748933327,313.1686994932638,2596.4494909501313,1018.8729758893073,986.8583709366784,851.7838781177045,False,True,76147,Caña,Permanente,Cultivos tropicales tradicionales
76147|Frijol,2,2027,7.0,7,pool_A_full,6.560065813811847,3.6425603042632826,60.71873452154394,2.018306106885017,360.2892553160777,7.032553917029953,6.560065813811847,5.3351879596969765,False,True,76147,Frijol,Transitorio,Leguminosas
76147|Guanábana,2,2027,220.0,7,pool_A_full,229.62432563337407,144.99714842414235,369.65248269110396,72.34547804362575,605.3976930712494,237.49557534525752,229.62432563337407,197.71043123609326,False,True,76147,Guanábana,Permanente,Frutales
76147|Guayaba,2,2027,78.0,7,pool_A_full,81.41226090637808,50.634379197292525,167.90921882897987,16.779703429490247,849.7851967934989,84.20297671331858,81.41226090637808,70.09733471097852,False,True,76147,Guayaba,Permanente,Frutales
76147|Limón Tahití,2,2027,389.34,6,pool_A_full,406.3724315549902,256.8878580578966,653.7167247907973,128.55669638116936,1070.1346343771097,420.30239684055704,406.3724315549902,349.8935422611843,False,True,76147,Limón,Permanente,Frutales
76147|Mandarina Arrayana y/o Oneco,2,2027,2030.7,6,pool_A_full,2119.5369002895122,1403.90857315637,2762.035032322777,531.5555495442461,3470.5269270598224,2192.192112970975,2119.5369002895122,1824.9571486869754,False,True,76147,Mandarina,Permanente,Frutales
76147|Maracuyá,2,2027,102.0,5,pool_A_full,106.46218733910979,67.02913297130786,171.70999675887415,33.17621051185449,281.5583221364943,110.11158493280121,106.46218733910979,91.6657453912796,False,True,76147,Maracuyá,Permanente,Frutales
76147|Maíz amarillo tecnificado,2,2027,3336.0,5,pool_A_full,3311.2193110635744,1495.5419171141211,6585.764551967579,210.13699999458194,12056.596143460229,3453.173694877044,3311.2193110635744,2786.457388635619,False,True,76147,Maíz,Transitorio,Cereales
76147|Maíz amarillo tradicional,2,2027,36.0,5,pool_A_full,35.73258249349181,19.092364819806996,89.67424321226154,4.372807822205386,165.27526835400357,37.26446433320551,35.73258249349181,30.069684050024662,False,True,76147,Maíz,Transitorio,Cereales
76147|Maíz blanco tecnificado,2,2027,8149.0,5,pool_A_full,8088.4670760962435,3654.0196196414417,16085.922385592246,514.6620530219233,29447.390296373822,8435.22555142477,8088.4670760962435,6806.607092323638,False,True,76147,Maíz,Transitorio,Cereales
76147|Naranja Valencia,2,2027,10053.44,6,pool_A_full,10493.247183161766,8100.35960759812,11789.23338592676,7125.301890548821,14292.690590858658,10852.943259086482,10493.247183161766,9034.863444573588,False,True,76147,Naranja,Permanente,Frutales
76147|Plátano consumo interno,2,2027,2550.0,7,pool_A_full,2661.5546834777447,1763.008870020053,3468.27792905641,667.6788956407719,4357.863209218514,2752.7896233200304,2661.5546834777447,2291.64363478199,False,True,76147,Plátano,Permanente,Frutales
76147|Soya,2,2027,1941.0,7,pool_A_full,1716.601568963027,775.0545131381284,3414.6666773423103,108.48829422179517,6251.649389716788,1871.2050527038778,1716.601568963027,1200.0750215965916,False,True,76147,Soya,Transitorio,Oleaginosas
76233|Aguacate demás variedades,2,2027,2420.0,7,pool_A_full,2525.867581967115,1673.1127818392738,3291.4792065927604,633.6021866237329,4135.730113357494,2612.4513287978325,2525.867581967115,2174.814743597026,False,True,76233,Aguacate,Permanente,Frutales
76233|Ahuyama,2,2027,3660.0,7,pool_A_full,3528.8188211085385,1593.8587123933612,7018.488536910908,224.00785317079624,12848.731798358785,3893.2776694415497,3528.8188211085385,2886.0356853100043,False,True,76233,Ahuyama,Transitorio,Hortalizas
76233|Ají,2,2027,200.0,6,pool_A_full,192.8316295687726,96.53282456901022,372.61519352130733,32.47378851574642,577.4985920473443,212.74741363068577,192.8316295687726,157.706868049727,False,True,76233,Ají,Transitorio,Hortalizas
76233|Banano consumo interno,2,2027,2349.0,7,pool_A_full,2451.761549603617,1624.015687525156,3194.9199043241565,614.9910609298117,4014.4112686949306,2535.805029481863,2451.761549603617,2111.0081953344684,False,True,76233,Banano,Permanente,Frutales
76233|Cacao,2,2027,40.0,7,pool_A_full,41.11909878902827,25.38919857800669,85.3257966228761,8.086816414817806,433.81765161978353,42.45304066205448,41.11909878902827,35.49099492157102,False,True,76233,Cacao,Permanente,Cultivos tropicales tradicionales
76233|Café,2,2027,998.35,7,pool_A_full,1026.2813069006593,679.5994816270229,1337.535650395579,256.9933227562886,1680.7602740532127,1059.574828624052,1026.2813069006593,885.8108694987608,False,True,76233,Café,Permanente,Cultivos tropicales tradicionales
"76233|Calabacín, calabaza",2,2027,354.0,7,pool_A_full,341.3119843367275,171.24564840351846,658.8146987525181,58.115630382850334,1020.6444107718158,376.5629221263138,341.3119843367275,279.1411564480168,False,True,76233,"Calabacín, calabaza",Transitorio,Hortalizas
76233|Caña panelera,2,2027,3000.0,7,pool_A_full,3083.93240917712,2042.844645508951,4018.6312159154395,773.7556169627957,5049.336980769234,3183.9780496540857,3083.93240917712,2661.824619117827,False,True,76233,Caña,Permanente,Cultivos tropicales tradicionales
76233|Chontaduro,2,2027,300.0,7,pool_A_full,313.1240804091465,197.85681991758958,503.85077823837867,98.90091365838587,824.9498089592203,323.857602743533,313.1240804091465,269.6051335037635,False,True,76233,Chontaduro,Permanente,Frutales
76233|Cilantro,2,2027,320.0,7,pool_A_full,308.53060731003615,154.7506093751204,595.6277950001719,52.454444516087094,922.8070222222565,340.39586180909725,308.53060731003615,252.3309888795632,False,True,76233,Cilantro,Transitorio,Hortalizas
76233|Cimarrón,2,2027,288.0,7,pool_A_full,254.70440590486953,127.66616773602433,491.8764789778672,43.15891887638113,762.1604765711635,277.6440263671905,254.70440590486953,178.06368172066894,False,True,76233,Cimarrón,Transitorio,"Cultivos para condimentos, bebidas medicinales y aromáticas"
76233|Frijol,2,2027,73.98,7,pool_A_full,69.33052412940006,37.47011162437367,172.61063713080716,9.287117445368718,317.36113823920925,74.32404839741085,69.33052412940006,56.38531503691176,False,True,76233,Frijol,Transitorio,Leguminosas
76233|Guanábana,2,2027,300.0,7,pool_A_full,313.1240804091465,197.85681991758958,503.85077823837867,98.90091365838587,824.9498089592203,323.857602743533,313.1240804091465,269.6051335037635,False,True,76233,Guanábana,Permanente,Frutales
76233|Guayaba,2,2027,333.0,7,pool_A_full,347.56772925415254,219.6614344086365,559.2075751516293,109.85503084947443,915.5150567630077,359.4819390453216,347.56772925415254,299.26169818917754,False,True,76233,Guayaba,Permanente,Frutales
76233|Habichuela,2,2027,832.5,7,pool_A_full,780.1792557140518,392.0762975785422,1504.7420682463107,133.90589361929986,2330.462107461831,836.3715908467766,780.1792557140518,634.5062823496761,False,True,76233,Habichuela,Transitorio,Leguminosas
76233|Lechuga,2,2027,2328.0,7,pool_A_full,2244.560168180513,1013.599156480635,4464.578733170379,142.1429481838022,8173.596873256842,2476.3798946611823,2244.560168180513,1835.7079440988223,False,True,76233,Lechuga,Transitorio,Hortalizas
76233|Limón Tahití,2,2027,387.94,5,pool_A_full,404.91118584641424,255.96281380676146,651.3682546187204,128.09197625791103,1066.2924723490717,418.79106136108726,404.91118584641424,348.63538497150006,False,True,76233,Limón,Permanente,Frutales
76233|Lulo,2,2027,2800.0,7,pool_A_full,2922.4914171520336,1935.885962675398,3808.2754722557274,733.2110283658468,4785.04223972049,3022.670958939641,2922.4914171520336,2516.31457936846,False,True,76233,Lulo,Permanente,Frutales
76233|Mandarina Arrayana y/o Oneco,2,2027,861.3,5,pool_A_full,898.9792348546595,568.7334900334882,1445.419569371944,285.2204887904469,2365.3823420581907,929.7951774766831,898.9792348546595,774.036338289305,False,True,76233,Mandarina,Permanente,Frutales
76233|Maracuyá,2,2027,400.0,7,pool_A_full,417.4987738788619,263.9314092843984,671.5986476724715,132.09520817683602,1099.3899538191824,431.8101369913773,417.4987738788619,359.4735113383514,False,True,76233,Maracuyá,Permanente,Frutales
76233|Maíz amarillo tradicional,2,2027,361.53,5,pool_A_full,358.8444596908915,180.0676959031059,692.6089726123952,61.14340440233557,1072.9708155492667,374.2283830662163,358.8444596908915,301.97480207237265,False,True,76233,Maíz,Transitorio,Cereales
76233|Maíz blanco tradicional,2,2027,190.29000000000002,5,pool_A_full,188.87647563018214,94.54265745286835,364.9915378389993,31.79075248709548,565.6942699669111,196.9737477212688,188.87647563018214,158.94333827442205,False,True,76233,Maíz,Transitorio,Cereales
76233|Naranja Valencia,2,2027,5551.84,5,pool_A_full,5794.715981929053,3838.8063572861442,7550.750829366218,1454.5468048385287,9487.155612906672,5993.3519773855205,5794.715981929053,4989.348547971782,False,True,76233,Naranja,Permanente,Frutales
76233|Pepino cohombro,2,2027,280.0,7,pool_A_full,269.96428139628165,135.3446811064171,521.2902611738841,45.794225849306905,807.704212163953,297.8463790829601,269.96428139628165,220.7896152696178,False,True,76233,Pepino Cohombro,Transitorio,Hortalizas
76233|Pimentón,2,2027,1222.0,7,pool_A_full,1178.2012566652006,531.7920477422904,2343.989962196644,74.16803458349038,4291.690546558092,1299.88669728349,1178.2012566652006,963.588963783832,False,True,76233,Pimentón,Transitorio,Hortalizas
76233|Pitahaya,2,2027,426.4,7,pool_A_full,445.0536929548668,281.3751008772361,715.8840852030725,140.85850192970693,1171.842152062213,460.3096060328082,445.0536929548668,383.19876308668256,False,True,76233,Pitahaya,Permanente,Frutales
"76233|Piña Cayena, Gold, Manzana y/o Perolera",2,2027,97541.6,6,pool_A_full,101808.746005456,102212.36594451795,127182.69917168548,91952.40151362453,192472.0277302361,105298.62914589532,101808.746005456,87659.05363390234,False,True,76233,Piña,Permanente,Frutales
76233|Plantas aromáticas,2,2027,20.4,7,pool_A_full,18.041562084928255,9.415548980722212,46.00402515766687,1.785174544562405,85.19434383933759,19.666451867675992,18.041562084928255,12.612844121880714,False,True,76233,Plantas aromáticas,Transitorio,"Cultivos para condimentos, bebidas medicinales y aromáticas"
76233|Plátano consumo interno,2,2027,10800.0,7,pool_A_full,11272.466894729272,8701.902432591423,12664.682772428376,7654.444649126698,15354.026889217907,11658.873698767187,11272.466894729272,9705.784806135487,False,True,76233,Plátano,Permanente,Frutales
76233|Sacha inchi,2,2027,6.0,7,pool_A_full,5.138473162567607,4.713516061766957,14.51064856755379,1.888355936259706,56.20671603194051,5.123502280028729,5.138473162567607,4.463152263818125,False,True,76233,Sacha inchi,Permanente,Oleaginosas
76233|Sábila,2,2027,840.0,7,pool_A_full,719.386242759465,455.0418200379288,1156.7831117424505,228.10451100999643,1893.1651299354046,717.2903192040221,719.386242759465,624.8413169345374,False,True,76233,Sábila,Permanente,"Cultivos para condimentos, bebidas medicinales y aromáticas"
76233|Tomate,2,2027,255.0,7,pool_A_full,245.86032770018505,123.21597593847743,474.82930253245377,41.63158918256924,735.7649558775126,271.25295237912434,245.86032770018505,201.07625676340191,False,True,76233,Tomate,Transitorio,Hortalizas
76233|Tomate invernadero,2,2027,24650.0,7,pool_A_full,23766.498344351225,18259.028788829495,27287.451720891473,16317.126775768444,33062.35002862523,26221.11872998202,23766.498344351225,19437.371487128854,False,True,76233,Tomate,Transitorio,Hortalizas
76233|Yuca consumo en fresco,2,2027,810.0,7,pool_A_full,840.7606854496613,422.55985679789336,1621.5142516346596,144.3680146439381,2511.269914135254,860.9012675093425,840.7606854496613,743.9662348682843,False,True,76233,Yuca,Transitorio,Raíces y tubérculos
76243|Aguacate Hass,2,2027,180.0,6,pool_A_full,187.87444824548788,118.56731267741885,302.5533349174669,59.06776023624565,495.6216351272652,194.31456164611978,187.87444824548788,161.76308010225813,False,True,76243,Aguacate,Permanente,Frutales
76243|Aguacate demás variedades,2,2027,30.0,7,pool_A_full,31.312408040914647,19.24493820716313,65.22635443619698,5.971111164063159,332.5780153537059,32.385760274353295,31.312408040914647,26.960513350376353,False,True,76243,Aguacate,Permanente,Frutales
76243|Banano consumo interno,2,2027,252.0,7,pool_A_full,263.024227543683,166.14101702152126,423.33180091001395,82.96765228952985,693.2185394264376,272.0403863045677,263.024227543683,226.46831214316137,False,True,76243,Banano,Permanente,Frutales
76243|Cacao,2,2027,12.0,7,pool_A_full,12.33572963670848,7.355335885234604,26.332433920358277,1.8770636231652067,136.6717643536199,12.735912198616342,12.33572963670848,10.647298476471306,False,True,76243,Cacao,Permanente,Cultivos tropicales tradicionales
76243|Café,2,2027,4448.79,7,pool_A_full,4573.255887541027,3029.558586997479,5959.20246681821,1147.7870631314306,7487.505615107468,4721.616569173533,4573.255887541027,3947.2995824283985,False,True,76243,Café,Permanente,Cultivos tropicales tradicionales
76243|Caña panelera,2,2027,1800.0,7,pool_A_full,1850.359445506272,1225.5717972795842,2411.299924918596,463.9538269156806,3029.857027700905,1910.3868297924512,1850.359445506272,1597.094771470696,False,True,76243,Caña,Permanente,Cultivos tropicales tradicionales
76243|Cebolla de rama,2,2027,12.0,5,pool_A_full,11.569897774126357,5.875611641794435,30.028745885926728,0.8385760134647207,55.89943324691542,12.764844817841146,11.569897774126357,9.46241208298362,False,True,76243,Cebolla de rama,Transitorio,Hortalizas
76243|Cilantro,2,2027,10.8,5,pool_A_full,10.412907996713722,5.242749503536641,27.172720925258595,0.6693452296668301,50.66215417032966,11.488360336057033,10.412907996713722,8.516170874685258,False,True,76243,Cilantro,Transitorio,Hortalizas
76243|Fresa,2,2027,5.0,7,pool_A_full,5.218734673485774,4.788221191141641,14.713452759473045,1.9261216485751604,56.95470292408641,5.397626712392216,5.218734673485774,4.493418891729392,False,True,76243,Fresa,Permanente,Frutales
76243|Frijol,2,2027,2.4,6,pool_A_full,2.2491654218783474,0.9952797741573602,25.525480469114992,0.2972077329298133,154.27491222689417,2.411161342981698,2.2491654218783474,1.8292073004675347,False,True,76243,Frijol,Transitorio,Leguminosas
76243|Granadilla,2,2027,162.0,7,pool_A_full,169.08700342093908,106.67388659139318,272.35871841932993,53.092787222924606,446.2224090524713,174.8831054815078,169.08700342093908,145.5867720920323,False,True,76243,Granadilla,Permanente,Frutales
76243|Limón Tahití,2,2027,4.2,5,pool_A_full,4.38373712572805,4.011029245473142,12.603587134089752,1.5332275102517587,49.17305000537225,4.534006438409461,4.38373712572805,3.7744718690526895,False,True,76243,Limón,Permanente,Frutales
76243|Limón demás variedades,2,2027,3.5,5,pool_A_full,3.653114271440042,3.330986293013207,10.757454711879372,1.1894451392187837,42.36410370149734,3.7783386986745513,3.653114271440042,3.1453932242105744,False,True,76243,Limón,Permanente,Frutales
76243|Lulo,2,2027,150.0,7,pool_A_full,156.56204020457324,98.74493586737616,252.22897408723892,49.10947188071061,413.28959166927643,161.9288013717665,156.56204020457324,134.80256675188176,False,True,76243,Lulo,Permanente,Frutales
76243|Mandarina Arrayana y/o Oneco,2,2027,8.0,5,pool_A_full,8.349975477577239,7.702690987398508,22.6254488546604,3.3994746672879117,86.13590136926447,8.636202739827546,8.349975477577239,7.189470226767027,False,True,76243,Mandarina,Permanente,Frutales
76243|Maracuyá,2,2027,20.0,7,pool_A_full,20.874938693943097,12.705471334219514,43.83409102103395,3.7193211087658513,224.82651922041552,21.590506849568865,20.874938693943097,17.973675566917567,False,True,76243,Maracuyá,Permanente,Frutales
76243|Maíz amarillo tradicional,2,2027,3.4,5,pool_A_full,3.3747439021631154,1.6864861869846428,34.71445859691669,0.7465874717430798,208.0653713256683,3.519421631469409,3.3747439021631154,2.839914604724551,False,True,76243,Maíz,Transitorio,Cereales
76243|Mora,2,2027,36.0,7,pool_A_full,37.57488964909757,23.1686183309293,78.06171248529489,7.322185197241543,397.22891303367965,38.86291232922396,37.57488964909757,32.35261602045162,False,True,76243,Mora,Permanente,Frutales
76243|Naranja Valencia,2,2027,42.0,5,pool_A_full,43.8373712572805,27.09229845469547,90.89707053439275,8.673259230419928,461.87981071365374,45.34006438409462,43.8373712572805,37.744718690526895,False,True,76243,Naranja,Permanente,Frutales
76243|Pitahaya,2,2027,40.0,7,pool_A_full,41.749877387886194,25.78440508010675,86.61861785136014,8.222901219360468,440.3295114869958,43.18101369913773,41.749877387886194,35.947351133835134,False,True,76243,Pitahaya,Permanente,Frutales
76243|Plátano consumo interno,2,2027,27430.0,7,pool_A_full,28629.978418742958,22101.571822377664,32165.75877103817,19441.366095695295,38995.827470168675,29611.3801441837,28629.978418742958,24650.896040027445,False,True,76243,Plátano,Permanente,Frutales
76243|Repollo,2,2027,3.5,5,pool_A_full,3.3745535174535206,1.6863692736512048,34.71290433751767,0.7465114619111843,208.0562729987956,3.7230797385370007,3.3745535174535206,2.7598701908702226,False,True,76243,Repollo,Transitorio,Hortalizas
76243|Sábila,2,2027,20.0,7,pool_A_full,17.128243875225355,10.35802619828306,36.15499948707965,2.9110054287326914,186.14741427158793,17.078340933429097,17.128243875225355,14.877174212727082,False,True,76243,Sábila,Permanente,"Cultivos para condimentos, bebidas medicinales y aromáticas"
76243|Tomate,2,2027,135.0,5,pool_A_full,130.1613499589215,64.99819113236717,251.81670105358916,21.65093318222855,390.45652570260006,143.60450420071288,130.1613499589215,106.45213593356573,False,True,76243,Tomate,Transitorio,Hortalizas
76243|Tomate de árbol,2,2027,16.0,7,pool_A_full,16.699950955154478,10.089684585042066,35.27718565496871,2.8186050866469277,181.72592076709952,17.27240547965509,16.699950955154478,14.378940453534055,False,True,76243,Tomate de árbol,Permanente,Frutales
76243|Yuca consumo en fresco,2,2027,45.0,6,pool_A_full,46.708926969425626,25.096318329947756,116.76930871082062,5.978297702204073,214.96125554549053,47.82784819496347,46.708926969425626,41.33145749268246,False,True,76243,Yuca,Transitorio,Raíces y tubérculos
76243|Zanahoria,2,2027,3.3,5,pool_A_full,3.1817218878847475,1.5679533112918764,33.13866881552409,0.6695247134539566,198.8410098563758,3.5103323249063147,3.1817218878847475,2.6021633228204952,False,True,76243,Zanahoria,Transitorio,Hortalizas
76246|Aguacate Hass,2,2027,510.0,6,pool_A_full,532.310936695549,336.6134575878882,856.1213040499739,168.60893214713136,1401.2741131651396,550.557924664006,532.310936695549,458.328726956398,False,True,76246,Aguacate,Permanente,Frutales
76246|Aguacate Papelillo,2,2027,573.75,6,pool_A_full,598.8498037824926,378.73600830922896,963.0605708142085,189.77029490264343,1576.2297055133658,619.3776652470068,598.8498037824926,515.6198178259477,False,True,76246,Aguacate,Permanente,Frutales
76246|Aguacate demás variedades,2,2027,2460.2,7,pool_A_full,2567.8262087419403,1700.9114183382528,3346.1508115392135,644.1397535659248,4204.420501462206,2655.848247565466,2567.8262087419403,2210.9418314865297,False,True,76246,Aguacate,Permanente,Frutales
76246|Banano consumo interno,2,2027,204.0,7,pool_A_full,212.92437467821958,134.425214125453,342.8128235816493,67.03439092067376,561.4872698936558,220.22316986560242,212.92437467821958,183.3314907825592,False,True,76246,Banano,Permanente,Frutales
76246|Café,2,2027,1451.65,7,pool_A_full,1492.2634939273223,988.3243000456674,1944.7050455696378,374.02094894658677,2443.6188263247773,1540.6739119267845,1492.2634939273223,1288.0125694474643,False,True,76246,Café,Permanente,Cultivos tropicales tradicionales
76246|Caña panelera,2,2027,2010.0,7,pool_A_full,2066.2347141486703,1368.5945457197229,2692.582900843042,518.1691401739256,3383.2660194878613,2133.265293268237,2066.2347141486703,1783.4224948089438,False,True,76246,Caña,Permanente,Cultivos tropicales tradicionales
76246|Frijol,2,2027,2.0,7,pool_A_full,1.8743045182319562,0.765081467191628,22.465197508034215,0.14754700475979568,136.36062152348694,2.009301119151415,1.8743045182319562,1.524339417056279,False,True,76246,Frijol,Transitorio,Leguminosas
76246|Guayaba,2,2027,67.5,7,pool_A_full,70.45291809205796,43.7679389807017,145.44734224305859,14.415323871428066,736.6461258535439,72.86796061729491,70.45291809205796,60.66115503834679,False,True,76246,Guayaba,Permanente,Frutales
76246|Limón Tahití,2,2027,5.5,5,pool_A_full,5.740608140834352,5.273966157184452,16.032118775337608,2.1716804850272853,61.81823599828279,5.937389383631437,5.740608140834352,4.942760780902331,False,True,76246,Limón,Permanente,Frutales
76246|Lulo,2,2027,50.0,7,pool_A_full,52.18734673485774,32.32387195305037,108.01088126652324,10.474691274657777,548.081007620286,53.97626712392216,52.18734673485774,44.93418891729392,False,True,76246,Lulo,Permanente,Frutales
76246|Mandarina Arrayana y/o Oneco,2,2027,7.1,5,pool_A_full,7.410603236349799,6.828350048521448,20.251850026104197,2.9574687616740865,77.38154183571105,7.664629931596947,7.410603236349799,6.3806548262557365,False,True,76246,Mandarina,Permanente,Frutales
76246|Maíz amarillo tradicional,2,2027,15.25,5,pool_A_full,15.136718972937503,7.826628093911095,38.83343074392588,1.3602884424989687,72.0451576077918,15.785641141149556,15.136718972937503,12.737852271191002,False,True,76246,Maíz,Transitorio,Cereales
76246|Mora,2,2027,0.8,6,pool_A_full,0.834997547757724,0.7079634763820253,3.6366582262107565,0.0,16.101025100837052,0.8636202739827546,0.834997547757724,0.7189470226767027,False,True,76246,Mora,Permanente,Frutales
76246|Naranja Valencia,2,2027,87.84,5,pool_A_full,91.68273074379809,57.069214600269014,188.95920602950034,18.995464843902795,955.8126689886565,94.82550608330645,91.68273074379809,78.94038308990197,False,True,76246,Naranja,Permanente,Frutales
76246|Plátano consumo interno,2,2027,24060.0,7,pool_A_full,25112.551248813546,19386.184820358474,28213.94721870418,17052.795724382264,34204.915386115565,25973.379740031345,25112.551248813546,21622.331707001835,False,True,76246,Plátano,Permanente,Frutales
76246|Tomate,2,2027,220.0,7,pool_A_full,212.11479252564985,106.23578870336195,409.78396043445156,35.80389784913655,635.0499970764965,234.02215499375436,212.11479252564985,173.4775548546997,False,True,76246,Tomate,Transitorio,Hortalizas
76246|Yuca consumo en fresco,2,2027,108.0,7,pool_A_full,112.1014247266215,55.910739701813185,217.0057546891721,18.53207111012432,336.5559247397477,114.78683566791233,112.1014247266215,99.19549798243791,False,True,76246,Yuca,Transitorio,Raíces y tubérculos
76248|Aguacate demás variedades,2,2027,328.0,7,pool_A_full,342.3489945806668,216.35770494029597,550.8201816799245,108.19531612355189,901.7930495200094,354.08431233292936,342.3489945806668,294.76827929744815,False,True,76248,Aguacate,Permanente,Frutales
76248|Banano consumo interno,2,2027,126.0,7,pool_A_full,131.5121137718415,82.88703441934204,211.96948542305662,41.14284119628257,347.4239569028852,136.02019315228384,131.5121137718415,113.23415607158068,False,True,76248,Banano,Permanente,Frutales
76248|Café,2,2027,147.03,7,pool_A_full,151.14352737377067,95.3147364735169,243.52050316720542,47.386221686832435,399.04229285787926,156.04676421354674,151.14352737377067,130.4560245829647,False,True,76248,Café,Permanente,Cultivos tropicales tradicionales
76248|Caña de azúcar,2,2027,2035800.0,7,pool_A_full,2092756.5328675937,2101053.1714609396,2614332.64626258,1890153.7370535976,3956392.120111497,2160647.5044952626,2092756.5328675937,1806314.1865333572,False,True,76248,Caña,Permanente,Cultivos tropicales tradicionales
76248|Cebolla de bulbo,2,2027,1296.0,7,pool_A_full,1249.5489596056464,564.0286897374414,2485.8738401822266,78.71608486054555,4551.420264619312,1378.6032403268437,1249.5489596056464,1021.940504962231,False,True,76248,Cebolla de bulbo,Transitorio,Hortalizas
76248|Cebolla de rama,2,2027,25000.0,7,pool_A_full,24103.953696096574,18518.288065869867,27674.898222018426,16548.814567691694,33531.78960750465,26593.42670383572,24103.953696096574,19713.358506215875,False,True,76248,Cebolla de rama,Transitorio,Hortalizas
76248|Cilantro,2,2027,227.51999999999998,7,pool_A_full,219.3652617974357,109.88410321787815,423.7594167937936,37.056018958491215,656.6893253674575,242.0214577462681,219.3652617974357,179.40733309336943,False,True,76248,Cilantro,Transitorio,Hortalizas
76248|Fresa,2,2027,60.0,7,pool_A_full,62.624816081829294,38.86333882599398,129.40314468168623,12.726481329955082,655.8325037535761,64.77152054870659,62.624816081829294,53.921026700752705,False,True,76248,Fresa,Permanente,Frutales
76248|Frijol,2,2027,22.28,7,pool_A_full,20.879752333103994,10.96801140027764,53.010087225079424,2.200311453844714,98.04181638605408,22.383614467346767,20.879752333103994,16.981141106006948,False,True,76248,Frijol,Transitorio,Leguminosas
76248|Limón Tahití,2,2027,21.0,5,pool_A_full,21.91868562864025,13.359418021513875,45.973317362550254,3.9445001142955824,235.60166883374464,22.67003219204731,21.91868562864025,18.872359345263447,False,True,76248,Limón,Permanente,Frutales
76248|Mandarina Arrayana y/o Oneco,2,2027,59.8,5,pool_A_full,62.41606669488986,38.73254948853513,128.97529941338303,12.68144552884914,653.6774738309107,64.5556154802109,62.41606669488986,53.74128994508353,False,True,76248,Mandarina,Permanente,Frutales
76248|Maracuyá,2,2027,700.4,7,pool_A_full,731.0403530618872,462.4194757422925,1175.5132474524873,231.8108689102604,1923.80814897851,756.0995498719016,731.0403530618872,629.4381183534532,False,True,76248,Maracuyá,Permanente,Frutales
76248|Maíz blanco tecnificado,2,2027,1632.0,5,pool_A_full,1619.8770730382955,731.3520137053196,3222.3178558328477,102.32260349373216,5899.539580700037,1689.3223831053165,1619.8770730382955,1363.1590102677847,False,True,76248,Maíz,Transitorio,Cereales
76248|Mora,2,2027,8.0,7,pool_A_full,8.349975477577239,7.702690987398508,22.6254488546604,3.3994746672879117,86.13590136926447,8.636202739827546,8.349975477577239,7.189470226767027,False,True,76248,Mora,Permanente,Frutales
76248|Naranja Valencia,2,2027,399.2,5,pool_A_full,416.6637763311042,263.40281256946395,670.2566647169988,131.82965382068855,1097.1944326603016,430.9465167173945,416.6637763311042,358.75456431567466,False,True,76248,Naranja,Permanente,Frutales
76248|Repollo,2,2027,351.0,7,pool_A_full,338.41950989319594,169.7902037833657,653.2393837155465,57.616113982841824,1012.0117000174431,373.37171092185355,338.41950989319594,276.7755534272709,False,True,76248,Repollo,Transitorio,Hortalizas
76248|Tomate,2,2027,361.53999999999996,7,pool_A_full,348.5817367714702,174.90366588216895,672.8273238787725,59.37108160153838,1042.3412904678057,384.5834996201906,348.5817367714702,285.0867053734915,False,True,76248,Tomate,Transitorio,Hortalizas
76248|Tomate de árbol,2,2027,60.5,7,pool_A_full,63.14668954917787,39.19031216964117,130.4727578524444,12.83907083271995,661.2200785602407,65.31128321994582,63.14668954917787,54.37036858992565,False,True,76248,Tomate de árbol,Permanente,Frutales
76248|Uva,2,2027,2376.0,7,pool_A_full,2479.94271684044,1642.6864135319333,3231.639638989683,622.0685312641199,4060.546603989144,2564.9522137287813,2479.94271684044,2135.272657349807,False,True,76248,Uva,Permanente,Frutales
76250|Aguacate Hass,2,2027,1282.5,6,pool_A_full,1338.6054437491011,886.5220102574527,1744.4903850358487,335.43098272464175,2192.065524573519,1384.4912517286034,1338.6054437491011,1152.561945728589,False,True,76250,Aguacate,Permanente,Frutales
76250|Aguacate demás variedades,2,2027,388.48,7,pool_A_full,405.4748091911507,256.3196165893421,652.2740931136642,128.2712254483107,1067.774449131314,419.3740050460257,405.4748091911507,349.1206742118069,False,True,76250,Aguacate,Permanente,Frutales
76250|Ahuyama,2,2027,45.0,7,pool_A_full,43.38711665297384,23.279320443883726,108.56943230430016,5.4924225679067,199.92460785302364,47.868168066904296,43.38711665297384,35.484045311188574,False,True,76250,Ahuyama,Transitorio,Hortalizas
76250|Arracacha,2,2027,1770.0,7,pool_A_full,1837.2177941307414,829.5518817889972,3654.5272064060473,116.17696020098256,6690.733156471942,1881.2286956685632,1837.2177941307414,1625.7039947121768,False,True,76250,Arracacha,Transitorio,Raíces y tubérculos
76250|Banano consumo interno,2,2027,1128.4,7,pool_A_full,1177.7640411122695,779.960570344698,1534.9158994077873,295.03697611290556,1928.7523701721038,1218.1363964526754,1177.7640411122695,1014.0747754854893,False,True,76250,Banano,Permanente,Frutales
76250|Berenjena,2,2027,153.0,7,pool_A_full,147.51619662011103,73.73085885328375,285.26859127541877,24.648031582279664,442.25279022883717,162.7517714274746,147.51619662011103,120.64575405804115,False,True,76250,Berenjena,Transitorio,Hortalizas
76250|Cacao,2,2027,14.8,7,pool_A_full,15.21406655194046,9.158722154511814,32.231770190610064,2.498038902330467,166.38635308023623,15.707625044960157,15.21406655194046,13.13166812098128,False,True,76250,Cacao,Permanente,Cultivos tropicales tradicionales
76250|Café,2,2027,661.88,7,pool_A_full,680.3977276620508,430.3600697070334,1094.1219424247383,215.7049895363732,1790.649727250041,702.4704638350154,680.3977276620508,587.2694929672357,False,True,76250,Café,Permanente,Cultivos tropicales tradicionales
76250|Caña panelera,2,2027,4600.0,7,pool_A_full,4728.69636073825,3132.5417764814415,6161.739603911236,1186.8246703589507,7741.9769181936845,4882.099676136265,4728.69636073825,4081.4644159806676,False,True,76250,Caña,Permanente,Cultivos tropicales tradicionales
76250|Frijol,2,2027,41.96,7,pool_A_full,39.32290879250644,21.056238332776868,98.53695032265628,4.89795829936101,181.52739189998243,42.15513747979669,39.32290879250644,31.98064096984073,False,True,76250,Frijol,Transitorio,Leguminosas
76250|Granadilla,2,2027,150.0,7,pool_A_full,156.56204020457324,98.74493586737616,252.22897408723892,49.10947188071061,413.28959166927643,161.9288013717665,156.56204020457324,134.80256675188176,False,True,76250,Granadilla,Permanente,Frutales
76250|Habichuela,2,2027,520.0,7,pool_A_full,487.3191747403086,244.71401741598626,940.247119351249,83.33036868031542,1456.4089671817983,522.418290979368,487.3191747403086,396.32824843463254,False,True,76250,Habichuela,Transitorio,Leguminosas
76250|Lulo,2,2027,4102.0,7,pool_A_full,4281.449926127729,2836.229861224438,5578.982677237801,1074.502375598038,7009.790630574759,4428.212954846575,4281.449926127729,3686.4008587747935,False,True,76250,Lulo,Permanente,Frutales
76250|Maracuyá,2,2027,736.0,7,pool_A_full,768.197743937106,485.94202955687666,1235.231488971025,243.62803775882878,2021.5088405486574,794.5306520641342,768.197743937106,661.4312608625665,False,True,76250,Maracuyá,Permanente,Frutales
76250|Maíz amarillo tradicional,2,2027,37.5,5,pool_A_full,37.2214400973873,19.90675542649826,93.34948266780387,4.590580307485367,172.0147944320428,38.81715034708907,37.2214400973873,31.322587552109024,False,True,76250,Maíz,Transitorio,Cereales
76250|Pepino cohombro,2,2027,840.0,7,pool_A_full,809.892844188845,407.0276768682651,1562.0157347419201,139.03728718423017,2419.143552980212,893.5391372488803,809.892844188845,662.3688458088534,False,True,76250,Pepino Cohombro,Transitorio,Hortalizas
76250|Pimentón,2,2027,2890.0,7,pool_A_full,2786.4170472687642,1258.4233835248929,5542.129265979821,176.6835462338702,10146.138786100155,3074.2001269634093,2786.4170472687642,2278.864243318555,False,True,76250,Pimentón,Transitorio,Hortalizas
76250|Plátano consumo interno,2,2027,2060.0,7,pool_A_full,2150.118685476139,1424.169768415577,2801.8827443857385,539.2359154996251,3520.592309434655,2223.822205505593,2150.118685476139,1851.2885833925095,False,True,76250,Plátano,Permanente,Frutales
76250|Repollo,2,2027,1653.0,7,pool_A_full,1593.7534183859054,719.5487058491856,3170.3676839775444,100.65735444039304,5804.440661211942,1758.357373657618,1593.7534183859054,1303.4472644309938,False,True,76250,Repollo,Transitorio,Hortalizas
76250|Tomate,2,2027,1650.0,7,pool_A_full,1590.860943942374,718.2418149574904,3164.6156348700247,100.47297402375568,5793.911078047305,1755.1661624531575,1590.860943942374,1301.0816614102478,False,True,76250,Tomate,Transitorio,Hortalizas
76250|Tomate invernadero,2,2027,9900.0,3,pool_A_full,9545.165663654243,4312.191767119637,18982.750680560188,607.5191197765331,34750.26478081825,10530.996974718946,9545.165663654243,7806.489968461487,False,True,76250,Tomate,Transitorio,Hortalizas
76250|Yuca consumo en fresco,2,2027,280.0,7,pool_A_full,290.633323365315,145.74499631224873,561.1303436843629,49.36366981071684,869.3918309734041,297.5954998797727,290.633323365315,257.173513287802,False,True,76250,Yuca,Transitorio,Raíces y tubérculos
76275|Aguacate demás variedades,2,2027,131.67,7,pool_A_full,137.43015889157437,86.63346363644006,221.48078961996956,43.02495769547866,362.98471311644516,142.1411018441366,137.43015889157437,118.3296930948018,False,True,76275,Aguacate,Permanente,Frutales
76275|Arracacha,2,2027,20.6,7,pool_A_full,21.382308790448178,11.242904887151266,54.25064597014429,2.273819469939064,100.31670979499822,21.894526062583278,21.382308790448178,18.92062276331686,False,True,76275,Arracacha,Transitorio,Raíces y tubérculos
76275|Arveja,2,2027,55.61,7,pool_A_full,52.11503712943954,28.053407927726795,130.1142715260061,6.769039571784662,239.43278345308826,55.868617618005096,52.11503712943954,42.38425749124983,False,True,76275,Arveja,Transitorio,Leguminosas
76275|Banano consumo interno,2,2027,3280.54,7,pool_A_full,3424.053569151404,2268.1833950937976,4461.80514989174,859.1742726046772,5606.148684990158,3541.426067014232,3424.053569151404,2948.168082214788,False,True,76275,Banano,Permanente,Frutales
76275|Cacao,2,2027,10.48,7,pool_A_full,10.773203882725406,6.376354767626975,23.12993708793588,1.5399627573326367,120.54098761631379,11.122696653458272,10.773203882725406,9.298640669451608,False,True,76275,Cacao,Permanente,Cultivos tropicales tradicionales
76275|Café,2,2027,1186.55,7,pool_A_full,1219.7466667030371,807.7751066576619,1589.6187745335835,305.58057016201116,1997.4820466927627,1259.3163849390182,1219.7466667030371,1052.7960006047524,False,True,76275,Café,Permanente,Cultivos tropicales tradicionales
76275|Caña de azúcar,2,2027,1601019.8,7,pool_A_full,1645812.282984757,1652337.0321669236,2055996.8753377886,1486478.7876879459,3111436.539955557,1699203.9667538581,1645812.282984757,1420544.6397783663,False,True,76275,Caña,Permanente,Cultivos tropicales tradicionales
76275|Cilantro,2,2027,195.0,7,pool_A_full,188.01083882955328,94.10708353542233,363.3230017930215,31.641261182398907,563.1107407900565,207.4287282899186,188.01083882955328,153.76419634848384,False,True,76275,Cilantro,Transitorio,Hortalizas
76275|Curuba,2,2027,34.02,7,pool_A_full,35.50827071839721,21.873803890086474,73.82604432909261,6.87633076629268,375.89411679928855,36.72545215111664,35.50827071839721,30.573222139326788,False,True,76275,Curuba,Permanente,Frutales
76275|Fresa,2,2027,6.25,7,pool_A_full,6.523418341857218,6.0025836062486695,18.01011779913444,2.5400187397054736,69.1135356095773,6.74703339049027,6.523418341857218,5.61677361466174,False,True,76275,Fresa,Permanente,Frutales
76275|Frijol,2,2027,76.36,7,pool_A_full,71.56094650609609,38.69013093836496,178.11642646882723,9.613357256970797,327.45746292026405,76.71511672920103,71.56094650609609,58.19927894320873,False,True,76275,Frijol,Transitorio,Leguminosas
76275|Granadilla,2,2027,239.31,7,pool_A_full,249.77907894237612,157.7561516308732,402.0445962788275,78.75529631513852,658.3920850437083,258.34120970851626,249.77907894237612,215.06401499595216,False,True,76275,Granadilla,Permanente,Frutales
76275|Guanábana,2,2027,94.6,7,pool_A_full,98.73846002235084,61.48989420637886,203.42037609815046,20.517674921283763,1028.65268037476,102.12309739846073,98.73846002235084,85.01548543152009,False,True,76275,Guanábana,Permanente,Frutales
76275|Guayaba,2,2027,125.58,7,pool_A_full,131.07374005926872,82.6095211440014,211.26494437143333,41.00342515930506,346.2713082944735,135.5667925084429,131.07374005926872,112.85670888467541,False,True,76275,Guayaba,Permanente,Frutales
76275|Habichuela,2,2027,257.4,7,pool_A_full,241.22299149645275,120.8825461497872,465.8907238957509,40.83074356358798,721.9246323416808,258.5970540347871,241.22299149645275,196.18248297514307,False,True,76275,Habichuela,Transitorio,Leguminosas
76275|Limón Tahití,2,2027,144.4,5,pool_A_full,150.71705737026917,95.0447588628349,242.83509339892976,47.25059138767741,397.9209435571186,155.8834594538872,150.71705737026917,129.76993759314485,False,True,76275,Limón,Permanente,Frutales
76275|Mandarina Arrayana y/o Oneco,2,2027,358.91,5,pool_A_full,374.6112123321559,236.78136051357674,602.671048122003,118.45567255920501,986.6224982962234,387.4524406689381,374.6112123321559,322.54659488611924,False,True,76275,Mandarina,Permanente,Frutales
76275|Mango demás variedades,2,2027,61.92,7,pool_A_full,64.62881019644783,40.11891646559918,133.51045925739763,13.158825020572174,676.5207910111683,66.8442092062652,64.62881019644783,55.646499555176796,False,True,76275,Mango,Permanente,Frutales
76275|Maracuyá,2,2027,179.66,7,pool_A_full,187.51957428769083,118.34265907357167,301.9829921613909,58.9548996348829,494.68853863474124,193.94752302967711,187.51957428769083,161.4575276176205,False,True,76275,Maracuyá,Permanente,Frutales
76275|Maíz amarillo tecnificado,2,2027,161.24,5,pool_A_full,160.0422667014061,80.03376719954314,309.4128968662877,26.81122353277565,479.63736942283555,166.90339525239045,160.0422667014061,134.6787737840549,False,True,76275,Maíz,Transitorio,Cereales
76275|Maíz amarillo tradicional,2,2027,90.0,5,pool_A_full,89.33145623372953,48.41042666069271,221.9828636117856,12.212617292284735,407.898207163422,93.16116083301377,89.33145623372953,75.17421012506165,False,True,76275,Maíz,Transitorio,Cereales
76275|Maíz blanco tecnificado,2,2027,330.0,5,pool_A_full,327.5486728570083,164.3201809396862,632.2855801900342,55.73877280406693,979.5672329621862,341.59092305438384,327.5486728570083,275.6387704585594,False,True,76275,Maíz,Transitorio,Cereales
76275|Maíz blanco tradicional,2,2027,43.5,5,pool_A_full,43.17687051296927,23.16431785326336,108.05044048997318,5.461670248605296,198.97289874420053,45.027894402623325,43.17687051296927,36.334201560446466,False,True,76275,Maíz,Transitorio,Cereales
76275|Mora,2,2027,648.34,7,pool_A_full,676.7028876415534,428.02104451793184,1088.1837066250987,214.5299191839553,1780.9346095644137,699.8994605424739,676.7028876415534,582.6526408527668,False,True,76275,Mora,Permanente,Frutales
76275|Naranja Valencia,2,2027,2068.4,5,pool_A_full,2158.886159727595,1429.9784387287966,2813.306661837236,541.4377951591877,3534.9455248595186,2232.890218382412,2158.886159727595,1858.837527130615,False,True,76275,Naranja,Permanente,Frutales
76275|Otras hortalizas,2,2027,80.0,7,pool_A_full,77.13265182750904,41.73779947640264,191.8701603237872,10.428320428678497,352.67858092010783,85.09896545227431,77.13265182750904,63.0827472198908,False,True,76275,Otras hortalizas,Transitorio,Hortalizas
76275|Papaya demás variedades,2,2027,425.5,7,pool_A_full,444.1143207136394,280.78042957293474,714.3743543781654,140.55975327904096,1169.372190758472,459.3380332245776,444.1143207136394,382.3899476861713,False,True,76275,Papaya,Permanente,Frutales
76275|Pepino cohombro,2,2027,176.0,7,pool_A_full,169.69183402051988,84.88926760778816,328.0126732255346,28.47765731567828,508.43690601236176,187.21772399500347,169.69183402051988,138.78204388375977,False,True,76275,Pepino Cohombro,Transitorio,Hortalizas
76275|Pitahaya,2,2027,5.64,7,pool_A_full,5.886732711691953,5.409974747676438,16.40134525977968,2.2404369592338793,63.180025259057714,6.088522931578419,5.886732711691953,5.068576509870754,False,True,76275,Pitahaya,Permanente,Frutales
"76275|Piña Cayena, Gold, Manzana y/o Perolera",2,2027,5583.9,6,pool_A_full,5828.178508655443,3860.9761156482605,7594.352114306102,1462.950645539193,9541.937051778248,6027.961559865379,5828.178508655443,5018.16034990555,False,True,76275,Piña,Permanente,Frutales
76275|Piña demás variedades,2,2027,7622.43,7,pool_A_full,7955.887947443634,5270.636674411062,10366.732881258551,1997.3075196353807,13025.206127974981,8228.606356267961,7955.887947443634,6850.154192576974,False,True,76275,Piña,Permanente,Frutales
76275|Plátano consumo interno,2,2027,2783.6,7,pool_A_full,2905.373967423,1924.5452253972076,3785.9716334218524,728.912120459082,4757.019295319561,3004.9667433229943,2905.373967423,2501.5761654035873,False,True,76275,Plátano,Permanente,Frutales
76275|Tomate,2,2027,2496.0,7,pool_A_full,2406.538737018282,1086.7850464155729,4786.693483191703,152.46825151549507,8763.2535304769,2655.0877221109586,2406.538737018282,1968.181713260593,False,True,76275,Tomate,Transitorio,Hortalizas
76275|Tomate de árbol,2,2027,28.4,7,pool_A_full,29.642412945399197,18.19862350749215,61.803592289770954,5.61082475521559,315.3377759723792,30.658519726387787,29.642412945399197,25.522619305022946,False,True,76275,Tomate de árbol,Permanente,Frutales
76275|Yuca consumo en fresco,2,2027,480.0,7,pool_A_full,498.22855434054003,250.20343423135992,961.2752146090037,85.21436597419657,1488.9684661288193,510.1637140796104,498.22855434054003,440.86887992194625,False,True,76275,Yuca,Transitorio,Raíces y tubérculos
76306|Aguacate Hass,2,2027,0.0,6,pool_A_full,0.0,0.0,1.5267926008274637,0.0,8.31937218212289,0.0,0.0,0.0,False,True,76306,Aguacate,Permanente,Frutales
76306|Banano consumo interno,2,2027,480.0,7,pool_A_full,500.99852865463436,316.79108077784554,805.7969432197461,158.65064379159617,1318.9420697071523,518.1721643896527,500.99852865463436,431.36821360602164,False,True,76306,Banano,Permanente,Frutales
76306|Café,2,2027,872.4,7,pool_A_full,896.8075445887065,567.3586975643118,1441.9292940659845,284.5298259114053,2359.6721553130446,925.900816839408,896.8075445887065,774.058599239464,False,True,76306,Café,Permanente,Cultivos tropicales tradicionales
76306|Caña de azúcar,2,2027,384000.0,7,pool_A_full,394743.34837467136,396308.2937368524,493125.1340217543,356527.5936317437,746269.7932401728,407549.19035572297,394743.34837467136,340713.55124708184,False,True,76306,Caña,Permanente,Cultivos tropicales tradicionales
76306|Caña panelera,2,2027,1200.0,7,pool_A_full,1233.5729636708481,816.9353731649,1607.6342794201744,309.0529318921228,2020.1170511667383,1273.5912198616343,1233.5729636708481,1064.7298476471306,False,True,76306,Caña,Permanente,Cultivos tropicales tradicionales
76306|Frijol,2,2027,64.5,7,pool_A_full,60.44632071298059,32.61053889469418,150.68001405331594,7.987641221004166,277.1455256440853,64.79996109263314,60.44632071298059,49.159946200064994,False,True,76306,Frijol,Transitorio,Leguminosas
76306|Granadilla,2,2027,72.0,7,pool_A_full,75.14977929819514,46.71069907352631,155.0738607798819,15.428629396311848,785.1342991135242,77.72582465844792,75.14977929819514,64.70523204090324,False,True,76306,Granadilla,Permanente,Frutales
76306|Guayaba,2,2027,80.0,2,pool_A_full,83.49975477577239,51.94227257188122,172.1876715120124,17.230061440549697,871.3354960201565,86.36202739827546,83.49975477577239,71.89470226767027,False,True,76306,Guayaba,Permanente,Frutales
76306|Habichuela,2,2027,240.0,7,pool_A_full,224.91654218783475,112.67741439033605,434.45964514127337,38.01469833498532,673.2573534908884,241.1161342981698,224.91654218783475,182.92073004675348,False,True,76306,Habichuela,Transitorio,Leguminosas
76306|Limón Pajarito,2,2027,0.0,2,pool_A_full,0.0,0.0,1.5267926008274637,0.0,8.31937218212289,0.0,0.0,0.0,False,True,76306,Limón,Permanente,Frutales
76306|Limón Tahití,2,2027,0.0,2,pool_A_full,0.0,0.0,1.5267926008274637,0.0,8.31937218212289,0.0,0.0,0.0,False,True,76306,Limón,Permanente,Frutales
76306|Lulo,2,2027,56.0,7,pool_A_full,58.44982834304067,36.24755207681654,120.84623931562103,11.82576530783616,612.7319053002602,60.45341917879282,58.44982834304067,50.32629158736919,False,True,76306,Lulo,Permanente,Frutales
76306|Maracuyá,2,2027,780.0,7,pool_A_full,814.1226090637808,515.0148488782727,1309.0405515220264,258.2335273469469,2142.2625042870413,842.0297671331857,814.1226090637808,700.9733471097852,False,True,76306,Maracuyá,Permanente,Frutales
76306|Maíz amarillo tecnificado,2,2027,450.0,5,pool_A_full,446.65728116864767,224.25363465393826,861.8703277537319,76.30825557578392,1335.0518479463183,465.8058041650689,446.65728116864767,375.87105062530827,False,True,76306,Maíz,Transitorio,Cereales
76306|Maíz amarillo tradicional,2,2027,21.54,5,pool_A_full,21.379995191939265,11.24163937130315,54.24493486083341,2.2734810641063596,100.30623696170372,22.29657115936796,21.379995191939265,17.991694289931424,False,True,76306,Maíz,Transitorio,Cereales
76306|Maíz blanco tecnificado,2,2027,344.0,5,pool_A_full,341.4446771600329,171.31241720634893,659.0704674057989,58.13854579410058,1021.0404380436681,356.08265918396376,341.4446771600329,287.3325364780134,False,True,76306,Maíz,Transitorio,Cereales
76306|Maíz blanco tradicional,2,2027,33.980000000000004,5,pool_A_full,33.727587586912556,17.99565213612943,84.72492074546449,4.079540875361677,156.19937323557713,35.17351383450898,33.727587586912556,28.382440667217725,False,True,76306,Maíz,Transitorio,Cereales
76306|Mora,2,2027,216.0,7,pool_A_full,225.44933789458545,142.3541648494701,362.9425679137405,71.01770626288774,594.4200872768519,233.17747397534373,225.44933789458545,194.11569612270975,False,True,76306,Mora,Permanente,Frutales
76306|Papaya demás variedades,2,2027,570.0,7,pool_A_full,594.9357527773783,376.25821120797355,956.7700257104299,188.5255088582015,1565.9382000811172,615.3294452127126,594.9357527773783,512.2497536571507,False,True,76306,Papaya,Permanente,Frutales
76306|Plátano consumo interno,2,2027,1258.0,7,pool_A_full,1313.0336438490208,869.580055177229,1711.1706258023155,329.0088337175845,2150.201979584326,1358.0428808378815,1313.0336438490208,1130.5441931591151,False,True,76306,Plátano,Permanente,Frutales
76306|Tomate,2,2027,91.0,7,pool_A_full,87.73839145379154,47.53903574376575,218.05038912991176,11.979602613492494,400.68697245547776,96.80007320196202,87.73839145379154,71.75662496262578,False,True,76306,Tomate,Transitorio,Hortalizas
76306|Tomate de árbol,2,2027,8.0,2,pool_A_full,8.349975477577239,7.702690987398508,22.6254488546604,3.3994746672879117,86.13590136926447,8.636202739827546,8.349975477577239,7.189470226767027,False,True,76306,Tomate de árbol,Permanente,Frutales
76306|Uva,2,2027,1250.0,7,pool_A_full,1304.6836683714437,864.0479882122579,1700.2907044199371,326.91180547038203,2136.5322506082625,1349.406678098054,1304.6836683714437,1123.354722932348,False,True,76306,Uva,Permanente,Frutales
76318|Aguacate demás variedades,2,2027,720.0,7,pool_A_full,751.4977929819515,475.370095258187,1208.3918298615697,238.31695063587665,1977.5984173710624,777.2582465844791,751.4977929819515,647.0523204090325,False,True,76318,Aguacate,Permanente,Frutales
76318|Ají,2,2027,246.0,7,pool_A_full,237.1829043695903,118.84964207801919,458.103357421539,40.1330399825437,709.8668236143943,261.6793187657435,237.1829043695903,193.97944770116422,False,True,76318,Ají,Transitorio,Hortalizas
76318|Arracacha,2,2027,16.0,7,pool_A_full,16.607618478018,8.631195795476511,42.46434069936108,1.5754342294300874,78.70339379285616,17.00545713598701,16.607618478018,14.695629330731542,False,True,76318,Arracacha,Transitorio,Raíces y tubérculos
76318|Banano consumo interno,2,2027,504.0,7,pool_A_full,526.048455087366,332.64898222587976,846.0564318839286,166.6172744760244,1384.8077044735423,544.0807726091354,526.048455087366,452.93662428632274,False,True,76318,Banano,Permanente,Frutales
76318|Cacao,2,2027,6.0,7,pool_A_full,6.16786481835424,5.671644508927215,17.11170778674899,2.37271897263468,65.7999999933879,6.367956099308171,6.16786481835424,5.323649238235653,False,True,76318,Cacao,Permanente,Cultivos tropicales tradicionales
76318|Café,2,2027,537.13,7,pool_A_full,552.1575383137688,349.1773848068076,888.0181655045142,174.92074890467418,1453.458258976908,570.070043270233,552.1575383137688,476.58195255558604,False,True,76318,Café,Permanente,Cultivos tropicales tradicionales
76318|Caña de azúcar,2,2027,1703808.0,7,pool_A_full,1751476.2367384168,1758419.885684589,2187995.3630540455,1581913.2656848428,3311196.0119006564,1808295.7576083427,1751476.2367384168,1511746.026883302,False,True,76318,Caña,Permanente,Cultivos tropicales tradicionales
76318|Caña panelera,2,2027,3000.0,7,pool_A_full,3083.93240917712,2042.844645508951,4018.6312159154395,773.7556169627957,5049.336980769234,3183.9780496540857,3083.93240917712,2661.824619117827,False,True,76318,Caña,Permanente,Cultivos tropicales tradicionales
76318|Cilantro,2,2027,229.5,7,pool_A_full,221.27429493016655,110.84469666717895,427.4391247181948,37.38569978249683,662.3869144653435,244.12765714121193,221.27429493016655,180.96863108706174,False,True,76318,Cilantro,Transitorio,Hortalizas
76318|Frijol,2,2027,44.1,7,pool_A_full,41.32841462701464,22.153230489054742,103.48753401314478,5.1912999787006875,190.60559980647673,44.305089677288706,41.32841462701464,33.61168414609095,False,True,76318,Frijol,Transitorio,Leguminosas
76318|Guanábana,2,2027,643.7,7,pool_A_full,671.8599018645587,424.9551835713119,1080.400205483357,212.98970391829923,1768.2005868429117,694.8904629533739,671.8599018645587,578.482748121242,False,True,76318,Guanábana,Permanente,Frutales
76318|Guayaba,2,2027,32.0,5,pool_A_full,33.399901910308955,20.55283158175186,69.50480711922962,6.421469175122622,354.128314580364,34.54481095931018,33.399901910308955,28.75788090706811,False,True,76318,Guayaba,Permanente,Frutales
76318|Habichuela,2,2027,143.25,7,pool_A_full,134.24706111836386,67.05405245200879,259.69200896336264,22.35651581387575,402.65050126019054,143.91619265922012,134.24706111836386,109.18081074665598,False,True,76318,Habichuela,Transitorio,Leguminosas
76318|Limón Tahití,2,2027,40.56,5,pool_A_full,42.3343756713166,26.150615224991597,87.81658460260924,8.349001462457117,446.3635952704602,43.78554789092566,42.3343756713166,36.45061404970883,False,True,76318,Limón,Permanente,Frutales
76318|Lulo,2,2027,300.0,7,pool_A_full,313.1240804091465,197.85681991758958,503.85077823837867,98.90091365838587,824.9498089592203,323.857602743533,313.1240804091465,269.6051335037635,False,True,76318,Lulo,Permanente,Frutales
76318|Mandarina Arrayana y/o Oneco,2,2027,78.26,5,pool_A_full,81.68363510939935,50.804405335989024,168.465417677774,16.838249970927965,852.5867356929639,84.48365330236297,81.68363510939935,70.33099249334845,False,True,76318,Mandarina,Permanente,Frutales
76318|Maracuyá,2,2027,360.0,7,pool_A_full,375.74889649097577,237.50157353767494,604.4994998988346,118.817490369456,989.6138958751978,388.62912329223957,375.74889649097577,323.52616020451626,False,True,76318,Maracuyá,Permanente,Frutales
76318|Maíz amarillo tecnificado,2,2027,1575.0,5,pool_A_full,1563.3004840902668,705.7893232743912,3109.808195222707,98.71613600514739,5693.581702720382,1630.320314577741,1563.3004840902668,1315.548677188579,False,True,76318,Maíz,Transitorio,Cereales
76318|Maíz amarillo tradicional,2,2027,83.0,5,pool_A_full,82.38345408221723,44.609937162800115,204.83174615258804,11.196345694311487,376.4470854659045,85.91529276822381,82.38345408221723,69.32732711533464,False,True,76318,Maíz,Transitorio,Cereales
76318|Mora,2,2027,310.2,7,pool_A_full,323.7702991430574,204.59642803300397,520.9610609206559,102.28673169926783,852.9427037349352,334.8687612368131,323.7702991430574,278.7717080428915,False,True,76318,Mora,Permanente,Frutales
76318|Naranja Valencia,2,2027,1000.8,5,pool_A_full,1044.5819322449124,691.7241022534098,1361.3811533588537,261.5893755700273,1710.7201930038975,1080.3889627524259,1044.5819322449124,899.4027253685551,False,True,76318,Naranja,Permanente,Frutales
76318|Papaya demás variedades,2,2027,3000.0,7,pool_A_full,3131.2408040914647,2074.187636799674,4080.273506815187,785.6367345459065,5126.785464122061,3238.5760274353297,3131.2408040914647,2696.0513350376355,False,True,76318,Papaya,Permanente,Frutales
76318|Pepino cohombro,2,2027,250.0,7,pool_A_full,241.03953696096576,120.79023490488954,465.5371108041683,40.79906184922173,721.3771046202248,265.93426703835723,241.03953696096576,197.13358506215874,False,True,76318,Pepino Cohombro,Transitorio,Hortalizas
76318|Pimentón,2,2027,192.0,7,pool_A_full,185.1183643860217,92.65163891526956,357.74768675605014,31.141744782390383,554.4780300356837,204.23751708545834,185.1183643860217,151.39859332773793,False,True,76318,Pimentón,Transitorio,Hortalizas
76318|Plantas aromáticas,2,2027,30.0,7,pool_A_full,26.53170894842391,14.059576614371952,66.9619211004534,3.027012835892563,123.62620330205732,28.921252746582347,26.53170894842391,18.548300179236346,False,True,76318,Plantas aromáticas,Transitorio,"Cultivos para condimentos, bebidas medicinales y aromáticas"
76318|Plátano consumo interno,2,2027,2288.0,7,pool_A_full,2388.0929865870903,1581.8336769172508,3111.9605037835204,599.0012205448932,3910.1795852524474,2469.953983590678,2388.0929865870903,2056.18848485537,False,True,76318,Plátano,Permanente,Frutales
76318|Tomate,2,2027,720.0,7,pool_A_full,694.1938664475814,348.8098920621546,1339.0031332630558,119.0566311838894,2073.8351228052984,765.8906890704687,694.1938664475814,567.7447249790172,False,True,76318,Tomate,Transitorio,Hortalizas
76318|Tomate de árbol,2,2027,500.0,7,pool_A_full,521.8734673485774,330.0059986512075,839.3465171065652,165.2895026952863,1373.8300986791457,539.7626712392216,521.8734673485774,449.3418891729392,False,True,76318,Tomate de árbol,Permanente,Frutales
76318|Tomate invernadero,2,2027,1600.0,1,pool_A_full,1542.6530365501808,696.4603000959015,3068.7481497446265,97.39996707979944,5618.418025303232,1701.9793090454862,1542.6530365501808,1261.654944397816,False,True,76318,Tomate,Transitorio,Hortalizas
76318|Uva,2,2027,2440.0,7,pool_A_full,2546.742520661058,1686.9429492517017,3318.6790100487065,638.8447572417391,4169.904435797652,2634.0418356474015,2546.742520661058,2192.788419163943,False,True,76318,Uva,Permanente,Frutales
76318|Yuca consumo en fresco,2,2027,40.0,7,pool_A_full,41.519046195045,22.25750409986651,103.9581073295345,5.21918331034649,191.46852076055376,42.51364283996753,41.519046195045,36.73907332682886,False,True,76318,Yuca,Transitorio,Raíces y tubérculos
76364|Aguacate demás variedades,2,2027,45.0,7,pool_A_full,46.96861206137197,29.05413851657857,97.31474955894171,9.348796247009124,494.205259553641,48.578640411529946,46.96861206137197,40.44077002556453,False,True,76364,Aguacate,Permanente,Frutales
76364|Ahuyama,2,2027,59.75,7,pool_A_full,57.60844933367081,31.058250893302386,143.67473911251253,7.572550952089097,264.29949650272346,63.558289822167374,57.60844933367081,47.11492682985594,False,True,76364,Ahuyama,Transitorio,Hortalizas
76364|Arazá,2,2027,1.25,7,pool_A_full,1.3046836683714436,1.1451339458205556,4.823457640488859,0.08443037518421989,20.478204867613773,1.349406678098054,1.3046836683714436,1.123354722932348,False,True,76364,Arazá,Permanente,Frutales
76364|Arroz riego,2,2027,16923.5,7,pool_A_full,16797.78777301691,12905.126842147409,19286.385759823712,11532.59704028208,23368.064431968454,17517.921170638983,16797.78777301691,14135.674945016455,False,True,76364,Arroz,Transitorio,Cereales
76364|Banano consumo interno,2,2027,160.0,7,pool_A_full,166.99950955154478,105.35239480405708,269.0037610306483,52.42890133255564,440.7336061552724,172.72405479655092,166.99950955154478,143.78940453534054,False,True,76364,Banano,Permanente,Frutales
76364|Cacao,2,2027,197.1,7,pool_A_full,202.6143592829368,127.89844014449324,326.24287679763114,63.75549566221656,534.3783795627746,209.18735786227342,202.6143592829368,174.8818774760412,False,True,76364,Cacao,Permanente,Cultivos tropicales tradicionales
76364|Café,2,2027,1231.72,7,pool_A_full,1266.1804090105475,838.5386187864297,1650.1214032121907,317.24202587570153,2073.4986379261777,1307.2564811066434,1266.1804090105475,1092.8742066199366,False,True,76364,Café,Permanente,Cultivos tropicales tradicionales
76364|Caña de azúcar,2,2027,1016400.0,7,pool_A_full,1044836.3002292083,1048978.5084557733,1305240.1786646284,943684.1338303037,1975281.3924128495,1078731.763222804,1044836.3002292083,901826.1809571197,False,True,76364,Caña,Permanente,Cultivos tropicales tradicionales
76364|Caña panelera,2,2027,3480.0,7,pool_A_full,3577.3615946454593,2369.753784800702,4661.563732314184,897.6763329816432,5857.128961996576,3693.414537598739,3577.3615946454593,3087.716558176679,False,True,76364,Caña,Permanente,Cultivos tropicales tradicionales
76364|Cilantro,2,2027,18.75,7,pool_A_full,18.077965272072433,9.435461169494515,46.093886289684946,1.790499172327853,85.35912805271033,19.945070027876792,18.077965272072433,14.785018879661907,False,True,76364,Cilantro,Transitorio,Hortalizas
76364|Frijol,2,2027,11.7,7,pool_A_full,10.964681431656944,5.544564197745019,28.53477159640243,0.7500521232775184,53.15983524086288,11.754411547035778,10.964681431656944,8.917385589779231,False,True,76364,Frijol,Transitorio,Leguminosas
76364|Guanábana,2,2027,22.5,7,pool_A_full,23.484306030685985,14.340338052455422,49.18215687482473,4.28226862259018,251.76439325373812,24.289320205764973,23.484306030685985,20.220385012782266,False,True,76364,Guanábana,Permanente,Frutales
76364|Guayaba,2,2027,174.0,7,pool_A_full,181.61196663730493,114.60283731541033,292.4884627514213,57.07610256513864,479.1552264356675,187.83740959124913,181.61196663730493,156.37097743218285,False,True,76364,Guayaba,Permanente,Frutales
76364|Habichuela,2,2027,90.0,7,pool_A_full,84.34370332043802,45.682174401743474,209.6706141035298,11.483067773883509,385.32043294109604,90.41855036181369,84.34370332043802,68.59527376753255,False,True,76364,Habichuela,Transitorio,Leguminosas
76364|Limón Tahití,2,2027,332.28,5,pool_A_full,346.81623146117056,219.1856973651955,557.999790491704,109.6160319289417,913.5390877200153,358.70468079873706,346.81623146117056,298.61464586876843,False,True,76364,Limón,Permanente,Frutales
76364|Lulo,2,2027,18.0,7,pool_A_full,18.787444824548786,11.39757795963079,39.55563833800132,3.268963097706389,203.27621999375748,19.43145616461198,18.787444824548786,16.17630801022581,False,True,76364,Lulo,Permanente,Frutales
76364|Mandarina Arrayana y/o Oneco,2,2027,1086.0,5,pool_A_full,1133.5091710811103,750.6406154303511,1477.2523160811818,283.92272640273274,1856.3028065989686,1172.3645219315893,1133.5091710811103,975.970583283624,False,True,76364,Mandarina,Permanente,Frutales
76364|Mango demás variedades,2,2027,210.0,7,pool_A_full,219.18685628640253,138.38968948746148,352.8776957476947,69.02604859178074,577.9536785852532,226.70032192047307,219.18685628640253,188.72359345263447,False,True,76364,Mango,Permanente,Frutales
76364|Maracuyá,2,2027,60.0,7,pool_A_full,62.624816081829294,38.86333882599398,129.40314468168623,12.726481329955082,655.8325037535761,64.77152054870659,62.624816081829294,53.921026700752705,False,True,76364,Maracuyá,Permanente,Frutales
76364|Maíz amarillo tradicional,2,2027,16.5,5,pool_A_full,16.377433642850413,8.505286932820484,41.89613029021116,1.5417655135656205,77.66142933949133,17.079546152719193,16.377433642850413,13.78193852292797,False,True,76364,Maíz,Transitorio,Cereales
76364|Mora,2,2027,17.5,7,pool_A_full,18.26557135720021,11.070604615983608,38.48602516724318,3.156373594941524,197.88864518709315,18.891693493372756,18.26557135720021,15.726966121052872,False,True,76364,Mora,Permanente,Frutales
76364|Naranja Valencia,2,2027,8768.5,5,pool_A_full,9152.094996892003,6063.153672729116,11925.376818596333,2297.7251650442868,14983.514413924557,9465.81796552223,9152.094996892003,7880.108710425835,False,True,76364,Naranja,Permanente,Frutales
76364|Otras hortalizas,2,2027,22.75,6,pool_A_full,21.934597863447884,11.545001630353822,55.61396949191199,2.354601784987486,102.81672497466276,24.200018300490505,21.934597863447884,17.939156240656445,False,True,76364,Otras hortalizas,Transitorio,Hortalizas
76364|Papaya demás variedades,2,2027,40.0,7,pool_A_full,41.749877387886194,25.78440508010675,86.61861785136014,8.222901219360468,440.3295114869958,43.18101369913773,41.749877387886194,35.947351133835134,False,True,76364,Papaya,Permanente,Frutales
76364|Piña demás variedades,2,2027,4550.0,7,pool_A_full,4749.048552872055,3146.0256112628126,6188.2582746509825,1191.9359574413718,7775.295453234288,4911.840308276916,4749.048552872055,4089.0111914737467,False,True,76364,Piña,Permanente,Frutales
76364|Plátano consumo interno,2,2027,546.0,7,pool_A_full,569.8858263446466,360.40030975993966,916.5105370462481,180.55887817377342,1500.0725653147285,589.42083699323,569.8858263446466,490.68134297684963,False,True,76364,Plátano,Permanente,Frutales
76364|Tomate,2,2027,95.0,7,pool_A_full,91.59502404516698,49.64857620462506,227.57047233213888,12.54370522615213,418.1445693774299,101.05502147457574,91.59502404516698,74.91076232362032,False,True,76364,Tomate,Transitorio,Hortalizas
76364|Tomate de árbol,2,2027,10.0,7,pool_A_full,10.437469346971548,6.166004461275894,22.441827605870863,1.4675310534685426,117.07502308712547,10.795253424784432,10.437469346971548,8.986837783458784,False,True,76364,Tomate de árbol,Permanente,Frutales
76364|Yuca consumo en fresco,2,2027,170.0,7,pool_A_full,176.45594632894125,88.29285545673764,341.0506646758107,29.64578692080303,528.6246816379263,180.682982069862,176.45594632894125,156.14106163902264,False,True,76364,Yuca,Transitorio,Raíces y tubérculos
76364|Zapote,2,2027,5.0,7,pool_A_full,5.218734673485774,4.788221191141641,14.713452759473045,1.9261216485751604,56.95470292408641,5.397626712392216,5.218734673485774,4.493418891729392,False,True,76364,Zapote,Permanente,Frutales
76377|Aguacate Hass,2,2027,56.0,6,pool_A_full,58.44982834304067,36.24755207681654,120.84623931562103,11.82576530783616,612.7319053002602,60.45341917879282,58.44982834304067,50.32629158736919,False,True,76377,Aguacate,Permanente,Frutales
76377|Ahuyama,2,2027,1080.0,7,pool_A_full,1041.290799671372,469.9325455353777,2071.72630444052,65.44069486265462,3793.2902767649407,1148.836033605703,1041.290799671372,851.6170874685258,False,True,76377,Ahuyama,Transitorio,Hortalizas
76377|Ají,2,2027,160.0,7,pool_A_full,154.26530365501807,77.1268963003068,298.27765969501905,25.81356984896619,462.39578198904013,170.19793090454863,154.26530365501807,126.1654944397816,False,True,76377,Ají,Transitorio,Hortalizas
76377|Banano consumo interno,2,2027,1392.0,7,pool_A_full,1452.8957330984395,962.2421768404938,1893.409308957151,364.13405685822454,2379.169939933382,1502.699276729993,1452.8957330984395,1250.9678194574628,False,True,76377,Banano,Permanente,Frutales
76377|Café,2,2027,809.35,7,pool_A_full,831.9935651225007,526.3280900856807,1337.7622148289497,263.9170293436406,2189.251938282017,858.9842114958448,831.9935651225007,718.1159184943377,False,True,76377,Café,Permanente,Cultivos tropicales tradicionales
76377|Caña panelera,2,2027,95.0,7,pool_A_full,97.65785962394213,60.81285743880897,201.2056162171074,20.284545112706834,1017.4970730354626,100.82597157237937,97.65785962394213,84.29111293873117,False,True,76377,Caña,Permanente,Cultivos tropicales tradicionales
76377|Cilantro,2,2027,90.2,7,pool_A_full,86.96706493551645,47.11712765159388,216.14637248946633,11.866782090960566,397.19545307108683,95.94908354743929,86.96706493551645,71.12579749042688,False,True,76377,Cilantro,Transitorio,Hortalizas
76377|Frijol,2,2027,40.08,7,pool_A_full,37.5610625453684,20.092525597355188,94.18783941699344,4.64025626330559,173.5521438325949,40.26639442779436,37.5610625453684,30.54776191780783,False,True,76377,Frijol,Transitorio,Leguminosas
76377|Granadilla,2,2027,73.8,7,pool_A_full,77.02852378065002,47.88780311065617,158.92446819461128,15.833951606265366,804.5295684175165,79.66897027490911,77.02852378065002,66.32286284192583,False,True,76377,Granadilla,Permanente,Frutales
76377|Habichuela,2,2027,1380.0,7,pool_A_full,1293.2701175800498,583.7829811742764,2572.818859962424,81.50308453178425,4710.580035235618,1386.4177722144764,1293.2701175800498,1051.7941977688324,False,True,76377,Habichuela,Transitorio,Leguminosas
76377|Lechuga,2,2027,2091.0,7,pool_A_full,2016.0546871415174,910.3547760367037,4010.1668536760053,127.57689526944964,7341.7598032499645,2224.2742095088197,2016.0546871415174,1648.8253054598958,False,True,76377,Lechuga,Transitorio,Hortalizas
76377|Lulo,2,2027,289.0,7,pool_A_full,301.64286412747776,190.58861508724056,485.3985126006283,95.24954126135634,794.7613930246242,311.9828239762701,301.64286412747776,259.7196119419589,False,True,76377,Lulo,Permanente,Frutales
76377|Maíz amarillo tradicional,2,2027,82.22,5,pool_A_full,81.60924812819158,44.18645404732065,202.920621635706,11.083104001965896,372.94253190532396,85.10789604100435,81.60924812819158,68.67581729425076,False,True,76377,Maíz,Transitorio,Cereales
76377|Papaya demás variedades,2,2027,16.2,7,pool_A_full,16.90870034209391,10.220473922500938,35.70503092327197,2.8636408877528736,183.8809506897653,17.48831054815078,16.90870034209391,14.55867720920323,False,True,76377,Papaya,Permanente,Frutales
76377|Pepino cohombro,2,2027,94.5,7,pool_A_full,91.11294497124506,49.384883647017624,226.3804619318604,12.473192399569669,415.96236976218563,100.52315294049903,91.11294497124506,74.51649515349601,False,True,76377,Pepino Cohombro,Transitorio,Hortalizas
76377|Piña demás variedades,2,2027,20088.0,7,pool_A_full,20966.788424196446,16185.734620945883,23556.203751086698,14237.543049350945,28558.17865084574,21685.505079706967,20966.788424196446,18052.759739412006,False,True,76377,Piña,Permanente,Frutales
76377|Plantas aromáticas,2,2027,36.0,7,pool_A_full,31.83805073810869,16.962093885403053,80.06060606469497,3.803161767973913,147.6461154662573,34.705503295898815,31.83805073810869,22.257960215083617,False,True,76377,Plantas aromáticas,Transitorio,"Cultivos para condimentos, bebidas medicinales y aromáticas"
76377|Plátano consumo interno,2,2027,3791.0,7,pool_A_full,3956.844629436914,2621.170757961189,5156.025733497846,992.9804024880449,6478.379916630307,4092.4805733357784,3956.844629436914,3406.9102037092252,False,True,76377,Plátano,Permanente,Frutales
76377|Repollo,2,2027,860.0,7,pool_A_full,829.1760071457222,416.73064100261644,1599.1845016550644,142.36739651762016,2476.694958009362,914.8138786119488,829.1760071457222,678.1395326138261,False,True,76377,Repollo,Transitorio,Hortalizas
76377|Tomate,2,2027,14400.0,7,pool_A_full,13883.877328951627,10666.435675504339,15940.80418788789,9531.984298016176,19314.476647156647,15317.813781409375,13883.877328951627,11354.894499580345,False,True,76377,Tomate,Transitorio,Hortalizas
76377|Té,2,2027,270.9,7,pool_A_full,232.0020632899274,146.50237956835974,373.47391116864736,73.10167019553023,611.6496555461656,231.3261279432971,232.0020632899274,201.5113247113883,False,True,76377,Té,Permanente,"Cultivos para condimentos, bebidas medicinales y aromáticas"
76377|Yuca consumo en fresco,2,2027,132.0,7,pool_A_full,137.0128524436485,68.44575225210652,265.02313920012875,22.834154649741883,410.9051209583974,140.29502137189286,137.0128524436485,121.23894197853522,False,True,76377,Yuca,Transitorio,Raíces y tubérculos
76400|Aguacate Hass,2,2027,106.4,6,pool_A_full,111.05467385177728,69.93641490344746,179.09090301397427,34.636759470666306,293.6336885103327,114.86149643970637,111.05467385177728,95.61995401600147,False,True,76400,Aguacate,Permanente,Frutales
76400|Ají,2,2027,268.0,7,pool_A_full,258.39438362215526,129.52290262580607,498.98900102599754,43.79616024927283,773.1733691464617,285.08153426511893,258.39438362215526,211.3272031866342,False,True,76400,Ají,Transitorio,Hortalizas
76400|Arracacha,2,2027,162.0,7,pool_A_full,168.15213708993227,84.11451793997323,325.0448698388249,28.211759074263853,503.84161623170985,172.1802535018685,168.15213708993227,148.79324697365686,False,True,76400,Arracacha,Transitorio,Raíces y tubérculos
76400|Banano consumo interno,2,2027,360.3,7,pool_A_full,376.0620205713849,237.69979730577532,605.0027435071368,118.91707325301144,990.4372163097767,388.9529808949831,376.0620205713849,323.79576533802003,False,True,76400,Banano,Permanente,Frutales
76400|Berenjena,2,2027,115.0,7,pool_A_full,110.87818700204424,55.295226998015465,214.64793414044502,18.320823848838437,332.90512067344804,122.32976283764431,110.87818700204424,90.68144912859303,False,True,76400,Berenjena,Transitorio,Hortalizas
76400|Cacao,2,2027,6.3,7,pool_A_full,6.476258059271952,5.9586881578379,17.89095354604506,2.5178282570637185,68.67403138395112,6.686353904273579,6.476258059271952,5.589831700147435,False,True,76400,Cacao,Permanente,Cultivos tropicales tradicionales
76400|Café,2,2027,310.37,7,pool_A_full,319.0533672787676,201.61036574488253,513.3801498377414,100.78660537245729,840.5401239419153,329.40375575704616,319.0533672787676,275.38350234519993,False,True,76400,Café,Permanente,Cultivos tropicales tradicionales
76400|Caña de azúcar,2,2027,229920.0,7,pool_A_full,236352.57983933447,237289.59246567724,295258.77399870905,213470.85784143067,446829.39602239017,244020.0777254891,236352.57983933447,204002.23880919022,False,True,76400,Caña,Permanente,Cultivos tropicales tradicionales
76400|Cilantro,2,2027,33.0,7,pool_A_full,31.81721887884748,16.95069906130579,80.00918269761894,3.800114729927798,147.55181708716603,35.10332324906315,31.81721887884748,26.021633228204955,False,True,76400,Cilantro,Transitorio,Hortalizas
76400|Guanábana,2,2027,60.0,7,pool_A_full,62.624816081829294,38.86333882599398,129.40314468168623,12.726481329955082,655.8325037535761,64.77152054870659,62.624816081829294,53.921026700752705,False,True,76400,Guanábana,Permanente,Frutales
76400|Guayaba,2,2027,4644.0,7,pool_A_full,4847.160764733587,3211.0273981012215,6316.097350893925,1216.5760393459996,7935.914768703027,5013.315690469891,4847.160764733587,4173.487466638259,False,True,76400,Guayaba,Permanente,Frutales
76400|Limón Tahití,2,2027,205.66,5,pool_A_full,214.65699458981686,135.52205230894205,345.59743821425525,67.58541620967998,566.0429762983317,222.01518193411664,214.65699458981686,184.82330585461335,False,True,76400,Limón,Permanente,Frutales
76400|Lulo,2,2027,157.05,7,pool_A_full,163.92045609418818,103.40319441773616,264.0551988823424,51.44966964426133,432.6376218819036,169.53945503623953,163.92045609418818,141.1382873892202,False,True,76400,Lulo,Permanente,Frutales
76400|Mandarina Arrayana y/o Oneco,2,2027,87.22,5,pool_A_full,91.03560764428585,56.66376765414652,187.63288569776023,18.855853860474365,949.1320762283925,94.15620037096981,91.03560764428585,78.38319914732752,False,True,76400,Mandarina,Permanente,Frutales
76400|Mango demás variedades,2,2027,731.0,7,pool_A_full,762.9790092636202,482.63830008853625,1226.8440954993207,241.9683230329063,2007.7868333056595,789.133025351742,762.9790092636202,656.9378419708371,False,True,76400,Mango,Permanente,Frutales
76400|Maracuyá,2,2027,110.61,7,pool_A_full,115.4488484468523,72.71815511579011,186.15308831714958,36.03423926989306,305.1876186089368,119.40629813154061,115.4488484468523,99.40341272283761,False,True,76400,Maracuyá,Permanente,Frutales
76400|Maíz amarillo tecnificado,2,2027,1723.27,5,pool_A_full,1710.4690953766565,772.2837111725264,3402.4714825677147,108.09738047062913,6229.325116194823,1783.798151430085,1710.4690953766565,1439.3940120246111,False,True,76400,Maíz,Transitorio,Cereales
76400|Maíz amarillo tradicional,2,2027,56.709999999999994,5,pool_A_full,56.2887431446089,30.336384462857797,140.41704929511607,7.379519935637672,258.32565840480095,58.70188256489123,56.2887431446089,47.368105068802734,False,True,76400,Maíz,Transitorio,Cereales
76400|Maíz blanco tecnificado,2,2027,4380.0,5,pool_A_full,4347.464203374837,1963.742773427964,8646.467809458572,276.19229925918705,15828.877276982312,4533.843160540004,4347.464203374837,3658.478226086334,False,True,76400,Maíz,Transitorio,Cereales
76400|Maíz blanco tradicional,2,2027,42.0,5,pool_A_full,41.68801290907378,22.349927246572086,104.37520103443083,5.243897763325314,192.2333726661611,43.47520838873976,41.68801290907378,35.08129805836211,False,True,76400,Maíz,Transitorio,Cereales
76400|Melón,2,2027,162.0,7,pool_A_full,156.1936199507058,78.09719271374198,301.99453638633355,26.146580782305207,468.15092249195544,172.32540504085546,156.1936199507058,127.74256312027887,False,True,76400,Melón,Transitorio,Hortalizas
76400|Naranja Valencia,2,2027,64.12,5,pool_A_full,66.92505345278157,41.55759917764675,138.2167572087334,13.654218832737572,700.2261201604916,69.21916495971779,66.92505345278157,57.62360386753773,False,True,76400,Naranja,Permanente,Frutales
76400|Papaya demás variedades,2,2027,2518.88,7,pool_A_full,2629.0732788699697,1741.4891295263155,3425.9550348789553,659.5214557591545,4304.687963501633,2719.1947946621012,2629.0732788699697,2263.6765955998662,False,True,76400,Papaya,Permanente,Frutales
76400|Patilla,2,2027,224.0,6,pool_A_full,215.97142511702532,108.17638153023228,417.2177138170807,36.46991971581456,646.5602780823268,238.27710326636804,215.97142511702532,176.63169221569424,False,True,76400,Patilla,Transitorio,Hortalizas
76400|Pimentón,2,2027,120.0,7,pool_A_full,115.69897774126356,57.7209680316034,223.9401258687311,19.15335118218597,347.2929719307361,127.64844817841146,115.69897774126356,94.6241208298362,False,True,76400,Pimentón,Transitorio,Hortalizas
76400|Pitahaya,2,2027,27.0,7,pool_A_full,28.181167236823182,17.283098145280047,58.808675411648096,5.295574147473967,300.2525665137187,29.147184246917966,28.181167236823182,24.26446201533872,False,True,76400,Pitahaya,Permanente,Frutales
76400|Piña demás variedades,2,2027,3.6,7,pool_A_full,3.7574889649097574,3.428135286221769,11.021187915052282,1.238556906509209,43.336810316336624,3.8862912329223955,3.7574889649097574,3.2352616020451626,False,True,76400,Piña,Permanente,Frutales
76400|Plátano consumo interno,2,2027,466.0,7,pool_A_full,486.3860715688742,307.5406382664924,782.3122414989733,154.00344255901322,1280.5204494267582,503.05880959495454,486.3860715688742,418.7866407091793,False,True,76400,Plátano,Permanente,Frutales
76400|Tomate,2,2027,266.0,7,pool_A_full,256.46606732646757,128.5526062123709,495.27212433468316,43.46314931593382,767.4182286435464,282.95406012881205,256.46606732646757,209.7501345061369,False,True,76400,Tomate,Transitorio,Hortalizas
76400|Tomate invernadero,2,2027,660.0,7,pool_A_full,636.3443775769496,319.70099965909947,1227.4968325236232,109.06630318371904,1901.1809077178418,702.066464981263,636.3443775769496,520.4326645640991,False,True,76400,Tomate,Transitorio,Hortalizas
76400|Uva,2,2027,5855.2,7,pool_A_full,6111.347052038781,4048.5823365978426,7963.317448185995,1534.0661159724423,10005.511735678974,6320.836785279781,6111.347052038781,5261.973258970787,False,True,76400,Uva,Permanente,Frutales
76400|Yuca consumo en fresco,2,2027,90.0,7,pool_A_full,93.41785393885125,50.645646400679006,232.0701211423958,12.810327228922331,426.3958686099236,95.65569638992694,93.41785393885125,82.66291498536492,False,True,76400,Yuca,Transitorio,Raíces y tubérculos
76403|Aguacate Papelillo,2,2027,66.0,6,pool_A_full,68.88729769001222,42.787018949760174,142.23850273078418,14.077555363133476,720.4834014335506,71.24867260357725,68.88729769001222,59.31312937082797,False,True,76403,Aguacate,Permanente,Frutales
76403|Banano consumo interno,2,2027,280.0,7,pool_A_full,292.24914171520334,184.6419020442277,470.3012043515598,92.2620547546958,770.0617799872274,302.2670958939641,292.24914171520334,251.63145793684595,False,True,76403,Banano,Permanente,Frutales
76403|Berenjena,2,2027,10.0,7,pool_A_full,9.64158147843863,5.534888050329362,85.87555880230842,3.24858078677107,507.5523251274361,10.63737068153429,9.64158147843863,7.88534340248635,False,True,76403,Berenjena,Transitorio,Hortalizas
76403|Cacao,2,2027,9.0,7,pool_A_full,9.25179722753136,8.542080998034058,24.90416537970975,3.8238118169250654,94.54031389902029,9.551934148962257,9.25179722753136,7.98547385735348,False,True,76403,Cacao,Permanente,Cultivos tropicales tradicionales
76403|Café,2,2027,486.29,7,pool_A_full,499.8951637529139,316.092593621818,804.0236483211544,158.29974053821675,1316.0409103035133,516.1122285887618,499.8951637529139,431.4728980102693,False,True,76403,Café,Permanente,Cultivos tropicales tradicionales
76403|Caña de azúcar,2,2027,207000.0,7,pool_A_full,212791.3362332213,213634.941419887,265825.38243764837,192190.61131810513,402286.4708910842,219694.4854261319,212791.3362332213,183665.89871913003,False,True,76403,Caña,Permanente,Cultivos tropicales tradicionales
76403|Caña panelera,2,2027,75.0,7,pool_A_full,77.09831022942801,47.93152694397182,159.06750000102335,15.84900740438356,805.2500107024888,79.59945124135214,77.09831022942801,66.54561547794566,False,True,76403,Caña,Permanente,Cultivos tropicales tradicionales
76403|Frijol,2,2027,2.0,7,pool_A_full,1.8743045182319562,0.765081467191628,22.465197508034215,0.14754700475979568,136.36062152348694,2.009301119151415,1.8743045182319562,1.524339417056279,False,True,76403,Frijol,Transitorio,Leguminosas
76403|Guanábana,2,2027,10.0,7,pool_A_full,10.437469346971548,6.166004461275894,22.441827605870863,1.4675310534685426,117.07502308712547,10.795253424784432,10.437469346971548,8.986837783458784,False,True,76403,Guanábana,Permanente,Frutales
76403|Guayaba,2,2027,840.0,7,pool_A_full,876.7474251456101,554.6596024983576,1409.6892731824812,278.15010405801706,2306.926591203015,906.8012876818923,876.7474251456101,754.8943738105379,False,True,76403,Guayaba,Permanente,Frutales
76403|Limón Tahití,2,2027,2125.5,5,pool_A_full,2218.4841096988025,1469.4635666912768,2890.9621007039595,556.4053342735946,3632.51321542617,2294.531115437931,2218.4841096988025,1910.1523708741645,False,True,76403,Limón,Permanente,Frutales
76403|Mandarina Arrayana y/o Oneco,2,2027,3846.0,5,pool_A_full,4014.2507108452573,2659.2037183453626,5230.825193001692,1007.3974716875605,6572.359303340735,4151.854467172093,4014.2507108452573,3456.3378115182486,False,True,76403,Mandarina,Permanente,Frutales
76403|Mango demás variedades,2,2027,410.0,7,pool_A_full,427.9362432258335,270.53886822107944,688.3734346158813,135.41463762868122,1126.8339683051781,442.6053904161617,427.9362432258335,368.46034912181017,False,True,76403,Mango,Permanente,Frutales
76403|Maracuyá,2,2027,237.12,7,pool_A_full,247.49327315538937,156.30911812374018,398.37091793822106,78.0283412651845,652.3818458712755,255.97704920848847,247.49327315538937,213.0958975213747,False,True,76403,Maracuyá,Permanente,Frutales
76403|Maíz amarillo tecnificado,2,2027,150.0,5,pool_A_full,148.8857603895492,74.4200003683082,287.9084588444878,24.884548646491496,446.34031048598854,155.26860138835627,148.8857603895492,125.2903502084361,False,True,76403,Maíz,Transitorio,Cereales
76403|Maíz amarillo tradicional,2,2027,0.0,5,pool_A_full,0.0,0.0,7.163782702630316,0.0,46.78916800645058,0.0,0.0,0.0,False,True,76403,Maíz,Transitorio,Cereales
76403|Maíz blanco tecnificado,2,2027,2160.0,5,pool_A_full,2143.9549496095087,968.1432513812858,4264.512606747835,135.7298812827278,7807.35992409052,2235.8678599923305,2143.9549496095087,1804.1810430014798,False,True,76403,Maíz,Transitorio,Cereales
76403|Naranja Valencia,2,2027,780.0,6,pool_A_full,814.1226090637808,515.0148488782727,1309.0405515220264,258.2335273469469,2142.2625042870413,842.0297671331857,814.1226090637808,700.9733471097852,False,True,76403,Naranja,Permanente,Frutales
76403|Papaya demás variedades,2,2027,594.0,7,pool_A_full,619.98567921011,392.116112656008,997.0295143746129,196.4921395426297,1631.8038348475093,641.2380534321953,619.98567921011,533.8181643374518,False,True,76403,Papaya,Permanente,Frutales
76403|Pimentón,2,2027,10.0,6,pool_A_full,9.64158147843863,5.534888050329362,85.87555880230842,3.24858078677107,507.5523251274361,10.63737068153429,9.64158147843863,7.88534340248635,False,True,76403,Pimentón,Transitorio,Hortalizas
76403|Plátano consumo interno,2,2027,1080.0,7,pool_A_full,1127.2466894729273,746.491565206623,1469.0923750443985,282.349955217331,1846.0505098669219,1165.8873698767186,1127.2466894729273,970.5784806135487,False,True,76403,Plátano,Permanente,Frutales
76403|Romero,2,2027,0.07,6,pool_A_full,0.05994885356328875,0.0,1.6782709204392705,0.0,8.878057860370763,0.05977419326700185,0.05994885356328875,0.05207010974454479,False,True,76403,Romero,Permanente,"Cultivos para condimentos, bebidas medicinales y aromáticas"
76403|Soya,2,2027,12.8,6,pool_A_full,11.320195817994202,5.739027104082836,29.412357536294188,0.8020525639260301,54.76912176468433,12.339734505208469,11.320195817994202,7.913941409807508,False,True,76403,Soya,Transitorio,Oleaginosas
76403|Tomate invernadero,2,2027,108.5,6,pool_A_full,104.61115904105914,52.14176365435117,202.56808489367305,17.238538315486654,314.2009140389737,115.41547189464703,104.61115904105914,85.55597591697689,False,True,76403,Tomate,Transitorio,Hortalizas
76403|Uva,2,2027,36.0,7,pool_A_full,37.57488964909757,23.1686183309293,78.06171248529489,7.322185197241543,397.22891303367965,38.86291232922396,37.57488964909757,32.35261602045162,False,True,76403,Uva,Permanente,Frutales
76403|Yuca consumo en fresco,2,2027,140.0,7,pool_A_full,145.3166616826575,72.62408976887093,281.02893403711425,24.26818249628106,435.68818636461384,148.79774993988636,145.3166616826575,128.586756643901,False,True,76403,Yuca,Transitorio,Raíces y tubérculos
76497|Aguacate demás variedades,2,2027,84.0,7,pool_A_full,87.674742514561,54.55805932105862,180.74457687807757,18.130777462668615,914.4360944734723,90.68012876818923,87.674742514561,75.48943738105379,False,True,76497,Aguacate,Permanente,Frutales
76497|Banano consumo interno,2,2027,2940.0,7,pool_A_full,3068.615988009635,2032.6971345623929,3998.6740964473543,769.9090226918893,5024.262496801593,3173.804506886623,3068.615988009635,2642.1303083368825,False,True,76497,Banano,Permanente,Frutales
76497|Café,2,2027,907.0,7,pool_A_full,932.375565041216,589.8750975446553,1499.093147223819,295.8415271206782,2453.193797014452,962.6226970120852,932.375565041216,804.7583098466229,False,True,76497,Café,Permanente,Cultivos tropicales tradicionales
76497|Caña de azúcar,2,2027,1015560.0,7,pool_A_full,1043972.7991546387,1048111.584071895,1304161.467979143,942904.229507458,1973648.9291881393,1077840.2493689011,1043972.7991546387,901080.8700637667,False,True,76497,Caña,Permanente,Cultivos tropicales tradicionales
76497|Caña panelera,2,2027,35227.5,7,pool_A_full,36213.07631476233,27955.57944417688,40685.330725265965,24590.801203277602,49324.38683741966,37387.8622480631,36213.07631476233,31256.475589991078,False,True,76497,Caña,Permanente,Cultivos tropicales tradicionales
76497|Frijol,2,2027,62.94,7,pool_A_full,58.98436318875966,31.810862369557043,147.0711773443617,7.773803361298606,270.5277666094449,63.23270621969503,58.98436318875966,47.970961454761095,False,True,76497,Frijol,Transitorio,Leguminosas
76497|Guanábana,2,2027,27.0,7,pool_A_full,28.181167236823182,17.283098145280047,58.808675411648096,5.295574147473967,300.2525665137187,29.147184246917966,28.181167236823182,24.26446201533872,False,True,76497,Guanábana,Permanente,Frutales
76497|Guayaba,2,2027,178.5,7,pool_A_full,186.30882784344215,117.57619383691667,300.03711687595535,58.56984581846887,491.5050329543656,192.69527363240212,186.30882784344215,160.4150544347393,False,True,76497,Guayaba,Permanente,Frutales
76497|Limón Tahití,2,2027,5.76,5,pool_A_full,6.011982343855612,5.526553539526714,16.71782510358718,2.2993710799823908,64.34727319686489,6.2180659726758325,6.011982343855612,5.17641856327226,False,True,76497,Limón,Permanente,Frutales
76497|Mango demás variedades,2,2027,120.0,7,pool_A_full,125.24963216365859,78.92255905733349,201.904613257011,39.15118352517555,330.9575482112874,129.54304109741318,125.24963216365859,107.84205340150541,False,True,76497,Mango,Permanente,Frutales
76497|Maracuyá,2,2027,33.6,6,pool_A_full,35.0698970058244,21.599146281422836,72.92756926565578,6.781755583970192,371.3685539616901,36.27205150727569,35.0698970058244,30.195774952421516,False,True,76497,Maracuyá,Permanente,Frutales
76497|Maíz amarillo tecnificado,2,2027,4668.0,5,pool_A_full,4633.324863322771,2092.9016303421263,9214.937673594011,294.4144507804572,16869.506555195287,4831.958875205648,4633.324863322771,3899.035698486531,False,True,76497,Maíz,Transitorio,Cereales
76497|Maíz amarillo tradicional,2,2027,120.0,5,pool_A_full,119.10860831163937,59.436636939745185,230.51227195356347,19.74217795356225,357.46915673995557,124.21488111068503,119.10860831163937,100.23228016674888,False,True,76497,Maíz,Transitorio,Cereales
76497|Maíz blanco tecnificado,2,2027,9485.0,5,pool_A_full,9414.542915299162,4253.173205882145,18722.99092199835,599.1925892455943,34274.753892528526,9818.151227790397,9414.542915299162,7922.526478180109,False,True,76497,Maíz,Transitorio,Cereales
76497|Maíz blanco tradicional,2,2027,58.0,5,pool_A_full,57.569160683959026,31.036760384612293,143.5777552268825,7.566804272978457,264.12165083191485,60.0371925368311,57.569160683959026,48.445602080595286,False,True,76497,Maíz,Transitorio,Cereales
76497|Naranja Valencia,2,2027,137.7,5,pool_A_full,143.7239529077982,90.61776137525868,231.5959861468455,45.02657365494124,379.5334538515008,148.6506396592816,143.7239529077982,123.74875627822745,False,True,76497,Naranja,Permanente,Frutales
76497|Papaya demás variedades,2,2027,24.0,7,pool_A_full,25.049926432731716,15.321258083396962,52.39099638709918,4.620037130884775,267.9271176737317,25.908608219482637,25.049926432731716,21.56841068030108,False,True,76497,Papaya,Permanente,Frutales
76497|Plátano consumo interno,2,2027,1236.0,7,pool_A_full,1290.0712112856834,854.3668710235584,1681.2508420007748,323.24200603777774,2112.610224900152,1334.293323303356,1290.0712112856834,1110.7731500355058,False,True,76497,Plátano,Permanente,Frutales
76497|Soya,2,2027,32.4,7,pool_A_full,28.65424566429782,15.220583522784398,72.20139508615001,3.3374724087251026,133.23416816773735,31.23495296630893,28.65424566429782,20.032164193575255,False,True,76497,Soya,Transitorio,Oleaginosas
76497|Tomate,2,2027,164.0,7,pool_A_full,158.12193624639355,79.06748912717715,305.711413077648,26.47959171564422,473.90606299487064,174.45287917716232,158.12193624639355,129.31963180077614,False,True,76497,Tomate,Transitorio,Hortalizas
76497|Yuca consumo en fresco,2,2027,54.0,7,pool_A_full,56.05071236331075,30.206183944094022,139.82947119713572,7.3447036075477286,257.2481781583772,57.393417833956164,56.05071236331075,49.59774899121896,False,True,76497,Yuca,Transitorio,Raíces y tubérculos
76520|Aguacate demás variedades,2,2027,2368.3,7,pool_A_full,2471.905865443272,1637.3617990781488,3221.167714659144,620.0501415761876,4047.3894898496833,2556.6398685916975,2471.905865443272,2128.352792256544,False,True,76520,Aguacate,Permanente,Frutales
76520|Ahuyama,2,2027,25.5,7,pool_A_full,24.586032770018505,12.995310697194599,62.159026693443124,2.7424223311909848,114.81882285850514,27.125295237912436,24.586032770018505,20.10762567634019,False,True,76520,Ahuyama,Transitorio,Hortalizas
76520|Arracacha,2,2027,60.0,7,pool_A_full,62.278569292567504,33.61276102019152,155.20291285467908,8.25564087777683,285.43945990030153,63.7704642599513,62.278569292567504,55.10860999024328,False,True,76520,Arracacha,Transitorio,Raíces y tubérculos
76520|Arveja,2,2027,27.48,7,pool_A_full,25.752944080507078,13.633599817401416,65.03954292159364,2.9131043195299138,120.1010131681897,27.607797377140447,25.752944080507078,20.944423590353274,False,True,76520,Arveja,Transitorio,Leguminosas
76520|Banano consumo interno,2,2027,1641.75,7,pool_A_full,1713.5715300390539,1134.9463924031836,2233.066854613273,429.6006574505744,2805.9217914048513,1772.3107310139842,1713.5715300390539,1475.414093099346,False,True,76520,Banano,Permanente,Frutales
76520|Cacao,2,2027,9.6,6,pool_A_full,9.868583709366783,9.116168295855427,26.462656898301905,4.114030385783143,100.28837668014688,10.188729758893073,9.868583709366783,8.517838781177044,False,True,76520,Cacao,Permanente,Cultivos tropicales tradicionales
76520|Café,2,2027,220.63,7,pool_A_full,226.80266914558266,143.21089365713695,365.11760121392655,71.44810634008329,597.9785017949732,234.16035903172695,226.80266914558266,195.75945523865536,False,True,76520,Café,Permanente,Cultivos tropicales tradicionales
76520|Caña de azúcar,2,2027,4758600.0,7,pool_A_full,4891733.587436748,4911126.638628363,6110896.282495373,4418157.892102047,9247905.05848494,5050425.98236131,4891733.587436748,4222186.2108446965,False,True,76520,Caña,Permanente,Cultivos tropicales tradicionales
76520|Caña panelera,2,2027,10680.0,7,pool_A_full,10978.799376670548,8475.196683494734,12334.748808100407,7455.0245904404,14954.037012244942,11334.961856768545,10978.799376670548,9476.095644059464,False,True,76520,Caña,Permanente,Cultivos tropicales tradicionales
76520|Cebolla de bulbo,2,2027,502.0,7,pool_A_full,484.0073902176192,243.04758299772098,933.8635739097845,82.75843944993714,1446.5248079875405,533.9960082130212,484.0073902176192,395.8442388048148,False,True,76520,Cebolla de bulbo,Transitorio,Hortalizas
76520|Cebolla de rama,2,2027,12.0,7,pool_A_full,11.569897774126357,5.875611641794435,30.028745885926728,0.8385760134647207,55.89943324691542,12.764844817841146,11.569897774126357,9.46241208298362,False,True,76520,Cebolla de rama,Transitorio,Hortalizas
76520|Cilantro,2,2027,2370.0,7,pool_A_full,2285.0548103899555,1031.8956289643695,4545.107420675709,144.72427401672542,8321.011037561857,2521.0568515236264,2285.0548103899555,1868.826386389265,False,True,76520,Cilantro,Transitorio,Hortalizas
76520|Curuba,2,2027,12.1,6,pool_A_full,12.629337909835574,7.539292504594057,26.934202923055118,1.940406965080978,139.70283727511645,13.062256643989162,12.629337909835574,10.874073717985128,False,True,76520,Curuba,Permanente,Frutales
76520|Frijol,2,2027,339.15,7,pool_A_full,317.83518867918394,159.43251864031188,613.5626025266988,54.06130088762633,950.5769338389376,340.7272372801012,317.83518867918394,258.4898566473185,False,True,76520,Frijol,Transitorio,Leguminosas
76520|Granadilla,2,2027,130.0,7,pool_A_full,135.68710151063013,85.53001799401433,218.6794002004202,42.470612977020544,358.40156269728374,140.33829452219763,135.68710151063013,116.82889118496419,False,True,76520,Granadilla,Permanente,Frutales
76520|Guayaba,2,2027,318.4,7,pool_A_full,332.3290240075741,210.01454436108241,534.7163862142518,105.00866384978072,875.4467956134533,343.7208690451363,332.3290240075741,286.1409150253277,False,True,76520,Guayaba,Permanente,Frutales
76520|Habichuela,2,2027,272.0,7,pool_A_full,254.90541447954604,127.76731187898184,492.2639279081283,43.193632088737345,762.7603950555641,273.2649522045925,254.90541447954604,207.31016071965394,False,True,76520,Habichuela,Transitorio,Leguminosas
76520|Limón Tahití,2,2027,102.5,5,pool_A_full,106.98406080645837,67.35950591814193,172.54873610604471,33.34218198444677,282.93052286079404,110.65134760404042,106.98406080645837,92.11508728045254,False,True,76520,Limón,Permanente,Frutales
76520|Lulo,2,2027,117.0,7,pool_A_full,122.11839135956711,76.94032137632918,196.87217717398806,38.155354689622015,322.7243438654886,126.30446506997785,122.11839135956711,105.14600206646777,False,True,76520,Lulo,Permanente,Frutales
76520|Mandarina Arrayana y/o Oneco,2,2027,149.25,5,pool_A_full,155.77923000355037,98.24937644712507,250.97086506648316,48.860514671822216,411.2312905828262,161.11915736490766,155.77923000355037,134.12855391812235,False,True,76520,Mandarina,Permanente,Frutales
76520|Maracuyá,2,2027,273.35,7,pool_A_full,285.3082245994673,180.24794185133504,459.14597103419294,90.05463416921901,751.8115103540398,295.0882523664825,285.3082245994673,245.6552108108459,False,True,76520,Maracuyá,Permanente,Frutales
76520|Maíz amarillo tecnificado,2,2027,441.0,5,pool_A_full,437.7241355452747,219.75862562536938,844.6514716864539,74.76554436790515,1308.3905018225084,456.4896880817675,437.7241355452747,368.3536296128021,False,True,76520,Maíz,Transitorio,Cereales
76520|Maíz blanco tecnificado,2,2027,2513.0,5,pool_A_full,2494.3327723929146,1126.452544751771,4961.282961052735,158.06467116817376,9082.853449122402,2601.2666352595957,2494.3327723929146,2099.0310004919993,False,True,76520,Maíz,Transitorio,Cereales
76520|Naranja Valencia,2,2027,1735.5,5,pool_A_full,1811.4228051669122,1199.7753021489382,2360.5659333130184,454.1752072224776,2966.113927843091,1873.5162318713383,1811.4228051669122,1559.665697319272,False,True,76520,Naranja,Permanente,Frutales
76520|Pepino cohombro,2,2027,60.0,7,pool_A_full,57.84948887063178,31.1900971721061,144.26974431265174,7.607807365380324,265.39059631034553,63.82422408920573,57.84948887063178,47.3120604149181,False,True,76520,Pepino Cohombro,Transitorio,Hortalizas
76520|Pimentón,2,2027,306.0,7,pool_A_full,295.03239324022206,147.95853448107422,569.6096581609711,50.123367982714015,882.5210387018501,325.5035428549492,295.03239324022206,241.2915081160823,False,True,76520,Pimentón,Transitorio,Hortalizas
76520|Plantas aromáticas,2,2027,48.15,7,pool_A_full,42.58339286222037,22.83969135924101,106.58544311728417,5.374863355438643,196.2864375987621,46.41861065826466,42.58339286222037,29.770021787674334,False,True,76520,Plantas aromáticas,Transitorio,"Cultivos para condimentos, bebidas medicinales y aromáticas"
76520|Plátano consumo interno,2,2027,2244.24,7,pool_A_full,2342.4186207247426,1551.57327061886,3052.4473338219127,587.5304760326964,3835.4061677533846,2422.713954603821,2342.4186207247426,2016.862082714954,False,True,76520,Plátano,Permanente,Frutales
76520|Repollo,2,2027,1177.0,7,pool_A_full,1134.8141400122267,512.1886843668603,2257.709225583788,71.40232833392976,4133.746799088436,1252.0185292165856,1134.8141400122267,928.1049184726434,False,True,76520,Repollo,Transitorio,Hortalizas
76520|Tomate de árbol,2,2027,43.2,7,pool_A_full,45.089867578917094,27.877034479448717,93.46414214421232,8.94347403705561,474.809990249649,46.63549479506875,45.089867578917094,38.82313922454195,False,True,76520,Tomate de árbol,Permanente,Frutales
76520|Tomate invernadero,2,2027,2140.0,7,pool_A_full,2063.298436385867,931.7006606010609,4104.116989098893,130.58844207452677,7513.742994939151,2276.397325848338,2063.298436385867,1687.463488132079,False,True,76520,Tomate,Transitorio,Hortalizas
76520|Uva,2,2027,16.0,7,pool_A_full,16.699950955154478,10.089684585042066,35.27718565496871,2.8186050866469277,181.72592076709952,17.27240547965509,16.699950955154478,14.378940453534055,False,True,76520,Uva,Permanente,Frutales
76520|Yuca consumo en fresco,2,2027,276.0,7,pool_A_full,286.4814187458105,143.6558275538665,553.12744626587,48.64665588744725,857.0002982702958,293.3441355957759,286.4814187458105,253.4996059551191,False,True,76520,Yuca,Transitorio,Raíces y tubérculos
76563|Aguacate demás variedades,2,2027,196.0,7,pool_A_full,204.57439920064235,129.1392469761083,329.39299402692177,64.37884735919768,539.5320583048592,211.58696712577486,204.57439920064235,176.14202055579216,False,True,76563,Aguacate,Permanente,Frutales
76563|Arveja,2,2027,72.0,7,pool_A_full,67.47496265635043,36.45513757323809,168.03019053867297,9.015707854203972,308.96167484908875,72.33484028945095,67.47496265635043,54.87621901402604,False,True,76563,Arveja,Transitorio,Leguminosas
76563|Banano consumo interno,2,2027,169.52,7,pool_A_full,176.9359803698617,111.64269571177731,284.973358200774,55.58899817071208,466.8603079459413,183.0011360569457,176.9359803698617,152.34487410519333,False,True,76563,Banano,Permanente,Frutales
76563|Café,2,2027,306.46,7,pool_A_full,315.03397537214005,199.06588239450264,506.92030400400915,99.50831775025338,829.9716378421311,325.2539710323303,315.03397537214005,271.9142575916164,False,True,76563,Café,Permanente,Cultivos tropicales tradicionales
76563|Caña de azúcar,2,2027,1264800.0,7,pool_A_full,1300185.9037090738,1305340.433402293,1624230.3385148633,1174312.9835857137,2458024.088862076,1342365.1457341625,1300185.9037090738,1122225.2594200757,False,True,76563,Caña,Permanente,Cultivos tropicales tradicionales
76563|Caña panelera,2,2027,3200.0,6,pool_A_full,3289.5279031222613,2179.0567868805124,4286.519764414914,825.3892486373151,5385.916972947291,3396.243252964358,3289.5279031222613,2839.279593725682,False,True,76563,Caña,Permanente,Cultivos tropicales tradicionales
76563|Cebolla de rama,2,2027,75.0,6,pool_A_full,72.31186108828973,39.100873900328494,179.97005632100328,9.72319216285395,330.8565847676674,79.78028011150717,72.31186108828973,59.14007551864763,False,True,76563,Cebolla de rama,Transitorio,Hortalizas
76563|Cilantro,2,2027,40.0,7,pool_A_full,38.56632591375452,20.64239486780959,96.6693283015163,4.787294302082157,178.10261170058297,42.54948272613716,38.56632591375452,31.5413736099454,False,True,76563,Cilantro,Transitorio,Hortalizas
76563|Frijol,2,2027,51.870000000000005,7,pool_A_full,48.610087680345785,26.13623472002624,121.46231685197468,6.256377010695689,223.56713038286009,52.11122452519196,48.610087680345785,39.5337427813546,False,True,76563,Frijol,Transitorio,Leguminosas
76563|Guanábana,2,2027,480.0,7,pool_A_full,500.99852865463436,316.79108077784554,805.7969432197461,158.65064379159617,1318.9420697071523,518.1721643896527,500.99852865463436,431.36821360602164,False,True,76563,Guanábana,Permanente,Frutales
76563|Guayaba,2,2027,60.0,7,pool_A_full,62.624816081829294,38.86333882599398,129.40314468168623,12.726481329955082,655.8325037535761,64.77152054870659,62.624816081829294,53.921026700752705,False,True,76563,Guayaba,Permanente,Frutales
76563|Habichuela,2,2027,360.0,7,pool_A_full,337.3748132817521,169.26452997275754,651.2257055169777,57.43569991155535,1008.893759358421,361.67420144725475,337.3748132817521,274.3810950701302,False,True,76563,Habichuela,Transitorio,Leguminosas
76563|Limón Tahití,2,2027,433.2,5,pool_A_full,452.15117211080747,285.86817295417904,727.2909403245907,143.11571395696166,1190.5040819126891,467.6503783616616,452.15117211080747,389.30981277943454,False,True,76563,Limón,Permanente,Frutales
76563|Lulo,2,2027,56.0,6,pool_A_full,58.44982834304067,36.24755207681654,120.84623931562103,11.82576530783616,612.7319053002602,60.45341917879282,58.44982834304067,50.32629158736919,False,True,76563,Lulo,Permanente,Frutales
76563|Mandarina Arrayana y/o Oneco,2,2027,14.0,5,pool_A_full,14.612457085760168,8.781791210453344,30.998732971936104,2.3682470755874667,160.17562154044154,15.113354794698205,14.612457085760168,12.581572896842298,False,True,76563,Mandarina,Permanente,Frutales
"76563|Mango Kent, Keitt, Hilacha o Nam Doc",2,2027,1000.0,4,pool_A_full,1043.7469346971548,691.1708955569126,1360.2931612206157,261.379672745307,1709.353220106291,1079.5253424784432,1043.7469346971548,898.6837783458784,False,True,76563,Mango,Permanente,Frutales
76563|Mora,2,2027,20.0,7,pool_A_full,20.874938693943097,12.705471334219514,43.83409102103395,3.7193211087658513,224.82651922041552,21.590506849568865,20.874938693943097,17.973675566917567,False,True,76563,Mora,Permanente,Frutales
76563|Naranja Valencia,2,2027,83.16,5,pool_A_full,86.7979950894154,54.00874410373138,178.94762675120393,17.94162709802365,905.3849687982763,89.77332748050733,86.7979950894154,74.73454300724325,False,True,76563,Naranja,Permanente,Frutales
76563|Pepino cohombro,2,2027,528.0,7,pool_A_full,509.0755020615597,255.66143637237826,982.1829708968721,87.08758158334433,1521.3416345254388,561.6531719850104,509.0755020615597,416.3461316512793,False,True,76563,Pepino Cohombro,Transitorio,Hortalizas
76563|Pimentón,2,2027,75.0,7,pool_A_full,72.31186108828973,39.100873900328494,179.97005632100328,9.72319216285395,330.8565847676674,79.78028011150717,72.31186108828973,59.14007551864763,False,True,76563,Pimentón,Transitorio,Hortalizas
76563|Piña demás variedades,2,2027,1200.0,7,pool_A_full,1252.496321636586,829.4725696811886,1632.2911957800723,313.80537892536694,2051.096444507868,1295.430410974132,1252.496321636586,1078.420534015054,False,True,76563,Piña,Permanente,Frutales
76563|Plátano consumo interno,2,2027,120.0,7,pool_A_full,125.24963216365859,78.92255905733349,201.904613257011,39.15118352517555,330.9575482112874,129.54304109741318,125.24963216365859,107.84205340150541,False,True,76563,Plátano,Permanente,Frutales
76563|Tomate,2,2027,880.0,7,pool_A_full,848.4591701025994,426.4336051369683,1636.3532685682094,145.69750585101033,2534.246363038515,936.0886199750174,848.4591701025994,693.9102194187988,False,True,76563,Tomate,Transitorio,Hortalizas
76563|Tomate de árbol,2,2027,90.0,7,pool_A_full,93.93722412274394,58.48173944482483,193.57993492717554,19.481851495847014,979.086992153447,97.15728082305989,93.93722412274394,80.88154005112906,False,True,76563,Tomate de árbol,Permanente,Frutales
76606|Aguacate Hass,2,2027,72.0,6,pool_A_full,75.14977929819514,46.71069907352631,155.0738607798819,15.428629396311848,785.1342991135242,77.72582465844792,75.14977929819514,64.70523204090324,False,True,76606,Aguacate,Permanente,Frutales
76606|Aguacate Papelillo,2,2027,18.0,6,pool_A_full,18.787444824548786,11.39757795963079,39.55563833800132,3.268963097706389,203.27621999375748,19.43145616461198,18.787444824548786,16.17630801022581,False,True,76606,Aguacate,Permanente,Frutales
76606|Aguacate demás variedades,2,2027,567.0,7,pool_A_full,591.8045119732868,374.2759735269696,951.7375896274078,187.52968002264814,1557.7049957353195,612.0908691852773,591.8045119732868,509.55370232211305,False,True,76606,Aguacate,Permanente,Frutales
76606|Ahuyama,2,2027,1586.0,7,pool_A_full,1529.1548224803666,690.3614759346566,3041.9052539095183,96.53952513549169,5569.279970534898,1687.086990091338,1529.1548224803666,1250.6154636343351,False,True,76606,Ahuyama,Transitorio,Hortalizas
76606|Ají,2,2027,480.0,7,pool_A_full,462.79591096505425,232.3743224499342,892.9779303053255,79.09531918320805,1383.218262455474,510.5937927136458,462.79591096505425,378.4964833193448,False,True,76606,Ají,Transitorio,Hortalizas
76606|Banano consumo interno,2,2027,1176.0,7,pool_A_full,1227.446395203854,812.8763687862759,1599.6514316329383,307.5142941837599,2010.0872575796795,1269.5218027546493,1227.446395203854,1056.852123334753,False,True,76606,Banano,Permanente,Frutales
76606|Café,2,2027,441.26,7,pool_A_full,453.6053382911653,286.78873549711125,729.6280324917541,143.57818257713117,1194.3276292106152,468.3207180634539,453.6053382911653,391.5189104773107,False,True,76606,Café,Permanente,Cultivos tropicales tradicionales
76606|Caña panelera,2,2027,28000.0,7,pool_A_full,28783.36915231979,22219.986556802174,32338.09248078834,19545.52875315921,39204.753336596725,29717.12846343813,28783.36915231979,24843.696445099715,False,True,76606,Caña,Permanente,Cultivos tropicales tradicionales
76606|Cilantro,2,2027,4.0,2,pool_A_full,3.856632591375452,1.9824091795495251,38.64849314250157,0.9389783330542523,231.0944308548449,4.254948272613715,3.856632591375452,3.15413736099454,False,True,76606,Cilantro,Transitorio,Hortalizas
76606|Cimarrón,2,2027,72.0,7,pool_A_full,63.67610147621738,34.377197511589586,158.65271585014457,8.460055360462011,291.76558845145667,69.41100659179763,63.67610147621738,44.515920430167235,False,True,76606,Cimarrón,Transitorio,"Cultivos para condimentos, bebidas medicinales y aromáticas"
76606|Frijol,2,2027,386.0,7,pool_A_full,361.74077201876753,181.52507168228217,698.1916852650462,61.643583586478854,1081.6149806297196,387.7951159962231,361.74077201876753,294.1975074918618,False,True,76606,Frijol,Transitorio,Leguminosas
76606|Guayaba,2,2027,72.0,7,pool_A_full,75.14977929819514,46.71069907352631,155.0738607798819,15.428629396311848,785.1342991135242,77.72582465844792,75.14977929819514,64.70523204090324,False,True,76606,Guayaba,Permanente,Frutales
76606|Habichuela,2,2027,146.0,7,pool_A_full,136.8242298309328,68.35084051743931,264.65956451363905,22.80158043333882,410.342168894655,146.67898169805332,136.8242298309328,111.27677744510837,False,True,76606,Habichuela,Transitorio,Leguminosas
76606|Limón Tahití,2,2027,39.2,5,pool_A_full,40.91487984012847,25.26124773027127,84.90723677814712,8.042758014936686,431.7093917963327,42.317393425154975,40.91487984012847,35.22840411115844,False,True,76606,Limón,Permanente,Frutales
76606|Lulo,2,2027,2190.0,7,pool_A_full,2285.805786986769,1514.0658565963558,2978.6814668493844,573.3126245166638,3742.7254052956755,2364.1605000277905,2285.805786986769,1968.1174745774738,False,True,76606,Lulo,Permanente,Frutales
76606|Macadamia,2,2027,90.0,7,pool_A_full,93.93722412274394,58.48173944482483,193.57993492717554,19.481851495847014,979.086992153447,97.15728082305989,93.93722412274394,80.88154005112906,False,True,76606,Macadamia,Permanente,Frutales
76606|Mandarina Arrayana y/o Oneco,2,2027,64.8,5,pool_A_full,67.63480136837563,42.00228292500691,139.67143112096448,13.807340556497788,707.5532218975553,69.95324219260311,67.63480136837563,58.23470883681292,False,True,76606,Mandarina,Permanente,Frutales
76606|Maracuyá,2,2027,90.0,7,pool_A_full,93.93722412274394,58.48173944482483,193.57993492717554,19.481851495847014,979.086992153447,97.15728082305989,93.93722412274394,80.88154005112906,False,True,76606,Maracuyá,Permanente,Frutales
76606|Maíz amarillo tecnificado,2,2027,5.59,4,pool_A_full,5.548476003850534,3.0213531862850767,52.460335128824674,1.6144355882592816,311.94621993422334,5.7863432117394105,5.548476003850534,4.669153717767718,False,True,76606,Maíz,Transitorio,Cereales
76606|Maíz amarillo tradicional,2,2027,613.0,5,pool_A_full,608.4464741252912,305.6632426157974,1173.7229431944215,104.24846967403285,1817.9184499664316,634.5310176737494,608.4464741252912,512.0198978518089,False,True,76606,Maíz,Transitorio,Cereales
76606|Mora,2,2027,8.0,7,pool_A_full,8.349975477577239,7.702690987398508,22.6254488546604,3.3994746672879117,86.13590136926447,8.636202739827546,8.349975477577239,7.189470226767027,False,True,76606,Mora,Permanente,Frutales
76606|Naranja Valencia,2,2027,293.4,5,pool_A_full,306.2353506401452,193.49589701938018,492.7794188557285,96.71009022016817,806.8367593984627,316.7327354831752,306.2353506401452,263.6738205666807,False,True,76606,Naranja,Permanente,Frutales
76606|Pepino cohombro,2,2027,350.0,7,pool_A_full,337.45535174535206,169.305055576648,651.3809453698888,57.44960851617227,1009.1341297659847,372.3079738537001,337.45535174535206,275.98701908702225,False,True,76606,Pepino Cohombro,Transitorio,Hortalizas
76606|Pimentón,2,2027,1495.2,7,pool_A_full,1441.609262656144,650.8062449460116,2867.8099009218017,90.95894452526721,5250.584586751671,1590.4996643030067,1441.609262656144,1179.0165455397591,False,True,76606,Pimentón,Transitorio,Hortalizas
76606|Pitahaya,2,2027,32.0,7,pool_A_full,33.399901910308955,20.55283158175186,69.50480711922962,6.421469175122622,354.128314580364,34.54481095931018,33.399901910308955,28.75788090706811,False,True,76606,Pitahaya,Permanente,Frutales
"76606|Piña Cayena, Gold, Manzana y/o Perolera",2,2027,360.0,6,pool_A_full,375.74889649097577,237.50157353767494,604.4994998988346,118.817490369456,989.6138958751978,388.62912329223957,375.74889649097577,323.52616020451626,False,True,76606,Piña,Permanente,Frutales
76606|Piña demás variedades,2,2027,27885.0,7,pool_A_full,29104.883274030162,22468.189355291244,32699.311962822154,19763.85853455211,39642.67168329753,30102.56417501139,29104.883274030162,25059.79715917482,False,True,76606,Piña,Permanente,Frutales
76606|Plátano consumo interno,2,2027,6000.0,4,pool_A_full,6262.481608182929,4148.712748663816,8160.24402520705,1572.0223272468072,10252.933830145728,6477.152054870659,6262.481608182929,5392.102670075271,False,True,76606,Plátano,Permanente,Frutales
76606|Tomate,2,2027,1450.0,7,pool_A_full,1398.0293143736014,631.1157555111353,2781.145694368445,88.18094624793079,5091.93886707104,1542.4187488224718,1398.0293143736014,1143.3747933605207,False,True,76606,Tomate,Transitorio,Hortalizas
76606|Tomate de árbol,2,2027,16.0,7,pool_A_full,16.699950955154478,10.089684585042066,35.27718565496871,2.8186050866469277,181.72592076709952,17.27240547965509,16.699950955154478,14.378940453534055,False,True,76606,Tomate de árbol,Permanente,Frutales
76606|Tomate invernadero,2,2027,3675.0,7,pool_A_full,3543.2811933261964,1600.3931668518362,7047.248782448519,224.92975525398285,12901.37971418199,3909.233725463851,3543.2811933261964,2897.8637004137336,False,True,76606,Tomate,Transitorio,Hortalizas
76606|Yuca consumo en fresco,2,2027,240.0,7,pool_A_full,249.11427717027001,124.85330872842653,481.10136949943495,42.19353057802092,745.4765039423214,255.0818570398052,249.11427717027001,220.43443996097312,False,True,76606,Yuca,Transitorio,Raíces y tubérculos
76616|Aguacate Hass,2,2027,280.0,6,pool_A_full,292.24914171520334,184.6419020442277,470.3012043515598,92.2620547546958,770.0617799872274,302.2670958939641,292.24914171520334,251.63145793684595,False,True,76616,Aguacate,Permanente,Frutales
76616|Banano consumo interno,2,2027,5970.0,7,pool_A_full,6231.169200142014,4127.967497545175,8119.4443200231335,1564.1584713197985,10201.672346485493,6444.766294596306,6231.169200142014,5365.142156724894,False,True,76616,Banano,Permanente,Frutales
76616|Cacao,2,2027,66.0,7,pool_A_full,67.84651300189664,42.13492822129508,140.1053477037855,13.853015435638081,709.7388326526504,70.04751709238988,67.84651300189664,58.560141620592184,False,True,76616,Cacao,Permanente,Cultivos tropicales tradicionales
76616|Café,2,2027,1740.53,7,pool_A_full,1789.2256253816843,1185.0691170427503,2331.643265022277,448.60056653726224,2929.77496702676,1847.2697715881418,1789.2256253816843,1544.3285347710503,False,True,76616,Café,Permanente,Cultivos tropicales tradicionales
76616|Caña de azúcar,2,2027,401800.0,7,pool_A_full,413041.34733578895,414678.8342523438,515983.52711891296,373054.1376158271,780862.4663351658,426440.7934503372,413041.34733578895,356507.0439871809,False,True,76616,Caña,Permanente,Cultivos tropicales tradicionales
76616|Caña panelera,2,2027,2280.0,7,pool_A_full,2343.7886309746114,1552.4809365713309,3054.232441317332,587.8745429345266,3837.64900892824,2419.823317737105,2343.7886309746114,2022.9867105295482,False,True,76616,Caña,Permanente,Cultivos tropicales tradicionales
76616|Frijol,2,2027,6.0,7,pool_A_full,5.622913554695868,3.0670645368489513,53.06802711884198,1.6441542864599725,315.50352855755966,6.027903357454246,5.622913554695868,4.573018251168837,False,True,76616,Frijol,Transitorio,Leguminosas
76616|Guanábana,2,2027,7.5,7,pool_A_full,7.828102010228662,7.216946021355696,21.30678283879583,3.1539158308357864,81.27236829506815,8.096440068588324,7.828102010228662,6.740128337594088,False,True,76616,Guanábana,Permanente,Frutales
76616|Guayaba,2,2027,13.0,7,pool_A_full,13.568710151063012,8.127844523158979,28.859506630419784,2.1430680700577347,149.4004719271124,14.033829452219763,13.568710151063012,11.68288911849642,False,True,76616,Guayaba,Permanente,Frutales
76616|Habichuela,2,2027,5.25,3,pool_A_full,4.920049360358885,2.6354427112882037,47.32999656681553,1.3635404211411895,281.9142334886709,5.274415437772465,4.920049360358885,4.001390969772732,False,True,76616,Habichuela,Transitorio,Leguminosas
76616|Limón Tahití,2,2027,44.55,5,pool_A_full,46.49892594075825,28.759862507296106,96.35209770525933,9.247465694520745,489.3564422276431,48.092854007414644,46.49892594075825,40.03636232530888,False,True,76616,Limón,Permanente,Frutales
76616|Lulo,2,2027,192.0,7,pool_A_full,200.39941146185373,126.49626340143595,322.68307924955815,63.05107557845969,528.5544525104608,207.2688657558611,200.39941146185373,172.54728544240865,False,True,76616,Lulo,Permanente,Frutales
76616|Mandarina Arrayana y/o Oneco,2,2027,106.4,5,pool_A_full,111.05467385177728,69.93641490344746,179.09090301397427,34.636759470666306,293.6336885103327,114.86149643970637,111.05467385177728,95.61995401600147,False,True,76616,Mandarina,Permanente,Frutales
76616|Mango demás variedades,2,2027,64.0,7,pool_A_full,66.79980382061791,41.47912557517145,137.96005004775154,13.627197352074013,698.9331022068926,69.08962191862037,66.79980382061791,57.51576181413622,False,True,76616,Mango,Permanente,Frutales
76616|Maracuyá,2,2027,195.0,7,pool_A_full,203.5306522659452,128.47850108244015,327.71551533258076,64.04690441401316,536.7876568562594,210.50744178329643,203.5306522659452,175.2433367774463,False,True,76616,Maracuyá,Permanente,Frutales
76616|Maíz amarillo tecnificado,2,2027,28.6,5,pool_A_full,28.387551647607385,15.074704493463393,71.54306189825266,3.2984635614908075,132.0269397023425,29.60454666471327,28.387551647607385,23.888693439741814,False,True,76616,Maíz,Transitorio,Cereales
76616|Maíz amarillo tradicional,2,2027,16.0,5,pool_A_full,15.88114777488525,8.233823397256725,40.67105047169704,1.4691746851389595,75.41492064681145,16.561984148091337,15.88114777488525,13.364304022233183,False,True,76616,Maíz,Transitorio,Cereales
76616|Maíz blanco tecnificado,2,2027,0.0,5,pool_A_full,0.0,0.0,7.163782702630316,0.0,46.78916800645058,0.0,0.0,0.0,False,True,76616,Maíz,Transitorio,Cereales
76616|Maíz blanco tradicional,2,2027,2.0,5,pool_A_full,1.9851434718606562,0.8331465527286579,23.370062640445838,0.19179872145874968,141.65752290010803,2.070248018511417,1.9851434718606562,1.6705380027791479,False,True,76616,Maíz,Transitorio,Cereales
76616|Mora,2,2027,25.0,6,pool_A_full,26.09367336742887,15.975204770691327,54.53022272861549,4.845216136414506,278.70226728706075,26.98813356196108,26.09367336742887,22.46709445864696,False,True,76616,Mora,Permanente,Frutales
76616|Naranja Valencia,2,2027,845.24,5,pool_A_full,882.2166590834232,558.1219109811786,1418.4792615408282,279.889485090784,2321.307254793678,912.4580004764794,882.2166590834232,759.6034768090703,False,True,76616,Naranja,Permanente,Frutales
76616|Pitahaya,2,2027,4.0,7,pool_A_full,4.174987738788619,3.8167312590560174,12.07612072774393,1.435003975670909,47.22763677569371,4.318101369913773,4.174987738788619,3.5947351133835137,False,True,76616,Pitahaya,Permanente,Frutales
76616|Piña demás variedades,2,2027,180.0,7,pool_A_full,187.87444824548788,118.56731267741885,302.5533349174669,59.06776023624565,495.6216351272652,194.31456164611978,187.87444824548788,161.76308010225813,False,True,76616,Piña,Permanente,Frutales
76616|Plátano consumo interno,2,2027,28441.0,7,pool_A_full,29685.20656972178,22916.187922983452,33351.30223673842,20157.937207089235,40433.10109538466,30702.780265429403,29685.20656972178,25559.46533993513,False,True,76616,Plátano,Permanente,Frutales
76616|Tomate,2,2027,36.0,7,pool_A_full,34.70969332237907,18.532854406950268,87.14924509928923,4.223191689422522,160.64501477863035,38.29453445352344,34.70969332237907,28.38723624895086,False,True,76616,Tomate,Transitorio,Hortalizas
76616|Tomate invernadero,2,2027,256.0,7,pool_A_full,246.82448584802893,123.701124145195,476.6877408781109,41.79809464923874,738.6425261289701,272.3166894472778,246.82448584802893,201.86479110365056,False,True,76616,Tomate,Transitorio,Hortalizas
76622|Aguacate Hass,2,2027,6794.1,6,pool_A_full,7091.32104902594,4697.839545774261,9240.212221425372,1780.1785936347349,11609.825302632185,7334.403129332792,7091.32104902594,6105.747458459733,False,True,76622,Aguacate,Permanente,Frutales
76622|Ahuyama,2,2027,502.5,7,pool_A_full,484.4894692915412,243.29015710107976,934.7927930826121,82.84169218327189,1447.9635931132693,534.5278767470979,484.4894692915412,396.2385059749391,False,True,76622,Ahuyama,Transitorio,Hortalizas
76622|Ají,2,2027,950.0,7,pool_A_full,915.9502404516699,460.39397960719924,1766.443952764212,157.35288851787573,2735.6762806405472,1010.5502147457574,915.9502404516699,749.1076232362033,False,True,76622,Ají,Transitorio,Hortalizas
76622|Algodón,2,2027,465.0,3,pool_A_full,411.2414887005706,206.43300196645498,793.6055239850762,70.19211885531462,1229.3519365097577,448.2794175720264,411.2414887005706,287.4986527781634,False,True,76622,Algodón,Transitorio,Cultivos tropicales tradicionales
76622|Arracacha,2,2027,585.1,7,pool_A_full,607.3198482180208,305.09634335785285,1171.5513442799024,104.05390680810515,1814.5559879029897,621.868310641625,607.3198482180208,537.400795088189,False,True,76622,Arracacha,Transitorio,Raíces y tubérculos
76622|Banano consumo interno,2,2027,4477.6,7,pool_A_full,4673.481274799981,3095.9604052298323,6089.794986140463,1172.9578518041908,7651.584406000922,4833.682673481478,4673.481274799981,4023.9464859215054,False,True,76622,Banano,Permanente,Frutales
76622|Berenjena,2,2027,367.75,7,pool_A_full,354.56915886958063,177.91643624588514,684.3682260053042,60.405080549556004,1060.2110017293573,391.18930681342346,354.56915886958063,289.98350362643555,False,True,76622,Berenjena,Transitorio,Hortalizas
76622|Cacao,2,2027,9.23,7,pool_A_full,9.488232045568273,8.762147795532247,25.501587128503395,3.935062268320661,96.74373796511881,9.79603913276907,9.488232045568273,8.189547078152513,False,True,76622,Cacao,Permanente,Cultivos tropicales tradicionales
76622|Café,2,2027,651.18,7,pool_A_full,669.3983687359856,423.3969055512625,1076.4441034424024,212.20686228379455,1761.7282947007618,691.1142754579157,669.3983687359856,577.7756518257154,False,True,76622,Café,Permanente,Cultivos tropicales tradicionales
76622|Caña de azúcar,2,2027,330023.1,7,pool_A_full,339256.31128903385,340601.2809081652,423809.1116416404,306412.3345320541,641370.6215333673,350262.1020929317,339256.31128903385,292821.20415252814,False,True,76622,Caña,Permanente,Cultivos tropicales tradicionales
76622|Caña panelera,2,2027,5100.0,7,pool_A_full,5242.685095601104,3473.0721299103448,6831.460975159922,1315.9087495452488,8583.426898638823,5412.762684411945,5242.685095601104,4525.1018525003055,False,True,76622,Caña,Permanente,Cultivos tropicales tradicionales
76622|Cebolla de bulbo,2,2027,11.0,6,pool_A_full,10.605739626282492,5.348226526579605,27.648725085369946,0.6975503602998117,51.535034016427275,11.701107749687717,10.605739626282492,8.673877742734986,False,True,76622,Cebolla de bulbo,Transitorio,Hortalizas
76622|Cebolla de rama,2,2027,22.2,6,pool_A_full,21.404310882133757,11.254939816985669,54.304958051605766,2.277037675746786,100.4163053978943,23.61496291300612,21.404310882133757,17.505462353519697,False,True,76622,Cebolla de rama,Transitorio,Hortalizas
76622|Cilantro,2,2027,43.0,6,pool_A_full,41.45880035728611,22.224550213454062,103.80939070318658,5.2103712615768805,191.1958093920473,45.74069393059744,41.45880035728611,33.906976630691304,False,True,76622,Cilantro,Transitorio,Hortalizas
76622|Espinaca,2,2027,12.0,6,pool_A_full,11.569897774126357,5.875611641794435,30.028745885926728,0.8385760134647207,55.89943324691542,12.764844817841146,11.569897774126357,9.46241208298362,False,True,76622,Espinaca,Transitorio,Hortalizas
76622|Fresa,2,2027,0.6,7,pool_A_full,0.6262481608182929,0.5136654899649007,3.1091918198649333,0.0,14.155611871158513,0.647715205487066,0.6262481608182929,0.539210267007527,False,True,76622,Fresa,Permanente,Frutales
76622|Frijol,2,2027,13.25,7,pool_A_full,12.41726743328671,6.339114591310762,32.12047473670955,0.9625192274721455,59.73517274323019,13.311619914378126,12.41726743328671,10.098748637997849,False,True,76622,Frijol,Transitorio,Leguminosas
76622|Granadilla,2,2027,80.0,7,pool_A_full,83.49975477577239,51.94227257188122,172.1876715120124,17.230061440549697,871.3354960201565,86.36202739827546,83.49975477577239,71.89470226767027,False,True,76622,Granadilla,Permanente,Frutales
76622|Guanábana,2,2027,448.75,7,pool_A_full,468.38143694534824,296.14277160071794,753.3757340215924,148.27742675458057,1233.1795244384148,484.4369974372014,468.38143694534824,403.28434553271296,False,True,76622,Guanábana,Permanente,Frutales
76622|Guayaba,2,2027,5158.0,7,pool_A_full,5383.646689167925,3566.4627006006144,7015.132299711737,1351.310104228755,8814.19485541509,5568.19171650381,5383.646689167925,4635.410928708041,False,True,76622,Guayaba,Permanente,Frutales
76622|Habichuela,2,2027,52.5,7,pool_A_full,49.20049360358885,26.459181009023922,122.91973167674463,6.342734607884471,226.2396869160803,52.74415437772465,49.20049360358885,40.01390969772732,False,True,76622,Habichuela,Transitorio,Leguminosas
76622|Limón Tahití,2,2027,631.98,5,pool_A_full,659.6271877899079,417.21124169752164,1060.7401551856806,209.09933260073674,1736.036201865323,682.2384259395266,659.6271877899079,567.9501742390282,False,True,76622,Limón,Permanente,Frutales
76622|Lulo,2,2027,246.56,7,pool_A_full,257.3462442189305,162.54655935996686,414.20631681279923,81.16188266772616,678.2889955460556,266.16776844148495,257.3462442189305,221.5794723889598,False,True,76622,Lulo,Permanente,Frutales
76622|Mandarina Arrayana y/o Oneco,2,2027,255.0,5,pool_A_full,266.1554683477745,168.12325470252563,428.3642369930369,83.9634811250834,701.4517437722368,275.278962332003,266.1554683477745,229.164363478199,False,True,76622,Mandarina,Permanente,Frutales
76622|Mango demás variedades,2,2027,2.8,5,pool_A_full,2.9224914171520333,2.6509433405532707,8.911322289668988,0.8456627681858084,35.55515739762246,3.0226709589396408,2.9224914171520333,2.5163145793684594,False,True,76622,Mango,Permanente,Frutales
76622|Maracuyá,2,2027,719.9,7,pool_A_full,751.3934182884817,475.30402066882016,1208.2240819921356,238.28375634135838,1977.3239772262007,777.1502940502313,751.3934182884817,646.9624520311978,False,True,76622,Maracuyá,Permanente,Frutales
76622|Maíz amarillo tecnificado,2,2027,4607.0,5,pool_A_full,4572.777987431022,2065.5450668985027,9094.53259820422,290.55489785407724,16649.095492796023,4768.816310641049,4572.777987431022,3848.0842894017674,False,True,76622,Maíz,Transitorio,Cereales
76622|Maíz amarillo tradicional,2,2027,48.5,5,pool_A_full,48.13972919262091,25.87895320890091,120.30123867511432,6.1875785328719015,221.4379856709984,50.20351444890186,48.13972919262091,40.510546567394336,False,True,76622,Maíz,Transitorio,Cereales
76622|Maíz blanco tecnificado,2,2027,8539.0,5,pool_A_full,8475.570053109072,3828.9222383793726,16855.725326609,539.337883206977,30856.575777287253,8838.923915034495,8475.570053109072,7132.362002865572,False,True,76622,Maíz,Transitorio,Cereales
76622|Maíz blanco tradicional,2,2027,18.5,5,pool_A_full,18.36257711471107,9.591141075075512,46.796449564267604,1.8321288272722627,86.64746411021048,19.14979417123061,18.36257711471107,15.452476525707118,False,True,76622,Maíz,Transitorio,Cereales
76622|Melón,2,2027,167.0,7,pool_A_full,161.0144106899251,80.5229337473299,311.2867281146198,26.979108115652732,482.5387737492434,177.64409038162262,161.0144106899251,131.68523482152204,False,True,76622,Melón,Transitorio,Hortalizas
76622|Mora,2,2027,63.36,7,pool_A_full,66.13180578241173,41.06059969530304,136.59094518918104,13.483082788534977,692.0370064543616,68.39872569943417,66.13180578241173,56.94060419599486,False,True,76622,Mora,Permanente,Frutales
"76622|Papaya Hawaiana, Maradol, Melona, redonda y/o Tainung",2,2027,1000.0,6,pool_A_full,1043.7469346971548,691.1708955569126,1360.2931612206157,261.379672745307,1709.353220106291,1079.5253424784432,1043.7469346971548,898.6837783458784,False,True,76622,Papaya,Permanente,Frutales
76622|Patilla,2,2027,270.0,7,pool_A_full,260.322699917843,130.49319903924126,502.7058777173121,44.12917118261185,778.928509649377,287.20900840142576,260.322699917843,212.90427186713146,False,True,76622,Patilla,Transitorio,Hortalizas
76622|Pepino cohombro,2,2027,168.0,7,pool_A_full,161.978568837769,81.00808195404751,313.14516646027715,27.145613582322248,485.41634400070114,178.70782744977603,161.978568837769,132.4737691617707,False,True,76622,Pepino Cohombro,Transitorio,Hortalizas
76622|Pimentón,2,2027,715.0,7,pool_A_full,689.3730757083621,346.38415102856675,1329.7109415347702,118.2241038505419,2059.4472715480106,760.5720037297016,689.3730757083621,563.802053277774,False,True,76622,Pimentón,Transitorio,Hortalizas
76622|Pitahaya,2,2027,3.84,7,pool_A_full,4.007988229237075,3.6612928699223186,11.654147602667273,1.3564251480062288,45.67130619195086,4.145377315117222,4.007988229237075,3.450945708848173,False,True,76622,Pitahaya,Permanente,Frutales
76622|Plátano consumo interno,2,2027,2566.15,7,pool_A_full,2678.411196473104,1774.1767302055894,3490.2417703470883,671.9122714148122,4385.458974588944,2770.223957601057,2678.411196473104,2306.157377802276,False,True,76622,Plátano,Permanente,Frutales
76622|Repollo,2,2027,950.4,7,pool_A_full,916.3359037108074,460.5880388898865,1767.1873281024775,157.4194907045436,2736.8273087411317,1010.9757095730188,916.3359037108074,749.4230369723027,False,True,76622,Repollo,Transitorio,Hortalizas
76622|Sorgo,2,2027,44.0,2,pool_A_full,43.67315638093444,23.4357813888271,109.27552030848732,5.534261077031956,201.2194074368802,45.54545640725118,43.67315638093444,36.751836061141255,False,True,76622,Sorgo,Transitorio,Cereales
76622|Soya,2,2027,41.8,6,pool_A_full,36.96751446813731,19.767860580733103,92.72266819679514,4.553439068985882,170.8653638916505,40.2969454935714,36.96751446813731,25.84396491640264,False,True,76622,Soya,Transitorio,Oleaginosas
76622|Tomate,2,2027,260.0,7,pool_A_full,250.68111843940437,125.64171697206531,484.1214942607396,42.46411651591676,750.1528071348004,276.5716377198915,250.68111843940437,205.01892846464511,False,True,76622,Tomate,Transitorio,Hortalizas
76622|Tomate de árbol,2,2027,8.32,4,pool_A_full,8.683974496680328,8.013567765665908,23.46939510481372,3.556632322617273,89.24856253675023,8.981650849420648,8.683974496680328,7.477049035837709,False,True,76622,Tomate de árbol,Permanente,Frutales
76622|Tomate invernadero,2,2027,3058.0,3,pool_A_full,2948.395616106533,1331.6092734598317,5864.24401600115,187.00884956556317,10735.79544332022,3252.9079544131855,2948.395616106533,2411.3380124803257,False,True,76622,Tomate,Transitorio,Hortalizas
76622|Uva,2,2027,720.0,7,pool_A_full,751.4977929819515,475.370095258187,1208.3918298615697,238.31695063587665,1977.5984173710624,777.2582465844791,751.4977929819515,647.0523204090325,False,True,76622,Uva,Permanente,Frutales
76622|Yuca consumo en fresco,2,2027,267.0,7,pool_A_full,277.1396333519254,138.95519784750653,535.120927074261,47.03337456009068,829.1193496883023,283.77856595678327,277.1396333519254,245.2333144565826,False,True,76622,Yuca,Transitorio,Raíces y tubérculos
76670|Aguacate demás variedades,2,2027,232.0,7,pool_A_full,242.14928884973992,152.92609914815944,389.78222702319516,76.32879338583979,638.330510454445,250.44987945499884,242.14928884973992,208.4946365762438,False,True,76670,Aguacate,Permanente,Frutales
76670|Ahuyama,2,2027,63.0,6,pool_A_full,60.74196331416337,32.77225251775059,151.40980671432206,8.030884324875052,278.4837940018097,67.01543529366602,60.74196331416337,49.677663435664,False,True,76670,Ahuyama,Transitorio,Hortalizas
76670|Arracacha,2,2027,200.0,5,pool_A_full,207.595230975225,103.9616211446043,401.07239531450676,35.023391345324974,621.5611769112384,212.56821419983766,207.595230975225,183.69536663414428,False,True,76670,Arracacha,Transitorio,Raíces y tubérculos
76670|Banano consumo interno,2,2027,672.0,7,pool_A_full,701.397940116488,443.6542923621188,1127.872852533205,222.38368926702057,1845.8671478382807,725.4410301455139,701.397940116488,603.9154990484303,False,True,76670,Banano,Permanente,Frutales
76670|Cacao,2,2027,6.0,6,pool_A_full,6.16786481835424,5.671644508927215,17.11170778674899,2.37271897263468,65.7999999933879,6.367956099308171,6.16786481835424,5.323649238235653,False,True,76670,Cacao,Permanente,Cultivos tropicales tradicionales
76670|Café,2,2027,109.21,7,pool_A_full,112.26541946874443,70.70287961639038,181.03677696982777,35.0218130239799,296.8171920154754,115.90741426757423,112.26541946874443,96.89928888461928,False,True,76670,Café,Permanente,Cultivos tropicales tradicionales
76670|Caña de azúcar,2,2027,540996.5,7,pool_A_full,556132.2132004633,558336.9771099063,694736.8032283881,502292.1758001234,1051378.141642313,574173.6603132288,556132.2132004633,480012.60085219244,False,True,76670,Caña,Permanente,Cultivos tropicales tradicionales
76670|Caña panelera,2,2027,2660.0,7,pool_A_full,2734.42006947038,1811.2840051772985,3563.220683466337,685.9784431161136,4477.150994066545,2823.1272040266226,2734.42006947038,2360.151162284473,False,True,76670,Caña,Permanente,Cultivos tropicales tradicionales
76670|Cilantro,2,2027,160.0,7,pool_A_full,154.26530365501807,77.1268963003068,298.27765969501905,25.81356984896619,462.39578198904013,170.19793090454863,154.26530365501807,126.1654944397816,False,True,76670,Cilantro,Transitorio,Hortalizas
76670|Frijol,2,2027,78.68,7,pool_A_full,73.73513974724516,39.879393462927865,183.48341439496426,9.931372535507267,337.29925840767794,79.04590602741668,73.73513974724516,59.96751266699402,False,True,76670,Frijol,Transitorio,Leguminosas
76670|Granadilla,2,2027,8.0,5,pool_A_full,8.349975477577239,7.702690987398508,22.6254488546604,3.3994746672879117,86.13590136926447,8.636202739827546,8.349975477577239,7.189470226767027,False,True,76670,Granadilla,Permanente,Frutales
76670|Guanábana,2,2027,115.0,7,pool_A_full,120.0308974901728,75.61882958899301,193.51721978530625,37.49146879925302,317.2355409682891,124.14541438502097,120.0308974901728,103.34863450977602,False,True,76670,Guanábana,Permanente,Frutales
76670|Limón Mandarino,2,2027,324.0,5,pool_A_full,338.17400684187817,213.71472136562375,544.1102669025611,106.86754434281394,890.8154437256113,349.7662109630156,338.17400684187817,291.1735441840646,False,True,76670,Limón,Permanente,Frutales
76670|Lulo,2,2027,350.0,7,pool_A_full,365.3114271440042,230.89411460099393,587.7247129554249,115.49806091761091,962.169881389201,377.8338698674551,365.3114271440042,314.5393224210575,False,True,76670,Lulo,Permanente,Frutales
76670|Mandarina Arrayana y/o Oneco,2,2027,173.2,5,pool_A_full,180.7769690895472,114.0742406004758,291.14647979594844,56.810548208991015,476.9597052767876,186.97378931726635,180.7769690895472,155.65203040950612,False,True,76670,Mandarina,Permanente,Frutales
76670|Mango demás variedades,2,2027,120.0,7,pool_A_full,125.24963216365859,78.92255905733349,201.904613257011,39.15118352517555,330.9575482112874,129.54304109741318,125.24963216365859,107.84205340150541,False,True,76670,Mango,Permanente,Frutales
76670|Maracuyá,2,2027,0.0,6,pool_A_full,0.0,0.0,1.5267926008274637,0.0,8.31937218212289,0.0,0.0,0.0,False,True,76670,Maracuyá,Permanente,Frutales
76670|Maíz amarillo tecnificado,2,2027,110.0,5,pool_A_full,109.1828909523361,54.44218246355753,211.38020965658876,18.02805438925251,327.8454388246113,113.86364101812795,109.1828909523361,91.87959015285314,False,True,76670,Maíz,Transitorio,Cereales
76670|Maíz amarillo tradicional,2,2027,12.86,5,pool_A_full,12.764472524064018,6.529032393916334,32.977549211428425,1.013304282619531,61.30684605678238,13.311694759028411,12.764472524064018,10.74155935786992,False,True,76670,Maíz,Transitorio,Cereales
76670|Maíz blanco tecnificado,2,2027,40.0,5,pool_A_full,39.702869437213124,21.264073104317045,99.47488176037443,4.953534449618671,183.2473378954418,41.404960370228345,39.702869437213124,33.410760055582955,False,True,76670,Maíz,Transitorio,Cereales
76670|Maíz blanco tradicional,2,2027,7.83,5,pool_A_full,7.771836692334469,4.386696601094653,70.61136865917804,2.5020975887142107,418.19877741511976,8.105020992472198,7.771836692334469,6.540156280880364,False,True,76670,Maíz,Transitorio,Cereales
76670|Mora,2,2027,152.0,7,pool_A_full,158.64953407396754,100.06642765471238,255.5839314759209,49.77335777107963,418.7783945664758,164.08785205672336,158.64953407396754,136.59993430857352,False,True,76670,Mora,Permanente,Frutales
76670|Naranja demás variedades,2,2027,1053.0,5,pool_A_full,1099.065522236104,727.8208391998455,1432.3726403788714,275.27248488302286,1799.9151745727083,1136.7401856298006,1099.065522236104,946.3140185982099,False,True,76670,Naranja,Permanente,Frutales
76670|Papaya demás variedades,2,2027,364.0,7,pool_A_full,379.9238842297644,240.1445571123473,611.2094146761983,120.145262150194,1000.5915016695963,392.94722466215336,379.9238842297644,327.12089531789974,False,True,76670,Papaya,Permanente,Frutales
76670|Pimentón,2,2027,40.0,7,pool_A_full,38.56632591375452,20.64239486780959,96.6693283015163,4.787294302082157,178.10261170058297,42.54948272613716,38.56632591375452,31.5413736099454,False,True,76670,Pimentón,Transitorio,Hortalizas
76670|Plátano consumo interno,2,2027,300.0,6,pool_A_full,313.1240804091465,197.85681991758958,503.85077823837867,98.90091365838587,824.9498089592203,323.857602743533,313.1240804091465,269.6051335037635,False,True,76670,Plátano,Permanente,Frutales
76670|Repollo,2,2027,50.0,7,pool_A_full,48.20790739219315,25.91624601995786,120.46953630708403,6.197550833731243,221.74660400546426,53.18685340767144,48.20790739219315,39.42671701243175,False,True,76670,Repollo,Transitorio,Hortalizas
76670|Tomate,2,2027,342.0,7,pool_A_full,329.7420865626012,165.4238699229073,636.5134386046311,56.117564782816224,986.1135677543239,363.79807730847267,329.7420865626012,269.6787443650332,False,True,76670,Tomate,Transitorio,Hortalizas
76670|Tomate de árbol,2,2027,122.5,7,pool_A_full,127.85899950040147,80.57442379150369,206.09830999286325,39.98104088813679,337.8185518327866,132.2418544536093,127.85899950040147,110.0887628473701,False,True,76670,Tomate de árbol,Permanente,Frutales
76670|Yuca consumo en fresco,2,2027,255.0,7,pool_A_full,264.6839194934119,132.68769157235994,511.1122348187828,44.88233279028192,791.944751578978,271.024473104793,264.6839194934119,234.21159245853394,False,True,76670,Yuca,Transitorio,Raíces y tubérculos
76736|Aguacate Hass,2,2027,10324.8,6,pool_A_full,10776.478351361184,8319.008692722131,12107.442164217957,7317.634963533835,14678.46563629742,11145.88325602143,10776.478351361184,9278.730274665524,False,True,76736,Aguacate,Permanente,Frutales
76736|Aguacate demás variedades,2,2027,4321.2,7,pool_A_full,4510.239254213346,2987.8084960646443,5877.09252311496,1131.9609495713826,7384.34120451888,4664.844909917849,4510.239254213346,3883.3923429882097,False,True,76736,Aguacate,Permanente,Frutales
76736|Ahuyama,2,2027,50.0,4,pool_A_full,48.20790739219315,25.91624601995786,120.46953630708403,6.197550833731243,221.74660400546426,53.18685340767144,48.20790739219315,39.42671701243175,False,True,76736,Ahuyama,Transitorio,Hortalizas
76736|Ají,2,2027,130.0,5,pool_A_full,125.34055921970219,62.57245009877928,242.52450932530303,20.81840584888103,376.06867444531224,138.28581885994575,125.34055921970219,102.50946423232256,False,True,76736,Ají,Transitorio,Hortalizas
76736|Arracacha,2,2027,22.0,4,pool_A_full,22.83547540727475,12.037772871574015,57.837782356904405,2.4863714996591875,106.89467553478056,23.38250356198214,22.83547540727475,20.20649032975587,False,True,76736,Arracacha,Transitorio,Raíces y tubérculos
76736|Arveja,2,2027,35.05,6,pool_A_full,32.84718668201503,17.514081416945082,82.55165438748062,3.950766241306253,152.2141130991062,35.213002113128546,32.84718668201503,26.714048283911286,False,True,76736,Arveja,Transitorio,Leguminosas
76736|Banano consumo interno,2,2027,19635.0,7,pool_A_full,20493.971062778637,15820.7285936715,23024.995848057835,13916.468159675933,27914.177708983418,21196.480099564233,20493.971062778637,17645.655987821323,False,True,76736,Banano,Permanente,Frutales
76736|Cacao,2,2027,20.0,7,pool_A_full,20.559549394514136,12.507868083169484,43.18768040679193,3.6512787064945202,221.57058928680948,21.22652033102724,20.559549394514136,17.74549746078551,False,True,76736,Cacao,Permanente,Cultivos tropicales tradicionales
76736|Café,2,2027,6064.21,7,pool_A_full,6233.8712516853275,4129.757674069706,8122.965061903303,1564.8370695296883,10206.095869928828,6436.103842830934,6233.8712516853275,5380.621157833505,False,True,76736,Café,Permanente,Cultivos tropicales tradicionales
76736|Caña de azúcar,2,2027,2700.0,7,pool_A_full,2775.539168259408,1838.5264334516098,3616.79839316623,696.3051694510172,4544.4669925021535,2865.580244688677,2775.539168259408,2395.642157206044,False,True,76736,Caña,Permanente,Cultivos tropicales tradicionales
76736|Caña panelera,2,2027,12000.0,7,pool_A_full,12335.72963670848,9522.721084924635,13859.25306029141,8376.47178990858,16802.244030036192,12735.912198616343,12335.72963670848,10647.298476471307,False,True,76736,Caña,Permanente,Cultivos tropicales tradicionales
76736|Cebolla de rama,2,2027,45.0,5,pool_A_full,43.38711665297384,23.279320443883726,108.56943230430016,5.4924225679067,199.92460785302364,47.868168066904296,43.38711665297384,35.484045311188574,False,True,76736,Cebolla de rama,Transitorio,Hortalizas
76736|Cilantro,2,2027,100.8,7,pool_A_full,97.18714130266139,52.70740987287103,241.37459297536805,13.361654014508591,443.45808491426124,107.22469646986562,97.18714130266139,79.4842614970624,False,True,76736,Cilantro,Transitorio,Hortalizas
76736|Fresa,2,2027,42.0,6,pool_A_full,43.8373712572805,27.09229845469547,90.89707053439275,8.673259230419928,461.87981071365374,45.34006438409462,43.8373712572805,37.744718690526895,False,True,76736,Fresa,Permanente,Frutales
76736|Frijol,2,2027,44.05,6,pool_A_full,41.28155701405883,22.12759983119777,103.37186616990911,5.184446201146022,190.39349214510997,44.25485714930991,41.28155701405883,33.573575660664545,False,True,76736,Frijol,Transitorio,Leguminosas
76736|Granadilla,2,2027,357.5,6,pool_A_full,373.13952915423283,235.84970880350474,600.3058031629823,117.98763300649486,982.752892253698,385.93030993604344,373.13952915423283,321.27945075865154,False,True,76736,Granadilla,Permanente,Frutales
76736|Guanábana,2,2027,187.5,6,pool_A_full,195.70255025571655,123.52290687992952,315.1344251250239,61.557332325129465,516.2046459917619,202.4110017147081,195.70255025571655,168.50320843985222,False,True,76736,Guanábana,Permanente,Frutales
76736|Guayaba,2,2027,294.0,6,pool_A_full,306.8615988009635,193.8923445555811,493.7859060723332,96.90925598727898,808.483400267622,317.38045068866234,306.8615988009635,264.21303083368826,False,True,76736,Guayaba,Permanente,Frutales
76736|Habichuela,2,2027,264.0,7,pool_A_full,247.40819640661823,123.99483750682043,477.8128572164144,41.89889865029935,740.3846346643954,265.2277477279868,247.40819640661823,201.21280305142884,False,True,76736,Habichuela,Transitorio,Leguminosas
76736|Limón Pajarito,2,2027,263.5,4,pool_A_full,275.0273172927003,173.73959479870422,442.6228058949344,86.7849961591515,724.7791560853335,284.4549277430698,275.0273172927003,236.80317559413896,False,True,76736,Limón,Permanente,Frutales
76736|Limón Tahití,2,2027,3370.5,6,pool_A_full,3517.9490433967603,2330.3914881148958,4584.149865836583,882.7553552444678,5759.864787325984,3638.5401668235927,3517.9490433967603,3029.013674914783,False,True,76736,Limón,Permanente,Frutales
76736|Lulo,2,2027,1060.0,6,pool_A_full,1106.371750778984,732.6613977941955,1441.892571588453,277.1073845993251,1811.8761874267643,1144.2968630271498,1106.371750778984,952.6048050466311,False,True,76736,Lulo,Permanente,Frutales
76736|Macadamia,2,2027,120.0,4,pool_A_full,125.24963216365859,78.92255905733349,201.904613257011,39.15118352517555,330.9575482112874,129.54304109741318,125.24963216365859,107.84205340150541,False,True,76736,Macadamia,Permanente,Frutales
76736|Mandarina Arrayana y/o Oneco,2,2027,2456.8,6,pool_A_full,2564.27746916397,1698.5602898781412,3341.5268449517016,643.2485165608642,4198.610866647386,2652.1778614010395,2564.27746916397,2207.886306640154,False,True,76736,Mandarina,Permanente,Frutales
76736|Maracuyá,2,2027,200.0,6,pool_A_full,208.74938693943096,131.7822305507806,336.10290880428545,65.70661913993567,550.5096640992576,215.90506849568865,208.74938693943096,179.7367556691757,False,True,76736,Maracuyá,Permanente,Frutales
76736|Maíz amarillo tradicional,2,2027,240.0,5,pool_A_full,238.21721662327874,119.37009065399722,460.09701951726083,40.311660725279225,712.9537717240875,248.42976222137005,238.21721662327874,200.46456033349776,False,True,76736,Maíz,Transitorio,Cereales
76736|Maíz blanco tradicional,2,2027,81.0,5,pool_A_full,80.39831061035657,43.524083020545106,199.93142687853168,10.90598238060485,367.46105069518575,83.8450447497124,80.39831061035657,67.65678911255549,False,True,76736,Maíz,Transitorio,Cereales
76736|Mora,2,2027,273.0,7,pool_A_full,284.9429131723233,180.0166807885512,458.55885349117364,89.93845413840442,750.8509698470299,294.710418496615,284.9429131723233,245.34067148842482,False,True,76736,Mora,Permanente,Frutales
76736|Naranja Valencia,2,2027,33345.36,6,pool_A_full,34804.11728637312,26867.889821269197,39102.37241620575,23634.022959686532,47405.31402967159,35997.16117406698,34804.11728637312,29966.934115103522,False,True,76736,Naranja,Permanente,Frutales
76736|Papa todas las variedades,2,2027,750.0,6,pool_A_full,778.4821161570937,391.22232542216005,1501.470790357269,133.6128057948942,2325.3969235886298,797.1308032493912,778.4821161570937,688.8576248780411,False,True,76736,Papa,Transitorio,Raíces y tubérculos
"76736|Papaya Hawaiana, Maradol, Melona, redonda y/o Tainung",2,2027,110.0,6,pool_A_full,114.81216281668704,72.31510012065255,185.12982631360157,35.8317540733305,303.513533725291,118.74778767262876,114.81216281668704,98.85521561804663,False,True,76736,Papaya,Permanente,Frutales
76736|Pepino cohombro,2,2027,70.0,6,pool_A_full,67.49107034907041,36.46394832425437,168.06995231821944,9.018063897029409,309.0345886152268,74.46159477074002,67.49107034907041,55.19740381740445,False,True,76736,Pepino Cohombro,Transitorio,Hortalizas
76736|Pimentón,2,2027,1925.0,6,pool_A_full,1856.0044345994363,838.0401466962287,3691.8868030596964,117.37451221551493,6759.122868139669,2047.6938561953505,1856.0044345994363,1517.9286049786224,False,True,76736,Pimentón,Transitorio,Hortalizas
76736|Pitahaya,2,2027,170.0,6,pool_A_full,177.43697889851632,111.9598537407379,285.7785479740574,55.74833078440064,468.1776206412683,183.51930822133534,177.43697889851632,152.77624231879932,False,True,76736,Pitahaya,Permanente,Frutales
"76736|Piña Cayena, Gold, Manzana y/o Perolera",2,2027,778.0,6,pool_A_full,812.0351151943864,513.6933570909362,1305.6855941333438,257.56964145657776,2136.773701389841,839.8707164482288,812.0351151943864,699.1759795530934,False,True,76736,Piña,Permanente,Frutales
76736|Plantas aromáticas,2,2027,3.3,4,pool_A_full,2.91848798432663,1.4063040212602327,30.989684426910472,0.5644303243023305,186.2612806142432,3.181337802124058,2.91848798432663,2.040313019715998,False,True,76736,Plantas aromáticas,Transitorio,"Cultivos para condimentos, bebidas medicinales y aromáticas"
76736|Plátano consumo interno,2,2027,81630.0,7,pool_A_full,85201.06227932875,65773.37464417054,95723.08403409607,57856.94892215466,116048.47879232948,88121.65370651532,85201.06227932875,73359.55682637406,False,True,76736,Plátano,Permanente,Frutales
76736|Repollo,2,2027,9.25,7,pool_A_full,8.918462867555732,5.090828191481883,79.97217559483258,2.9598804800564684,472.99508834336234,9.839567880419217,8.918462867555732,7.293942647299874,False,True,76736,Repollo,Transitorio,Hortalizas
76736|Tomate,2,2027,1355.0,7,pool_A_full,1306.4342903284344,589.7308772741164,2598.997472630194,82.34223305441394,4758.5020668573125,1441.363727347896,1306.4342903284344,1068.4640310369005,False,True,76736,Tomate,Transitorio,Hortalizas
76736|Tomate de árbol,2,2027,207.0,6,pool_A_full,216.05561548231105,136.40745180645726,347.845259664672,68.03021975622725,569.7204742394546,223.46174589303774,216.05561548231105,186.02754211759682,False,True,76736,Tomate de árbol,Permanente,Frutales
76736|Tomate invernadero,2,2027,2180.0,6,pool_A_full,2101.8647622996214,949.1258724903314,4180.810977199206,133.04684762969165,7654.137437134399,2318.9468085744747,2101.8647622996214,1719.0048617420243,False,True,76736,Tomate,Transitorio,Hortalizas
76736|Uva,2,2027,37.8,6,pool_A_full,39.45363413155245,24.345722368059153,81.91231990002423,7.727507407195061,416.6241823376721,40.806057945685154,39.45363413155245,33.9702468214742,False,True,76736,Uva,Permanente,Frutales
76736|Yuca consumo en fresco,2,2027,152.5,7,pool_A_full,158.29136361860907,79.15274213881541,306.0379884699044,26.508851006498553,474.4117260618275,162.08326332737622,158.29136361860907,140.067717058535,False,True,76736,Yuca,Transitorio,Raíces y tubérculos
76736|Zanahoria,2,2027,44.0,5,pool_A_full,42.42295850512997,22.75193532866888,106.1894115037434,5.351396914741789,195.56020862253553,46.80443099875087,42.42295850512997,34.69551097093994,False,True,76736,Zanahoria,Transitorio,Hortalizas
76823|Aguacate Hass,2,2027,945.0,6,pool_A_full,986.3408532888113,624.0379213335071,1585.8245360882793,313.0041133023899,2595.088743305976,1020.1514486421288,986.3408532888113,849.2561705368552,False,True,76823,Aguacate,Permanente,Frutales
76823|Ají,2,2027,5.0,6,pool_A_full,4.820790739219315,2.5744889913461635,46.51967075246937,1.3239120753403886,277.17074656694336,5.318685340767145,4.820790739219315,3.942671701243175,False,True,76823,Ají,Transitorio,Hortalizas
76823|Banano consumo interno,2,2027,150.0,7,pool_A_full,156.56204020457324,98.74493586737616,252.22897408723892,49.10947188071061,413.28959166927643,161.9288013717665,156.56204020457324,134.80256675188176,False,True,76823,Banano,Permanente,Frutales
76823|Berenjena,2,2027,10.0,2,pool_A_full,9.64158147843863,5.534888050329362,85.87555880230842,3.24858078677107,507.5523251274361,10.63737068153429,9.64158147843863,7.88534340248635,False,True,76823,Berenjena,Transitorio,Hortalizas
76823|Cacao,2,2027,5.4,7,pool_A_full,5.551078336518817,5.097557211105847,15.553216268156838,2.0825004037766024,60.05193721226134,5.731160489377355,5.551078336518817,4.7912843144120885,False,True,76823,Cacao,Permanente,Cultivos tropicales tradicionales
76823|Café,2,2027,309.34,7,pool_A_full,317.9945504849501,200.94007984951378,511.67845131888066,100.44986975842394,837.756098191844,328.31058995999825,317.9945504849501,274.46960922596946,False,True,76823,Café,Permanente,Cultivos tropicales tradicionales
76823|Caña de azúcar,2,2027,244640.0,7,pool_A_full,251484.40819369687,252481.41024028577,314161.89458242664,227137.7526417512,475436.3706267887,259642.79668912516,251484.40819369687,217062.92494032838,False,True,76823,Caña,Permanente,Cultivos tropicales tradicionales
76823|Frijol,2,2027,15.73,7,pool_A_full,14.741405035894337,7.610395221015949,37.85759976120095,1.302466594183549,70.25571274701798,15.803153302125882,14.741405035894337,11.988929515147634,False,True,76823,Frijol,Transitorio,Leguminosas
76823|Granadilla,2,2027,56.0,7,pool_A_full,58.44982834304067,36.24755207681654,120.84623931562103,11.82576530783616,612.7319053002602,60.45341917879282,58.44982834304067,50.32629158736919,False,True,76823,Granadilla,Permanente,Frutales
76823|Guanábana,2,2027,80.0,7,pool_A_full,83.49975477577239,51.94227257188122,172.1876715120124,17.230061440549697,871.3354960201565,86.36202739827546,83.49975477577239,71.89470226767027,False,True,76823,Guanábana,Permanente,Frutales
76823|Guayaba,2,2027,2682.0,7,pool_A_full,2799.329278857769,1854.2879749420752,3647.7966318656513,702.2798617196114,4583.413737323555,2895.286968527185,2799.329278857769,2410.269893523646,False,True,76823,Guayaba,Permanente,Frutales
76823|Limón Tahití,2,2027,180.0,5,pool_A_full,187.87444824548788,118.56731267741885,302.5533349174669,59.06776023624565,495.6216351272652,194.31456164611978,187.87444824548788,161.76308010225813,False,True,76823,Limón,Permanente,Frutales
76823|Lulo,2,2027,20.0,7,pool_A_full,20.874938693943097,12.705471334219514,43.83409102103395,3.7193211087658513,224.82651922041552,21.590506849568865,20.874938693943097,17.973675566917567,False,True,76823,Lulo,Permanente,Frutales
"76823|Mango Kent, Keitt, Hilacha o Nam Doc",2,2027,0.0,2,pool_A_full,0.0,0.0,1.5267926008274637,0.0,8.31937218212289,0.0,0.0,0.0,False,True,76823,Mango,Permanente,Frutales
76823|Mango demás variedades,2,2027,0.0,2,pool_A_full,0.0,0.0,1.5267926008274637,0.0,8.31937218212289,0.0,0.0,0.0,False,True,76823,Mango,Permanente,Frutales
76823|Maracuyá,2,2027,90.0,7,pool_A_full,93.93722412274394,58.48173944482483,193.57993492717554,19.481851495847014,979.086992153447,97.15728082305989,93.93722412274394,80.88154005112906,False,True,76823,Maracuyá,Permanente,Frutales
76823|Maíz amarillo tecnificado,2,2027,270.0,5,pool_A_full,267.9943687011886,134.35345408256023,517.4932064081852,45.454031418208466,801.8249254701204,279.4834824990413,267.9943687011886,225.52263037518497,False,True,76823,Maíz,Transitorio,Cereales
76823|Maíz amarillo tradicional,2,2027,26.84,4,pool_A_full,26.640625392370005,14.119152848278976,67.23078093708297,3.0429438454289626,124.11922910410955,27.782728408423218,26.640625392370005,22.418619997296165,False,True,76823,Maíz,Transitorio,Cereales
76823|Maíz blanco tecnificado,2,2027,0.0,4,pool_A_full,0.0,0.0,7.163782702630316,0.0,46.78916800645058,0.0,0.0,0.0,False,True,76823,Maíz,Transitorio,Cereales
76823|Maíz blanco tradicional,2,2027,1.12,2,pool_A_full,1.1116803442419676,0.2967616397677533,16.239299467807008,0.0,99.91544674689875,1.1593388903663937,1.1116803442419676,0.935501281556323,False,True,76823,Maíz,Transitorio,Cereales
76823|Melón,2,2027,50.0,6,pool_A_full,48.20790739219315,25.91624601995786,120.46953630708403,6.197550833731243,221.74660400546426,53.18685340767144,48.20790739219315,39.42671701243175,False,True,76823,Melón,Transitorio,Hortalizas
76823|Mora,2,2027,20.0,3,pool_A_full,20.874938693943097,12.705471334219514,43.83409102103395,3.7193211087658513,224.82651922041552,21.590506849568865,20.874938693943097,17.973675566917567,False,True,76823,Mora,Permanente,Frutales
"76823|Papaya Hawaiana, Maradol, Melona, redonda y/o Tainung",2,2027,140.0,6,pool_A_full,146.12457085760167,92.1374769306953,235.45418714382967,45.7900424288656,385.8455771832803,151.13354794698205,146.12457085760167,125.81572896842297,False,True,76823,Papaya,Permanente,Frutales
76823|Patilla,2,2027,50.0,1,pool_A_full,48.20790739219315,25.91624601995786,120.46953630708403,6.197550833731243,221.74660400546426,53.18685340767144,48.20790739219315,39.42671701243175,False,True,76823,Patilla,Transitorio,Hortalizas
76823|Pimentón,2,2027,30.0,7,pool_A_full,28.92474443531589,15.368543715661321,72.86912029594859,3.3770377704330725,134.4586193957017,31.912112044602864,28.92474443531589,23.65603020745905,False,True,76823,Pimentón,Transitorio,Hortalizas
76823|Plátano consumo interno,2,2027,1500.0,7,pool_A_full,1565.6204020457324,1036.925080867603,2040.2882476192576,392.4439381954569,2563.711281110234,1619.2880137176649,1565.6204020457324,1348.0256675188177,False,True,76823,Plátano,Permanente,Frutales
76823|Soya,2,2027,300.0,6,pool_A_full,265.3170894842391,133.00629209062976,512.3326854190336,44.991678196986776,793.8344738551357,289.2125274658234,265.3170894842391,185.48300179236347,False,True,76823,Soya,Transitorio,Oleaginosas
76823|Tomate,2,2027,400.0,7,pool_A_full,385.6632591375452,193.56246591252727,744.3028626527486,65.77488184964756,1153.012642338865,425.49482726137154,385.6632591375452,315.413736099454,False,True,76823,Tomate,Transitorio,Hortalizas
76823|Uva,2,2027,3360.0,7,pool_A_full,3506.9897005824405,2323.130650223373,4569.869969022214,880.0030056700152,5741.923268044906,3627.205150727569,3506.9897005824405,3019.5774952421516,False,True,76823,Uva,Permanente,Frutales
76823|Yuca consumo en fresco,2,2027,130.0,3,pool_A_full,134.93690013389624,67.4011678729154,261.0216904908825,22.475647688107085,404.7093546068432,138.16933922989446,134.93690013389624,119.40198831219378,False,True,76823,Yuca,Transitorio,Raíces y tubérculos
76828|Aguacate Hass,2,2027,4345.0,6,pool_A_full,4535.080431259138,3004.2663952854346,5909.460289227538,1138.1996086068102,7425.008648222671,4690.5376130688355,4535.080431259138,3904.7810169128416,False,True,76828,Aguacate,Permanente,Frutales
76828|Aguacate Papelillo,2,2027,350.0,6,pool_A_full,365.3114271440042,230.89411460099393,587.7247129554249,115.49806091761091,962.169881389201,377.8338698674551,365.3114271440042,314.5393224210575,False,True,76828,Aguacate,Permanente,Frutales
76828|Ají,2,2027,12.0,7,pool_A_full,11.569897774126357,5.875611641794435,30.028745885926728,0.8385760134647207,55.89943324691542,12.764844817841146,11.569897774126357,9.46241208298362,False,True,76828,Ají,Transitorio,Hortalizas
76828|Banano consumo interno,2,2027,6620.0,7,pool_A_full,6909.604707695165,4577.447938449076,9003.43793234136,1734.5420164049917,11312.337825790608,7146.457767207294,6909.604707695165,5949.286612649716,False,True,76828,Banano,Permanente,Frutales
76828|Berenjena,2,2027,22.0,6,pool_A_full,21.211479252564985,11.149462793942698,53.82895389149444,2.248832545113805,99.54342555179673,23.402215499375433,21.211479252564985,17.34775548546997,False,True,76828,Berenjena,Transitorio,Hortalizas
76828|Cacao,2,2027,38.1,7,pool_A_full,39.16594159654942,24.165472180997163,81.32267558234808,7.665440332527096,413.65418069815127,40.436521230606886,39.16594159654942,33.8051726627964,False,True,76828,Cacao,Permanente,Cultivos tropicales tradicionales
76828|Café,2,2027,3485.43,7,pool_A_full,3582.94351230607,2373.4519444389357,4668.836906405937,899.0781860816049,5866.267108784201,3699.177537868613,3582.94351230607,3092.534460737282,False,True,76828,Café,Permanente,Cultivos tropicales tradicionales
76828|Caña de azúcar,2,2027,29520.0,7,pool_A_full,30345.894906302863,23426.22677663055,34093.582225735554,20606.58916466803,41332.99172071999,31330.344008596203,30345.894906302863,26192.354252119414,False,True,76828,Caña,Permanente,Cultivos tropicales tradicionales
76828|Caña panelera,2,2027,2317.5,7,pool_A_full,2382.337786089325,1578.0207130784986,3104.461544160983,597.5558488734989,3900.7577574616253,2459.623043357781,2382.337786089325,2056.259518268521,False,True,76828,Caña,Permanente,Cultivos tropicales tradicionales
76828|Frijol,2,2027,18.46,7,pool_A_full,17.299830703280957,9.009829140005941,44.17306400187092,1.6766828486682792,81.83679105763913,18.545849329767563,17.299830703280957,14.069652819429455,False,True,76828,Frijol,Transitorio,Leguminosas
76828|Guanábana,2,2027,5.88,7,pool_A_full,6.137231976019271,5.643132331376989,17.034304947394666,2.358305200730901,65.514521134672,6.347609013773246,6.137231976019271,5.284260616673765,False,True,76828,Guanábana,Permanente,Frutales
76828|Guayaba,2,2027,56.0,6,pool_A_full,58.44982834304067,36.24755207681654,120.84623931562103,11.82576530783616,612.7319053002602,60.45341917879282,58.44982834304067,50.32629158736919,False,True,76828,Guayaba,Permanente,Frutales
76828|Habichuela,2,2027,50.0,7,pool_A_full,46.857612955798906,25.17764811617595,117.13633951495893,6.000045730151201,215.63430384774588,50.23252797878538,46.857612955798906,38.10848542640697,False,True,76828,Habichuela,Transitorio,Leguminosas
76828|Limón Tahití,2,2027,420.0,5,pool_A_full,438.37371257280506,277.14632715776025,705.1482215592903,138.73406708052622,1154.277982791174,453.40064384094615,438.37371257280506,377.44718690526895,False,True,76828,Limón,Permanente,Frutales
76828|Lulo,2,2027,105.6,7,pool_A_full,110.21967630401954,69.40781818851296,177.74892005850148,34.371205114518695,291.43816735145265,113.9978761657236,110.21967630401954,94.90100699332476,False,True,76828,Lulo,Permanente,Frutales
"76828|Mango Kent, Keitt, Hilacha o Nam Doc",2,2027,99.0,6,pool_A_full,103.33094653501833,65.0468952903036,166.67756067585137,32.18038167630099,273.32511779069546,106.87300890536588,103.33094653501833,88.96969405624196,False,True,76828,Mango,Permanente,Frutales
76828|Maracuyá,2,2027,121.0,7,pool_A_full,126.29337909835574,79.58330495100158,203.58209195135194,39.48312647036005,333.70194965988736,130.62256643989164,126.29337909835574,108.7407371798513,False,True,76828,Maracuyá,Permanente,Frutales
76828|Maíz amarillo tradicional,2,2027,58.0,5,pool_A_full,57.569160683959026,31.036760384612293,143.5777552268825,7.566804272978457,264.12165083191485,60.0371925368311,57.569160683959026,48.445602080595286,False,True,76828,Maíz,Transitorio,Cereales
76828|Mora,2,2027,273.0,7,pool_A_full,284.9429131723233,180.0166807885512,458.55885349117364,89.93845413840442,750.8509698470299,294.710418496615,284.9429131723233,245.34067148842482,False,True,76828,Mora,Permanente,Frutales
76828|Papaya demás variedades,2,2027,85.5,7,pool_A_full,89.24036291660674,55.53897935200022,183.9534163903522,18.46854597096323,930.5988188934667,92.2994167819069,89.24036291660674,76.8374630485726,False,True,76828,Papaya,Permanente,Frutales
76828|Pimentón,2,2027,256.0,7,pool_A_full,246.82448584802893,123.701124145195,476.6877408781109,41.79809464923874,738.6425261289701,272.3166894472778,246.82448584802893,201.86479110365056,False,True,76828,Pimentón,Transitorio,Hortalizas
76828|Pitahaya,2,2027,56.0,7,pool_A_full,58.44982834304067,36.24755207681654,120.84623931562103,11.82576530783616,612.7319053002602,60.45341917879282,58.44982834304067,50.32629158736919,False,True,76828,Pitahaya,Permanente,Frutales
76828|Plátano consumo interno,2,2027,40089.5,7,pool_A_full,41843.29273854159,32301.999641980725,47010.85026859685,28414.09802911894,56993.02376929954,43277.63121728955,41843.29273854159,36027.783331997096,False,True,76828,Plátano,Permanente,Frutales
76828|Tomate,2,2027,147.5,7,pool_A_full,142.2133268069698,71.06254371633699,275.04718037430405,23.732251515597373,426.4261538458201,156.90121755263075,142.2133268069698,116.30881518667367,False,True,76828,Tomate,Transitorio,Hortalizas
76828|Tomate invernadero,2,2027,1440.0,7,pool_A_full,1388.3877328951628,626.7594525388172,2761.9721973433648,87.56634485913949,5056.8402565222195,1531.7813781409375,1388.3877328951628,1135.4894499580344,False,True,76828,Tomate,Transitorio,Hortalizas
76828|Uva,2,2027,32.4,7,pool_A_full,33.81740068418782,20.8144102566696,70.36049765583613,6.511540777334512,358.43837442569554,34.97662109630156,33.81740068418782,29.11735441840646,False,True,76828,Uva,Permanente,Frutales
76828|Yuca consumo en fresco,2,2027,70.5,7,pool_A_full,73.17731891876682,39.57427090336215,182.10643575537995,9.849781100677756,334.7742029486694,74.93029550544277,73.17731891876682,64.75261673853586,False,True,76828,Yuca,Transitorio,Raíces y tubérculos
76834|Aguacate Hass,2,2027,400.0,6,pool_A_full,417.4987738788619,263.9314092843984,671.5986476724715,132.09520817683602,1099.3899538191824,431.8101369913773,417.4987738788619,359.4735113383514,False,True,76834,Aguacate,Permanente,Frutales
76834|Ahuyama,2,2027,128.0,7,pool_A_full,123.41224292401446,61.6021536853441,238.80763263398862,20.48539491554202,370.31353394239704,136.1583447236389,123.41224292401446,100.93239555182528,False,True,76834,Ahuyama,Transitorio,Hortalizas
76834|Arracacha,2,2027,28.0,7,pool_A_full,29.063332336531502,15.444349947671519,73.21122401444777,3.397308769888289,135.08595727670496,29.75954998797727,29.063332336531502,25.717351328780197,False,True,76834,Arracacha,Transitorio,Raíces y tubérculos
76834|Arveja,2,2027,29.82,7,pool_A_full,27.945880366838466,14.833114605107117,70.45279798502503,3.233861109088254,130.02765172015057,29.9586796865476,27.945880366838466,22.727900708309118,False,True,76834,Arveja,Transitorio,Leguminosas
76834|Banano consumo interno,2,2027,5480.0,7,pool_A_full,5719.733202140408,3789.1283959406956,7453.049135352457,1435.7154911786504,9364.40144670162,5915.798876781869,5719.733202140408,4924.787105335414,False,True,76834,Banano,Permanente,Frutales
76834|Cacao,2,2027,22.2,7,pool_A_full,22.82109982791069,13.924814437601578,47.82287319056118,4.139187854410082,244.91776614343655,23.561437567440233,22.82109982791069,19.697502181471915,False,True,76834,Cacao,Permanente,Cultivos tropicales tradicionales
76834|Café,2,2027,3345.73,7,pool_A_full,3439.3350597853887,2278.3077636909,4481.716755279054,863.0120943569533,5631.165984247829,3550.9102933563877,3439.3350597853887,2968.5821609736954,False,True,76834,Café,Permanente,Cultivos tropicales tradicionales
76834|Caña de azúcar,2,2027,813000.0,7,pool_A_full,835745.6828869996,839058.9612169546,1044038.0912510275,754835.8727986978,1579992.0830015223,862858.0514562571,835745.6828869996,721354.471780931,False,True,76834,Caña,Permanente,Cultivos tropicales tradicionales
76834|Caña panelera,2,2027,280.0,7,pool_A_full,287.8336915231979,181.84669327658713,463.20482554862565,90.85780867518518,758.4519083791496,297.1712846343813,287.8336915231979,248.43696445099715,False,True,76834,Caña,Permanente,Cultivos tropicales tradicionales
76834|Cebolla de bulbo,2,2027,130.0,7,pool_A_full,125.34055921970219,62.57245009877928,242.52450932530303,20.81840584888103,376.06867444531224,138.28581885994575,125.34055921970219,102.50946423232256,False,True,76834,Cebolla de bulbo,Transitorio,Hortalizas
76834|Cebolla de rama,2,2027,48.0,7,pool_A_full,46.27959109650543,24.8614757895282,115.70949470597054,5.915499527401426,213.01780554448814,51.059379271364584,46.27959109650543,37.84964833193448,False,True,76834,Cebolla de rama,Transitorio,Hortalizas
76834|Cilantro,2,2027,60.0,7,pool_A_full,57.84948887063178,31.1900971721061,144.26974431265174,7.607807365380324,265.39059631034553,63.82422408920573,57.84948887063178,47.3120604149181,False,True,76834,Cilantro,Transitorio,Hortalizas
76834|Cimarrón,2,2027,13.0,7,pool_A_full,11.49707387765036,5.835777679783872,29.848980368435576,0.8279241949954084,55.56978550349101,12.53254285685235,11.49707387765036,8.037596744335751,False,True,76834,Cimarrón,Transitorio,"Cultivos para condimentos, bebidas medicinales y aromáticas"
76834|Curuba,2,2027,45.0,7,pool_A_full,46.96861206137197,29.05413851657857,97.31474955894171,9.348796247009124,494.205259553641,48.578640411529946,46.96861206137197,40.44077002556453,False,True,76834,Curuba,Permanente,Frutales
76834|Fresa,2,2027,270.0,7,pool_A_full,281.8116723682318,178.0344431075469,453.52641740815073,88.94262530285083,742.6177655012316,291.47184246917965,281.8116723682318,242.64462015338717,False,True,76834,Fresa,Permanente,Frutales
76834|Frijol,2,2027,37.0,7,pool_A_full,34.67463358729119,18.513677073366498,87.06270027367346,4.218063565938203,160.48631189240703,37.172070704301184,34.67463358729119,28.200279215541162,False,True,76834,Frijol,Transitorio,Leguminosas
76834|Granadilla,2,2027,72.0,7,pool_A_full,75.14977929819514,46.71069907352631,155.0738607798819,15.428629396311848,785.1342991135242,77.72582465844792,75.14977929819514,64.70523204090324,False,True,76834,Granadilla,Permanente,Frutales
76834|Habichuela,2,2027,120.0,7,pool_A_full,112.45827109391738,56.090298807914635,217.69358476557002,18.59369675841531,337.6209476233562,120.5580671490849,112.45827109391738,91.46036502337674,False,True,76834,Habichuela,Transitorio,Leguminosas
76834|Lechuga,2,2027,24.0,7,pool_A_full,23.139795548252714,12.204233024372357,58.58899549260796,2.530883851443621,108.27222401277292,25.529689635682292,23.139795548252714,18.92482416596724,False,True,76834,Lechuga,Transitorio,Hortalizas
76834|Limón Pajarito,2,2027,612.0,5,pool_A_full,638.7731240346587,404.0095387420335,1027.2241308727494,202.4671125559505,1681.2030609223036,660.6695095968073,638.7731240346587,549.9944723476776,False,True,76834,Limón,Permanente,Frutales
76834|Lulo,2,2027,1066.0,7,pool_A_full,1112.634232387167,736.8104480179237,1450.0525126252364,278.6801557847268,1822.1284841588115,1150.7740150820205,1112.634232387167,957.9969077167063,False,True,76834,Lulo,Permanente,Frutales
76834|Maracuyá,2,2027,200.0,7,pool_A_full,208.74938693943096,131.7822305507806,336.10290880428545,65.70661913993567,550.5096640992576,215.90506849568865,208.74938693943096,179.7367556691757,False,True,76834,Maracuyá,Permanente,Frutales
76834|Maíz amarillo tradicional,2,2027,94.0,5,pool_A_full,93.30174317745085,50.58213494520276,231.7835021598985,12.793343919698021,425.87027670486003,97.30165687003661,93.30174317745085,78.51528613061996,False,True,76834,Maíz,Transitorio,Cereales
76834|Maíz blanco tradicional,2,2027,60.0,5,pool_A_full,59.554304155819686,32.12261452686731,148.47807450093887,7.857167586685096,273.1076856026337,62.107440555342514,59.554304155819686,50.11614008337444,False,True,76834,Maíz,Transitorio,Cereales
76834|Mora,2,2027,588.0,7,pool_A_full,613.723197601927,388.1516372939994,986.9646422085672,194.50048187152248,1615.337426155913,634.7609013773247,613.723197601927,528.4260616673765,False,True,76834,Mora,Permanente,Frutales
76834|Papa todas las variedades,2,2027,8480.0,7,pool_A_full,8802.03779334954,3976.4283700607566,17504.947475515048,560.1485279125194,32045.02853237474,9012.892282073117,8802.03779334954,7788.683545287718,False,True,76834,Papa,Transitorio,Raíces y tubérculos
76834|Papaya demás variedades,2,2027,510.0,7,pool_A_full,532.310936695549,336.6134575878882,856.1213040499739,168.60893214713136,1401.2741131651396,550.557924664006,532.310936695549,458.328726956398,False,True,76834,Papaya,Permanente,Frutales
76834|Pepino cohombro,2,2027,60.0,7,pool_A_full,57.84948887063178,31.1900971721061,144.26974431265174,7.607807365380324,265.39059631034553,63.82422408920573,57.84948887063178,47.3120604149181,False,True,76834,Pepino Cohombro,Transitorio,Hortalizas
76834|Pimentón,2,2027,128.0,7,pool_A_full,123.41224292401446,61.6021536853441,238.80763263398862,20.48539491554202,370.31353394239704,136.1583447236389,123.41224292401446,100.93239555182528,False,True,76834,Pimentón,Transitorio,Hortalizas
76834|Plátano consumo interno,2,2027,4257.0,7,pool_A_full,4443.230701005788,2943.4136586707523,5789.781154021381,1115.1322978875846,7274.641629485982,4595.539382930733,4443.230701005788,3825.6968444184045,False,True,76834,Plátano,Permanente,Frutales
76834|Repollo,2,2027,54.0,7,pool_A_full,52.0645399835686,28.025786480817164,129.98961950931107,6.761653446390873,239.20420092741674,57.44180168028516,52.0645399835686,42.58085437342629,False,True,76834,Repollo,Transitorio,Hortalizas
76834|Tomate,2,2027,816.0,7,pool_A_full,786.7530486405922,395.3841199070427,1517.4132144461475,135.04115598416192,2350.081866945228,868.009447613198,786.7530486405922,643.4440216428861,False,True,76834,Tomate,Transitorio,Hortalizas
76834|Tomate de árbol,2,2027,144.0,7,pool_A_full,150.29955859639028,94.78046050536763,242.16410192119335,47.117814209603594,396.82318297767836,155.45164931689584,150.29955859639028,129.41046408180648,False,True,76834,Tomate de árbol,Permanente,Frutales
76834|Yuca consumo en fresco,2,2027,94.0,7,pool_A_full,97.56975855835576,52.91669778474401,242.31908224742475,13.4176187424084,445.1900564378728,99.9070606739237,97.56975855835576,86.33682231804781,False,True,76834,Yuca,Transitorio,Raíces y tubérculos
76834|Zanahoria,2,2027,630.0,7,pool_A_full,607.4196331416337,305.14655345757205,1171.7436821539065,104.07113918363393,1814.8538001741147,670.1543529366602,607.4196331416337,496.77663435664005,False,True,76834,Zanahoria,Transitorio,Hortalizas
76845|Aguacate demás variedades,2,2027,245.5,7,pool_A_full,256.23987246815153,161.84616871267863,412.42818939679773,80.8100231458305,675.3799300105404,265.0234715784578,256.23987246815153,220.62686758391317,False,True,76845,Aguacate,Permanente,Frutales
76845|Banano consumo interno,2,2027,128.0,7,pool_A_full,133.59960764123582,84.20852620667821,215.32444281173846,41.80672708665156,352.9127598000847,138.17924383724073,133.59960764123582,115.03152362827244,False,True,76845,Banano,Permanente,Frutales
76845|Cacao,2,2027,10.98,7,pool_A_full,11.28719261758826,6.698388029997904,24.18338999333798,1.6508512000407185,125.84716417463805,11.653359661733953,11.28719261758826,9.742278105971247,False,True,76845,Cacao,Permanente,Cultivos tropicales tradicionales
76845|Café,2,2027,99.47,7,pool_A_full,102.25291891361604,64.36444794562324,164.94498709244914,31.83753644079154,270.4905795827672,105.57009886636396,102.25291891361604,88.25723162121673,False,True,76845,Café,Permanente,Cultivos tropicales tradicionales
76845|Caña panelera,2,2027,0.0,1,pool_A_full,0.0,0.0,1.5267926008274637,0.0,8.31937218212289,0.0,0.0,0.0,False,True,76845,Caña,Permanente,Cultivos tropicales tradicionales
76845|Guayaba,2,2027,48.0,1,pool_A_full,50.09985286546343,31.01597857846164,103.73242858349056,10.024333263598313,526.5307083936281,51.817216438965275,50.09985286546343,43.13682136060216,False,True,76845,Guayaba,Permanente,Frutales
76845|Habichuela,2,2027,6.0,3,pool_A_full,5.622913554695868,3.0670645368489513,53.06802711884198,1.6441542864599725,315.50352855755966,6.027903357454246,5.622913554695868,4.573018251168837,False,True,76845,Habichuela,Transitorio,Leguminosas
76845|Limón Tahití,2,2027,243.0,5,pool_A_full,253.63050513140863,160.1943039785084,408.2344926609454,79.9801657828693,668.5189263890408,262.3246582222617,253.63050513140863,218.38015813804844,False,True,76845,Limón,Permanente,Frutales
76845|Maíz amarillo tradicional,2,2027,0.0,5,pool_A_full,0.0,0.0,7.163782702630316,0.0,46.78916800645058,0.0,0.0,0.0,False,True,76845,Maíz,Transitorio,Cereales
76845|Naranja Valencia,2,2027,444.0,5,pool_A_full,463.42363900553676,293.0042286057943,745.4077102234725,146.7006977649542,1220.1436175575645,479.3092520604288,463.42363900553676,399.01559758557005,False,True,76845,Naranja,Permanente,Frutales
"76845|Papaya Hawaiana, Maradol, Melona, redonda y/o Tainung",2,2027,0.0,3,pool_A_full,0.0,0.0,1.5267926008274637,0.0,8.31937218212289,0.0,0.0,0.0,False,True,76845,Papaya,Permanente,Frutales
76845|Piña demás variedades,2,2027,550.0,7,pool_A_full,574.0608140834352,363.04329333461203,923.2204518236118,181.8866499545116,1511.0501711091258,593.7389383631438,574.0608140834352,494.2760780902331,False,True,76845,Piña,Permanente,Frutales
76845|Plátano consumo interno,2,2027,1609.2,7,pool_A_full,1679.5975673146615,1112.437794939458,2188.7991744887217,421.0683737697698,2750.303081633496,1737.1721811163109,1679.5975673146615,1446.1619361141877,False,True,76845,Plátano,Permanente,Frutales
76845|Yuca consumo en fresco,2,2027,204.0,4,pool_A_full,211.7471355947295,106.05078990298657,409.0752927329994,35.74040526859459,633.952709614347,216.8195784838344,211.7471355947295,187.36927396682717,False,True,76845,Yuca,Transitorio,Raíces y tubérculos
76863|Aguacate Hass,2,2027,11483.0,6,pool_A_full,11985.34605112743,9252.231608371583,13465.59888229311,8138.537694707358,16325.004026727793,12396.189507679963,11985.34605112743,10319.585826745722,False,True,76863,Aguacate,Permanente,Frutales
76863|Aguacate demás variedades,2,2027,710.0,7,pool_A_full,741.0603236349799,468.76263632150614,1191.6170429181605,234.99752118403185,1950.1544028850647,766.4629931596947,741.0603236349799,638.0654826255737,False,True,76863,Aguacate,Permanente,Frutales
76863|Ahuyama,2,2027,264.0,7,pool_A_full,254.53775103077984,127.58230979893574,491.5552476433687,43.1301383825948,761.6630881406312,280.8265859925052,254.53775103077984,208.17306582563964,False,True,76863,Ahuyama,Transitorio,Hortalizas
76863|Ají,2,2027,0.0,3,pool_A_full,0.0,0.0,7.163782702630316,0.0,46.78916800645058,0.0,0.0,0.0,False,True,76863,Ají,Transitorio,Hortalizas
76863|Arracacha,2,2027,168.0,7,pool_A_full,174.379994019189,87.24827107754652,337.0492159665643,29.287279959168227,522.4289152863721,178.55729992786362,174.379994019189,154.30410797268118,False,True,76863,Arracacha,Transitorio,Raíces y tubérculos
76863|Banano consumo interno,2,2027,1300.0,7,pool_A_full,1356.8710151063012,898.6234067433272,1768.2902130598018,340.01823201539713,2221.968056708658,1403.3829452219761,1356.8710151063012,1168.2889118496419,False,True,76863,Banano,Permanente,Frutales
76863|Berenjena,2,2027,203.0,7,pool_A_full,195.7241040123042,97.98826918916302,378.19050855827913,32.97330491575495,586.1313028017174,215.93862483514604,195.7241040123042,160.07247107047291,False,True,76863,Berenjena,Transitorio,Hortalizas
76863|Café,2,2027,952.49,7,pool_A_full,979.1382601390384,619.4783066517596,1574.2487449160108,310.7134718608464,2576.1504294132073,1010.9024175050066,979.1382601390384,845.1204438211796,False,True,76863,Café,Permanente,Cultivos tropicales tradicionales
76863|Caña panelera,2,2027,34240.0,7,pool_A_full,35197.948563408194,27171.920090834443,39544.83985478218,23901.46096882698,47941.73196615539,36339.80280671863,35197.948563408194,30380.291652864795,False,True,76863,Caña,Permanente,Cultivos tropicales tradicionales
76863|Cilantro,2,2027,12.0,6,pool_A_full,11.569897774126357,5.875611641794435,30.028745885926728,0.8385760134647207,55.89943324691542,12.764844817841146,11.569897774126357,9.46241208298362,False,True,76863,Cilantro,Transitorio,Hortalizas
76863|Frijol,2,2027,30.419999999999998,7,pool_A_full,28.508171722308052,15.140682499390635,71.84081210385355,3.316106439744238,132.57294365655088,30.561470022293022,28.508171722308052,23.185202533426,False,True,76863,Frijol,Transitorio,Leguminosas
76863|Granadilla,2,2027,146.7,7,pool_A_full,153.1176753200726,96.56447441827147,246.69329439591385,48.014060161601755,404.23306688889767,158.3663677415876,153.1176753200726,131.83691028334036,False,True,76863,Granadilla,Permanente,Frutales
76863|Guayaba,2,2027,18.0,6,pool_A_full,18.787444824548786,11.39757795963079,39.55563833800132,3.268963097706389,203.27621999375748,19.43145616461198,18.787444824548786,16.17630801022581,False,True,76863,Guayaba,Permanente,Frutales
76863|Habichuela,2,2027,48.0,7,pool_A_full,44.98330843756695,24.152421801897564,112.50962578553046,5.725894627964586,207.14999739307848,48.22322685963397,44.98330843756695,36.5841460093507,False,True,76863,Habichuela,Transitorio,Leguminosas
76863|Lulo,2,2027,1020.0,7,pool_A_full,1064.621873391098,705.0010629693404,1387.492964676562,266.62224336331315,1743.5275425464492,1101.115849328012,1064.621873391098,916.657453912796,False,True,76863,Lulo,Permanente,Frutales
76863|Maracuyá,2,2027,110.0,7,pool_A_full,114.81216281668704,72.31510012065255,185.12982631360157,35.8317540733305,303.513533725291,118.74778767262876,114.81216281668704,98.85521561804663,False,True,76863,Maracuyá,Permanente,Frutales
76863|Maíz amarillo tradicional,2,2027,15.0,5,pool_A_full,14.888576038954922,7.690896326129215,38.22089083466883,1.323993028285639,70.92190326145187,15.526860138835628,14.888576038954922,12.52903502084361,False,True,76863,Maíz,Transitorio,Cereales
76863|Maíz blanco tradicional,2,2027,12.0,5,pool_A_full,11.910860831163937,6.062115112746674,30.87041192358415,0.8884480577256744,57.44285110537309,12.421488111068502,11.910860831163937,10.023228016674887,False,True,76863,Maíz,Transitorio,Cereales
76863|Mora,2,2027,273.0,7,pool_A_full,284.9429131723233,180.0166807885512,458.55885349117364,89.93845413840442,750.8509698470299,294.710418496615,284.9429131723233,245.34067148842482,False,True,76863,Mora,Permanente,Frutales
76863|Pepino cohombro,2,2027,86.0,7,pool_A_full,82.91760071457222,44.90211016769162,206.1502851271279,11.274474347667951,378.8649763030367,91.48138786119488,82.91760071457222,67.81395326138261,False,True,76863,Pepino Cohombro,Transitorio,Hortalizas
76863|Pimentón,2,2027,295.0,7,pool_A_full,284.4266536139396,142.62190420718082,549.1668363587423,48.29180784934946,850.8677659358166,313.8024351052615,284.4266536139396,232.61763037334734,False,True,76863,Pimentón,Transitorio,Hortalizas
76863|Plátano consumo interno,2,2027,4439.0,7,pool_A_full,4633.19264312067,3069.2681821238393,6037.299365470484,1162.8396905114387,7585.627963691413,4792.01299526181,4633.19264312067,3989.257292077354,False,True,76863,Plátano,Permanente,Frutales
76863|Repollo,2,2027,240.0,7,pool_A_full,231.39795548252712,115.93875283771362,446.95272734759556,39.134007182526645,692.6014021056484,255.2968963568229,231.39795548252712,189.2482416596724,False,True,76863,Repollo,Transitorio,Hortalizas
76863|Tomate invernadero,2,2027,1260.0,2,pool_A_full,1214.8392662832673,548.3459990370976,2416.849250891943,76.50351986089709,4425.065266643585,1340.3087058733204,1214.8392662832673,993.5532687132801,False,True,76863,Tomate,Transitorio,Hortalizas
76863|Yuca consumo en fresco,2,2027,0.0,7,pool_A_full,0.0,0.0,7.163782702630316,0.0,46.78916800645058,0.0,0.0,0.0,False,True,76863,Yuca,Transitorio,Raíces y tubérculos
76869|Aguacate demás variedades,2,2027,355.0,7,pool_A_full,370.53016181748995,234.1978440693345,596.11210642713,117.15777564353361,975.8918886321989,383.2314965798474,370.53016181748995,319.03274131278687,False,True,76869,Aguacate,Permanente,Frutales
76869|Ají,2,2027,6268.0,7,pool_A_full,6043.343270685334,2729.9825275738317,12018.936561051503,384.29589536755293,22002.44942948928,6667.503943185692,6043.343270685334,4942.533244678444,False,True,76869,Ají,Transitorio,Hortalizas
76869|Arracacha,2,2027,29.0,7,pool_A_full,30.101308491407625,16.01211279368777,75.773464290705,3.549131648259806,139.78450423369233,30.822391058976457,30.101308491407625,26.63582816195092,False,True,76869,Arracacha,Transitorio,Raíces y tubérculos
76869|Arveja,2,2027,2.8,5,pool_A_full,2.6240263255247385,1.225478081123093,28.585763430195772,0.44686846109983114,172.18920293030146,2.813021566811981,2.6240263255247385,2.1340751838787906,False,True,76869,Arveja,Transitorio,Leguminosas
76869|Banano consumo interno,2,2027,480.0,7,pool_A_full,500.99852865463436,316.79108077784554,805.7969432197461,158.65064379159617,1318.9420697071523,518.1721643896527,500.99852865463436,431.36821360602164,False,True,76869,Banano,Permanente,Frutales
76869|Café,2,2027,514.39,7,pool_A_full,528.7813306522063,334.37903406828156,850.4486273308398,167.486411173493,1391.9934574656386,545.935489653855,528.7813306522063,456.4053219426729,False,True,76869,Café,Permanente,Cultivos tropicales tradicionales
76869|Caña de azúcar,2,2027,26500.0,7,pool_A_full,27241.40294773123,21029.617918813678,30605.701285116782,18498.429662854483,37104.51808910672,28125.139438611088,27241.40294773123,23512.7841355408,False,True,76869,Caña,Permanente,Cultivos tropicales tradicionales
76869|Cebolla de rama,2,2027,25.0,7,pool_A_full,24.103953696096575,12.731618139587177,60.96901629316475,2.6719095046085295,112.6366232432611,26.59342670383572,24.103953696096575,19.713358506215876,False,True,76869,Cebolla de rama,Transitorio,Hortalizas
76869|Cilantro,2,2027,34.0,7,pool_A_full,32.781377026691345,17.478084176520618,82.3892034981757,3.941140383092706,151.91621631765426,36.16706031721658,32.781377026691345,26.81016756845359,False,True,76869,Cilantro,Transitorio,Hortalizas
76869|Frijol,2,2027,87.1,7,pool_A_full,81.62596176900169,44.19559624603985,202.96187919585853,11.085548675712921,373.0181885818283,87.50506373904413,81.62596176900169,66.38498161280094,False,True,76869,Frijol,Transitorio,Leguminosas
76869|Habichuela,2,2027,170.0,7,pool_A_full,159.3158840497163,79.66826363392359,308.01277658878,26.685780748652824,477.46945006816145,170.7905951278703,159.3158840497163,129.56885044978372,False,True,76869,Habichuela,Transitorio,Leguminosas
76869|Limón Tahití,2,2027,25.2,5,pool_A_full,26.3024227543683,16.1059941081502,54.95806799691875,4.8902519375204525,280.85729720972654,27.20403863045677,26.3024227543683,22.646831214316137,False,True,76869,Limón,Permanente,Frutales
76869|Lulo,2,2027,180.0,6,pool_A_full,187.87444824548788,118.56731267741885,302.5533349174669,59.06776023624565,495.6216351272652,194.31456164611978,187.87444824548788,161.76308010225813,False,True,76869,Lulo,Permanente,Frutales
76869|Mandarina Arrayana y/o Oneco,2,2027,126.31,5,pool_A_full,131.83567532159762,83.09186564637909,212.48950381830215,41.24574350928973,348.27472135195086,136.35484600845217,131.83567532159762,113.51274804286791,False,True,76869,Mandarina,Permanente,Frutales
76869|Mango demás variedades,2,2027,259.0,7,pool_A_full,270.3304560865631,170.76623827719789,435.07415177040036,85.29125290582128,712.4293495666354,279.5970637019168,270.3304560865631,232.7590985915825,False,True,76869,Mango,Permanente,Frutales
76869|Maracuyá,2,2027,456.0,7,pool_A_full,475.9486022219026,300.9331793298116,765.5374545555642,150.68401310716837,1253.0764349407611,492.2635561701701,475.9486022219026,409.79980292572054,False,True,76869,Maracuyá,Permanente,Frutales
76869|Maíz amarillo tecnificado,2,2027,13.42,4,pool_A_full,13.320312696185002,6.833071553747742,34.349638608164234,1.0946060104573911,63.822935792583706,13.891364204211609,13.320312696185002,11.209309998648083,False,True,76869,Maíz,Transitorio,Cereales
76869|Maíz amarillo tradicional,2,2027,25.73,5,pool_A_full,25.538870765487342,13.51650379932743,64.51110373998166,2.881792206321775,119.13197980636043,26.633740758149383,25.538870765487342,21.49147140575374,False,True,76869,Maíz,Transitorio,Cereales
76869|Maíz blanco tradicional,2,2027,0.0,4,pool_A_full,0.0,0.0,7.163782702630316,0.0,46.78916800645058,0.0,0.0,0.0,False,True,76869,Maíz,Transitorio,Cereales
76869|Naranja Valencia,2,2027,726.75,5,pool_A_full,758.5430847911573,479.83013004044653,1219.7148110483708,240.557565515872,1996.1231271491097,784.5450426462086,758.5430847911573,653.1184359128672,False,True,76869,Naranja,Permanente,Frutales
76869|Papaya demás variedades,2,2027,1110.0,7,pool_A_full,1158.5590975138418,767.2368163252644,1509.892080228317,290.21381114433996,1897.3119935271582,1198.2731301510719,1158.5590975138418,997.538993963925,False,True,76869,Papaya,Permanente,Frutales
76869|Pepino cohombro,2,2027,160.0,7,pool_A_full,154.26530365501807,77.1268963003068,298.27765969501905,25.81356984896619,462.39578198904013,170.19793090454863,154.26530365501807,126.1654944397816,False,True,76869,Pepino Cohombro,Transitorio,Hortalizas
76869|Pimentón,2,2027,880.0,7,pool_A_full,848.4591701025994,426.4336051369683,1636.3532685682094,145.69750585101033,2534.246363038515,936.0886199750174,848.4591701025994,693.9102194187988,False,True,76869,Pimentón,Transitorio,Hortalizas
"76869|Piña Cayena, Gold, Manzana y/o Perolera",2,2027,390.0,6,pool_A_full,407.0613045318904,257.3239503477176,654.8238607290624,128.77577872499103,1071.9459393331865,421.01488356659286,407.0613045318904,350.4866735548926,False,True,76869,Piña,Permanente,Frutales
76869|Piña demás variedades,2,2027,15834.0,7,pool_A_full,16526.68896399475,12758.062126408879,18567.77456900097,11222.41593968753,22510.54066699943,17093.20427280367,16526.68896399475,14229.758946328639,False,True,76869,Piña,Permanente,Frutales
76869|Plátano consumo interno,2,2027,1859.0,7,pool_A_full,1940.3255516020108,1285.1765859206791,2528.5247196534838,486.5480807886647,3177.140368911069,2006.837611667426,1940.3255516020108,1670.653143944988,False,True,76869,Plátano,Permanente,Frutales
76869|Tomate,2,2027,26.0,7,pool_A_full,25.06811184394044,13.259003254802014,63.34903709372152,2.812935157773439,117.00102247374922,27.65716377198915,25.06811184394044,20.50189284646451,False,True,76869,Tomate,Transitorio,Hortalizas
76869|Tomate invernadero,2,2027,9600.0,6,pool_A_full,9255.918219301086,4181.502677950111,18407.545769807854,589.0810781127968,33697.30646435391,10211.875854272917,9255.918219301086,7569.929666386896,False,True,76869,Tomate,Transitorio,Hortalizas
76869|Yuca consumo en fresco,2,2027,615.0,7,pool_A_full,638.3553352488169,320.71287982676,1231.3730024831352,109.41358588454538,1907.1826948587245,653.6472586645008,638.3553352488169,564.8632523999936,False,True,76869,Yuca,Transitorio,Raíces y tubérculos
76890|Acelga,2,2027,20.0,7,pool_A_full,19.28316295687726,10.094692563513046,49.06891229038091,1.9667812387839883,90.81462709082041,21.27474136306858,19.28316295687726,15.7706868049727,False,True,76890,Acelga,Transitorio,Hortalizas
76890|Aguacate Hass,2,2027,1180.0,6,pool_A_full,1231.6213829426426,815.6424022687611,1605.091392324127,308.562808307361,2016.9221220677105,1273.839904124563,1231.6213829426426,1060.4468584481365,False,True,76890,Aguacate,Permanente,Frutales
76890|Aguacate demás variedades,2,2027,600.0,7,pool_A_full,626.248160818293,396.08058801801656,1007.0943865406585,198.48379721373655,1648.2702435391086,647.715205487066,626.248160818293,539.210267007527,False,True,76890,Aguacate,Permanente,Frutales
76890|Ahuyama,2,2027,300.0,7,pool_A_full,289.2474443531589,145.0476452407688,558.4590280870286,49.12433518269701,865.255617193105,319.12112044602867,289.2474443531589,236.5603020745905,False,True,76890,Ahuyama,Transitorio,Hortalizas
76890|Cacao,2,2027,9.1,7,pool_A_full,9.35459497450393,8.63776221433762,25.16391396614177,3.8721815784014124,95.49832436254144,9.658066750617392,9.35459497450393,8.074201344657407,False,True,76890,Cacao,Permanente,Cultivos tropicales tradicionales
76890|Café,2,2027,871.55,7,pool_A_full,895.9337637394397,566.8055490098812,1440.524979754303,284.25193729788236,2357.3746583348325,924.9986897253393,895.9337637394397,773.3044155973805,False,True,76890,Café,Permanente,Cultivos tropicales tradicionales
76890|Caña de azúcar,2,2027,319400.0,7,pool_A_full,328336.0038303907,329637.68040534994,410167.1455904933,296549.2373749018,620725.59762576,338987.529686505,328336.0038303907,283395.5944487446,False,True,76890,Caña,Permanente,Cultivos tropicales tradicionales
76890|Caña panelera,2,2027,1360.0,7,pool_A_full,1398.049358826961,925.9050862621489,1821.9451182197527,350.3598372317381,2289.381044909182,1443.403382509852,1398.049358826961,1206.6938273334147,False,True,76890,Caña,Permanente,Cultivos tropicales tradicionales
76890|Cilantro,2,2027,48.0,7,pool_A_full,46.27959109650543,24.8614757895282,115.70949470597054,5.915499527401426,213.01780554448814,51.059379271364584,46.27959109650543,37.84964833193448,False,True,76890,Cilantro,Transitorio,Hortalizas
76890|Frijol,2,2027,25.5,7,pool_A_full,23.89738260745744,12.618625766265827,60.45909632945935,2.641694728365165,111.7015497780688,25.618589269180543,23.89738260745744,19.435327567467557,False,True,76890,Frijol,Transitorio,Leguminosas
76890|Guanábana,2,2027,60.0,6,pool_A_full,62.624816081829294,38.86333882599398,129.40314468168623,12.726481329955082,655.8325037535761,64.77152054870659,62.624816081829294,53.921026700752705,False,True,76890,Guanábana,Permanente,Frutales
76890|Guayaba,2,2027,255.0,7,pool_A_full,266.1554683477745,168.12325470252563,428.3642369930369,83.9634811250834,701.4517437722368,275.278962332003,266.1554683477745,229.164363478199,False,True,76890,Guayaba,Permanente,Frutales
76890|Habichuela,2,2027,207.0,7,pool_A_full,193.99051763700746,97.11595760517015,374.84897853795485,32.67392290142856,580.9573418773169,207.96266583217147,193.99051763700746,157.76912966532487,False,True,76890,Habichuela,Transitorio,Leguminosas
76890|Limón Tahití,2,2027,111.3,5,pool_A_full,116.16903383179333,73.17406978242111,187.3105486162449,36.26327990207038,307.08125560847094,120.15117061785072,116.16903383179333,100.02350452989627,False,True,76890,Limón,Permanente,Frutales
76890|Lulo,2,2027,66.0,7,pool_A_full,68.88729769001222,42.787018949760174,142.23850273078418,14.077555363133476,720.4834014335506,71.24867260357725,68.88729769001222,59.31312937082797,False,True,76890,Lulo,Permanente,Frutales
76890|Mandarina Arrayana y/o Oneco,2,2027,235.8,5,pool_A_full,246.11552720158912,155.4369335440982,396.15664606169076,77.5901765775409,648.7592359591235,254.5520757564169,246.11552720158912,211.90963493395813,False,True,76890,Mandarina,Permanente,Frutales
"76890|Mango Kent, Keitt, Hilacha o Nam Doc",2,2027,120.0,6,pool_A_full,125.24963216365859,78.92255905733349,201.904613257011,39.15118352517555,330.9575482112874,129.54304109741318,125.24963216365859,107.84205340150541,False,True,76890,Mango,Permanente,Frutales
76890|Maracuyá,2,2027,135.0,7,pool_A_full,140.9058361841159,88.8337474623548,227.06679367212487,44.13032770294306,372.1235699402819,145.73592123458982,140.9058361841159,121.32231007669358,False,True,76890,Maracuyá,Permanente,Frutales
76890|Maíz amarillo tecnificado,2,2027,226.53000000000003,5,pool_A_full,224.84727534029724,112.64256047457245,434.32613160323586,38.002736284154,673.0506236921187,234.48664181669568,224.84727534029724,189.2134868847802,False,True,76890,Maíz,Transitorio,Cereales
76890|Maíz amarillo tradicional,2,2027,33.0,5,pool_A_full,32.754867285700826,17.46358360642446,82.32376430117682,3.9372628516454213,151.79621619792468,34.159092305438385,32.754867285700826,27.56387704585594,False,True,76890,Maíz,Transitorio,Cereales
76890|Maíz blanco tecnificado,2,2027,226.51999999999998,5,pool_A_full,224.8373496229379,112.63756602009624,434.3069995409392,38.001022160589685,673.0209999742034,234.47629057660308,224.8373496229379,189.2051341947663,False,True,76890,Maíz,Transitorio,Cereales
76890|Maíz blanco tradicional,2,2027,24.0,5,pool_A_full,23.821721662327874,12.57723996627684,60.27232756792282,2.630627939965531,111.35905972968831,24.842976222137004,23.821721662327874,20.046456033349774,False,True,76890,Maíz,Transitorio,Cereales
76890|Naranja Valencia,2,2027,972.9,5,pool_A_full,1015.4613927668619,672.4310187130732,1323.4374275378093,254.27598955790887,1663.047013199877,1050.2702056972773,1015.4613927668619,874.3294479527051,False,True,76890,Naranja,Permanente,Frutales
76890|Papaya demás variedades,2,2027,350.0,7,pool_A_full,365.3114271440042,230.89411460099393,587.7247129554249,115.49806091761091,962.169881389201,377.8338698674551,365.3114271440042,314.5393224210575,False,True,76890,Papaya,Permanente,Frutales
76890|Perejil,2,2027,10.0,7,pool_A_full,8.84390298280797,5.04504171690014,79.36348489741869,2.9301129408570517,469.43193348461034,9.640417582194114,8.84390298280797,6.182766726412115,False,True,76890,Perejil,Transitorio,"Cultivos para condimentos, bebidas medicinales y aromáticas"
76890|Pimentón,2,2027,120.0,7,pool_A_full,115.69897774126356,57.7209680316034,223.9401258687311,19.15335118218597,347.2929719307361,127.64844817841146,115.69897774126356,94.6241208298362,False,True,76890,Pimentón,Transitorio,Hortalizas
76890|Piña demás variedades,2,2027,420.0,7,pool_A_full,438.37371257280506,277.14632715776025,705.1482215592903,138.73406708052622,1154.277982791174,453.40064384094615,438.37371257280506,377.44718690526895,False,True,76890,Piña,Permanente,Frutales
76890|Plátano consumo interno,2,2027,9109.62,7,pool_A_full,9508.137951255896,6299.041008115476,12389.296666340953,2387.142449504999,15566.3916574639,9834.065650348477,9508.137951255896,8186.667720895181,False,True,76890,Plátano,Permanente,Frutales
76890|Tomate,2,2027,1410.0,7,pool_A_full,1359.4629884598469,613.690543621864,2704.451706268128,85.72254069276578,4951.54442487578,1499.8692660963347,1359.4629884598469,1111.8334197505753,False,True,76890,Tomate,Transitorio,Hortalizas
76890|Uva,2,2027,752.5,7,pool_A_full,785.419568359609,496.8443368024,1262.9098874276503,249.10509635437325,2066.791464450549,812.3428202150285,785.419568359609,676.2595432052735,False,True,76890,Uva,Permanente,Frutales
76890|Yuca consumo en fresco,2,2027,304.0,7,pool_A_full,315.54475108234203,158.2800088625421,609.1477281953199,53.66575335033443,943.7410271920542,323.10368558375325,315.54475108234203,279.2169572838993,False,True,76890,Yuca,Transitorio,Raíces y tubérculos
76892|Aguacate demás variedades,2,2027,273.35,7,pool_A_full,285.3082245994673,180.24794185133504,459.14597103419294,90.05463416921901,751.8115103540398,295.0882523664825,285.3082245994673,245.6552108108459,False,True,76892,Aguacate,Permanente,Frutales
76892|Ahuyama,2,2027,222.0,7,pool_A_full,214.0431088213376,107.2060851167971,413.5008371257659,36.136908782475544,640.8051375794116,236.14962913006121,214.0431088213376,175.05462353519698,False,True,76892,Ahuyama,Transitorio,Hortalizas
76892|Ají,2,2027,184.5,7,pool_A_full,177.88717827719273,89.01302736488766,343.80939916362075,29.89295378236909,532.8962531497516,196.25948907430762,177.88717827719273,145.48458577587317,False,True,76892,Ají,Transitorio,Hortalizas
76892|Arracacha,2,2027,154.5,7,pool_A_full,160.3673159283613,80.19732651800648,310.03943717915064,26.867357968133337,480.60749241338135,164.20894546937458,160.3673159283613,141.90467072487644,False,True,76892,Arracacha,Transitorio,Raíces y tubérculos
76892|Arveja,2,2027,0.99,7,pool_A_full,0.9277807365248183,0.18383074210315326,14.737983031305241,0.0,91.12703749738357,0.9946040539799506,0.9277807365248183,0.7545480114428581,False,True,76892,Arveja,Transitorio,Leguminosas
76892|Banano consumo interno,2,2027,248.4,7,pool_A_full,259.26673857877324,163.76233180431606,417.29287761038637,81.77265768686553,683.3386942114793,268.1540950716453,259.26673857877324,223.2330505411162,False,True,76892,Banano,Permanente,Frutales
76892|Cacao,2,2027,0.62,7,pool_A_full,0.6373460312299382,0.5239950717956081,3.137233836706021,0.0,14.259037055953605,0.6580221302618443,0.6373460312299382,0.5501104212843508,False,True,76892,Cacao,Permanente,Cultivos tropicales tradicionales
76892|Café,2,2027,82.53,7,pool_A_full,84.83898057646257,52.781347875277994,174.93250075637891,17.518987351567265,885.161029670853,87.5912361459839,84.83898057646257,73.22679527193141,False,True,76892,Café,Permanente,Cultivos tropicales tradicionales
76892|Caña de azúcar,2,2027,239400.0,7,pool_A_full,246097.80625233418,247073.45336943318,307432.794592027,222272.6351992457,465252.9095583749,254081.448362396,246097.80625233418,212413.60460560257,False,True,76892,Caña,Permanente,Cultivos tropicales tradicionales
76892|Caña panelera,2,2027,45.0,7,pool_A_full,46.2589861376568,28.609531201716,95.86032567689712,9.19570084189863,486.87941720302734,47.75967074481128,46.2589861376568,39.9273692867674,False,True,76892,Caña,Permanente,Cultivos tropicales tradicionales
76892|Cebolla de bulbo,2,2027,45.0,7,pool_A_full,43.38711665297384,23.279320443883726,108.56943230430016,5.4924225679067,199.92460785302364,47.868168066904296,43.38711665297384,35.484045311188574,False,True,76892,Cebolla de bulbo,Transitorio,Hortalizas
76892|Cebolla de rama,2,2027,98.7,7,pool_A_full,95.16240919218929,51.599901130919925,236.37654929419895,13.065500142862291,434.292846530236,104.99084862674343,95.16240919218929,77.82833938254028,False,True,76892,Cebolla de rama,Transitorio,Hortalizas
76892|Cilantro,2,2027,1857.96,7,pool_A_full,1791.3672723679838,808.8354915698106,3563.3476790035675,113.25422450505845,6523.821783020426,1976.3809231463447,1791.3672723679838,1465.065262808354,False,True,76892,Cilantro,Transitorio,Hortalizas
76892|Frijol,2,2027,19.65,7,pool_A_full,18.415041891628967,9.619838797001567,46.92595867088089,1.8398027544693147,86.88495339816632,19.741383495662653,18.415041891628967,14.97663477257794,False,True,76892,Frijol,Transitorio,Leguminosas
76892|Granadilla,2,2027,0.0,7,pool_A_full,0.0,0.0,1.5267926008274637,0.0,8.31937218212289,0.0,0.0,0.0,False,True,76892,Granadilla,Permanente,Frutales
76892|Guanábana,2,2027,50.0,7,pool_A_full,52.18734673485774,32.32387195305037,108.01088126652324,10.474691274657777,548.081007620286,53.97626712392216,52.18734673485774,44.93418891729392,False,True,76892,Guanábana,Permanente,Frutales
76892|Guayaba,2,2027,3.0,7,pool_A_full,3.1312408040914645,2.8452413269703953,9.438788696014813,0.9438863027666584,37.50057062730101,3.2385760274353297,3.1312408040914645,2.696051335037635,False,True,76892,Guayaba,Permanente,Frutales
76892|Gulupa o cholupa,2,2027,25.0,5,pool_A_full,26.09367336742887,15.975204770691327,54.53022272861549,4.845216136414506,278.70226728706075,26.98813356196108,26.09367336742887,22.46709445864696,False,True,76892,Gulupa o cholupa,Permanente,Frutales
76892|Habichuela,2,2027,19.5,7,pool_A_full,18.274469052761575,9.542946823430695,46.57895514117375,1.819241421805319,86.24863041406623,19.590685911726297,18.274469052761575,14.86230931629872,False,True,76892,Habichuela,Transitorio,Leguminosas
76892|Lechuga,2,2027,79.6,7,pool_A_full,76.74698856837149,41.52684543031671,190.9181520035645,10.371910167412533,350.9328212279126,84.67347062501292,76.74698856837149,62.76733348379134,False,True,76892,Lechuga,Transitorio,Hortalizas
76892|Limón Tahití,2,2027,933.12,5,pool_A_full,973.9411397046091,616.1882601167305,1565.8960891995098,309.0606311135979,2562.485254096616,1007.326687573485,973.9411397046091,838.5798072501061,False,True,76892,Limón,Permanente,Frutales
76892|Mandarina Arrayana y/o Oneco,2,2027,41.25,5,pool_A_full,43.05456105625764,26.601838439224707,89.2926507782555,8.504374976272633,453.7984485036573,44.530420377235785,43.05456105625764,37.07070585676748,False,True,76892,Mandarina,Permanente,Frutales
76892|Mango demás variedades,2,2027,221.0,7,pool_A_full,230.6680725680712,145.65789431781053,371.3299613854451,72.67742098881023,608.1420945198498,238.57510068773595,230.6680725680712,198.60911501443914,False,True,76892,Mango,Permanente,Frutales
76892|Maracuyá,2,2027,300.0,7,pool_A_full,313.1240804091465,197.85681991758958,503.85077823837867,98.90091365838587,824.9498089592203,323.857602743533,313.1240804091465,269.6051335037635,False,True,76892,Maracuyá,Permanente,Frutales
76892|Maíz amarillo tecnificado,2,2027,15.0,5,pool_A_full,14.888576038954922,7.690896326129215,38.22089083466883,1.323993028285639,70.92190326145187,15.526860138835628,14.888576038954922,12.52903502084361,False,True,76892,Maíz,Transitorio,Cereales
76892|Maíz amarillo tradicional,2,2027,31.8,5,pool_A_full,31.563781202584433,16.812071121071448,79.38357273674296,3.7630448634214373,146.4045953354932,32.916943494331534,31.563781202584433,26.561554244188454,False,True,76892,Maíz,Transitorio,Cereales
76892|Mora,2,2027,1.2,7,pool_A_full,1.2524963216365859,1.0965594492162745,4.691591038902405,0.05987449153900737,19.991851560194135,1.295430410974132,1.2524963216365859,1.078420534015054,False,True,76892,Mora,Permanente,Frutales
76892|Naranja Valencia,2,2027,391.95,5,pool_A_full,409.09661105454984,258.6124048403704,658.0949441830273,129.42306746810095,1077.297522157955,423.1199579844258,409.09661105454984,352.239106922667,False,True,76892,Naranja,Permanente,Frutales
"76892|Papaya Hawaiana, Maradol, Melona, redonda y/o Tainung",2,2027,200.0,6,pool_A_full,208.74938693943096,131.7822305507806,336.10290880428545,65.70661913993567,550.5096640992576,215.90506849568865,208.74938693943096,179.7367556691757,False,True,76892,Papaya,Permanente,Frutales
76892|Papaya demás variedades,2,2027,27.5,7,pool_A_full,28.70304070417176,17.610071488927225,59.878288582406256,5.408163650238833,305.64014132038324,29.68694691815719,28.70304070417176,24.713803904511657,False,True,76892,Papaya,Permanente,Frutales
76892|Pimentón,2,2027,132.29999999999998,7,pool_A_full,127.55812295974306,63.688290974229716,246.7989175203148,21.201368422220895,382.68708602366473,140.7324141166986,127.55812295974306,104.3230932148944,False,True,76892,Pimentón,Transitorio,Hortalizas
76892|Plantas aromáticas,2,2027,458.0,7,pool_A_full,405.050756612605,203.31792942626836,781.6727368943945,69.12300925162795,1210.8754380941066,441.53112526449047,405.050756612605,283.1707160696749,False,True,76892,Plantas aromáticas,Transitorio,"Cultivos para condimentos, bebidas medicinales y aromáticas"
76892|Plátano consumo interno,2,2027,342.0,7,pool_A_full,356.96145166642697,225.6081474516493,574.3048834006977,112.84251735613505,940.2146698004036,369.1976671276276,356.96145166642697,307.3498521942904,False,True,76892,Plátano,Permanente,Frutales
76892|Sábila,2,2027,38.0,7,pool_A_full,32.54366336292817,20.016365947238768,67.74989125381433,6.236743416238003,345.28891285756555,32.44884777351528,32.54366336292817,28.266631004181455,False,True,76892,Sábila,Permanente,"Cultivos para condimentos, bebidas medicinales y aromáticas"
76892|Tomate,2,2027,354.0,7,pool_A_full,341.3119843367275,171.24564840351846,658.8146987525181,58.115630382850334,1020.6444107718158,376.5629221263138,341.3119843367275,279.1411564480168,False,True,76892,Tomate,Transitorio,Hortalizas
76892|Tomate invernadero,2,2027,800.0,7,pool_A_full,771.3265182750904,387.6217485995616,1487.6782009156318,132.3770685174499,2304.0407429219076,850.9896545227431,771.3265182750904,630.827472198908,False,True,76892,Tomate,Transitorio,Hortalizas
76892|Uva,2,2027,744.0,7,pool_A_full,776.5477194146832,491.22799670622135,1248.6513185257525,246.2835813203048,2043.4640521374545,803.1668548039618,776.5477194146832,668.6207310893335,False,True,76892,Uva,Permanente,Frutales
76892|Yuca consumo en fresco,2,2027,232.5,7,pool_A_full,241.32945600869908,120.93611730645992,466.0959368397611,40.84912947189045,722.2423801239937,247.11054900731128,241.32945600869908,213.54586371219273,False,True,76892,Yuca,Transitorio,Raíces y tubérculos
76892|Yuca industrial,2,2027,504.0,4,pool_A_full,523.1399820575671,262.7384467816533,1009.2925991199598,89.51644951381414,1563.3176623474692,535.6718997835909,523.1399820575671,462.91232391804357,False,True,76892,Yuca,Transitorio,Raíces y tubérculos
76892|Zapote,2,2027,12.0,7,pool_A_full,12.524963216365858,7.473897835864621,26.72028028890349,1.9178890645280053,138.6253223137835,12.954304109741319,12.524963216365858,10.78420534015054,False,True,76892,Zapote,Permanente,Frutales
76895|Banano consumo interno,2,2027,80.0,5,pool_A_full,83.49975477577239,51.94227257188122,172.1876715120124,17.230061440549697,871.3354960201565,86.36202739827546,83.49975477577239,71.89470226767027,False,True,76895,Banano,Permanente,Frutales
76895|Cacao,2,2027,2.35,7,pool_A_full,2.415747053855411,2.1792801138472213,7.630884381980058,0.6072226787480424,30.832618074868343,2.4941161388957003,2.415747053855411,2.0850959516422978,False,True,76895,Cacao,Permanente,Cultivos tropicales tradicionales
76895|Caña de azúcar,2,2027,2120400.0,7,pool_A_full,2179723.4268063884,2188364.84155142,2722974.2224434563,1968701.2438543525,4120804.4877427537,2250435.6854955074,2179723.4268063884,1881377.64079248,False,True,76895,Caña,Permanente,Cultivos tropicales tradicionales
76895|Caña panelera,2,2027,2160.0,7,pool_A_full,2220.4313346075264,1470.7536517483938,2893.499312217647,556.894363929815,3635.701013621403,2292.4641957509416,2220.4313346075264,1916.5137257648353,False,True,76895,Caña,Permanente,Cultivos tropicales tradicionales
76895|Guanábana,2,2027,2.5,7,pool_A_full,2.609367336742887,2.3594963609275843,8.120122680150258,0.6983274663145334,32.637037553104655,2.698813356196108,2.609367336742887,2.246709445864696,False,True,76895,Guanábana,Permanente,Frutales
76895|Guayaba,2,2027,20.0,7,pool_A_full,20.874938693943097,12.705471334219514,43.83409102103395,3.7193211087658513,224.82651922041552,21.590506849568865,20.874938693943097,17.973675566917567,False,True,76895,Guayaba,Permanente,Frutales
76895|Limón Tahití,2,2027,4025.4,5,pool_A_full,4201.498910929928,2783.2603200348385,5474.807430001526,1054.4233301310744,6878.90297562895,4345.521313612726,4201.498910929928,3617.561681353499,False,True,76895,Limón,Permanente,Frutales
76895|Mandarina Arrayana y/o Oneco,2,2027,275.4,5,pool_A_full,287.4479058155964,181.6024709333546,462.5848023575918,90.73511720684714,757.4375333236695,297.3012793185632,287.4479058155964,247.4975125564549,False,True,76895,Mandarina,Permanente,Frutales
76895|Mango demás variedades,2,2027,80.3,7,pool_A_full,83.81287885618153,52.138456578069544,172.82943941446734,17.297615142208624,874.5680409041555,86.68588500101899,83.81287885618153,72.16430740117403,False,True,76895,Mango,Permanente,Frutales
76895|Maracuyá,2,2027,365.5,6,pool_A_full,381.4895046318101,241.13567595284943,613.7256327177097,120.64317656797076,1004.7081038424957,394.566512675871,381.4895046318101,328.46892098541855,False,True,76895,Maracuyá,Permanente,Frutales
76895|Maíz amarillo tradicional,2,2027,17.5,1,pool_A_full,17.370005378780743,9.048214003947999,44.346289927239376,1.6869471704189412,82.15444672485089,18.1146701619749,17.370005378780743,14.617207524317545,False,True,76895,Maíz,Transitorio,Cereales
76895|Naranja Valencia,2,2027,2240.4,5,pool_A_full,2338.410632495506,1548.9178784756737,3047.224971558368,586.5239024740391,3828.844697844877,2418.568577288704,2338.410632495506,2013.4111370061062,False,True,76895,Naranja,Permanente,Frutales
76895|Plátano consumo interno,2,2027,39.06,7,pool_A_full,40.76875526927087,25.169695194050053,84.60774509033479,8.011232954162521,430.20087085046674,42.16625987720799,40.76875526927087,35.102588382190014,False,True,76895,Plátano,Permanente,Frutales
76895|Soya,2,2027,0.0,6,pool_A_full,0.0,0.0,7.163782702630316,0.0,46.78916800645058,0.0,0.0,0.0,False,True,76895,Soya,Transitorio,Oleaginosas
76895|Uva,2,2027,84.0,7,pool_A_full,87.674742514561,54.55805932105862,180.74457687807757,18.130777462668615,914.4360944734723,90.68012876818923,87.674742514561,75.48943738105379,False,True,76895,Uva,Permanente,Frutales
76895|Yuca consumo en fresco,2,2027,76.0,7,pool_A_full,78.88618777058551,42.69696655645153,196.19875727479473,10.6848069317211,360.6162112121002,80.77592139593831,78.88618777058551,69.80423932097483,False,True,76895,Yuca,Transitorio,Raíces y tubérculos
