series_id,muni_code,muni,crop_disagg,crop,cycle,group,subgroup
76001|Acelga,76001,Santiago de Cali,Acelga,Acelga,Transitorio,Hortalizas,Hortalizas de hoja
76001|Aguacate demás variedades,76001,Santiago de Cali,Aguacate demás variedades,Aguacate,Permanente,Frutales,Demás frutales
76001|Ahuyama,76001,Santiago de Cali,Ahuyama,Ahuyama,Transitorio,Hortalizas,Hortalizas de fruto
76001|Ají,76001,Santiago de Cali,Ají,Ají,Transitorio,Hortalizas,Hortalizas de fruto
76001|Arveja,76001,Santiago de Cali,Arveja,Arveja,Transitorio,Leguminosas,Leguminosas
76001|Café,76001,Santiago de Cali,Café,Café,Permanente,Cultivos tropicales tradicionales,Cultivos tropicales tradicionales
76001|Caña de azúcar,76001,Santiago de Cali,Caña de azúcar,Caña,Permanente,Cultivos tropicales tradicionales,Cultivos tropicales tradicionales
76001|Cebolla de rama,76001,Santiago de Cali,Cebolla de rama,Cebolla de rama,Transitorio,Hortalizas,Hortalizas de tallo
76001|Cilantro,76001,Santiago de Cali,Cilantro,Cilantro,Transitorio,Hortalizas,Hortalizas de hoja
76001|Espinaca,76001,Santiago de Cali,Espinaca,Espinaca,Transitorio,Hortalizas,Hortalizas de hoja
76001|Frijol,76001,Santiago de Cali,Frijol,Frijol,Transitorio,Leguminosas,Leguminosas
76001|Guanábana,76001,Santiago de Cali,Guanábana,Guanábana,Permanente,Frutales,Anonáceas
76001|Guayaba,76001,Santiago de Cali,Guayaba,Guayaba,Permanente,Frutales,Mirtáceas
76001|Habichuela,76001,Santiago de Cali,Habichuela,Habichuela,Transitorio,Leguminosas,Leguminosas
76001|Lechuga,76001,Santiago de Cali,Lechuga,Lechuga,Transitorio,Hortalizas,Hortalizas de hoja
76001|Lima,76001,Santiago de Cali,Lima,Lima,Permanente,Frutales,Cítricos
76001|Limón Tahití,76001,Santiago de Cali,Limón Tahití,Limón,Permanente,Frutales,Cítricos
76001|Mandarina Arrayana y/o Oneco,76001,Santiago de Cali,Mandarina Arrayana y/o Oneco,Mandarina,Permanente,Frutales,Cítricos
"76001|Mango Kent, Keitt, Hilacha o Nam Doc",76001,Santiago de Cali,"Mango Kent, Keitt, Hilacha o Nam Doc",Mango,Permanente,Frutales,Demás frutales
76001|Mango demás variedades,76001,Santiago de Cali,Mango demás variedades,Mango,Permanente,Frutales,Demás frutales
76001|Maíz amarillo tradicional,76001,Santiago de Cali,Maíz amarillo tradicional,Maíz,Transitorio,Cereales,Cereales
76001|Maíz blanco tradicional,76001,Santiago de Cali,Maíz blanco tradicional,Maíz,Transitorio,Cereales,Cereales
76001|Maíz tradicional,76001,Santiago de Cali,Maíz tradicional,Maíz,Transitorio,Cereales,Cereales
76001|Mora,76001,Santiago de Cali,Mora,Mora,Permanente,Frutales,Demás frutales
76001|Naranja Valencia,76001,Santiago de Cali,Naranja Valencia,Naranja,Permanente,Frutales,Cítricos
76001|Otros cítricos,76001,Santiago de Cali,Otros cítricos,Otros cítricos,Permanente,Frutales,Cítricos
76001|Perejil,76001,Santiago de Cali,Perejil,Perejil,Transitorio,"Cultivos para condimentos, bebidas medicinales y aromáticas",Condimentos
76001|Pimentón,76001,Santiago de Cali,Pimentón,Pimentón,Transitorio,Hortalizas,Hortalizas de fruto
76001|Plantas aromáticas,76001,Santiago de Cali,Plantas aromáticas,Plantas aromáticas,Transitorio,"Cultivos para condimentos, bebidas medicinales y aromáticas","Cultivos para condimentos, bebidas medicinales y aromáticas"
76001|Plátano consumo interno,76001,Santiago de Cali,Plátano consumo interno,Plátano,Permanente,Frutales,Demás frutales
76001|Repollo,76001,Santiago de Cali,Repollo,Repollo,Transitorio,Hortalizas,Hortalizas de hoja
76001|Tomate,76001,Santiago de Cali,Tomate,Tomate,Transitorio,Hortalizas,Hortalizas de fruto
76001|Tomate de árbol,76001,Santiago de Cali,Tomate de árbol,Tomate de árbol,Permanente,Frutales,Solanáceas
76001|Tomate invernadero,76001,Santiago de Cali,Tomate invernadero,Tomate,Transitorio,Hortalizas,Hortalizas de fruto
76001|Yuca consumo en fresco,76001,Santiago de Cali,Yuca consumo en fresco,Yuca,Transitorio,Raíces y tubérculos,Raíces y tubérculos
76001|Zanahoria,76001,Santiago de Cali,Zanahoria,Zanahoria,Transitorio,Hortalizas,Hortalizas de raíz
76020|Aguacate Hass,76020,Alcalá,Aguacate Hass,Aguacate,Permanente,Frutales,Demás frutales
76020|Aguacate Papelillo,76020,Alcalá,Aguacate Papelillo,Aguacate,Permanente,Frutales,Demás frutales
76020|Aguacate demás variedades,76020,Alcalá,Aguacate demás variedades,Aguacate,Permanente,Frutales,Demás frutales
76020|Banano consumo interno,76020,Alcalá,Banano consumo interno,Banano,Permanente,Frutales,Demás frutales
76020|Cacao,76020,Alcalá,Cacao,Cacao,Permanente,Cultivos tropicales tradicionales,Cultivos tropicales tradicionales
76020|Café,76020,Alcalá,Café,Café,Permanente,Cultivos tropicales tradicionales,Cultivos tropicales tradicionales
76020|Frijol,76020,Alcalá,Frijol,Frijol,Transitorio,Leguminosas,Leguminosas
76020|Guanábana,76020,Alcalá,Guanábana,Guanábana,Permanente,Frutales,Anonáceas
76020|Guayaba,76020,Alcalá,Guayaba,Guayaba,Permanente,Frutales,Mirtáceas
76020|Habichuela,76020,Alcalá,Habichuela,Habichuela,Transitorio,Leguminosas,Leguminosas
76020|Limón Tahití,76020,Alcalá,Limón Tahití,Limón,Permanente,Frutales,Cítricos
76020|Lulo,76020,Alcalá,Lulo,Lulo,Permanente,Frutales,Solanáceas
76020|Mandarina Arrayana y/o Oneco,76020,Alcalá,Mandarina Arrayana y/o Oneco,Mandarina,Permanente,Frutales,Cítricos
76020|Maracuyá,76020,Alcalá,Maracuyá,Maracuyá,Permanente,Frutales,Pasifloráceas
76020|Maíz amarillo tradicional,76020,Alcalá,Maíz amarillo tradicional,Maíz,Transitorio,Cereales,Cereales
76020|Maíz blanco tradicional,76020,Alcalá,Maíz blanco tradicional,Maíz,Transitorio,Cereales,Cereales
76020|Maíz tradicional,76020,Alcalá,Maíz tradicional,Maíz,Transitorio,Cereales,Cereales
76020|Naranja Valencia,76020,Alcalá,Naranja Valencia,Naranja,Permanente,Frutales,Cítricos
76020|Otros cítricos,76020,Alcalá,Otros cítricos,Otros cítricos,Permanente,Frutales,Cítricos
"76020|Papaya Hawaiana, Maradol, Melona, redonda y/o Tainung",76020,Alcalá,"Papaya Hawaiana, Maradol, Melona, redonda y/o Tainung",Papaya,Permanente,Frutales,Demás frutales
76020|Papaya demás variedades,76020,Alcalá,Papaya demás variedades,Papaya,Permanente,Frutales,Demás frutales
76020|Pimentón,76020,Alcalá,Pimentón,Pimentón,Transitorio,Hortalizas,Hortalizas de fruto
"76020|Piña Cayena, Gold, Manzana y/o Perolera",76020,Alcalá,"Piña Cayena, Gold, Manzana y/o Perolera",Piña,Permanente,Frutales,Demás frutales
76020|Piña demás variedades,76020,Alcalá,Piña demás variedades,Piña,Permanente,Frutales,Demás frutales
76020|Plátano consumo interno,76020,Alcalá,Plátano consumo interno,Plátano,Permanente,Frutales,Demás frutales
76020|Sábila,76020,Alcalá,Sábila,Sábila,Permanente,"Cultivos para condimentos, bebidas medicinales y aromáticas",Medicinales
76020|Tomate,76020,Alcalá,Tomate,Tomate,Transitorio,Hortalizas,Hortalizas de fruto
76020|Yuca consumo en fresco,76020,Alcalá,Yuca consumo en fresco,Yuca,Transitorio,Raíces y tubérculos,Raíces y tubérculos
76036|Aguacate Papelillo,76036,Andalucía,Aguacate Papelillo,Aguacate,Permanente,Frutales,Demás frutales
76036|Aguacate demás variedades,76036,Andalucía,Aguacate demás variedades,Aguacate,Permanente,Frutales,Demás frutales
76036|Algodón,76036,Andalucía,Algodón,Algodón,Transitorio,Cultivos tropicales tradicionales,Cultivos tropicales tradicionales
76036|Banano consumo interno,76036,Andalucía,Banano consumo interno,Banano,Permanente,Frutales,Demás frutales
76036|Cacao,76036,Andalucía,Cacao,Cacao,Permanente,Cultivos tropicales tradicionales,Cultivos tropicales tradicionales
76036|Café,76036,Andalucía,Café,Café,Permanente,Cultivos tropicales tradicionales,Cultivos tropicales tradicionales
76036|Caña de azúcar,76036,Andalucía,Caña de azúcar,Caña,Permanente,Cultivos tropicales tradicionales,Cultivos tropicales tradicionales
76036|Limón Pajarito,76036,Andalucía,Limón Pajarito,Limón,Permanente,Frutales,Cítricos
76036|Limón Tahití,76036,Andalucía,Limón Tahití,Limón,Permanente,Frutales,Cítricos
76036|Mandarina Arrayana y/o Oneco,76036,Andalucía,Mandarina Arrayana y/o Oneco,Mandarina,Permanente,Frutales,Cítricos
76036|Maracuyá,76036,Andalucía,Maracuyá,Maracuyá,Permanente,Frutales,Pasifloráceas
76036|Maíz amarillo tecnificado,76036,Andalucía,Maíz amarillo tecnificado,Maíz,Transitorio,Cereales,Cereales
76036|Maíz blanco tecnificado,76036,Andalucía,Maíz blanco tecnificado,Maíz,Transitorio,Cereales,Cereales
76036|Maíz tecnificado,76036,Andalucía,Maíz tecnificado,Maíz,Transitorio,Cereales,Cereales
76036|Maíz tradicional,76036,Andalucía,Maíz tradicional,Maíz,Transitorio,Cereales,Cereales
76036|Naranja Valencia,76036,Andalucía,Naranja Valencia,Naranja,Permanente,Frutales,Cítricos
76036|Otras hortalizas,76036,Andalucía,Otras hortalizas,Otras hortalizas,Transitorio,Hortalizas,Hortalizas
76036|Otros cítricos,76036,Andalucía,Otros cítricos,Otros cítricos,Permanente,Frutales,Cítricos
"76036|Papaya Hawaiana, Maradol, Melona, redonda y/o Tainung",76036,Andalucía,"Papaya Hawaiana, Maradol, Melona, redonda y/o Tainung",Papaya,Permanente,Frutales,Demás frutales
76036|Papaya demás variedades,76036,Andalucía,Papaya demás variedades,Papaya,Permanente,Frutales,Demás frutales
76036|Plátano consumo interno,76036,Andalucía,Plátano consumo interno,Plátano,Permanente,Frutales,Demás frutales
76036|Tomate,76036,Andalucía,Tomate,Tomate,Transitorio,Hortalizas,Hortalizas de fruto
76036|Zapote,76036,Andalucía,Zapote,Zapote,Permanente,Frutales,Demás frutales
76041|Aguacate Hass,76041,Ansermanuevo,Aguacate Hass,Aguacate,Permanente,Frutales,Demás frutales
76041|Aguacate Papelillo,76041,Ansermanuevo,Aguacate Papelillo,Aguacate,Permanente,Frutales,Demás frutales
76041|Aguacate demás variedades,76041,Ansermanuevo,Aguacate demás variedades,Aguacate,Permanente,Frutales,Demás frutales
76041|Ahuyama,76041,Ansermanuevo,Ahuyama,Ahuyama,Transitorio,Hortalizas,Hortalizas de fruto
76041|Arracacha,76041,Ansermanuevo,Arracacha,Arracacha,Transitorio,Raíces y tubérculos,Raíces y tubérculos
76041|Arroz riego,76041,Ansermanuevo,Arroz riego,Arroz,Transitorio,Cereales,Cereales
76041|Banano consumo interno,76041,Ansermanuevo,Banano consumo interno,Banano,Permanente,Frutales,Demás frutales
76041|Cacao,76041,Ansermanuevo,Cacao,Cacao,Permanente,Cultivos tropicales tradicionales,Cultivos tropicales tradicionales
76041|Café,76041,Ansermanuevo,Café,Café,Permanente,Cultivos tropicales tradicionales,Cultivos tropicales tradicionales
76041|Caña de azúcar,76041,Ansermanuevo,Caña de azúcar,Caña,Permanente,Cultivos tropicales tradicionales,Cultivos tropicales tradicionales
76041|Caña panelera,76041,Ansermanuevo,Caña panelera,Caña,Permanente,Cultivos tropicales tradicionales,Cultivos tropicales tradicionales
76041|Frijol,76041,Ansermanuevo,Frijol,Frijol,Transitorio,Leguminosas,Leguminosas
76041|Granadilla,76041,Ansermanuevo,Granadilla,Granadilla,Permanente,Frutales,Pasifloráceas
76041|Guanábana,76041,Ansermanuevo,Guanábana,Guanábana,Permanente,Frutales,Anonáceas
76041|Guayaba,76041,Ansermanuevo,Guayaba,Guayaba,Permanente,Frutales,Mirtáceas
76041|Habichuela,76041,Ansermanuevo,Habichuela,Habichuela,Transitorio,Leguminosas,Leguminosas
76041|Limón Tahití,76041,Ansermanuevo,Limón Tahití,Limón,Permanente,Frutales,Cítricos
76041|Lulo,76041,Ansermanuevo,Lulo,Lulo,Permanente,Frutales,Solanáceas
76041|Mandarina Arrayana y/o Oneco,76041,Ansermanuevo,Mandarina Arrayana y/o Oneco,Mandarina,Permanente,Frutales,Cítricos
76041|Mango demás variedades,76041,Ansermanuevo,Mango demás variedades,Mango,Permanente,Frutales,Demás frutales
76041|Maracuyá,76041,Ansermanuevo,Maracuyá,Maracuyá,Permanente,Frutales,Pasifloráceas
76041|Maíz amarillo tecnificado,76041,Ansermanuevo,Maíz amarillo tecnificado,Maíz,Transitorio,Cereales,Cereales
76041|Maíz blanco tecnificado,76041,Ansermanuevo,Maíz blanco tecnificado,Maíz,Transitorio,Cereales,Cereales
76041|Maíz tecnificado,76041,Ansermanuevo,Maíz tecnificado,Maíz,Transitorio,Cereales,Cereales
76041|Maíz tradicional,76041,Ansermanuevo,Maíz tradicional,Maíz,Transitorio,Cereales,Cereales
76041|Mora,76041,Ansermanuevo,Mora,Mora,Permanente,Frutales,Demás frutales
76041|Naranja Valencia,76041,Ansermanuevo,Naranja Valencia,Naranja,Permanente,Frutales,Cítricos
76041|Otros cítricos,76041,Ansermanuevo,Otros cítricos,Otros cítricos,Permanente,Frutales,Cítricos
76041|Pepino cohombro,76041,Ansermanuevo,Pepino cohombro,Pepino Cohombro,Transitorio,Hortalizas,Hortalizas de fruto
76041|Pimentón,76041,Ansermanuevo,Pimentón,Pimentón,Transitorio,Hortalizas,Hortalizas de fruto
76041|Pitahaya,76041,Ansermanuevo,Pitahaya,Pitahaya,Permanente,Frutales,Demás frutales
76041|Piña demás variedades,76041,Ansermanuevo,Piña demás variedades,Piña,Permanente,Frutales,Demás frutales
76041|Plátano consumo interno,76041,Ansermanuevo,Plátano consumo interno,Plátano,Permanente,Frutales,Demás frutales
76041|Soya,76041,Ansermanuevo,Soya,Soya,Transitorio,Oleaginosas,Oleaginosas
76041|Tomate,76041,Ansermanuevo,Tomate,Tomate,Transitorio,Hortalizas,Hortalizas de fruto
76054|Aguacate Hass,76054,Argelia,Aguacate Hass,Aguacate,Permanente,Frutales,Demás frutales
76054|Aguacate Papelillo,76054,Argelia,Aguacate Papelillo,Aguacate,Permanente,Frutales,Demás frutales
76054|Aguacate demás variedades,76054,Argelia,Aguacate demás variedades,Aguacate,Permanente,Frutales,Demás frutales
76054|Ají,76054,Argelia,Ají,Ají,Transitorio,Hortalizas,Hortalizas de fruto
76054|Banano consumo interno,76054,Argelia,Banano consumo interno,Banano,Permanente,Frutales,Demás frutales
76054|Berenjena,76054,Argelia,Berenjena,Berenjena,Transitorio,Hortalizas,Hortalizas de fruto
76054|Cacao,76054,Argelia,Cacao,Cacao,Permanente,Cultivos tropicales tradicionales,Cultivos tropicales tradicionales
76054|Café,76054,Argelia,Café,Café,Permanente,Cultivos tropicales tradicionales,Cultivos tropicales tradicionales
76054|Caña panelera,76054,Argelia,Caña panelera,Caña,Permanente,Cultivos tropicales tradicionales,Cultivos tropicales tradicionales
76054|Cebolla de rama,76054,Argelia,Cebolla de rama,Cebolla de rama,Transitorio,Hortalizas,Hortalizas de tallo
76054|Frijol,76054,Argelia,Frijol,Frijol,Transitorio,Leguminosas,Leguminosas
76054|Granadilla,76054,Argelia,Granadilla,Granadilla,Permanente,Frutales,Pasifloráceas
76054|Limón Mandarino,76054,Argelia,Limón Mandarino,Limón,Permanente,Frutales,Cítricos
76054|Limón Tahití,76054,Argelia,Limón Tahití,Limón,Permanente,Frutales,Cítricos
76054|Lulo,76054,Argelia,Lulo,Lulo,Permanente,Frutales,Solanáceas
76054|Mandarina Arrayana y/o Oneco,76054,Argelia,Mandarina Arrayana y/o Oneco,Mandarina,Permanente,Frutales,Cítricos
76054|Maíz amarillo tecnificado,76054,Argelia,Maíz amarillo tecnificado,Maíz,Transitorio,Cereales,Cereales
76054|Maíz amarillo tradicional,76054,Argelia,Maíz amarillo tradicional,Maíz,Transitorio,Cereales,Cereales
76054|Maíz tecnificado,76054,Argelia,Maíz tecnificado,Maíz,Transitorio,Cereales,Cereales
76054|Maíz tradicional,76054,Argelia,Maíz tradicional,Maíz,Transitorio,Cereales,Cereales
76054|Naranja Valencia,76054,Argelia,Naranja Valencia,Naranja,Permanente,Frutales,Cítricos
76054|Otros cítricos,76054,Argelia,Otros cítricos,Otros cítricos,Permanente,Frutales,Cítricos
76054|Pimentón,76054,Argelia,Pimentón,Pimentón,Transitorio,Hortalizas,Hortalizas de fruto
76054|Plátano consumo interno,76054,Argelia,Plátano consumo interno,Plátano,Permanente,Frutales,Demás frutales
76054|Tomate,76054,Argelia,Tomate,Tomate,Transitorio,Hortalizas,Hortalizas de fruto
76054|Yuca consumo en fresco,76054,Argelia,Yuca consumo en fresco,Yuca,Transitorio,Raíces y tubérculos,Raíces y tubérculos
76100|Aguacate Hass,76100,Bolívar,Aguacate Hass,Aguacate,Permanente,Frutales,Demás frutales
76100|Aguacate demás variedades,76100,Bolívar,Aguacate demás variedades,Aguacate,Permanente,Frutales,Demás frutales
76100|Ahuyama,76100,Bolívar,Ahuyama,Ahuyama,Transitorio,Hortalizas,Hortalizas de fruto
76100|Ají,76100,Bolívar,Ají,Ají,Transitorio,Hortalizas,Hortalizas de fruto
76100|Arracacha,76100,Bolívar,Arracacha,Arracacha,Transitorio,Raíces y tubérculos,Raíces y tubérculos
76100|Arveja,76100,Bolívar,Arveja,Arveja,Transitorio,Leguminosas,Leguminosas
76100|Banano consumo interno,76100,Bolívar,Banano consumo interno,Banano,Permanente,Frutales,Demás frutales
76100|Cacao,76100,Bolívar,Cacao,Cacao,Permanente,Cultivos tropicales tradicionales,Cultivos tropicales tradicionales
76100|Café,76100,Bolívar,Café,Café,Permanente,Cultivos tropicales tradicionales,Cultivos tropicales tradicionales
76100|Caña de azúcar,76100,Bolívar,Caña de azúcar,Caña,Permanente,Cultivos tropicales tradicionales,Cultivos tropicales tradicionales
76100|Caña panelera,76100,Bolívar,Caña panelera,Caña,Permanente,Cultivos tropicales tradicionales,Cultivos tropicales tradicionales
76100|Cebolla de bulbo,76100,Bolívar,Cebolla de bulbo,Cebolla de bulbo,Transitorio,Hortalizas,Hortalizas de raíz
76100|Chontaduro,76100,Bolívar,Chontaduro,Chontaduro,Permanente,Frutales,Aráceas
76100|Durazno o albaricoque,76100,Bolívar,Durazno o albaricoque,Durazno o albaricoque,Permanente,Frutales,Caducifolios
76100|Frijol,76100,Bolívar,Frijol,Frijol,Transitorio,Leguminosas,Leguminosas
76100|Granadilla,76100,Bolívar,Granadilla,Granadilla,Permanente,Frutales,Pasifloráceas
76100|Guanábana,76100,Bolívar,Guanábana,Guanábana,Permanente,Frutales,Anonáceas
76100|Guayaba,76100,Bolívar,Guayaba,Guayaba,Permanente,Frutales,Mirtáceas
76100|Habichuela,76100,Bolívar,Habichuela,Habichuela,Transitorio,Leguminosas,Leguminosas
76100|Limón Tahití,76100,Bolívar,Limón Tahití,Limón,Permanente,Frutales,Cítricos
76100|Lulo,76100,Bolívar,Lulo,Lulo,Permanente,Frutales,Solanáceas
76100|Mango demás variedades,76100,Bolívar,Mango demás variedades,Mango,Permanente,Frutales,Demás frutales
76100|Maracuyá,76100,Bolívar,Maracuyá,Maracuyá,Permanente,Frutales,Pasifloráceas
76100|Maíz amarillo tecnificado,76100,Bolívar,Maíz amarillo tecnificado,Maíz,Transitorio,Cereales,Cereales
76100|Maíz amarillo tradicional,76100,Bolívar,Maíz amarillo tradicional,Maíz,Transitorio,Cereales,Cereales
76100|Maíz blanco tecnificado,76100,Bolívar,Maíz blanco tecnificado,Maíz,Transitorio,Cereales,Cereales
76100|Maíz blanco tradicional,76100,Bolívar,Maíz blanco tradicional,Maíz,Transitorio,Cereales,Cereales
76100|Maíz tecnificado,76100,Bolívar,Maíz tecnificado,Maíz,Transitorio,Cereales,Cereales
76100|Maíz tradicional,76100,Bolívar,Maíz tradicional,Maíz,Transitorio,Cereales,Cereales
76100|Melón,76100,Bolívar,Melón,Melón,Transitorio,Hortalizas,Hortalizas de fruto
76100|Mora,76100,Bolívar,Mora,Mora,Permanente,Frutales,Demás frutales
76100|Otros cítricos,76100,Bolívar,Otros cítricos,Otros cítricos,Permanente,Frutales,Cítricos
76100|Papaya demás variedades,76100,Bolívar,Papaya demás variedades,Papaya,Permanente,Frutales,Demás frutales
76100|Patilla,76100,Bolívar,Patilla,Patilla,Transitorio,Hortalizas,Hortalizas de fruto
76100|Pepino cohombro,76100,Bolívar,Pepino cohombro,Pepino Cohombro,Transitorio,Hortalizas,Hortalizas de fruto
76100|Pimentón,76100,Bolívar,Pimentón,Pimentón,Transitorio,Hortalizas,Hortalizas de fruto
76100|Pitahaya,76100,Bolívar,Pitahaya,Pitahaya,Permanente,Frutales,Demás frutales
76100|Piña demás variedades,76100,Bolívar,Piña demás variedades,Piña,Permanente,Frutales,Demás frutales
76100|Plátano consumo interno,76100,Bolívar,Plátano consumo interno,Plátano,Permanente,Frutales,Demás frutales
76100|Sacha inchi,76100,Bolívar,Sacha inchi,Sacha inchi,Permanente,Oleaginosas,Oleaginosas
76100|Sábila,76100,Bolívar,Sábila,Sábila,Permanente,"Cultivos para condimentos, bebidas medicinales y aromáticas",Medicinales
76100|Tomate,76100,Bolívar,Tomate,Tomate,Transitorio,Hortalizas,Hortalizas de fruto
76100|Tomate de árbol,76100,Bolívar,Tomate de árbol,Tomate de árbol,Permanente,Frutales,Solanáceas
76100|Uva,76100,Bolívar,Uva,Uva,Permanente,Frutales,Demás frutales
76100|Yuca consumo en fresco,76100,Bolívar,Yuca consumo en fresco,Yuca,Transitorio,Raíces y tubérculos,Raíces y tubérculos
76109|Arroz secano manual,76109,Buenaventura,Arroz secano manual,Arroz,Transitorio,Cereales,Cereales
76109|Banano consumo interno,76109,Buenaventura,Banano consumo interno,Banano,Permanente,Frutales,Demás frutales
76109|Borojó,76109,Buenaventura,Borojó,Borojó,Permanente,Frutales,Demás frutales
76109|Cacao,76109,Buenaventura,Cacao,Cacao,Permanente,Cultivos tropicales tradicionales,Cultivos tropicales tradicionales
76109|Caña panelera,76109,Buenaventura,Caña panelera,Caña,Permanente,Cultivos tropicales tradicionales,Cultivos tropicales tradicionales
76109|Chontaduro,76109,Buenaventura,Chontaduro,Chontaduro,Permanente,Frutales,Aráceas
76109|Cimarrón,76109,Buenaventura,Cimarrón,Cimarrón,Transitorio,"Cultivos para condimentos, bebidas medicinales y aromáticas",Condimentos
76109|Coco,76109,Buenaventura,Coco,Coco,Permanente,Frutales,Aráceas
76109|Guayaba,76109,Buenaventura,Guayaba,Guayaba,Permanente,Frutales,Mirtáceas
"76109|Malanga, achín, yota, papa china, bore",76109,Buenaventura,"Malanga, achín, yota, papa china, bore","Malanga, achín, yota, papa china, bore",Transitorio,Raíces y tubérculos,Raíces y tubérculos
76109|Maíz amarillo tradicional,76109,Buenaventura,Maíz amarillo tradicional,Maíz,Transitorio,Cereales,Cereales
76109|Maíz blanco tradicional,76109,Buenaventura,Maíz blanco tradicional,Maíz,Transitorio,Cereales,Cereales
76109|Maíz tradicional,76109,Buenaventura,Maíz tradicional,Maíz,Transitorio,Cereales,Cereales
76109|Piña demás variedades,76109,Buenaventura,Piña demás variedades,Piña,Permanente,Frutales,Demás frutales
76109|Plátano consumo interno,76109,Buenaventura,Plátano consumo interno,Plátano,Permanente,Frutales,Demás frutales
76109|Yuca consumo en fresco,76109,Buenaventura,Yuca consumo en fresco,Yuca,Transitorio,Raíces y tubérculos,Raíces y tubérculos
76111|Aguacate demás variedades,76111,Guadalajara de Buga,Aguacate demás variedades,Aguacate,Permanente,Frutales,Demás frutales
76111|Ají,76111,Guadalajara de Buga,Ají,Ají,Transitorio,Hortalizas,Hortalizas de fruto
76111|Algodón,76111,Guadalajara de Buga,Algodón,Algodón,Transitorio,Cultivos tropicales tradicionales,Cultivos tropicales tradicionales
76111|Arracacha,76111,Guadalajara de Buga,Arracacha,Arracacha,Transitorio,Raíces y tubérculos,Raíces y tubérculos
76111|Arroz riego,76111,Guadalajara de Buga,Arroz riego,Arroz,Transitorio,Cereales,Cereales
76111|Arveja,76111,Guadalajara de Buga,Arveja,Arveja,Transitorio,Leguminosas,Leguminosas
76111|Banano consumo interno,76111,Guadalajara de Buga,Banano consumo interno,Banano,Permanente,Frutales,Demás frutales
76111|Brevo,76111,Guadalajara de Buga,Brevo,Brevo,Permanente,Frutales,Demás frutales
76111|Cacao,76111,Guadalajara de Buga,Cacao,Cacao,Permanente,Cultivos tropicales tradicionales,Cultivos tropicales tradicionales
76111|Café,76111,Guadalajara de Buga,Café,Café,Permanente,Cultivos tropicales tradicionales,Cultivos tropicales tradicionales
76111|Caña de azúcar,76111,Guadalajara de Buga,Caña de azúcar,Caña,Permanente,Cultivos tropicales tradicionales,Cultivos tropicales tradicionales
76111|Caña panelera,76111,Guadalajara de Buga,Caña panelera,Caña,Permanente,Cultivos tropicales tradicionales,Cultivos tropicales tradicionales
76111|Cebolla de rama,76111,Guadalajara de Buga,Cebolla de rama,Cebolla de rama,Transitorio,Hortalizas,Hortalizas de tallo
76111|Cilantro,76111,Guadalajara de Buga,Cilantro,Cilantro,Transitorio,Hortalizas,Hortalizas de hoja
76111|Curuba,76111,Guadalajara de Buga,Curuba,Curuba,Permanente,Frutales,Pasifloráceas
76111|Fresa,76111,Guadalajara de Buga,Fresa,Fresa,Permanente,Frutales,Demás frutales
76111|Frijol,76111,Guadalajara de Buga,Frijol,Frijol,Transitorio,Leguminosas,Leguminosas
76111|Granadilla,76111,Guadalajara de Buga,Granadilla,Granadilla,Permanente,Frutales,Pasifloráceas
76111|Guayaba,76111,Guadalajara de Buga,Guayaba,Guayaba,Permanente,Frutales,Mirtáceas
76111|Habichuela,76111,Guadalajara de Buga,Habichuela,Habichuela,Transitorio,Leguminosas,Leguminosas
76111|Lechuga,76111,Guadalajara de Buga,Lechuga,Lechuga,Transitorio,Hortalizas,Hortalizas de hoja
76111|Limón Tahití,76111,Guadalajara de Buga,Limón Tahití,Limón,Permanente,Frutales,Cítricos
76111|Lulo,76111,Guadalajara de Buga,Lulo,Lulo,Permanente,Frutales,Solanáceas
76111|Mandarina Arrayana y/o Oneco,76111,Guadalajara de Buga,Mandarina Arrayana y/o Oneco,Mandarina,Permanente,Frutales,Cítricos
76111|Mango demás variedades,76111,Guadalajara de Buga,Mango demás variedades,Mango,Permanente,Frutales,Demás frutales
76111|Maracuyá,76111,Guadalajara de Buga,Maracuyá,Maracuyá,Permanente,Frutales,Pasifloráceas
76111|Maíz amarillo tecnificado,76111,Guadalajara de Buga,Maíz amarillo tecnificado,Maíz,Transitorio,Cereales,Cereales
76111|Maíz amarillo tradicional,76111,Guadalajara de Buga,Maíz amarillo tradicional,Maíz,Transitorio,Cereales,Cereales
76111|Maíz blanco tecnificado,76111,Guadalajara de Buga,Maíz blanco tecnificado,Maíz,Transitorio,Cereales,Cereales
76111|Maíz tecnificado,76111,Guadalajara de Buga,Maíz tecnificado,Maíz,Transitorio,Cereales,Cereales
76111|Maíz tradicional,76111,Guadalajara de Buga,Maíz tradicional,Maíz,Transitorio,Cereales,Cereales
76111|Mora,76111,Guadalajara de Buga,Mora,Mora,Permanente,Frutales,Demás frutales
76111|Naranja Valencia,76111,Guadalajara de Buga,Naranja Valencia,Naranja,Permanente,Frutales,Cítricos
76111|Otras hortalizas,76111,Guadalajara de Buga,Otras hortalizas,Otras hortalizas,Transitorio,Hortalizas,Hortalizas
76111|Otros cítricos,76111,Guadalajara de Buga,Otros cítricos,Otros cítricos,Permanente,Frutales,Cítricos
76111|Papa todas las variedades,76111,Guadalajara de Buga,Papa todas las variedades,Papa,Transitorio,Raíces y tubérculos,Raíces y tubérculos
"76111|Papaya Hawaiana, Maradol, Melona, redonda y/o Tainung",76111,Guadalajara de Buga,"Papaya Hawaiana, Maradol, Melona, redonda y/o Tainung",Papaya,Permanente,Frutales,Demás frutales
76111|Pimentón,76111,Guadalajara de Buga,Pimentón,Pimentón,Transitorio,Hortalizas,Hortalizas de fruto
76111|Piña demás variedades,76111,Guadalajara de Buga,Piña demás variedades,Piña,Permanente,Frutales,Demás frutales
76111|Plantas aromáticas,76111,Guadalajara de Buga,Plantas aromáticas,Plantas aromáticas,Transitorio,"Cultivos para condimentos, bebidas medicinales y aromáticas","Cultivos para condimentos, bebidas medicinales y aromáticas"
76111|Plátano consumo interno,76111,Guadalajara de Buga,Plátano consumo interno,Plátano,Permanente,Frutales,Demás frutales
76111|Repollo,76111,Guadalajara de Buga,Repollo,Repollo,Transitorio,Hortalizas,Hortalizas de hoja
76111|Sacha inchi,76111,Guadalajara de Buga,Sacha inchi,Sacha inchi,Permanente,Oleaginosas,Oleaginosas
76111|Sorgo,76111,Guadalajara de Buga,Sorgo,Sorgo,Transitorio,Cereales,Cereales
76111|Tomate,76111,Guadalajara de Buga,Tomate,Tomate,Transitorio,Hortalizas,Hortalizas de fruto
76111|Tomate de árbol,76111,Guadalajara de Buga,Tomate de árbol,Tomate de árbol,Permanente,Frutales,Solanáceas
76111|Tomate invernadero,76111,Guadalajara de Buga,Tomate invernadero,Tomate,Transitorio,Hortalizas,Hortalizas de fruto
76111|Uva,76111,Guadalajara de Buga,Uva,Uva,Permanente,Frutales,Demás frutales
76111|Yuca consumo en fresco,76111,Guadalajara de Buga,Yuca consumo en fresco,Yuca,Transitorio,Raíces y tubérculos,Raíces y tubérculos
76113|Aguacate Hass,76113,Bugalagrande,Aguacate Hass,Aguacate,Permanente,Frutales,Demás frutales
76113|Aguacate Papelillo,76113,Bugalagrande,Aguacate Papelillo,Aguacate,Permanente,Frutales,Demás frutales
76113|Aguacate demás variedades,76113,Bugalagrande,Aguacate demás variedades,Aguacate,Permanente,Frutales,Demás frutales
76113|Cacao,76113,Bugalagrande,Cacao,Cacao,Permanente,Cultivos tropicales tradicionales,Cultivos tropicales tradicionales
76113|Café,76113,Bugalagrande,Café,Café,Permanente,Cultivos tropicales tradicionales,Cultivos tropicales tradicionales
76113|Caña de azúcar,76113,Bugalagrande,Caña de azúcar,Caña,Permanente,Cultivos tropicales tradicionales,Cultivos tropicales tradicionales
76113|Caña panelera,76113,Bugalagrande,Caña panelera,Caña,Permanente,Cultivos tropicales tradicionales,Cultivos tropicales tradicionales
76113|Cilantro,76113,Bugalagrande,Cilantro,Cilantro,Transitorio,Hortalizas,Hortalizas de hoja
76113|Frijol,76113,Bugalagrande,Frijol,Frijol,Transitorio,Leguminosas,Leguminosas
76113|Granadilla,76113,Bugalagrande,Granadilla,Granadilla,Permanente,Frutales,Pasifloráceas
76113|Guanábana,76113,Bugalagrande,Guanábana,Guanábana,Permanente,Frutales,Anonáceas
76113|Guayaba,76113,Bugalagrande,Guayaba,Guayaba,Permanente,Frutales,Mirtáceas
76113|Habichuela,76113,Bugalagrande,Habichuela,Habichuela,Transitorio,Leguminosas,Leguminosas
76113|Limón Tahití,76113,Bugalagrande,Limón Tahití,Limón,Permanente,Frutales,Cítricos
76113|Mandarina Arrayana y/o Oneco,76113,Bugalagrande,Mandarina Arrayana y/o Oneco,Mandarina,Permanente,Frutales,Cítricos
76113|Maracuyá,76113,Bugalagrande,Maracuyá,Maracuyá,Permanente,Frutales,Pasifloráceas
76113|Maíz amarillo tecnificado,76113,Bugalagrande,Maíz amarillo tecnificado,Maíz,Transitorio,Cereales,Cereales
76113|Maíz amarillo tradicional,76113,Bugalagrande,Maíz amarillo tradicional,Maíz,Transitorio,Cereales,Cereales
76113|Maíz blanco tecnificado,76113,Bugalagrande,Maíz blanco tecnificado,Maíz,Transitorio,Cereales,Cereales
76113|Maíz blanco tradicional,76113,Bugalagrande,Maíz blanco tradicional,Maíz,Transitorio,Cereales,Cereales
76113|Maíz tecnificado,76113,Bugalagrande,Maíz tecnificado,Maíz,Transitorio,Cereales,Cereales
76113|Maíz tradicional,76113,Bugalagrande,Maíz tradicional,Maíz,Transitorio,Cereales,Cereales
76113|Naranja Valencia,76113,Bugalagrande,Naranja Valencia,Naranja,Permanente,Frutales,Cítricos
76113|Otros cítricos,76113,Bugalagrande,Otros cítricos,Otros cítricos,Permanente,Frutales,Cítricos
76113|Pepino cohombro,76113,Bugalagrande,Pepino cohombro,Pepino Cohombro,Transitorio,Hortalizas,Hortalizas de fruto
76113|Pimentón,76113,Bugalagrande,Pimentón,Pimentón,Transitorio,Hortalizas,Hortalizas de fruto
76113|Pitahaya,76113,Bugalagrande,Pitahaya,Pitahaya,Permanente,Frutales,Demás frutales
76113|Plátano consumo interno,76113,Bugalagrande,Plátano consumo interno,Plátano,Permanente,Frutales,Demás frutales
76113|Soya,76113,Bugalagrande,Soya,Soya,Transitorio,Oleaginosas,Oleaginosas
76113|Tomate,76113,Bugalagrande,Tomate,Tomate,Transitorio,Hortalizas,Hortalizas de fruto
76122|Aguacate Hass,76122,Caicedonia,Aguacate Hass,Aguacate,Permanente,Frutales,Demás frutales
76122|Aguacate Papelillo,76122,Caicedonia,Aguacate Papelillo,Aguacate,Permanente,Frutales,Demás frutales
76122|Aguacate demás variedades,76122,Caicedonia,Aguacate demás variedades,Aguacate,Permanente,Frutales,Demás frutales
76122|Banano consumo interno,76122,Caicedonia,Banano consumo interno,Banano,Permanente,Frutales,Demás frutales
76122|Cacao,76122,Caicedonia,Cacao,Cacao,Permanente,Cultivos tropicales tradicionales,Cultivos tropicales tradicionales
76122|Café,76122,Caicedonia,Café,Café,Permanente,Cultivos tropicales tradicionales,Cultivos tropicales tradicionales
76122|Caña de azúcar,76122,Caicedonia,Caña de azúcar,Caña,Permanente,Cultivos tropicales tradicionales,Cultivos tropicales tradicionales
76122|Caña panelera,76122,Caicedonia,Caña panelera,Caña,Permanente,Cultivos tropicales tradicionales,Cultivos tropicales tradicionales
76122|Frijol,76122,Caicedonia,Frijol,Frijol,Transitorio,Leguminosas,Leguminosas
76122|Guanábana,76122,Caicedonia,Guanábana,Guanábana,Permanente,Frutales,Anonáceas
76122|Limón Tahití,76122,Caicedonia,Limón Tahití,Limón,Permanente,Frutales,Cítricos
76122|Mandarina Arrayana y/o Oneco,76122,Caicedonia,Mandarina Arrayana y/o Oneco,Mandarina,Permanente,Frutales,Cítricos
76122|Maracuyá,76122,Caicedonia,Maracuyá,Maracuyá,Permanente,Frutales,Pasifloráceas
76122|Maíz amarillo tecnificado,76122,Caicedonia,Maíz amarillo tecnificado,Maíz,Transitorio,Cereales,Cereales
76122|Maíz amarillo tradicional,76122,Caicedonia,Maíz amarillo tradicional,Maíz,Transitorio,Cereales,Cereales
76122|Maíz blanco tecnificado,76122,Caicedonia,Maíz blanco tecnificado,Maíz,Transitorio,Cereales,Cereales
76122|Maíz blanco tradicional,76122,Caicedonia,Maíz blanco tradicional,Maíz,Transitorio,Cereales,Cereales
76122|Maíz tecnificado,76122,Caicedonia,Maíz tecnificado,Maíz,Transitorio,Cereales,Cereales
76122|Maíz tradicional,76122,Caicedonia,Maíz tradicional,Maíz,Transitorio,Cereales,Cereales
76122|Naranja Valencia,76122,Caicedonia,Naranja Valencia,Naranja,Permanente,Frutales,Cítricos
76122|Otros cítricos,76122,Caicedonia,Otros cítricos,Otros cítricos,Permanente,Frutales,Cítricos
76122|Pimentón,76122,Caicedonia,Pimentón,Pimentón,Transitorio,Hortalizas,Hortalizas de fruto
76122|Piña demás variedades,76122,Caicedonia,Piña demás variedades,Piña,Permanente,Frutales,Demás frutales
76122|Plátano consumo interno,76122,Caicedonia,Plátano consumo interno,Plátano,Permanente,Frutales,Demás frutales
76122|Soya,76122,Caicedonia,Soya,Soya,Transitorio,Oleaginosas,Oleaginosas
76122|Tomate,76122,Caicedonia,Tomate,Tomate,Transitorio,Hortalizas,Hortalizas de fruto
76122|Yuca consumo en fresco,76122,Caicedonia,Yuca consumo en fresco,Yuca,Transitorio,Raíces y tubérculos,Raíces y tubérculos
76126|Aguacate Hass,76126,Calima,Aguacate Hass,Aguacate,Permanente,Frutales,Demás frutales
76126|Aguacate Papelillo,76126,Calima,Aguacate Papelillo,Aguacate,Permanente,Frutales,Demás frutales
76126|Aguacate demás variedades,76126,Calima,Aguacate demás variedades,Aguacate,Permanente,Frutales,Demás frutales
76126|Ahuyama,76126,Calima,Ahuyama,Ahuyama,Transitorio,Hortalizas,Hortalizas de fruto
76126|Ají,76126,Calima,Ají,Ají,Transitorio,Hortalizas,Hortalizas de fruto
76126|Arracacha,76126,Calima,Arracacha,Arracacha,Transitorio,Raíces y tubérculos,Raíces y tubérculos
76126|Arveja,76126,Calima,Arveja,Arveja,Transitorio,Leguminosas,Leguminosas
76126|Banano consumo interno,76126,Calima,Banano consumo interno,Banano,Permanente,Frutales,Demás frutales
76126|Cacao,76126,Calima,Cacao,Cacao,Permanente,Cultivos tropicales tradicionales,Cultivos tropicales tradicionales
76126|Café,76126,Calima,Café,Café,Permanente,Cultivos tropicales tradicionales,Cultivos tropicales tradicionales
76126|Caña panelera,76126,Calima,Caña panelera,Caña,Permanente,Cultivos tropicales tradicionales,Cultivos tropicales tradicionales
76126|Cebolla de rama,76126,Calima,Cebolla de rama,Cebolla de rama,Transitorio,Hortalizas,Hortalizas de tallo
76126|Cilantro,76126,Calima,Cilantro,Cilantro,Transitorio,Hortalizas,Hortalizas de hoja
76126|Durazno o albaricoque,76126,Calima,Durazno o albaricoque,Durazno o albaricoque,Permanente,Frutales,Caducifolios
76126|Frijol,76126,Calima,Frijol,Frijol,Transitorio,Leguminosas,Leguminosas
76126|Granadilla,76126,Calima,Granadilla,Granadilla,Permanente,Frutales,Pasifloráceas
76126|Guayaba,76126,Calima,Guayaba,Guayaba,Permanente,Frutales,Mirtáceas
76126|Gulupa o cholupa,76126,Calima,Gulupa o cholupa,Gulupa o cholupa,Permanente,Frutales,Pasifloráceas
76126|Habichuela,76126,Calima,Habichuela,Habichuela,Transitorio,Leguminosas,Leguminosas
76126|Lulo,76126,Calima,Lulo,Lulo,Permanente,Frutales,Solanáceas
76126|Mandarina Arrayana y/o Oneco,76126,Calima,Mandarina Arrayana y/o Oneco,Mandarina,Permanente,Frutales,Cítricos
76126|Maracuyá,76126,Calima,Maracuyá,Maracuyá,Permanente,Frutales,Pasifloráceas
76126|Maíz amarillo tecnificado,76126,Calima,Maíz amarillo tecnificado,Maíz,Transitorio,Cereales,Cereales
76126|Maíz amarillo tradicional,76126,Calima,Maíz amarillo tradicional,Maíz,Transitorio,Cereales,Cereales
76126|Maíz blanco tradicional,76126,Calima,Maíz blanco tradicional,Maíz,Transitorio,Cereales,Cereales
76126|Maíz tradicional,76126,Calima,Maíz tradicional,Maíz,Transitorio,Cereales,Cereales
76126|Mora,76126,Calima,Mora,Mora,Permanente,Frutales,Demás frutales
76126|Naranja Valencia,76126,Calima,Naranja Valencia,Naranja,Permanente,Frutales,Cítricos
76126|Otros cítricos,76126,Calima,Otros cítricos,Otros cítricos,Permanente,Frutales,Cítricos
76126|Pepino cohombro,76126,Calima,Pepino cohombro,Pepino Cohombro,Transitorio,Hortalizas,Hortalizas de fruto
76126|Pimentón,76126,Calima,Pimentón,Pimentón,Transitorio,Hortalizas,Hortalizas de fruto
76126|Plátano consumo interno,76126,Calima,Plátano consumo interno,Plátano,Permanente,Frutales,Demás frutales
76126|Sacha inchi,76126,Calima,Sacha inchi,Sacha inchi,Permanente,Oleaginosas,Oleaginosas
76126|Sábila,76126,Calima,Sábila,Sábila,Permanente,"Cultivos para condimentos, bebidas medicinales y aromáticas",Medicinales
76126|Tomate,76126,Calima,Tomate,Tomate,Transitorio,Hortalizas,Hortalizas de fruto
76126|Tomate invernadero,76126,Calima,Tomate invernadero,Tomate,Transitorio,Hortalizas,Hortalizas de fruto
76126|Uchuva,76126,Calima,Uchuva,Uchuva,Permanente,Frutales,Solanáceas
76126|Yuca consumo en fresco,76126,Calima,Yuca consumo en fresco,Yuca,Transitorio,Raíces y tubérculos,Raíces y tubérculos
76130|Ahuyama,76130,Candelaria,Ahuyama,Ahuyama,Transitorio,Hortalizas,Hortalizas de fruto
76130|Cacao,76130,Candelaria,Cacao,Cacao,Permanente,Cultivos tropicales tradicionales,Cultivos tropicales tradicionales
76130|Caña de azúcar,76130,Candelaria,Caña de azúcar,Caña,Permanente,Cultivos tropicales tradicionales,Cultivos tropicales tradicionales
76130|Caña panelera,76130,Candelaria,Caña panelera,Caña,Permanente,Cultivos tropicales tradicionales,Cultivos tropicales tradicionales
76130|Cilantro,76130,Candelaria,Cilantro,Cilantro,Transitorio,Hortalizas,Hortalizas de hoja
76130|Guayaba,76130,Candelaria,Guayaba,Guayaba,Permanente,Frutales,Mirtáceas
76130|Habichuela,76130,Candelaria,Habichuela,Habichuela,Transitorio,Leguminosas,Leguminosas
76130|Limón Tahití,76130,Candelaria,Limón Tahití,Limón,Permanente,Frutales,Cítricos
76130|Mandarina Arrayana y/o Oneco,76130,Candelaria,Mandarina Arrayana y/o Oneco,Mandarina,Permanente,Frutales,Cítricos
76130|Maracuyá,76130,Candelaria,Maracuyá,Maracuyá,Permanente,Frutales,Pasifloráceas
76130|Maíz amarillo tecnificado,76130,Candelaria,Maíz amarillo tecnificado,Maíz,Transitorio,Cereales,Cereales
76130|Maíz blanco tecnificado,76130,Candelaria,Maíz blanco tecnificado,Maíz,Transitorio,Cereales,Cereales
76130|Maíz tecnificado,76130,Candelaria,Maíz tecnificado,Maíz,Transitorio,Cereales,Cereales
76130|Naranja Valencia,76130,Candelaria,Naranja Valencia,Naranja,Permanente,Frutales,Cítricos
76130|Otros cítricos,76130,Candelaria,Otros cítricos,Otros cítricos,Permanente,Frutales,Cítricos
76130|Pepino cohombro,76130,Candelaria,Pepino cohombro,Pepino Cohombro,Transitorio,Hortalizas,Hortalizas de fruto
76130|Pimentón,76130,Candelaria,Pimentón,Pimentón,Transitorio,Hortalizas,Hortalizas de fruto
76130|Plantas aromáticas,76130,Candelaria,Plantas aromáticas,Plantas aromáticas,Transitorio,"Cultivos para condimentos, bebidas medicinales y aromáticas","Cultivos para condimentos, bebidas medicinales y aromáticas"
76130|Plátano consumo interno,76130,Candelaria,Plátano consumo interno,Plátano,Permanente,Frutales,Demás frutales
76130|Tomate,76130,Candelaria,Tomate,Tomate,Transitorio,Hortalizas,Hortalizas de fruto
76147|Aguacate Papelillo,76147,Cartago,Aguacate Papelillo,Aguacate,Permanente,Frutales,Demás frutales
76147|Aguacate demás variedades,76147,Cartago,Aguacate demás variedades,Aguacate,Permanente,Frutales,Demás frutales
76147|Ahuyama,76147,Cartago,Ahuyama,Ahuyama,Transitorio,Hortalizas,Hortalizas de fruto
76147|Banano consumo interno,76147,Cartago,Banano consumo interno,Banano,Permanente,Frutales,Demás frutales
76147|Cacao,76147,Cartago,Cacao,Cacao,Permanente,Cultivos tropicales tradicionales,Cultivos tropicales tradicionales
76147|Café,76147,Cartago,Café,Café,Permanente,Cultivos tropicales tradicionales,Cultivos tropicales tradicionales
76147|Caña de azúcar,76147,Cartago,Caña de azúcar,Caña,Permanente,Cultivos tropicales tradicionales,Cultivos tropicales tradicionales
76147|Caña panelera,76147,Cartago,Caña panelera,Caña,Permanente,Cultivos tropicales tradicionales,Cultivos tropicales tradicionales
76147|Frijol,76147,Cartago,Frijol,Frijol,Transitorio,Leguminosas,Leguminosas
76147|Guanábana,76147,Cartago,Guanábana,Guanábana,Permanente,Frutales,Anonáceas
76147|Guayaba,76147,Cartago,Guayaba,Guayaba,Permanente,Frutales,Mirtáceas
76147|Limón Tahití,76147,Cartago,Limón Tahití,Limón,Permanente,Frutales,Cítricos
76147|Mandarina Arrayana y/o Oneco,76147,Cartago,Mandarina Arrayana y/o Oneco,Mandarina,Permanente,Frutales,Cítricos
76147|Maracuyá,76147,Cartago,Maracuyá,Maracuyá,Permanente,Frutales,Pasifloráceas
76147|Maíz amarillo tecnificado,76147,Cartago,Maíz amarillo tecnificado,Maíz,Transitorio,Cereales,Cereales
76147|Maíz amarillo tradicional,76147,Cartago,Maíz amarillo tradicional,Maíz,Transitorio,Cereales,Cereales
76147|Maíz blanco tecnificado,76147,Cartago,Maíz blanco tecnificado,Maíz,Transitorio,Cereales,Cereales
76147|Maíz tecnificado,76147,Cartago,Maíz tecnificado,Maíz,Transitorio,Cereales,Cereales
76147|Maíz tradicional,76147,Cartago,Maíz tradicional,Maíz,Transitorio,Cereales,Cereales
76147|Naranja Valencia,76147,Cartago,Naranja Valencia,Naranja,Permanente,Frutales,Cítricos
76147|Otros cítricos,76147,Cartago,Otros cítricos,Otros cítricos,Permanente,Frutales,Cítricos
76147|Plátano consumo interno,76147,Cartago,Plátano consumo interno,Plátano,Permanente,Frutales,Demás frutales
76147|Sorgo,76147,Cartago,Sorgo,Sorgo,Transitorio,Cereales,Cereales
76147|Soya,76147,Cartago,Soya,Soya,Transitorio,Oleaginosas,Oleaginosas
76233|Aguacate demás variedades,76233,Dagua,Aguacate demás variedades,Aguacate,Permanente,Frutales,Demás frutales
76233|Ahuyama,76233,Dagua,Ahuyama,Ahuyama,Transitorio,Hortalizas,Hortalizas de fruto
76233|Ají,76233,Dagua,Ají,Ají,Transitorio,Hortalizas,Hortalizas de fruto
76233|Arracacha,76233,Dagua,Arracacha,Arracacha,Transitorio,Raíces y tubérculos,Raíces y tubérculos
76233|Banano consumo interno,76233,Dagua,Banano consumo interno,Banano,Permanente,Frutales,Demás frutales
76233|Cacao,76233,Dagua,Cacao,Cacao,Permanente,Cultivos tropicales tradicionales,Cultivos tropicales tradicionales
76233|Café,76233,Dagua,Café,Café,Permanente,Cultivos tropicales tradicionales,Cultivos tropicales tradicionales
"76233|Calabacín, calabaza",76233,Dagua,"Calabacín, calabaza","Calabacín, calabaza",Transitorio,Hortalizas,Hortalizas de fruto
76233|Caña panelera,76233,Dagua,Caña panelera,Caña,Permanente,Cultivos tropicales tradicionales,Cultivos tropicales tradicionales
76233|Chontaduro,76233,Dagua,Chontaduro,Chontaduro,Permanente,Frutales,Aráceas
76233|Cilantro,76233,Dagua,Cilantro,Cilantro,Transitorio,Hortalizas,Hortalizas de hoja
76233|Cimarrón,76233,Dagua,Cimarrón,Cimarrón,Transitorio,"Cultivos para condimentos, bebidas medicinales y aromáticas",Condimentos
76233|Frijol,76233,Dagua,Frijol,Frijol,Transitorio,Leguminosas,Leguminosas
76233|Guanábana,76233,Dagua,Guanábana,Guanábana,Permanente,Frutales,Anonáceas
76233|Guayaba,76233,Dagua,Guayaba,Guayaba,Permanente,Frutales,Mirtáceas
76233|Habichuela,76233,Dagua,Habichuela,Habichuela,Transitorio,Leguminosas,Leguminosas
76233|Lechuga,76233,Dagua,Lechuga,Lechuga,Transitorio,Hortalizas,Hortalizas de hoja
76233|Limón Tahití,76233,Dagua,Limón Tahití,Limón,Permanente,Frutales,Cítricos
76233|Lulo,76233,Dagua,Lulo,Lulo,Permanente,Frutales,Solanáceas
76233|Mandarina Arrayana y/o Oneco,76233,Dagua,Mandarina Arrayana y/o Oneco,Mandarina,Permanente,Frutales,Cítricos
76233|Maracuyá,76233,Dagua,Maracuyá,Maracuyá,Permanente,Frutales,Pasifloráceas
76233|Maíz amarillo tradicional,76233,Dagua,Maíz amarillo tradicional,Maíz,Transitorio,Cereales,Cereales
76233|Maíz blanco tradicional,76233,Dagua,Maíz blanco tradicional,Maíz,Transitorio,Cereales,Cereales
76233|Maíz tradicional,76233,Dagua,Maíz tradicional,Maíz,Transitorio,Cereales,Cereales
76233|Naranja Valencia,76233,Dagua,Naranja Valencia,Naranja,Permanente,Frutales,Cítricos
76233|Otros cítricos,76233,Dagua,Otros cítricos,Otros cítricos,Permanente,Frutales,Cítricos
76233|Pepino cohombro,76233,Dagua,Pepino cohombro,Pepino Cohombro,Transitorio,Hortalizas,Hortalizas de fruto
76233|Pimentón,76233,Dagua,Pimentón,Pimentón,Transitorio,Hortalizas,Hortalizas de fruto
76233|Pitahaya,76233,Dagua,Pitahaya,Pitahaya,Permanente,Frutales,Demás frutales
"76233|Piña Cayena, Gold, Manzana y/o Perolera",76233,Dagua,"Piña Cayena, Gold, Manzana y/o Perolera",Piña,Permanente,Frutales,Demás frutales
76233|Piña demás variedades,76233,Dagua,Piña demás variedades,Piña,Permanente,Frutales,Demás frutales
76233|Plantas aromáticas,76233,Dagua,Plantas aromáticas,Plantas aromáticas,Transitorio,"Cultivos para condimentos, bebidas medicinales y aromáticas","Cultivos para condimentos, bebidas medicinales y aromáticas"
76233|Plátano consumo interno,76233,Dagua,Plátano consumo interno,Plátano,Permanente,Frutales,Demás frutales
76233|Sacha inchi,76233,Dagua,Sacha inchi,Sacha inchi,Permanente,Oleaginosas,Oleaginosas
76233|Sábila,76233,Dagua,Sábila,Sábila,Permanente,"Cultivos para condimentos, bebidas medicinales y aromáticas",Medicinales
76233|Tomate,76233,Dagua,Tomate,Tomate,Transitorio,Hortalizas,Hortalizas de fruto
76233|Tomate invernadero,76233,Dagua,Tomate invernadero,Tomate,Transitorio,Hortalizas,Hortalizas de fruto
76233|Yuca consumo en fresco,76233,Dagua,Yuca consumo en fresco,Yuca,Transitorio,Raíces y tubérculos,Raíces y tubérculos
76243|Aguacate Hass,76243,El Águila,Aguacate Hass,Aguacate,Permanente,Frutales,Demás frutales
76243|Aguacate demás variedades,76243,El Águila,Aguacate demás variedades,Aguacate,Permanente,Frutales,Demás frutales
76243|Ahuyama,76243,El Águila,Ahuyama,Ahuyama,Transitorio,Hortalizas,Hortalizas de fruto
76243|Arveja,76243,El Águila,Arveja,Arveja,Transitorio,Leguminosas,Leguminosas
76243|Banano consumo interno,76243,El Águila,Banano consumo interno,Banano,Permanente,Frutales,Demás frutales
76243|Cacao,76243,El Águila,Cacao,Cacao,Permanente,Cultivos tropicales tradicionales,Cultivos tropicales tradicionales
76243|Café,76243,El Águila,Café,Café,Permanente,Cultivos tropicales tradicionales,Cultivos tropicales tradicionales
76243|Caña panelera,76243,El Águila,Caña panelera,Caña,Permanente,Cultivos tropicales tradicionales,Cultivos tropicales tradicionales
76243|Cebolla de rama,76243,El Águila,Cebolla de rama,Cebolla de rama,Transitorio,Hortalizas,Hortalizas de tallo
76243|Cilantro,76243,El Águila,Cilantro,Cilantro,Transitorio,Hortalizas,Hortalizas de hoja
76243|Durazno o albaricoque,76243,El Águila,Durazno o albaricoque,Durazno o albaricoque,Permanente,Frutales,Caducifolios
76243|Fresa,76243,El Águila,Fresa,Fresa,Permanente,Frutales,Demás frutales
76243|Frijol,76243,El Águila,Frijol,Frijol,Transitorio,Leguminosas,Leguminosas
76243|Granadilla,76243,El Águila,Granadilla,Granadilla,Permanente,Frutales,Pasifloráceas
76243|Habichuela,76243,El Águila,Habichuela,Habichuela,Transitorio,Leguminosas,Leguminosas
76243|Limón Tahití,76243,El Águila,Limón Tahití,Limón,Permanente,Frutales,Cítricos
76243|Limón demás variedades,76243,El Águila,Limón demás variedades,Limón,Permanente,Frutales,Cítricos
76243|Lulo,76243,El Águila,Lulo,Lulo,Permanente,Frutales,Solanáceas
76243|Mandarina Arrayana y/o Oneco,76243,El Águila,Mandarina Arrayana y/o Oneco,Mandarina,Permanente,Frutales,Cítricos
76243|Maracuyá,76243,El Águila,Maracuyá,Maracuyá,Permanente,Frutales,Pasifloráceas
76243|Maíz amarillo tradicional,76243,El Águila,Maíz amarillo tradicional,Maíz,Transitorio,Cereales,Cereales
76243|Maíz tradicional,76243,El Águila,Maíz tradicional,Maíz,Transitorio,Cereales,Cereales
76243|Mora,76243,El Águila,Mora,Mora,Permanente,Frutales,Demás frutales
76243|Naranja Valencia,76243,El Águila,Naranja Valencia,Naranja,Permanente,Frutales,Cítricos
76243|Otras hortalizas,76243,El Águila,Otras hortalizas,Otras hortalizas,Transitorio,Hortalizas,Hortalizas
76243|Otros cítricos,76243,El Águila,Otros cítricos,Otros cítricos,Permanente,Frutales,Cítricos
76243|Pitahaya,76243,El Águila,Pitahaya,Pitahaya,Permanente,Frutales,Demás frutales
76243|Piña demás variedades,76243,El Águila,Piña demás variedades,Piña,Permanente,Frutales,Demás frutales
76243|Plátano consumo interno,76243,El Águila,Plátano consumo interno,Plátano,Permanente,Frutales,Demás frutales
76243|Repollo,76243,El Águila,Repollo,Repollo,Transitorio,Hortalizas,Hortalizas de hoja
76243|Sábila,76243,El Águila,Sábila,Sábila,Permanente,"Cultivos para condimentos, bebidas medicinales y aromáticas",Medicinales
76243|Tomate,76243,El Águila,Tomate,Tomate,Transitorio,Hortalizas,Hortalizas de fruto
76243|Tomate de árbol,76243,El Águila,Tomate de árbol,Tomate de árbol,Permanente,Frutales,Solanáceas
76243|Yuca consumo en fresco,76243,El Águila,Yuca consumo en fresco,Yuca,Transitorio,Raíces y tubérculos,Raíces y tubérculos
76243|Zanahoria,76243,El Águila,Zanahoria,Zanahoria,Transitorio,Hortalizas,Hortalizas de raíz
76246|Aguacate Hass,76246,El Cairo,Aguacate Hass,Aguacate,Permanente,Frutales,Demás frutales
76246|Aguacate Papelillo,76246,El Cairo,Aguacate Papelillo,Aguacate,Permanente,Frutales,Demás frutales
76246|Aguacate demás variedades,76246,El Cairo,Aguacate demás variedades,Aguacate,Permanente,Frutales,Demás frutales
76246|Banano consumo interno,76246,El Cairo,Banano consumo interno,Banano,Permanente,Frutales,Demás frutales
76246|Berenjena,76246,El Cairo,Berenjena,Berenjena,Transitorio,Hortalizas,Hortalizas de fruto
76246|Café,76246,El Cairo,Café,Café,Permanente,Cultivos tropicales tradicionales,Cultivos tropicales tradicionales
76246|Caña panelera,76246,El Cairo,Caña panelera,Caña,Permanente,Cultivos tropicales tradicionales,Cultivos tropicales tradicionales
76246|Fresa,76246,El Cairo,Fresa,Fresa,Permanente,Frutales,Demás frutales
76246|Frijol,76246,El Cairo,Frijol,Frijol,Transitorio,Leguminosas,Leguminosas
76246|Guayaba,76246,El Cairo,Guayaba,Guayaba,Permanente,Frutales,Mirtáceas
76246|Limón Tahití,76246,El Cairo,Limón Tahití,Limón,Permanente,Frutales,Cítricos
76246|Lulo,76246,El Cairo,Lulo,Lulo,Permanente,Frutales,Solanáceas
76246|Mandarina Arrayana y/o Oneco,76246,El Cairo,Mandarina Arrayana y/o Oneco,Mandarina,Permanente,Frutales,Cítricos
76246|Maracuyá,76246,El Cairo,Maracuyá,Maracuyá,Permanente,Frutales,Pasifloráceas
76246|Maíz amarillo tradicional,76246,El Cairo,Maíz amarillo tradicional,Maíz,Transitorio,Cereales,Cereales
76246|Maíz tradicional,76246,El Cairo,Maíz tradicional,Maíz,Transitorio,Cereales,Cereales
76246|Mora,76246,El Cairo,Mora,Mora,Permanente,Frutales,Demás frutales
76246|Naranja Valencia,76246,El Cairo,Naranja Valencia,Naranja,Permanente,Frutales,Cítricos
76246|Otros cítricos,76246,El Cairo,Otros cítricos,Otros cítricos,Permanente,Frutales,Cítricos
76246|Pimentón,76246,El Cairo,Pimentón,Pimentón,Transitorio,Hortalizas,Hortalizas de fruto
76246|Plátano consumo interno,76246,El Cairo,Plátano consumo interno,Plátano,Permanente,Frutales,Demás frutales
76246|Tomate,76246,El Cairo,Tomate,Tomate,Transitorio,Hortalizas,Hortalizas de fruto
76246|Yuca consumo en fresco,76246,El Cairo,Yuca consumo en fresco,Yuca,Transitorio,Raíces y tubérculos,Raíces y tubérculos
76248|Aguacate demás variedades,76248,El Cerrito,Aguacate demás variedades,Aguacate,Permanente,Frutales,Demás frutales
76248|Banano consumo interno,76248,El Cerrito,Banano consumo interno,Banano,Permanente,Frutales,Demás frutales
76248|Café,76248,El Cerrito,Café,Café,Permanente,Cultivos tropicales tradicionales,Cultivos tropicales tradicionales
76248|Caña de azúcar,76248,El Cerrito,Caña de azúcar,Caña,Permanente,Cultivos tropicales tradicionales,Cultivos tropicales tradicionales
76248|Cebolla de bulbo,76248,El Cerrito,Cebolla de bulbo,Cebolla de bulbo,Transitorio,Hortalizas,Hortalizas de raíz
76248|Cebolla de rama,76248,El Cerrito,Cebolla de rama,Cebolla de rama,Transitorio,Hortalizas,Hortalizas de tallo
76248|Cilantro,76248,El Cerrito,Cilantro,Cilantro,Transitorio,Hortalizas,Hortalizas de hoja
76248|Fresa,76248,El Cerrito,Fresa,Fresa,Permanente,Frutales,Demás frutales
76248|Frijol,76248,El Cerrito,Frijol,Frijol,Transitorio,Leguminosas,Leguminosas
76248|Limón Tahití,76248,El Cerrito,Limón Tahití,Limón,Permanente,Frutales,Cítricos
76248|Mandarina Arrayana y/o Oneco,76248,El Cerrito,Mandarina Arrayana y/o Oneco,Mandarina,Permanente,Frutales,Cítricos
76248|Maracuyá,76248,El Cerrito,Maracuyá,Maracuyá,Permanente,Frutales,Pasifloráceas
76248|Maíz amarillo tecnificado,76248,El Cerrito,Maíz amarillo tecnificado,Maíz,Transitorio,Cereales,Cereales
76248|Maíz blanco tecnificado,76248,El Cerrito,Maíz blanco tecnificado,Maíz,Transitorio,Cereales,Cereales
76248|Maíz tecnificado,76248,El Cerrito,Maíz tecnificado,Maíz,Transitorio,Cereales,Cereales
76248|Mora,76248,El Cerrito,Mora,Mora,Permanente,Frutales,Demás frutales
76248|Naranja Valencia,76248,El Cerrito,Naranja Valencia,Naranja,Permanente,Frutales,Cítricos
76248|Otros cítricos,76248,El Cerrito,Otros cítricos,Otros cítricos,Permanente,Frutales,Cítricos
76248|Repollo,76248,El Cerrito,Repollo,Repollo,Transitorio,Hortalizas,Hortalizas de hoja
76248|Tomate,76248,El Cerrito,Tomate,Tomate,Transitorio,Hortalizas,Hortalizas de fruto
76248|Tomate de árbol,76248,El Cerrito,Tomate de árbol,Tomate de árbol,Permanente,Frutales,Solanáceas
76248|Uva,76248,El Cerrito,Uva,Uva,Permanente,Frutales,Demás frutales
76250|Aguacate Hass,76250,El Dovio,Aguacate Hass,Aguacate,Permanente,Frutales,Demás frutales
76250|Aguacate demás variedades,76250,El Dovio,Aguacate demás variedades,Aguacate,Permanente,Frutales,Demás frutales
76250|Ahuyama,76250,El Dovio,Ahuyama,Ahuyama,Transitorio,Hortalizas,Hortalizas de fruto
76250|Arracacha,76250,El Dovio,Arracacha,Arracacha,Transitorio,Raíces y tubérculos,Raíces y tubérculos
76250|Banano consumo interno,76250,El Dovio,Banano consumo interno,Banano,Permanente,Frutales,Demás frutales
76250|Berenjena,76250,El Dovio,Berenjena,Berenjena,Transitorio,Hortalizas,Hortalizas de fruto
76250|Cacao,76250,El Dovio,Cacao,Cacao,Permanente,Cultivos tropicales tradicionales,Cultivos tropicales tradicionales
76250|Café,76250,El Dovio,Café,Café,Permanente,Cultivos tropicales tradicionales,Cultivos tropicales tradicionales
76250|Caña panelera,76250,El Dovio,Caña panelera,Caña,Permanente,Cultivos tropicales tradicionales,Cultivos tropicales tradicionales
76250|Frijol,76250,El Dovio,Frijol,Frijol,Transitorio,Leguminosas,Leguminosas
76250|Granadilla,76250,El Dovio,Granadilla,Granadilla,Permanente,Frutales,Pasifloráceas
76250|Habichuela,76250,El Dovio,Habichuela,Habichuela,Transitorio,Leguminosas,Leguminosas
76250|Lulo,76250,El Dovio,Lulo,Lulo,Permanente,Frutales,Solanáceas
76250|Maracuyá,76250,El Dovio,Maracuyá,Maracuyá,Permanente,Frutales,Pasifloráceas
76250|Maíz amarillo tradicional,76250,El Dovio,Maíz amarillo tradicional,Maíz,Transitorio,Cereales,Cereales
76250|Maíz blanco tradicional,76250,El Dovio,Maíz blanco tradicional,Maíz,Transitorio,Cereales,Cereales
76250|Maíz tradicional,76250,El Dovio,Maíz tradicional,Maíz,Transitorio,Cereales,Cereales
76250|Pepino cohombro,76250,El Dovio,Pepino cohombro,Pepino Cohombro,Transitorio,Hortalizas,Hortalizas de fruto
76250|Pimentón,76250,El Dovio,Pimentón,Pimentón,Transitorio,Hortalizas,Hortalizas de fruto
76250|Pitahaya,76250,El Dovio,Pitahaya,Pitahaya,Permanente,Frutales,Demás frutales
76250|Plátano consumo interno,76250,El Dovio,Plátano consumo interno,Plátano,Permanente,Frutales,Demás frutales
76250|Repollo,76250,El Dovio,Repollo,Repollo,Transitorio,Hortalizas,Hortalizas de hoja
76250|Sábila,76250,El Dovio,Sábila,Sábila,Permanente,"Cultivos para condimentos, bebidas medicinales y aromáticas",Medicinales
76250|Tomate,76250,El Dovio,Tomate,Tomate,Transitorio,Hortalizas,Hortalizas de fruto
76250|Tomate invernadero,76250,El Dovio,Tomate invernadero,Tomate,Transitorio,Hortalizas,Hortalizas de fruto
76250|Yuca consumo en fresco,76250,El Dovio,Yuca consumo en fresco,Yuca,Transitorio,Raíces y tubérculos,Raíces y tubérculos
76275|Aguacate demás variedades,76275,Florida,Aguacate demás variedades,Aguacate,Permanente,Frutales,Demás frutales
76275|Arracacha,76275,Florida,Arracacha,Arracacha,Transitorio,Raíces y tubérculos,Raíces y tubérculos
76275|Arveja,76275,Florida,Arveja,Arveja,Transitorio,Leguminosas,Leguminosas
76275|Banano consumo interno,76275,Florida,Banano consumo interno,Banano,Permanente,Frutales,Demás frutales
76275|Cacao,76275,Florida,Cacao,Cacao,Permanente,Cultivos tropicales tradicionales,Cultivos tropicales tradicionales
76275|Café,76275,Florida,Café,Café,Permanente,Cultivos tropicales tradicionales,Cultivos tropicales tradicionales
76275|Caña de azúcar,76275,Florida,Caña de azúcar,Caña,Permanente,Cultivos tropicales tradicionales,Cultivos tropicales tradicionales
76275|Cilantro,76275,Florida,Cilantro,Cilantro,Transitorio,Hortalizas,Hortalizas de hoja
76275|Curuba,76275,Florida,Curuba,Curuba,Permanente,Frutales,Pasifloráceas
76275|Fresa,76275,Florida,Fresa,Fresa,Permanente,Frutales,Demás frutales
76275|Frijol,76275,Florida,Frijol,Frijol,Transitorio,Leguminosas,Leguminosas
76275|Granadilla,76275,Florida,Granadilla,Granadilla,Permanente,Frutales,Pasifloráceas
76275|Guanábana,76275,Florida,Guanábana,Guanábana,Permanente,Frutales,Anonáceas
76275|Guayaba,76275,Florida,Guayaba,Guayaba,Permanente,Frutales,Mirtáceas
76275|Habichuela,76275,Florida,Habichuela,Habichuela,Transitorio,Leguminosas,Leguminosas
76275|Limón Tahití,76275,Florida,Limón Tahití,Limón,Permanente,Frutales,Cítricos
76275|Macadamia,76275,Florida,Macadamia,Macadamia,Permanente,Frutales,Demás frutales
76275|Mandarina Arrayana y/o Oneco,76275,Florida,Mandarina Arrayana y/o Oneco,Mandarina,Permanente,Frutales,Cítricos
76275|Mango demás variedades,76275,Florida,Mango demás variedades,Mango,Permanente,Frutales,Demás frutales
76275|Maracuyá,76275,Florida,Maracuyá,Maracuyá,Permanente,Frutales,Pasifloráceas
76275|Maíz amarillo tecnificado,76275,Florida,Maíz amarillo tecnificado,Maíz,Transitorio,Cereales,Cereales
76275|Maíz amarillo tradicional,76275,Florida,Maíz amarillo tradicional,Maíz,Transitorio,Cereales,Cereales
76275|Maíz blanco tecnificado,76275,Florida,Maíz blanco tecnificado,Maíz,Transitorio,Cereales,Cereales
76275|Maíz blanco tradicional,76275,Florida,Maíz blanco tradicional,Maíz,Transitorio,Cereales,Cereales
76275|Maíz tecnificado,76275,Florida,Maíz tecnificado,Maíz,Transitorio,Cereales,Cereales
76275|Maíz tradicional,76275,Florida,Maíz tradicional,Maíz,Transitorio,Cereales,Cereales
76275|Mora,76275,Florida,Mora,Mora,Permanente,Frutales,Demás frutales
76275|Naranja Valencia,76275,Florida,Naranja Valencia,Naranja,Permanente,Frutales,Cítricos
76275|Otras hortalizas,76275,Florida,Otras hortalizas,Otras hortalizas,Transitorio,Hortalizas,Hortalizas
76275|Otros cítricos,76275,Florida,Otros cítricos,Otros cítricos,Permanente,Frutales,Cítricos
76275|Papa todas las variedades,76275,Florida,Papa todas las variedades,Papa,Transitorio,Raíces y tubérculos,Raíces y tubérculos
76275|Papaya demás variedades,76275,Florida,Papaya demás variedades,Papaya,Permanente,Frutales,Demás frutales
76275|Pepino cohombro,76275,Florida,Pepino cohombro,Pepino Cohombro,Transitorio,Hortalizas,Hortalizas de fruto
76275|Pitahaya,76275,Florida,Pitahaya,Pitahaya,Permanente,Frutales,Demás frutales
"76275|Piña Cayena, Gold, Manzana y/o Perolera",76275,Florida,"Piña Cayena, Gold, Manzana y/o Perolera",Piña,Permanente,Frutales,Demás frutales
76275|Piña demás variedades,76275,Florida,Piña demás variedades,Piña,Permanente,Frutales,Demás frutales
76275|Plátano consumo interno,76275,Florida,Plátano consumo interno,Plátano,Permanente,Frutales,Demás frutales
76275|Sacha inchi,76275,Florida,Sacha inchi,Sacha inchi,Permanente,Oleaginosas,Oleaginosas
76275|Tomate,76275,Florida,Tomate,Tomate,Transitorio,Hortalizas,Hortalizas de fruto
76275|Tomate de árbol,76275,Florida,Tomate de árbol,Tomate de árbol,Permanente,Frutales,Solanáceas
76275|Yuca consumo en fresco,76275,Florida,Yuca consumo en fresco,Yuca,Transitorio,Raíces y tubérculos,Raíces y tubérculos
76306|Aguacate Hass,76306,Ginebra,Aguacate Hass,Aguacate,Permanente,Frutales,Demás frutales
76306|Arveja,76306,Ginebra,Arveja,Arveja,Transitorio,Leguminosas,Leguminosas
76306|Banano consumo interno,76306,Ginebra,Banano consumo interno,Banano,Permanente,Frutales,Demás frutales
76306|Café,76306,Ginebra,Café,Café,Permanente,Cultivos tropicales tradicionales,Cultivos tropicales tradicionales
76306|Caña de azúcar,76306,Ginebra,Caña de azúcar,Caña,Permanente,Cultivos tropicales tradicionales,Cultivos tropicales tradicionales
76306|Caña panelera,76306,Ginebra,Caña panelera,Caña,Permanente,Cultivos tropicales tradicionales,Cultivos tropicales tradicionales
76306|Frijol,76306,Ginebra,Frijol,Frijol,Transitorio,Leguminosas,Leguminosas
76306|Granadilla,76306,Ginebra,Granadilla,Granadilla,Permanente,Frutales,Pasifloráceas
76306|Guayaba,76306,Ginebra,Guayaba,Guayaba,Permanente,Frutales,Mirtáceas
76306|Habichuela,76306,Ginebra,Habichuela,Habichuela,Transitorio,Leguminosas,Leguminosas
76306|Limón Pajarito,76306,Ginebra,Limón Pajarito,Limón,Permanente,Frutales,Cítricos
76306|Limón Tahití,76306,Ginebra,Limón Tahití,Limón,Permanente,Frutales,Cítricos
76306|Lulo,76306,Ginebra,Lulo,Lulo,Permanente,Frutales,Solanáceas
76306|Maracuyá,76306,Ginebra,Maracuyá,Maracuyá,Permanente,Frutales,Pasifloráceas
76306|Maíz amarillo tecnificado,76306,Ginebra,Maíz amarillo tecnificado,Maíz,Transitorio,Cereales,Cereales
76306|Maíz amarillo tradicional,76306,Ginebra,Maíz amarillo tradicional,Maíz,Transitorio,Cereales,Cereales
76306|Maíz blanco tecnificado,76306,Ginebra,Maíz blanco tecnificado,Maíz,Transitorio,Cereales,Cereales
76306|Maíz blanco tradicional,76306,Ginebra,Maíz blanco tradicional,Maíz,Transitorio,Cereales,Cereales
76306|Maíz tecnificado,76306,Ginebra,Maíz tecnificado,Maíz,Transitorio,Cereales,Cereales
76306|Maíz tradicional,76306,Ginebra,Maíz tradicional,Maíz,Transitorio,Cereales,Cereales
76306|Mora,76306,Ginebra,Mora,Mora,Permanente,Frutales,Demás frutales
76306|Otras hortalizas,76306,Ginebra,Otras hortalizas,Otras hortalizas,Transitorio,Hortalizas,Hortalizas
76306|Papaya demás variedades,76306,Ginebra,Papaya demás variedades,Papaya,Permanente,Frutales,Demás frutales
76306|Pepino cohombro,76306,Ginebra,Pepino cohombro,Pepino Cohombro,Transitorio,Hortalizas,Hortalizas de fruto
76306|Pimentón,76306,Ginebra,Pimentón,Pimentón,Transitorio,Hortalizas,Hortalizas de fruto
76306|Plátano consumo interno,76306,Ginebra,Plátano consumo interno,Plátano,Permanente,Frutales,Demás frutales
76306|Tomate,76306,Ginebra,Tomate,Tomate,Transitorio,Hortalizas,Hortalizas de fruto
76306|Tomate de árbol,76306,Ginebra,Tomate de árbol,Tomate de árbol,Permanente,Frutales,Solanáceas
76306|Tomate invernadero,76306,Ginebra,Tomate invernadero,Tomate,Transitorio,Hortalizas,Hortalizas de fruto
76306|Uva,76306,Ginebra,Uva,Uva,Permanente,Frutales,Demás frutales
76306|Zapote,76306,Ginebra,Zapote,Zapote,Permanente,Frutales,Demás frutales
76318|Aguacate demás variedades,76318,Guacarí,Aguacate demás variedades,Aguacate,Permanente,Frutales,Demás frutales
76318|Ají,76318,Guacarí,Ají,Ají,Transitorio,Hortalizas,Hortalizas de fruto
76318|Arracacha,76318,Guacarí,Arracacha,Arracacha,Transitorio,Raíces y tubérculos,Raíces y tubérculos
76318|Banano consumo interno,76318,Guacarí,Banano consumo interno,Banano,Permanente,Frutales,Demás frutales
76318|Cacao,76318,Guacarí,Cacao,Cacao,Permanente,Cultivos tropicales tradicionales,Cultivos tropicales tradicionales
76318|Café,76318,Guacarí,Café,Café,Permanente,Cultivos tropicales tradicionales,Cultivos tropicales tradicionales
76318|Caña de azúcar,76318,Guacarí,Caña de azúcar,Caña,Permanente,Cultivos tropicales tradicionales,Cultivos tropicales tradicionales
76318|Caña panelera,76318,Guacarí,Caña panelera,Caña,Permanente,Cultivos tropicales tradicionales,Cultivos tropicales tradicionales
76318|Cilantro,76318,Guacarí,Cilantro,Cilantro,Transitorio,Hortalizas,Hortalizas de hoja
76318|Frijol,76318,Guacarí,Frijol,Frijol,Transitorio,Leguminosas,Leguminosas
76318|Guanábana,76318,Guacarí,Guanábana,Guanábana,Permanente,Frutales,Anonáceas
76318|Guayaba,76318,Guacarí,Guayaba,Guayaba,Permanente,Frutales,Mirtáceas
76318|Habichuela,76318,Guacarí,Habichuela,Habichuela,Transitorio,Leguminosas,Leguminosas
76318|Limón Tahití,76318,Guacarí,Limón Tahití,Limón,Permanente,Frutales,Cítricos
76318|Lulo,76318,Guacarí,Lulo,Lulo,Permanente,Frutales,Solanáceas
76318|Mandarina Arrayana y/o Oneco,76318,Guacarí,Mandarina Arrayana y/o Oneco,Mandarina,Permanente,Frutales,Cítricos
76318|Maracuyá,76318,Guacarí,Maracuyá,Maracuyá,Permanente,Frutales,Pasifloráceas
76318|Maíz amarillo tecnificado,76318,Guacarí,Maíz amarillo tecnificado,Maíz,Transitorio,Cereales,Cereales
76318|Maíz amarillo tradicional,76318,Guacarí,Maíz amarillo tradicional,Maíz,Transitorio,Cereales,Cereales
76318|Maíz blanco tecnificado,76318,Guacarí,Maíz blanco tecnificado,Maíz,Transitorio,Cereales,Cereales
76318|Maíz blanco tradicional,76318,Guacarí,Maíz blanco tradicional,Maíz,Transitorio,Cereales,Cereales
76318|Maíz tecnificado,76318,Guacarí,Maíz tecnificado,Maíz,Transitorio,Cereales,Cereales
76318|Maíz tradicional,76318,Guacarí,Maíz tradicional,Maíz,Transitorio,Cereales,Cereales
76318|Mora,76318,Guacarí,Mora,Mora,Permanente,Frutales,Demás frutales
76318|Naranja Valencia,76318,Guacarí,Naranja Valencia,Naranja,Permanente,Frutales,Cítricos
76318|Otros cítricos,76318,Guacarí,Otros cítricos,Otros cítricos,Permanente,Frutales,Cítricos
76318|Papaya demás variedades,76318,Guacarí,Papaya demás variedades,Papaya,Permanente,Frutales,Demás frutales
76318|Pepino cohombro,76318,Guacarí,Pepino cohombro,Pepino Cohombro,Transitorio,Hortalizas,Hortalizas de fruto
76318|Pimentón,76318,Guacarí,Pimentón,Pimentón,Transitorio,Hortalizas,Hortalizas de fruto
76318|Plantas aromáticas,76318,Guacarí,Plantas aromáticas,Plantas aromáticas,Transitorio,"Cultivos para condimentos, bebidas medicinales y aromáticas","Cultivos para condimentos, bebidas medicinales y aromáticas"
76318|Plátano consumo interno,76318,Guacarí,Plátano consumo interno,Plátano,Permanente,Frutales,Demás frutales
76318|Tomate,76318,Guacarí,Tomate,Tomate,Transitorio,Hortalizas,Hortalizas de fruto
76318|Tomate de árbol,76318,Guacarí,Tomate de árbol,Tomate de árbol,Permanente,Frutales,Solanáceas
76318|Tomate invernadero,76318,Guacarí,Tomate invernadero,Tomate,Transitorio,Hortalizas,Hortalizas de fruto
76318|Uva,76318,Guacarí,Uva,Uva,Permanente,Frutales,Demás frutales
76318|Yuca consumo en fresco,76318,Guacarí,Yuca consumo en fresco,Yuca,Transitorio,Raíces y tubérculos,Raíces y tubérculos
76364|Aguacate demás variedades,76364,Jamundí,Aguacate demás variedades,Aguacate,Permanente,Frutales,Demás frutales
76364|Ahuyama,76364,Jamundí,Ahuyama,Ahuyama,Transitorio,Hortalizas,Hortalizas de fruto
76364|Arazá,76364,Jamundí,Arazá,Arazá,Permanente,Frutales,Mirtáceas
76364|Arroz riego,76364,Jamundí,Arroz riego,Arroz,Transitorio,Cereales,Cereales
76364|Banano consumo interno,76364,Jamundí,Banano consumo interno,Banano,Permanente,Frutales,Demás frutales
76364|Cacao,76364,Jamundí,Cacao,Cacao,Permanente,Cultivos tropicales tradicionales,Cultivos tropicales tradicionales
76364|Café,76364,Jamundí,Café,Café,Permanente,Cultivos tropicales tradicionales,Cultivos tropicales tradicionales
76364|Caña de azúcar,76364,Jamundí,Caña de azúcar,Caña,Permanente,Cultivos tropicales tradicionales,Cultivos tropicales tradicionales
76364|Caña panelera,76364,Jamundí,Caña panelera,Caña,Permanente,Cultivos tropicales tradicionales,Cultivos tropicales tradicionales
76364|Cilantro,76364,Jamundí,Cilantro,Cilantro,Transitorio,Hortalizas,Hortalizas de hoja
76364|Frijol,76364,Jamundí,Frijol,Frijol,Transitorio,Leguminosas,Leguminosas
76364|Guanábana,76364,Jamundí,Guanábana,Guanábana,Permanente,Frutales,Anonáceas
76364|Guayaba,76364,Jamundí,Guayaba,Guayaba,Permanente,Frutales,Mirtáceas
76364|Habichuela,76364,Jamundí,Habichuela,Habichuela,Transitorio,Leguminosas,Leguminosas
76364|Limón Tahití,76364,Jamundí,Limón Tahití,Limón,Permanente,Frutales,Cítricos
76364|Lulo,76364,Jamundí,Lulo,Lulo,Permanente,Frutales,Solanáceas
76364|Mandarina Arrayana y/o Oneco,76364,Jamundí,Mandarina Arrayana y/o Oneco,Mandarina,Permanente,Frutales,Cítricos
76364|Mango demás variedades,76364,Jamundí,Mango demás variedades,Mango,Permanente,Frutales,Demás frutales
76364|Maracuyá,76364,Jamundí,Maracuyá,Maracuyá,Permanente,Frutales,Pasifloráceas
76364|Maíz amarillo tradicional,76364,Jamundí,Maíz amarillo tradicional,Maíz,Transitorio,Cereales,Cereales
76364|Maíz tradicional,76364,Jamundí,Maíz tradicional,Maíz,Transitorio,Cereales,Cereales
76364|Mora,76364,Jamundí,Mora,Mora,Permanente,Frutales,Demás frutales
76364|Naranja Valencia,76364,Jamundí,Naranja Valencia,Naranja,Permanente,Frutales,Cítricos
76364|Otras hortalizas,76364,Jamundí,Otras hortalizas,Otras hortalizas,Transitorio,Hortalizas,Hortalizas
76364|Otros cítricos,76364,Jamundí,Otros cítricos,Otros cítricos,Permanente,Frutales,Cítricos
76364|Papaya demás variedades,76364,Jamundí,Papaya demás variedades,Papaya,Permanente,Frutales,Demás frutales
76364|Piña demás variedades,76364,Jamundí,Piña demás variedades,Piña,Permanente,Frutales,Demás frutales
76364|Plátano consumo interno,76364,Jamundí,Plátano consumo interno,Plátano,Permanente,Frutales,Demás frutales
76364|Sacha inchi,76364,Jamundí,Sacha inchi,Sacha inchi,Permanente,Oleaginosas,Oleaginosas
76364|Tomate,76364,Jamundí,Tomate,Tomate,Transitorio,Hortalizas,Hortalizas de fruto
76364|Tomate de árbol,76364,Jamundí,Tomate de árbol,Tomate de árbol,Permanente,Frutales,Solanáceas
76364|Yuca consumo en fresco,76364,Jamundí,Yuca consumo en fresco,Yuca,Transitorio,Raíces y tubérculos,Raíces y tubérculos
76364|Zapote,76364,Jamundí,Zapote,Zapote,Permanente,Frutales,Demás frutales
76377|Aguacate Hass,76377,La Cumbre,Aguacate Hass,Aguacate,Permanente,Frutales,Demás frutales
76377|Ahuyama,76377,La Cumbre,Ahuyama,Ahuyama,Transitorio,Hortalizas,Hortalizas de fruto
76377|Ají,76377,La Cumbre,Ají,Ají,Transitorio,Hortalizas,Hortalizas de fruto
76377|Banano consumo interno,76377,La Cumbre,Banano consumo interno,Banano,Permanente,Frutales,Demás frutales
76377|Café,76377,La Cumbre,Café,Café,Permanente,Cultivos tropicales tradicionales,Cultivos tropicales tradicionales
76377|Caña panelera,76377,La Cumbre,Caña panelera,Caña,Permanente,Cultivos tropicales tradicionales,Cultivos tropicales tradicionales
76377|Cilantro,76377,La Cumbre,Cilantro,Cilantro,Transitorio,Hortalizas,Hortalizas de hoja
76377|Frijol,76377,La Cumbre,Frijol,Frijol,Transitorio,Leguminosas,Leguminosas
76377|Granadilla,76377,La Cumbre,Granadilla,Granadilla,Permanente,Frutales,Pasifloráceas
76377|Habichuela,76377,La Cumbre,Habichuela,Habichuela,Transitorio,Leguminosas,Leguminosas
76377|Lechuga,76377,La Cumbre,Lechuga,Lechuga,Transitorio,Hortalizas,Hortalizas de hoja
76377|Lulo,76377,La Cumbre,Lulo,Lulo,Permanente,Frutales,Solanáceas
76377|Maíz amarillo tradicional,76377,La Cumbre,Maíz amarillo tradicional,Maíz,Transitorio,Cereales,Cereales
76377|Maíz blanco tradicional,76377,La Cumbre,Maíz blanco tradicional,Maíz,Transitorio,Cereales,Cereales
76377|Maíz tradicional,76377,La Cumbre,Maíz tradicional,Maíz,Transitorio,Cereales,Cereales
76377|Papaya demás variedades,76377,La Cumbre,Papaya demás variedades,Papaya,Permanente,Frutales,Demás frutales
76377|Pepino cohombro,76377,La Cumbre,Pepino cohombro,Pepino Cohombro,Transitorio,Hortalizas,Hortalizas de fruto
76377|Piña demás variedades,76377,La Cumbre,Piña demás variedades,Piña,Permanente,Frutales,Demás frutales
76377|Plantas aromáticas,76377,La Cumbre,Plantas aromáticas,Plantas aromáticas,Transitorio,"Cultivos para condimentos, bebidas medicinales y aromáticas","Cultivos para condimentos, bebidas medicinales y aromáticas"
76377|Plátano consumo interno,76377,La Cumbre,Plátano consumo interno,Plátano,Permanente,Frutales,Demás frutales
76377|Repollo,76377,La Cumbre,Repollo,Repollo,Transitorio,Hortalizas,Hortalizas de hoja
76377|Tomate,76377,La Cumbre,Tomate,Tomate,Transitorio,Hortalizas,Hortalizas de fruto
76377|Té,76377,La Cumbre,Té,Té,Permanente,"Cultivos para condimentos, bebidas medicinales y aromáticas",Aromáticas
76377|Yuca consumo en fresco,76377,La Cumbre,Yuca consumo en fresco,Yuca,Transitorio,Raíces y tubérculos,Raíces y tubérculos
76400|Aguacate Hass,76400,La Unión,Aguacate Hass,Aguacate,Permanente,Frutales,Demás frutales
76400|Aguacate demás variedades,76400,La Unión,Aguacate demás variedades,Aguacate,Permanente,Frutales,Demás frutales
76400|Ají,76400,La Unión,Ají,Ají,Transitorio,Hortalizas,Hortalizas de fruto
76400|Algodón,76400,La Unión,Algodón,Algodón,Transitorio,Cultivos tropicales tradicionales,Cultivos tropicales tradicionales
76400|Arracacha,76400,La Unión,Arracacha,Arracacha,Transitorio,Raíces y tubérculos,Raíces y tubérculos
76400|Banano consumo interno,76400,La Unión,Banano consumo interno,Banano,Permanente,Frutales,Demás frutales
76400|Berenjena,76400,La Unión,Berenjena,Berenjena,Transitorio,Hortalizas,Hortalizas de fruto
76400|Cacao,76400,La Unión,Cacao,Cacao,Permanente,Cultivos tropicales tradicionales,Cultivos tropicales tradicionales
76400|Café,76400,La Unión,Café,Café,Permanente,Cultivos tropicales tradicionales,Cultivos tropicales tradicionales
76400|Caña de azúcar,76400,La Unión,Caña de azúcar,Caña,Permanente,Cultivos tropicales tradicionales,Cultivos tropicales tradicionales
76400|Cilantro,76400,La Unión,Cilantro,Cilantro,Transitorio,Hortalizas,Hortalizas de hoja
76400|Guanábana,76400,La Unión,Guanábana,Guanábana,Permanente,Frutales,Anonáceas
76400|Guayaba,76400,La Unión,Guayaba,Guayaba,Permanente,Frutales,Mirtáceas
76400|Limón Tahití,76400,La Unión,Limón Tahití,Limón,Permanente,Frutales,Cítricos
76400|Lulo,76400,La Unión,Lulo,Lulo,Permanente,Frutales,Solanáceas
76400|Mandarina Arrayana y/o Oneco,76400,La Unión,Mandarina Arrayana y/o Oneco,Mandarina,Permanente,Frutales,Cítricos
76400|Mango demás variedades,76400,La Unión,Mango demás variedades,Mango,Permanente,Frutales,Demás frutales
76400|Maracuyá,76400,La Unión,Maracuyá,Maracuyá,Permanente,Frutales,Pasifloráceas
76400|Maíz amarillo tecnificado,76400,La Unión,Maíz amarillo tecnificado,Maíz,Transitorio,Cereales,Cereales
76400|Maíz amarillo tradicional,76400,La Unión,Maíz amarillo tradicional,Maíz,Transitorio,Cereales,Cereales
76400|Maíz blanco tecnificado,76400,La Unión,Maíz blanco tecnificado,Maíz,Transitorio,Cereales,Cereales
76400|Maíz blanco tradicional,76400,La Unión,Maíz blanco tradicional,Maíz,Transitorio,Cereales,Cereales
76400|Maíz tecnificado,76400,La Unión,Maíz tecnificado,Maíz,Transitorio,Cereales,Cereales
76400|Maíz tradicional,76400,La Unión,Maíz tradicional,Maíz,Transitorio,Cereales,Cereales
76400|Melón,76400,La Unión,Melón,Melón,Transitorio,Hortalizas,Hortalizas de fruto
76400|Naranja Valencia,76400,La Unión,Naranja Valencia,Naranja,Permanente,Frutales,Cítricos
76400|Otros cítricos,76400,La Unión,Otros cítricos,Otros cítricos,Permanente,Frutales,Cítricos
76400|Papaya demás variedades,76400,La Unión,Papaya demás variedades,Papaya,Permanente,Frutales,Demás frutales
76400|Patilla,76400,La Unión,Patilla,Patilla,Transitorio,Hortalizas,Hortalizas de fruto
76400|Pimentón,76400,La Unión,Pimentón,Pimentón,Transitorio,Hortalizas,Hortalizas de fruto
76400|Pitahaya,76400,La Unión,Pitahaya,Pitahaya,Permanente,Frutales,Demás frutales
76400|Piña demás variedades,76400,La Unión,Piña demás variedades,Piña,Permanente,Frutales,Demás frutales
76400|Plátano consumo interno,76400,La Unión,Plátano consumo interno,Plátano,Permanente,Frutales,Demás frutales
76400|Tomate,76400,La Unión,Tomate,Tomate,Transitorio,Hortalizas,Hortalizas de fruto
76400|Tomate invernadero,76400,La Unión,Tomate invernadero,Tomate,Transitorio,Hortalizas,Hortalizas de fruto
76400|Uva,76400,La Unión,Uva,Uva,Permanente,Frutales,Demás frutales
76400|Yuca consumo en fresco,76400,La Unión,Yuca consumo en fresco,Yuca,Transitorio,Raíces y tubérculos,Raíces y tubérculos
76403|Aguacate Papelillo,76403,La Victoria,Aguacate Papelillo,Aguacate,Permanente,Frutales,Demás frutales
76403|Aguacate demás variedades,76403,La Victoria,Aguacate demás variedades,Aguacate,Permanente,Frutales,Demás frutales
76403|Ahuyama,76403,La Victoria,Ahuyama,Ahuyama,Transitorio,Hortalizas,Hortalizas de fruto
76403|Ají,76403,La Victoria,Ají,Ají,Transitorio,Hortalizas,Hortalizas de fruto
76403|Banano consumo interno,76403,La Victoria,Banano consumo interno,Banano,Permanente,Frutales,Demás frutales
76403|Berenjena,76403,La Victoria,Berenjena,Berenjena,Transitorio,Hortalizas,Hortalizas de fruto
76403|Cacao,76403,La Victoria,Cacao,Cacao,Permanente,Cultivos tropicales tradicionales,Cultivos tropicales tradicionales
76403|Café,76403,La Victoria,Café,Café,Permanente,Cultivos tropicales tradicionales,Cultivos tropicales tradicionales
76403|Caña de azúcar,76403,La Victoria,Caña de azúcar,Caña,Permanente,Cultivos tropicales tradicionales,Cultivos tropicales tradicionales
76403|Caña panelera,76403,La Victoria,Caña panelera,Caña,Permanente,Cultivos tropicales tradicionales,Cultivos tropicales tradicionales
76403|Frijol,76403,La Victoria,Frijol,Frijol,Transitorio,Leguminosas,Leguminosas
76403|Guanábana,76403,La Victoria,Guanábana,Guanábana,Permanente,Frutales,Anonáceas
76403|Guayaba,76403,La Victoria,Guayaba,Guayaba,Permanente,Frutales,Mirtáceas
76403|Habichuela,76403,La Victoria,Habichuela,Habichuela,Transitorio,Leguminosas,Leguminosas
76403|Lechuga,76403,La Victoria,Lechuga,Lechuga,Transitorio,Hortalizas,Hortalizas de hoja
76403|Limón Tahití,76403,La Victoria,Limón Tahití,Limón,Permanente,Frutales,Cítricos
76403|Mandarina Arrayana y/o Oneco,76403,La Victoria,Mandarina Arrayana y/o Oneco,Mandarina,Permanente,Frutales,Cítricos
76403|Mango demás variedades,76403,La Victoria,Mango demás variedades,Mango,Permanente,Frutales,Demás frutales
76403|Maracuyá,76403,La Victoria,Maracuyá,Maracuyá,Permanente,Frutales,Pasifloráceas
76403|Maíz amarillo tecnificado,76403,La Victoria,Maíz amarillo tecnificado,Maíz,Transitorio,Cereales,Cereales
76403|Maíz amarillo tradicional,76403,La Victoria,Maíz amarillo tradicional,Maíz,Transitorio,Cereales,Cereales
76403|Maíz blanco tecnificado,76403,La Victoria,Maíz blanco tecnificado,Maíz,Transitorio,Cereales,Cereales
76403|Maíz tecnificado,76403,La Victoria,Maíz tecnificado,Maíz,Transitorio,Cereales,Cereales
76403|Maíz tradicional,76403,La Victoria,Maíz tradicional,Maíz,Transitorio,Cereales,Cereales
76403|Melón,76403,La Victoria,Melón,Melón,Transitorio,Hortalizas,Hortalizas de fruto
76403|Naranja Valencia,76403,La Victoria,Naranja Valencia,Naranja,Permanente,Frutales,Cítricos
76403|Otros cítricos,76403,La Victoria,Otros cítricos,Otros cítricos,Permanente,Frutales,Cítricos
76403|Papaya demás variedades,76403,La Victoria,Papaya demás variedades,Papaya,Permanente,Frutales,Demás frutales
76403|Patilla,76403,La Victoria,Patilla,Patilla,Transitorio,Hortalizas,Hortalizas de fruto
76403|Pepino cohombro,76403,La Victoria,Pepino cohombro,Pepino Cohombro,Transitorio,Hortalizas,Hortalizas de fruto
76403|Pimentón,76403,La Victoria,Pimentón,Pimentón,Transitorio,Hortalizas,Hortalizas de fruto
76403|Plátano consumo interno,76403,La Victoria,Plátano consumo interno,Plátano,Permanente,Frutales,Demás frutales
76403|Romero,76403,La Victoria,Romero,Romero,Permanente,"Cultivos para condimentos, bebidas medicinales y aromáticas",Medicinales
76403|Sorgo,76403,La Victoria,Sorgo,Sorgo,Transitorio,Cereales,Cereales
76403|Soya,76403,La Victoria,Soya,Soya,Transitorio,Oleaginosas,Oleaginosas
76403|Tomate invernadero,76403,La Victoria,Tomate invernadero,Tomate,Transitorio,Hortalizas,Hortalizas de fruto
76403|Uva,76403,La Victoria,Uva,Uva,Permanente,Frutales,Demás frutales
76403|Yuca consumo en fresco,76403,La Victoria,Yuca consumo en fresco,Yuca,Transitorio,Raíces y tubérculos,Raíces y tubérculos
76497|Aguacate demás variedades,76497,Obando,Aguacate demás variedades,Aguacate,Permanente,Frutales,Demás frutales
76497|Banano consumo interno,76497,Obando,Banano consumo interno,Banano,Permanente,Frutales,Demás frutales
76497|Cacao,76497,Obando,Cacao,Cacao,Permanente,Cultivos tropicales tradicionales,Cultivos tropicales tradicionales
76497|Café,76497,Obando,Café,Café,Permanente,Cultivos tropicales tradicionales,Cultivos tropicales tradicionales
76497|Caña de azúcar,76497,Obando,Caña de azúcar,Caña,Permanente,Cultivos tropicales tradicionales,Cultivos tropicales tradicionales
76497|Caña panelera,76497,Obando,Caña panelera,Caña,Permanente,Cultivos tropicales tradicionales,Cultivos tropicales tradicionales
76497|Frijol,76497,Obando,Frijol,Frijol,Transitorio,Leguminosas,Leguminosas
76497|Guanábana,76497,Obando,Guanábana,Guanábana,Permanente,Frutales,Anonáceas
76497|Guayaba,76497,Obando,Guayaba,Guayaba,Permanente,Frutales,Mirtáceas
76497|Limón Tahití,76497,Obando,Limón Tahití,Limón,Permanente,Frutales,Cítricos
76497|Mango demás variedades,76497,Obando,Mango demás variedades,Mango,Permanente,Frutales,Demás frutales
76497|Maracuyá,76497,Obando,Maracuyá,Maracuyá,Permanente,Frutales,Pasifloráceas
76497|Maíz amarillo tecnificado,76497,Obando,Maíz amarillo tecnificado,Maíz,Transitorio,Cereales,Cereales
76497|Maíz amarillo tradicional,76497,Obando,Maíz amarillo tradicional,Maíz,Transitorio,Cereales,Cereales
76497|Maíz blanco tecnificado,76497,Obando,Maíz blanco tecnificado,Maíz,Transitorio,Cereales,Cereales
76497|Maíz blanco tradicional,76497,Obando,Maíz blanco tradicional,Maíz,Transitorio,Cereales,Cereales
76497|Maíz tecnificado,76497,Obando,Maíz tecnificado,Maíz,Transitorio,Cereales,Cereales
76497|Maíz tradicional,76497,Obando,Maíz tradicional,Maíz,Transitorio,Cereales,Cereales
76497|Naranja Valencia,76497,Obando,Naranja Valencia,Naranja,Permanente,Frutales,Cítricos
76497|Otras hortalizas,76497,Obando,Otras hortalizas,Otras hortalizas,Transitorio,Hortalizas,Hortalizas
76497|Otros cítricos,76497,Obando,Otros cítricos,Otros cítricos,Permanente,Frutales,Cítricos
76497|Papaya demás variedades,76497,Obando,Papaya demás variedades,Papaya,Permanente,Frutales,Demás frutales
76497|Plátano consumo interno,76497,Obando,Plátano consumo interno,Plátano,Permanente,Frutales,Demás frutales
76497|Sorgo,76497,Obando,Sorgo,Sorgo,Transitorio,Cereales,Cereales
76497|Soya,76497,Obando,Soya,Soya,Transitorio,Oleaginosas,Oleaginosas
76497|Tomate,76497,Obando,Tomate,Tomate,Transitorio,Hortalizas,Hortalizas de fruto
76497|Yuca consumo en fresco,76497,Obando,Yuca consumo en fresco,Yuca,Transitorio,Raíces y tubérculos,Raíces y tubérculos
76520|Aguacate demás variedades,76520,Palmira,Aguacate demás variedades,Aguacate,Permanente,Frutales,Demás frutales
76520|Ahuyama,76520,Palmira,Ahuyama,Ahuyama,Transitorio,Hortalizas,Hortalizas de fruto
76520|Algodón,76520,Palmira,Algodón,Algodón,Transitorio,Cultivos tropicales tradicionales,Cultivos tropicales tradicionales
76520|Arracacha,76520,Palmira,Arracacha,Arracacha,Transitorio,Raíces y tubérculos,Raíces y tubérculos
76520|Arveja,76520,Palmira,Arveja,Arveja,Transitorio,Leguminosas,Leguminosas
76520|Banano consumo interno,76520,Palmira,Banano consumo interno,Banano,Permanente,Frutales,Demás frutales
76520|Cacao,76520,Palmira,Cacao,Cacao,Permanente,Cultivos tropicales tradicionales,Cultivos tropicales tradicionales
76520|Café,76520,Palmira,Café,Café,Permanente,Cultivos tropicales tradicionales,Cultivos tropicales tradicionales
76520|Caña de azúcar,76520,Palmira,Caña de azúcar,Caña,Permanente,Cultivos tropicales tradicionales,Cultivos tropicales tradicionales
76520|Caña panelera,76520,Palmira,Caña panelera,Caña,Permanente,Cultivos tropicales tradicionales,Cultivos tropicales tradicionales
76520|Cebolla de bulbo,76520,Palmira,Cebolla de bulbo,Cebolla de bulbo,Transitorio,Hortalizas,Hortalizas de raíz
76520|Cebolla de rama,76520,Palmira,Cebolla de rama,Cebolla de rama,Transitorio,Hortalizas,Hortalizas de tallo
76520|Cilantro,76520,Palmira,Cilantro,Cilantro,Transitorio,Hortalizas,Hortalizas de hoja
76520|Curuba,76520,Palmira,Curuba,Curuba,Permanente,Frutales,Pasifloráceas
76520|Fresa,76520,Palmira,Fresa,Fresa,Permanente,Frutales,Demás frutales
76520|Frijol,76520,Palmira,Frijol,Frijol,Transitorio,Leguminosas,Leguminosas
76520|Granadilla,76520,Palmira,Granadilla,Granadilla,Permanente,Frutales,Pasifloráceas
76520|Guayaba,76520,Palmira,Guayaba,Guayaba,Permanente,Frutales,Mirtáceas
76520|Habichuela,76520,Palmira,Habichuela,Habichuela,Transitorio,Leguminosas,Leguminosas
76520|Limón Tahití,76520,Palmira,Limón Tahití,Limón,Permanente,Frutales,Cítricos
76520|Lulo,76520,Palmira,Lulo,Lulo,Permanente,Frutales,Solanáceas
76520|Mandarina Arrayana y/o Oneco,76520,Palmira,Mandarina Arrayana y/o Oneco,Mandarina,Permanente,Frutales,Cítricos
76520|Maracuyá,76520,Palmira,Maracuyá,Maracuyá,Permanente,Frutales,Pasifloráceas
76520|Maíz amarillo tecnificado,76520,Palmira,Maíz amarillo tecnificado,Maíz,Transitorio,Cereales,Cereales
76520|Maíz blanco tecnificado,76520,Palmira,Maíz blanco tecnificado,Maíz,Transitorio,Cereales,Cereales
76520|Maíz tecnificado,76520,Palmira,Maíz tecnificado,Maíz,Transitorio,Cereales,Cereales
76520|Maíz tradicional,76520,Palmira,Maíz tradicional,Maíz,Transitorio,Cereales,Cereales
76520|Mora,76520,Palmira,Mora,Mora,Permanente,Frutales,Demás frutales
76520|Naranja Valencia,76520,Palmira,Naranja Valencia,Naranja,Permanente,Frutales,Cítricos
76520|Otros cítricos,76520,Palmira,Otros cítricos,Otros cítricos,Permanente,Frutales,Cítricos
76520|Pepino cohombro,76520,Palmira,Pepino cohombro,Pepino Cohombro,Transitorio,Hortalizas,Hortalizas de fruto
76520|Perejil,76520,Palmira,Perejil,Perejil,Transitorio,"Cultivos para condimentos, bebidas medicinales y aromáticas",Condimentos
76520|Pimentón,76520,Palmira,Pimentón,Pimentón,Transitorio,Hortalizas,Hortalizas de fruto
76520|Plantas aromáticas,76520,Palmira,Plantas aromáticas,Plantas aromáticas,Transitorio,"Cultivos para condimentos, bebidas medicinales y aromáticas","Cultivos para condimentos, bebidas medicinales y aromáticas"
76520|Plátano consumo interno,76520,Palmira,Plátano consumo interno,Plátano,Permanente,Frutales,Demás frutales
76520|Repollo,76520,Palmira,Repollo,Repollo,Transitorio,Hortalizas,Hortalizas de hoja
76520|Soya,76520,Palmira,Soya,Soya,Transitorio,Oleaginosas,Oleaginosas
76520|Tomate,76520,Palmira,Tomate,Tomate,Transitorio,Hortalizas,Hortalizas de fruto
76520|Tomate de árbol,76520,Palmira,Tomate de árbol,Tomate de árbol,Permanente,Frutales,Solanáceas
76520|Tomate invernadero,76520,Palmira,Tomate invernadero,Tomate,Transitorio,Hortalizas,Hortalizas de fruto
76520|Uva,76520,Palmira,Uva,Uva,Permanente,Frutales,Demás frutales
76520|Yuca consumo en fresco,76520,Palmira,Yuca consumo en fresco,Yuca,Transitorio,Raíces y tubérculos,Raíces y tubérculos
76520|Zapote,76520,Palmira,Zapote,Zapote,Permanente,Frutales,Demás frutales
76563|Aguacate demás variedades,76563,Pradera,Aguacate demás variedades,Aguacate,Permanente,Frutales,Demás frutales
76563|Ají,76563,Pradera,Ají,Ají,Transitorio,Hortalizas,Hortalizas de fruto
76563|Arveja,76563,Pradera,Arveja,Arveja,Transitorio,Leguminosas,Leguminosas
76563|Banano consumo interno,76563,Pradera,Banano consumo interno,Banano,Permanente,Frutales,Demás frutales
76563|Brócoli,76563,Pradera,Brócoli,Brócoli,Transitorio,Hortalizas,Hortalizas de flor
76563|Cacao,76563,Pradera,Cacao,Cacao,Permanente,Cultivos tropicales tradicionales,Cultivos tropicales tradicionales
76563|Café,76563,Pradera,Café,Café,Permanente,Cultivos tropicales tradicionales,Cultivos tropicales tradicionales
76563|Caña de azúcar,76563,Pradera,Caña de azúcar,Caña,Permanente,Cultivos tropicales tradicionales,Cultivos tropicales tradicionales
76563|Caña panelera,76563,Pradera,Caña panelera,Caña,Permanente,Cultivos tropicales tradicionales,Cultivos tropicales tradicionales
76563|Cebolla de rama,76563,Pradera,Cebolla de rama,Cebolla de rama,Transitorio,Hortalizas,Hortalizas de tallo
76563|Cilantro,76563,Pradera,Cilantro,Cilantro,Transitorio,Hortalizas,Hortalizas de hoja
76563|Coliflor,76563,Pradera,Coliflor,Coliflor,Transitorio,Hortalizas,Hortalizas de flor
76563|Frijol,76563,Pradera,Frijol,Frijol,Transitorio,Leguminosas,Leguminosas
76563|Guanábana,76563,Pradera,Guanábana,Guanábana,Permanente,Frutales,Anonáceas
76563|Guayaba,76563,Pradera,Guayaba,Guayaba,Permanente,Frutales,Mirtáceas
76563|Habichuela,76563,Pradera,Habichuela,Habichuela,Transitorio,Leguminosas,Leguminosas
76563|Limón Tahití,76563,Pradera,Limón Tahití,Limón,Permanente,Frutales,Cítricos
76563|Lulo,76563,Pradera,Lulo,Lulo,Permanente,Frutales,Solanáceas
76563|Mandarina Arrayana y/o Oneco,76563,Pradera,Mandarina Arrayana y/o Oneco,Mandarina,Permanente,Frutales,Cítricos
"76563|Mango Kent, Keitt, Hilacha o Nam Doc",76563,Pradera,"Mango Kent, Keitt, Hilacha o Nam Doc",Mango,Permanente,Frutales,Demás frutales
76563|Maíz amarillo tradicional,76563,Pradera,Maíz amarillo tradicional,Maíz,Transitorio,Cereales,Cereales
76563|Maíz blanco tradicional,76563,Pradera,Maíz blanco tradicional,Maíz,Transitorio,Cereales,Cereales
76563|Maíz tradicional,76563,Pradera,Maíz tradicional,Maíz,Transitorio,Cereales,Cereales
76563|Mora,76563,Pradera,Mora,Mora,Permanente,Frutales,Demás frutales
76563|Naranja Valencia,76563,Pradera,Naranja Valencia,Naranja,Permanente,Frutales,Cítricos
76563|Otros cítricos,76563,Pradera,Otros cítricos,Otros cítricos,Permanente,Frutales,Cítricos
76563|Pepino cohombro,76563,Pradera,Pepino cohombro,Pepino Cohombro,Transitorio,Hortalizas,Hortalizas de fruto
76563|Pimentón,76563,Pradera,Pimentón,Pimentón,Transitorio,Hortalizas,Hortalizas de fruto
76563|Piña demás variedades,76563,Pradera,Piña demás variedades,Piña,Permanente,Frutales,Demás frutales
76563|Plátano consumo interno,76563,Pradera,Plátano consumo interno,Plátano,Permanente,Frutales,Demás frutales
76563|Tomate,76563,Pradera,Tomate,Tomate,Transitorio,Hortalizas,Hortalizas de fruto
76563|Tomate de árbol,76563,Pradera,Tomate de árbol,Tomate de árbol,Permanente,Frutales,Solanáceas
76606|Aguacate Hass,76606,Restrepo,Aguacate Hass,Aguacate,Permanente,Frutales,Demás frutales
76606|Aguacate Papelillo,76606,Restrepo,Aguacate Papelillo,Aguacate,Permanente,Frutales,Demás frutales
76606|Aguacate demás variedades,76606,Restrepo,Aguacate demás variedades,Aguacate,Permanente,Frutales,Demás frutales
76606|Ahuyama,76606,Restrepo,Ahuyama,Ahuyama,Transitorio,Hortalizas,Hortalizas de fruto
76606|Ají,76606,Restrepo,Ají,Ají,Transitorio,Hortalizas,Hortalizas de fruto
76606|Banano consumo interno,76606,Restrepo,Banano consumo interno,Banano,Permanente,Frutales,Demás frutales
76606|Café,76606,Restrepo,Café,Café,Permanente,Cultivos tropicales tradicionales,Cultivos tropicales tradicionales
76606|Caña panelera,76606,Restrepo,Caña panelera,Caña,Permanente,Cultivos tropicales tradicionales,Cultivos tropicales tradicionales
76606|Cilantro,76606,Restrepo,Cilantro,Cilantro,Transitorio,Hortalizas,Hortalizas de hoja
76606|Cimarrón,76606,Restrepo,Cimarrón,Cimarrón,Transitorio,"Cultivos para condimentos, bebidas medicinales y aromáticas",Condimentos
76606|Frijol,76606,Restrepo,Frijol,Frijol,Transitorio,Leguminosas,Leguminosas
76606|Granadilla,76606,Restrepo,Granadilla,Granadilla,Permanente,Frutales,Pasifloráceas
76606|Guayaba,76606,Restrepo,Guayaba,Guayaba,Permanente,Frutales,Mirtáceas
76606|Habichuela,76606,Restrepo,Habichuela,Habichuela,Transitorio,Leguminosas,Leguminosas
76606|Limón Tahití,76606,Restrepo,Limón Tahití,Limón,Permanente,Frutales,Cítricos
76606|Lulo,76606,Restrepo,Lulo,Lulo,Permanente,Frutales,Solanáceas
76606|Macadamia,76606,Restrepo,Macadamia,Macadamia,Permanente,Frutales,Demás frutales
76606|Mandarina Arrayana y/o Oneco,76606,Restrepo,Mandarina Arrayana y/o Oneco,Mandarina,Permanente,Frutales,Cítricos
76606|Mango demás variedades,76606,Restrepo,Mango demás variedades,Mango,Permanente,Frutales,Demás frutales
76606|Maracuyá,76606,Restrepo,Maracuyá,Maracuyá,Permanente,Frutales,Pasifloráceas
76606|Maíz amarillo tecnificado,76606,Restrepo,Maíz amarillo tecnificado,Maíz,Transitorio,Cereales,Cereales
76606|Maíz amarillo tradicional,76606,Restrepo,Maíz amarillo tradicional,Maíz,Transitorio,Cereales,Cereales
76606|Maíz tecnificado,76606,Restrepo,Maíz tecnificado,Maíz,Transitorio,Cereales,Cereales
76606|Maíz tradicional,76606,Restrepo,Maíz tradicional,Maíz,Transitorio,Cereales,Cereales
76606|Mora,76606,Restrepo,Mora,Mora,Permanente,Frutales,Demás frutales
76606|Naranja Valencia,76606,Restrepo,Naranja Valencia,Naranja,Permanente,Frutales,Cítricos
76606|Otros cítricos,76606,Restrepo,Otros cítricos,Otros cítricos,Permanente,Frutales,Cítricos
76606|Pepino cohombro,76606,Restrepo,Pepino cohombro,Pepino Cohombro,Transitorio,Hortalizas,Hortalizas de fruto
76606|Pimentón,76606,Restrepo,Pimentón,Pimentón,Transitorio,Hortalizas,Hortalizas de fruto
76606|Pitahaya,76606,Restrepo,Pitahaya,Pitahaya,Permanente,Frutales,Demás frutales
"76606|Piña Cayena, Gold, Manzana y/o Perolera",76606,Restrepo,"Piña Cayena, Gold, Manzana y/o Perolera",Piña,Permanente,Frutales,Demás frutales
76606|Piña demás variedades,76606,Restrepo,Piña demás variedades,Piña,Permanente,Frutales,Demás frutales
76606|Plátano consumo interno,76606,Restrepo,Plátano consumo interno,Plátano,Permanente,Frutales,Demás frutales
76606|Sacha inchi,76606,Restrepo,Sacha inchi,Sacha inchi,Permanente,Oleaginosas,Oleaginosas
76606|Sábila,76606,Restrepo,Sábila,Sábila,Permanente,"Cultivos para condimentos, bebidas medicinales y aromáticas",Medicinales
76606|Tomate,76606,Restrepo,Tomate,Tomate,Transitorio,Hortalizas,Hortalizas de fruto
76606|Tomate de árbol,76606,Restrepo,Tomate de árbol,Tomate de árbol,Permanente,Frutales,Solanáceas
76606|Tomate invernadero,76606,Restrepo,Tomate invernadero,Tomate,Transitorio,Hortalizas,Hortalizas de fruto
76606|Yuca consumo en fresco,76606,Restrepo,Yuca consumo en fresco,Yuca,Transitorio,Raíces y tubérculos,Raíces y tubérculos
76616|Aguacate Hass,76616,Riofrío,Aguacate Hass,Aguacate,Permanente,Frutales,Demás frutales
76616|Aguacate demás variedades,76616,Riofrío,Aguacate demás variedades,Aguacate,Permanente,Frutales,Demás frutales
76616|Banano consumo interno,76616,Riofrío,Banano consumo interno,Banano,Permanente,Frutales,Demás frutales
76616|Cacao,76616,Riofrío,Cacao,Cacao,Permanente,Cultivos tropicales tradicionales,Cultivos tropicales tradicionales
76616|Café,76616,Riofrío,Café,Café,Permanente,Cultivos tropicales tradicionales,Cultivos tropicales tradicionales
76616|Caña de azúcar,76616,Riofrío,Caña de azúcar,Caña,Permanente,Cultivos tropicales tradicionales,Cultivos tropicales tradicionales
76616|Caña panelera,76616,Riofrío,Caña panelera,Caña,Permanente,Cultivos tropicales tradicionales,Cultivos tropicales tradicionales
76616|Cilantro,76616,Riofrío,Cilantro,Cilantro,Transitorio,Hortalizas,Hortalizas de hoja
76616|Frijol,76616,Riofrío,Frijol,Frijol,Transitorio,Leguminosas,Leguminosas
76616|Guanábana,76616,Riofrío,Guanábana,Guanábana,Permanente,Frutales,Anonáceas
76616|Guayaba,76616,Riofrío,Guayaba,Guayaba,Permanente,Frutales,Mirtáceas
76616|Habichuela,76616,Riofrío,Habichuela,Habichuela,Transitorio,Leguminosas,Leguminosas
76616|Limón Tahití,76616,Riofrío,Limón Tahití,Limón,Permanente,Frutales,Cítricos
76616|Lulo,76616,Riofrío,Lulo,Lulo,Permanente,Frutales,Solanáceas
76616|Mandarina Arrayana y/o Oneco,76616,Riofrío,Mandarina Arrayana y/o Oneco,Mandarina,Permanente,Frutales,Cítricos
76616|Mango demás variedades,76616,Riofrío,Mango demás variedades,Mango,Permanente,Frutales,Demás frutales
76616|Maracuyá,76616,Riofrío,Maracuyá,Maracuyá,Permanente,Frutales,Pasifloráceas
76616|Maíz amarillo tecnificado,76616,Riofrío,Maíz amarillo tecnificado,Maíz,Transitorio,Cereales,Cereales
76616|Maíz amarillo tradicional,76616,Riofrío,Maíz amarillo tradicional,Maíz,Transitorio,Cereales,Cereales
76616|Maíz blanco tecnificado,76616,Riofrío,Maíz blanco tecnificado,Maíz,Transitorio,Cereales,Cereales
76616|Maíz blanco tradicional,76616,Riofrío,Maíz blanco tradicional,Maíz,Transitorio,Cereales,Cereales
76616|Maíz tecnificado,76616,Riofrío,Maíz tecnificado,Maíz,Transitorio,Cereales,Cereales
76616|Maíz tradicional,76616,Riofrío,Maíz tradicional,Maíz,Transitorio,Cereales,Cereales
76616|Mora,76616,Riofrío,Mora,Mora,Permanente,Frutales,Demás frutales
76616|Naranja Valencia,76616,Riofrío,Naranja Valencia,Naranja,Permanente,Frutales,Cítricos
76616|Otros cítricos,76616,Riofrío,Otros cítricos,Otros cítricos,Permanente,Frutales,Cítricos
76616|Pitahaya,76616,Riofrío,Pitahaya,Pitahaya,Permanente,Frutales,Demás frutales
76616|Piña demás variedades,76616,Riofrío,Piña demás variedades,Piña,Permanente,Frutales,Demás frutales
76616|Plátano consumo interno,76616,Riofrío,Plátano consumo interno,Plátano,Permanente,Frutales,Demás frutales
76616|Stevia,76616,Riofrío,Stevia,Stevia,Permanente,"Cultivos para condimentos, bebidas medicinales y aromáticas",Medicinales
76616|Tomate,76616,Riofrío,Tomate,Tomate,Transitorio,Hortalizas,Hortalizas de fruto
76616|Tomate invernadero,76616,Riofrío,Tomate invernadero,Tomate,Transitorio,Hortalizas,Hortalizas de fruto
76616|Yuca consumo en fresco,76616,Riofrío,Yuca consumo en fresco,Yuca,Transitorio,Raíces y tubérculos,Raíces y tubérculos
76622|Acelga,76622,Roldanillo,Acelga,Acelga,Transitorio,Hortalizas,Hortalizas de hoja
76622|Aguacate Hass,76622,Roldanillo,Aguacate Hass,Aguacate,Permanente,Frutales,Demás frutales
76622|Aguacate demás variedades,76622,Roldanillo,Aguacate demás variedades,Aguacate,Permanente,Frutales,Demás frutales
76622|Ahuyama,76622,Roldanillo,Ahuyama,Ahuyama,Transitorio,Hortalizas,Hortalizas de fruto
76622|Ají,76622,Roldanillo,Ají,Ají,Transitorio,Hortalizas,Hortalizas de fruto
76622|Algodón,76622,Roldanillo,Algodón,Algodón,Transitorio,Cultivos tropicales tradicionales,Cultivos tropicales tradicionales
76622|Arracacha,76622,Roldanillo,Arracacha,Arracacha,Transitorio,Raíces y tubérculos,Raíces y tubérculos
76622|Arroz secano mecanizado,76622,Roldanillo,Arroz secano mecanizado,Arroz,Transitorio,Cereales,Cereales
76622|Arveja,76622,Roldanillo,Arveja,Arveja,Transitorio,Leguminosas,Leguminosas
76622|Banano consumo interno,76622,Roldanillo,Banano consumo interno,Banano,Permanente,Frutales,Demás frutales
76622|Berenjena,76622,Roldanillo,Berenjena,Berenjena,Transitorio,Hortalizas,Hortalizas de fruto
76622|Cacao,76622,Roldanillo,Cacao,Cacao,Permanente,Cultivos tropicales tradicionales,Cultivos tropicales tradicionales
76622|Café,76622,Roldanillo,Café,Café,Permanente,Cultivos tropicales tradicionales,Cultivos tropicales tradicionales
76622|Caña de azúcar,76622,Roldanillo,Caña de azúcar,Caña,Permanente,Cultivos tropicales tradicionales,Cultivos tropicales tradicionales
76622|Caña panelera,76622,Roldanillo,Caña panelera,Caña,Permanente,Cultivos tropicales tradicionales,Cultivos tropicales tradicionales
76622|Cebolla de bulbo,76622,Roldanillo,Cebolla de bulbo,Cebolla de bulbo,Transitorio,Hortalizas,Hortalizas de raíz
76622|Cebolla de rama,76622,Roldanillo,Cebolla de rama,Cebolla de rama,Transitorio,Hortalizas,Hortalizas de tallo
76622|Cilantro,76622,Roldanillo,Cilantro,Cilantro,Transitorio,Hortalizas,Hortalizas de hoja
76622|Espinaca,76622,Roldanillo,Espinaca,Espinaca,Transitorio,Hortalizas,Hortalizas de hoja
76622|Fresa,76622,Roldanillo,Fresa,Fresa,Permanente,Frutales,Demás frutales
76622|Frijol,76622,Roldanillo,Frijol,Frijol,Transitorio,Leguminosas,Leguminosas
76622|Granadilla,76622,Roldanillo,Granadilla,Granadilla,Permanente,Frutales,Pasifloráceas
76622|Guanábana,76622,Roldanillo,Guanábana,Guanábana,Permanente,Frutales,Anonáceas
76622|Guayaba,76622,Roldanillo,Guayaba,Guayaba,Permanente,Frutales,Mirtáceas
76622|Habichuela,76622,Roldanillo,Habichuela,Habichuela,Transitorio,Leguminosas,Leguminosas
76622|Lechuga,76622,Roldanillo,Lechuga,Lechuga,Transitorio,Hortalizas,Hortalizas de hoja
76622|Limón Tahití,76622,Roldanillo,Limón Tahití,Limón,Permanente,Frutales,Cítricos
76622|Lulo,76622,Roldanillo,Lulo,Lulo,Permanente,Frutales,Solanáceas
76622|Mandarina Arrayana y/o Oneco,76622,Roldanillo,Mandarina Arrayana y/o Oneco,Mandarina,Permanente,Frutales,Cítricos
76622|Mango demás variedades,76622,Roldanillo,Mango demás variedades,Mango,Permanente,Frutales,Demás frutales
76622|Maracuyá,76622,Roldanillo,Maracuyá,Maracuyá,Permanente,Frutales,Pasifloráceas
76622|Maíz amarillo tecnificado,76622,Roldanillo,Maíz amarillo tecnificado,Maíz,Transitorio,Cereales,Cereales
76622|Maíz amarillo tradicional,76622,Roldanillo,Maíz amarillo tradicional,Maíz,Transitorio,Cereales,Cereales
76622|Maíz blanco tecnificado,76622,Roldanillo,Maíz blanco tecnificado,Maíz,Transitorio,Cereales,Cereales
76622|Maíz blanco tradicional,76622,Roldanillo,Maíz blanco tradicional,Maíz,Transitorio,Cereales,Cereales
76622|Maíz tecnificado,76622,Roldanillo,Maíz tecnificado,Maíz,Transitorio,Cereales,Cereales
76622|Maíz tradicional,76622,Roldanillo,Maíz tradicional,Maíz,Transitorio,Cereales,Cereales
76622|Melón,76622,Roldanillo,Melón,Melón,Transitorio,Hortalizas,Hortalizas de fruto
76622|Mora,76622,Roldanillo,Mora,Mora,Permanente,Frutales,Demás frutales
76622|Otros cítricos,76622,Roldanillo,Otros cítricos,Otros cítricos,Permanente,Frutales,Cítricos
"76622|Papaya Hawaiana, Maradol, Melona, redonda y/o Tainung",76622,Roldanillo,"Papaya Hawaiana, Maradol, Melona, redonda y/o Tainung",Papaya,Permanente,Frutales,Demás frutales
76622|Papaya demás variedades,76622,Roldanillo,Papaya demás variedades,Papaya,Permanente,Frutales,Demás frutales
76622|Patilla,76622,Roldanillo,Patilla,Patilla,Transitorio,Hortalizas,Hortalizas de fruto
76622|Pepino cohombro,76622,Roldanillo,Pepino cohombro,Pepino Cohombro,Transitorio,Hortalizas,Hortalizas de fruto
76622|Pimentón,76622,Roldanillo,Pimentón,Pimentón,Transitorio,Hortalizas,Hortalizas de fruto
76622|Pitahaya,76622,Roldanillo,Pitahaya,Pitahaya,Permanente,Frutales,Demás frutales
76622|Piña demás variedades,76622,Roldanillo,Piña demás variedades,Piña,Permanente,Frutales,Demás frutales
76622|Plátano consumo interno,76622,Roldanillo,Plátano consumo interno,Plátano,Permanente,Frutales,Demás frutales
76622|Remolacha,76622,Roldanillo,Remolacha,Remolacha,Transitorio,Hortalizas,Hortalizas de raíz
76622|Repollo,76622,Roldanillo,Repollo,Repollo,Transitorio,Hortalizas,Hortalizas de hoja
76622|Rábano,76622,Roldanillo,Rábano,Rábano,Transitorio,Hortalizas,Hortalizas de raíz
76622|Sacha inchi,76622,Roldanillo,Sacha inchi,Sacha inchi,Permanente,Oleaginosas,Oleaginosas
76622|Sorgo,76622,Roldanillo,Sorgo,Sorgo,Transitorio,Cereales,Cereales
76622|Soya,76622,Roldanillo,Soya,Soya,Transitorio,Oleaginosas,Oleaginosas
76622|Sábila,76622,Roldanillo,Sábila,Sábila,Permanente,"Cultivos para condimentos, bebidas medicinales y aromáticas",Medicinales
76622|Tomate,76622,Roldanillo,Tomate,Tomate,Transitorio,Hortalizas,Hortalizas de fruto
76622|Tomate de árbol,76622,Roldanillo,Tomate de árbol,Tomate de árbol,Permanente,Frutales,Solanáceas
76622|Tomate invernadero,76622,Roldanillo,Tomate invernadero,Tomate,Transitorio,Hortalizas,Hortalizas de fruto
76622|Uva,76622,Roldanillo,Uva,Uva,Permanente,Frutales,Demás frutales
76622|Yuca consumo en fresco,76622,Roldanillo,Yuca consumo en fresco,Yuca,Transitorio,Raíces y tubérculos,Raíces y tubérculos
76670|Aguacate demás variedades,76670,San Pedro,Aguacate demás variedades,Aguacate,Permanente,Frutales,Demás frutales
76670|Ahuyama,76670,San Pedro,Ahuyama,Ahuyama,Transitorio,Hortalizas,Hortalizas de fruto
76670|Ají,76670,San Pedro,Ají,Ají,Transitorio,Hortalizas,Hortalizas de fruto
76670|Arracacha,76670,San Pedro,Arracacha,Arracacha,Transitorio,Raíces y tubérculos,Raíces y tubérculos
76670|Banano consumo interno,76670,San Pedro,Banano consumo interno,Banano,Permanente,Frutales,Demás frutales
76670|Cacao,76670,San Pedro,Cacao,Cacao,Permanente,Cultivos tropicales tradicionales,Cultivos tropicales tradicionales
76670|Café,76670,San Pedro,Café,Café,Permanente,Cultivos tropicales tradicionales,Cultivos tropicales tradicionales
76670|Caña de azúcar,76670,San Pedro,Caña de azúcar,Caña,Permanente,Cultivos tropicales tradicionales,Cultivos tropicales tradicionales
76670|Caña panelera,76670,San Pedro,Caña panelera,Caña,Permanente,Cultivos tropicales tradicionales,Cultivos tropicales tradicionales
76670|Cilantro,76670,San Pedro,Cilantro,Cilantro,Transitorio,Hortalizas,Hortalizas de hoja
76670|Frijol,76670,San Pedro,Frijol,Frijol,Transitorio,Leguminosas,Leguminosas
76670|Granadilla,76670,San Pedro,Granadilla,Granadilla,Permanente,Frutales,Pasifloráceas
76670|Guanábana,76670,San Pedro,Guanábana,Guanábana,Permanente,Frutales,Anonáceas
76670|Habichuela,76670,San Pedro,Habichuela,Habichuela,Transitorio,Leguminosas,Leguminosas
76670|Limón Mandarino,76670,San Pedro,Limón Mandarino,Limón,Permanente,Frutales,Cítricos
76670|Lulo,76670,San Pedro,Lulo,Lulo,Permanente,Frutales,Solanáceas
76670|Mandarina Arrayana y/o Oneco,76670,San Pedro,Mandarina Arrayana y/o Oneco,Mandarina,Permanente,Frutales,Cítricos
76670|Mango demás variedades,76670,San Pedro,Mango demás variedades,Mango,Permanente,Frutales,Demás frutales
76670|Maracuyá,76670,San Pedro,Maracuyá,Maracuyá,Permanente,Frutales,Pasifloráceas
76670|Maíz amarillo tecnificado,76670,San Pedro,Maíz amarillo tecnificado,Maíz,Transitorio,Cereales,Cereales
76670|Maíz amarillo tradicional,76670,San Pedro,Maíz amarillo tradicional,Maíz,Transitorio,Cereales,Cereales
76670|Maíz blanco tecnificado,76670,San Pedro,Maíz blanco tecnificado,Maíz,Transitorio,Cereales,Cereales
76670|Maíz blanco tradicional,76670,San Pedro,Maíz blanco tradicional,Maíz,Transitorio,Cereales,Cereales
76670|Maíz tecnificado,76670,San Pedro,Maíz tecnificado,Maíz,Transitorio,Cereales,Cereales
76670|Maíz tradicional,76670,San Pedro,Maíz tradicional,Maíz,Transitorio,Cereales,Cereales
76670|Mora,76670,San Pedro,Mora,Mora,Permanente,Frutales,Demás frutales
76670|Naranja demás variedades,76670,San Pedro,Naranja demás variedades,Naranja,Permanente,Frutales,Cítricos
76670|Otros cítricos,76670,San Pedro,Otros cítricos,Otros cítricos,Permanente,Frutales,Cítricos
76670|Papaya demás variedades,76670,San Pedro,Papaya demás variedades,Papaya,Permanente,Frutales,Demás frutales
76670|Pepino cohombro,76670,San Pedro,Pepino cohombro,Pepino Cohombro,Transitorio,Hortalizas,Hortalizas de fruto
76670|Pimentón,76670,San Pedro,Pimentón,Pimentón,Transitorio,Hortalizas,Hortalizas de fruto
76670|Plátano consumo interno,76670,San Pedro,Plátano consumo interno,Plátano,Permanente,Frutales,Demás frutales
76670|Repollo,76670,San Pedro,Repollo,Repollo,Transitorio,Hortalizas,Hortalizas de hoja
76670|Tomate,76670,San Pedro,Tomate,Tomate,Transitorio,Hortalizas,Hortalizas de fruto
76670|Tomate de árbol,76670,San Pedro,Tomate de árbol,Tomate de árbol,Permanente,Frutales,Solanáceas
76670|Uva,76670,San Pedro,Uva,Uva,Permanente,Frutales,Demás frutales
76670|Yuca consumo en fresco,76670,San Pedro,Yuca consumo en fresco,Yuca,Transitorio,Raíces y tubérculos,Raíces y tubérculos
76736|Aguacate Hass,76736,Sevilla,Aguacate Hass,Aguacate,Permanente,Frutales,Demás frutales
76736|Aguacate demás variedades,76736,Sevilla,Aguacate demás variedades,Aguacate,Permanente,Frutales,Demás frutales
76736|Ahuyama,76736,Sevilla,Ahuyama,Ahuyama,Transitorio,Hortalizas,Hortalizas de fruto
76736|Ají,76736,Sevilla,Ají,Ají,Transitorio,Hortalizas,Hortalizas de fruto
76736|Arracacha,76736,Sevilla,Arracacha,Arracacha,Transitorio,Raíces y tubérculos,Raíces y tubérculos
76736|Arveja,76736,Sevilla,Arveja,Arveja,Transitorio,Leguminosas,Leguminosas
76736|Banano consumo interno,76736,Sevilla,Banano consumo interno,Banano,Permanente,Frutales,Demás frutales
76736|Cacao,76736,Sevilla,Cacao,Cacao,Permanente,Cultivos tropicales tradicionales,Cultivos tropicales tradicionales
76736|Café,76736,Sevilla,Café,Café,Permanente,Cultivos tropicales tradicionales,Cultivos tropicales tradicionales
76736|Caña de azúcar,76736,Sevilla,Caña de azúcar,Caña,Permanente,Cultivos tropicales tradicionales,Cultivos tropicales tradicionales
76736|Caña panelera,76736,Sevilla,Caña panelera,Caña,Permanente,Cultivos tropicales tradicionales,Cultivos tropicales tradicionales
76736|Cebolla de bulbo,76736,Sevilla,Cebolla de bulbo,Cebolla de bulbo,Transitorio,Hortalizas,Hortalizas de raíz
76736|Cebolla de rama,76736,Sevilla,Cebolla de rama,Cebolla de rama,Transitorio,Hortalizas,Hortalizas de tallo
76736|Cilantro,76736,Sevilla,Cilantro,Cilantro,Transitorio,Hortalizas,Hortalizas de hoja
76736|Cimarrón,76736,Sevilla,Cimarrón,Cimarrón,Transitorio,"Cultivos para condimentos, bebidas medicinales y aromáticas",Condimentos
76736|Cúrcuma o azafrán,76736,Sevilla,Cúrcuma o azafrán,Cúrcuma o azafrán,Permanente,Raíces y tubérculos,Raíces y tubérculos
76736|Fresa,76736,Sevilla,Fresa,Fresa,Permanente,Frutales,Demás frutales
76736|Frijol,76736,Sevilla,Frijol,Frijol,Transitorio,Leguminosas,Leguminosas
76736|Granadilla,76736,Sevilla,Granadilla,Granadilla,Permanente,Frutales,Pasifloráceas
76736|Guanábana,76736,Sevilla,Guanábana,Guanábana,Permanente,Frutales,Anonáceas
76736|Guayaba,76736,Sevilla,Guayaba,Guayaba,Permanente,Frutales,Mirtáceas
76736|Habichuela,76736,Sevilla,Habichuela,Habichuela,Transitorio,Leguminosas,Leguminosas
76736|Limón Pajarito,76736,Sevilla,Limón Pajarito,Limón,Permanente,Frutales,Cítricos
76736|Limón Tahití,76736,Sevilla,Limón Tahití,Limón,Permanente,Frutales,Cítricos
76736|Lulo,76736,Sevilla,Lulo,Lulo,Permanente,Frutales,Solanáceas
76736|Macadamia,76736,Sevilla,Macadamia,Macadamia,Permanente,Frutales,Demás frutales
76736|Mandarina Arrayana y/o Oneco,76736,Sevilla,Mandarina Arrayana y/o Oneco,Mandarina,Permanente,Frutales,Cítricos
76736|Maracuyá,76736,Sevilla,Maracuyá,Maracuyá,Permanente,Frutales,Pasifloráceas
76736|Maíz amarillo tradicional,76736,Sevilla,Maíz amarillo tradicional,Maíz,Transitorio,Cereales,Cereales
76736|Maíz blanco tradicional,76736,Sevilla,Maíz blanco tradicional,Maíz,Transitorio,Cereales,Cereales
76736|Maíz tradicional,76736,Sevilla,Maíz tradicional,Maíz,Transitorio,Cereales,Cereales
76736|Mora,76736,Sevilla,Mora,Mora,Permanente,Frutales,Demás frutales
76736|Naranja Valencia,76736,Sevilla,Naranja Valencia,Naranja,Permanente,Frutales,Cítricos
76736|Otros cítricos,76736,Sevilla,Otros cítricos,Otros cítricos,Permanente,Frutales,Cítricos
76736|Papa todas las variedades,76736,Sevilla,Papa todas las variedades,Papa,Transitorio,Raíces y tubérculos,Raíces y tubérculos
"76736|Papaya Hawaiana, Maradol, Melona, redonda y/o Tainung",76736,Sevilla,"Papaya Hawaiana, Maradol, Melona, redonda y/o Tainung",Papaya,Permanente,Frutales,Demás frutales
76736|Pepino cohombro,76736,Sevilla,Pepino cohombro,Pepino Cohombro,Transitorio,Hortalizas,Hortalizas de fruto
76736|Pimentón,76736,Sevilla,Pimentón,Pimentón,Transitorio,Hortalizas,Hortalizas de fruto
76736|Pitahaya,76736,Sevilla,Pitahaya,Pitahaya,Permanente,Frutales,Demás frutales
"76736|Piña Cayena, Gold, Manzana y/o Perolera",76736,Sevilla,"Piña Cayena, Gold, Manzana y/o Perolera",Piña,Permanente,Frutales,Demás frutales
76736|Plantas aromáticas,76736,Sevilla,Plantas aromáticas,Plantas aromáticas,Transitorio,"Cultivos para condimentos, bebidas medicinales y aromáticas","Cultivos para condimentos, bebidas medicinales y aromáticas"
76736|Plátano consumo interno,76736,Sevilla,Plátano consumo interno,Plátano,Permanente,Frutales,Demás frutales
76736|Repollo,76736,Sevilla,Repollo,Repollo,Transitorio,Hortalizas,Hortalizas de hoja
76736|Tomate,76736,Sevilla,Tomate,Tomate,Transitorio,Hortalizas,Hortalizas de fruto
76736|Tomate de árbol,76736,Sevilla,Tomate de árbol,Tomate de árbol,Permanente,Frutales,Solanáceas
76736|Tomate invernadero,76736,Sevilla,Tomate invernadero,Tomate,Transitorio,Hortalizas,Hortalizas de fruto
76736|Uva,76736,Sevilla,Uva,Uva,Permanente,Frutales,Demás frutales
76736|Yuca consumo en fresco,76736,Sevilla,Yuca consumo en fresco,Yuca,Transitorio,Raíces y tubérculos,Raíces y tubérculos
76736|Zanahoria,76736,Sevilla,Zanahoria,Zanahoria,Transitorio,Hortalizas,Hortalizas de raíz
76823|Aguacate Hass,76823,Toro,Aguacate Hass,Aguacate,Permanente,Frutales,Demás frutales
76823|Aguacate demás variedades,76823,Toro,Aguacate demás variedades,Aguacate,Permanente,Frutales,Demás frutales
76823|Ají,76823,Toro,Ají,Ají,Transitorio,Hortalizas,Hortalizas de fruto
76823|Banano consumo interno,76823,Toro,Banano consumo interno,Banano,Permanente,Frutales,Demás frutales
76823|Berenjena,76823,Toro,Berenjena,Berenjena,Transitorio,Hortalizas,Hortalizas de fruto
76823|Cacao,76823,Toro,Cacao,Cacao,Permanente,Cultivos tropicales tradicionales,Cultivos tropicales tradicionales
76823|Café,76823,Toro,Café,Café,Permanente,Cultivos tropicales tradicionales,Cultivos tropicales tradicionales
76823|Caña de azúcar,76823,Toro,Caña de azúcar,Caña,Permanente,Cultivos tropicales tradicionales,Cultivos tropicales tradicionales
76823|Frijol,76823,Toro,Frijol,Frijol,Transitorio,Leguminosas,Leguminosas
76823|Granadilla,76823,Toro,Granadilla,Granadilla,Permanente,Frutales,Pasifloráceas
76823|Guanábana,76823,Toro,Guanábana,Guanábana,Permanente,Frutales,Anonáceas
76823|Guayaba,76823,Toro,Guayaba,Guayaba,Permanente,Frutales,Mirtáceas
76823|Limón Tahití,76823,Toro,Limón Tahití,Limón,Permanente,Frutales,Cítricos
76823|Lulo,76823,Toro,Lulo,Lulo,Permanente,Frutales,Solanáceas
"76823|Mango Kent, Keitt, Hilacha o Nam Doc",76823,Toro,"Mango Kent, Keitt, Hilacha o Nam Doc",Mango,Permanente,Frutales,Demás frutales
76823|Mango demás variedades,76823,Toro,Mango demás variedades,Mango,Permanente,Frutales,Demás frutales
76823|Maracuyá,76823,Toro,Maracuyá,Maracuyá,Permanente,Frutales,Pasifloráceas
76823|Maíz amarillo tecnificado,76823,Toro,Maíz amarillo tecnificado,Maíz,Transitorio,Cereales,Cereales
76823|Maíz amarillo tradicional,76823,Toro,Maíz amarillo tradicional,Maíz,Transitorio,Cereales,Cereales
76823|Maíz blanco tecnificado,76823,Toro,Maíz blanco tecnificado,Maíz,Transitorio,Cereales,Cereales
76823|Maíz blanco tradicional,76823,Toro,Maíz blanco tradicional,Maíz,Transitorio,Cereales,Cereales
76823|Maíz tecnificado,76823,Toro,Maíz tecnificado,Maíz,Transitorio,Cereales,Cereales
76823|Melón,76823,Toro,Melón,Melón,Transitorio,Hortalizas,Hortalizas de fruto
76823|Mora,76823,Toro,Mora,Mora,Permanente,Frutales,Demás frutales
76823|Otros cítricos,76823,Toro,Otros cítricos,Otros cítricos,Permanente,Frutales,Cítricos
"76823|Papaya Hawaiana, Maradol, Melona, redonda y/o Tainung",76823,Toro,"Papaya Hawaiana, Maradol, Melona, redonda y/o Tainung",Papaya,Permanente,Frutales,Demás frutales
76823|Papaya demás variedades,76823,Toro,Papaya demás variedades,Papaya,Permanente,Frutales,Demás frutales
76823|Patilla,76823,Toro,Patilla,Patilla,Transitorio,Hortalizas,Hortalizas de fruto
76823|Pimentón,76823,Toro,Pimentón,Pimentón,Transitorio,Hortalizas,Hortalizas de fruto
"76823|Piña Cayena, Gold, Manzana y/o Perolera",76823,Toro,"Piña Cayena, Gold, Manzana y/o Perolera",Piña,Permanente,Frutales,Demás frutales
76823|Piña demás variedades,76823,Toro,Piña demás variedades,Piña,Permanente,Frutales,Demás frutales
76823|Plátano consumo interno,76823,Toro,Plátano consumo interno,Plátano,Permanente,Frutales,Demás frutales
76823|Soya,76823,Toro,Soya,Soya,Transitorio,Oleaginosas,Oleaginosas
76823|Tomate,76823,Toro,Tomate,Tomate,Transitorio,Hortalizas,Hortalizas de fruto
76823|Uva,76823,Toro,Uva,Uva,Permanente,Frutales,Demás frutales
76823|Yuca consumo en fresco,76823,Toro,Yuca consumo en fresco,Yuca,Transitorio,Raíces y tubérculos,Raíces y tubérculos
76828|Aguacate Hass,76828,Trujillo,Aguacate Hass,Aguacate,Permanente,Frutales,Demás frutales
76828|Aguacate Papelillo,76828,Trujillo,Aguacate Papelillo,Aguacate,Permanente,Frutales,Demás frutales
76828|Aguacate demás variedades,76828,Trujillo,Aguacate demás variedades,Aguacate,Permanente,Frutales,Demás frutales
76828|Ají,76828,Trujillo,Ají,Ají,Transitorio,Hortalizas,Hortalizas de fruto
76828|Banano consumo interno,76828,Trujillo,Banano consumo interno,Banano,Permanente,Frutales,Demás frutales
76828|Berenjena,76828,Trujillo,Berenjena,Berenjena,Transitorio,Hortalizas,Hortalizas de fruto
76828|Cacao,76828,Trujillo,Cacao,Cacao,Permanente,Cultivos tropicales tradicionales,Cultivos tropicales tradicionales
76828|Café,76828,Trujillo,Café,Café,Permanente,Cultivos tropicales tradicionales,Cultivos tropicales tradicionales
76828|Caña de azúcar,76828,Trujillo,Caña de azúcar,Caña,Permanente,Cultivos tropicales tradicionales,Cultivos tropicales tradicionales
76828|Caña panelera,76828,Trujillo,Caña panelera,Caña,Permanente,Cultivos tropicales tradicionales,Cultivos tropicales tradicionales
76828|Frijol,76828,Trujillo,Frijol,Frijol,Transitorio,Leguminosas,Leguminosas
76828|Granadilla,76828,Trujillo,Granadilla,Granadilla,Permanente,Frutales,Pasifloráceas
76828|Guanábana,76828,Trujillo,Guanábana,Guanábana,Permanente,Frutales,Anonáceas
76828|Guayaba,76828,Trujillo,Guayaba,Guayaba,Permanente,Frutales,Mirtáceas
76828|Habichuela,76828,Trujillo,Habichuela,Habichuela,Transitorio,Leguminosas,Leguminosas
76828|Limón Tahití,76828,Trujillo,Limón Tahití,Limón,Permanente,Frutales,Cítricos
76828|Lulo,76828,Trujillo,Lulo,Lulo,Permanente,Frutales,Solanáceas
"76828|Mango Kent, Keitt, Hilacha o Nam Doc",76828,Trujillo,"Mango Kent, Keitt, Hilacha o Nam Doc",Mango,Permanente,Frutales,Demás frutales
76828|Mango demás variedades,76828,Trujillo,Mango demás variedades,Mango,Permanente,Frutales,Demás frutales
76828|Maracuyá,76828,Trujillo,Maracuyá,Maracuyá,Permanente,Frutales,Pasifloráceas
76828|Maíz amarillo tecnificado,76828,Trujillo,Maíz amarillo tecnificado,Maíz,Transitorio,Cereales,Cereales
76828|Maíz amarillo tradicional,76828,Trujillo,Maíz amarillo tradicional,Maíz,Transitorio,Cereales,Cereales
76828|Maíz tecnificado,76828,Trujillo,Maíz tecnificado,Maíz,Transitorio,Cereales,Cereales
76828|Maíz tradicional,76828,Trujillo,Maíz tradicional,Maíz,Transitorio,Cereales,Cereales
76828|Mora,76828,Trujillo,Mora,Mora,Permanente,Frutales,Demás frutales
76828|Otros cítricos,76828,Trujillo,Otros cítricos,Otros cítricos,Permanente,Frutales,Cítricos
76828|Papaya demás variedades,76828,Trujillo,Papaya demás variedades,Papaya,Permanente,Frutales,Demás frutales
76828|Pimentón,76828,Trujillo,Pimentón,Pimentón,Transitorio,Hortalizas,Hortalizas de fruto
76828|Pitahaya,76828,Trujillo,Pitahaya,Pitahaya,Permanente,Frutales,Demás frutales
76828|Plátano consumo interno,76828,Trujillo,Plátano consumo interno,Plátano,Permanente,Frutales,Demás frutales
76828|Sacha inchi,76828,Trujillo,Sacha inchi,Sacha inchi,Permanente,Oleaginosas,Oleaginosas
76828|Tomate,76828,Trujillo,Tomate,Tomate,Transitorio,Hortalizas,Hortalizas de fruto
76828|Tomate invernadero,76828,Trujillo,Tomate invernadero,Tomate,Transitorio,Hortalizas,Hortalizas de fruto
76828|Uva,76828,Trujillo,Uva,Uva,Permanente,Frutales,Demás frutales
76828|Yuca consumo en fresco,76828,Trujillo,Yuca consumo en fresco,Yuca,Transitorio,Raíces y tubérculos,Raíces y tubérculos
76834|Aguacate Hass,76834,Tuluá,Aguacate Hass,Aguacate,Permanente,Frutales,Demás frutales
76834|Aguacate demás variedades,76834,Tuluá,Aguacate demás variedades,Aguacate,Permanente,Frutales,Demás frutales
76834|Ahuyama,76834,Tuluá,Ahuyama,Ahuyama,Transitorio,Hortalizas,Hortalizas de fruto
76834|Arracacha,76834,Tuluá,Arracacha,Arracacha,Transitorio,Raíces y tubérculos,Raíces y tubérculos
76834|Arveja,76834,Tuluá,Arveja,Arveja,Transitorio,Leguminosas,Leguminosas
76834|Banano consumo interno,76834,Tuluá,Banano consumo interno,Banano,Permanente,Frutales,Demás frutales
76834|Cacao,76834,Tuluá,Cacao,Cacao,Permanente,Cultivos tropicales tradicionales,Cultivos tropicales tradicionales
76834|Café,76834,Tuluá,Café,Café,Permanente,Cultivos tropicales tradicionales,Cultivos tropicales tradicionales
76834|Caña de azúcar,76834,Tuluá,Caña de azúcar,Caña,Permanente,Cultivos tropicales tradicionales,Cultivos tropicales tradicionales
76834|Caña panelera,76834,Tuluá,Caña panelera,Caña,Permanente,Cultivos tropicales tradicionales,Cultivos tropicales tradicionales
76834|Cebolla de bulbo,76834,Tuluá,Cebolla de bulbo,Cebolla de bulbo,Transitorio,Hortalizas,Hortalizas de raíz
76834|Cebolla de rama,76834,Tuluá,Cebolla de rama,Cebolla de rama,Transitorio,Hortalizas,Hortalizas de tallo
76834|Cilantro,76834,Tuluá,Cilantro,Cilantro,Transitorio,Hortalizas,Hortalizas de hoja
76834|Cimarrón,76834,Tuluá,Cimarrón,Cimarrón,Transitorio,"Cultivos para condimentos, bebidas medicinales y aromáticas",Condimentos
76834|Curuba,76834,Tuluá,Curuba,Curuba,Permanente,Frutales,Pasifloráceas
76834|Fresa,76834,Tuluá,Fresa,Fresa,Permanente,Frutales,Demás frutales
76834|Frijol,76834,Tuluá,Frijol,Frijol,Transitorio,Leguminosas,Leguminosas
76834|Granadilla,76834,Tuluá,Granadilla,Granadilla,Permanente,Frutales,Pasifloráceas
76834|Habichuela,76834,Tuluá,Habichuela,Habichuela,Transitorio,Leguminosas,Leguminosas
76834|Lechuga,76834,Tuluá,Lechuga,Lechuga,Transitorio,Hortalizas,Hortalizas de hoja
76834|Limón Pajarito,76834,Tuluá,Limón Pajarito,Limón,Permanente,Frutales,Cítricos
76834|Lulo,76834,Tuluá,Lulo,Lulo,Permanente,Frutales,Solanáceas
76834|Maracuyá,76834,Tuluá,Maracuyá,Maracuyá,Permanente,Frutales,Pasifloráceas
76834|Maíz amarillo tradicional,76834,Tuluá,Maíz amarillo tradicional,Maíz,Transitorio,Cereales,Cereales
76834|Maíz blanco tradicional,76834,Tuluá,Maíz blanco tradicional,Maíz,Transitorio,Cereales,Cereales
76834|Maíz tecnificado,76834,Tuluá,Maíz tecnificado,Maíz,Transitorio,Cereales,Cereales
76834|Maíz tradicional,76834,Tuluá,Maíz tradicional,Maíz,Transitorio,Cereales,Cereales
76834|Mora,76834,Tuluá,Mora,Mora,Permanente,Frutales,Demás frutales
76834|Otros cítricos,76834,Tuluá,Otros cítricos,Otros cítricos,Permanente,Frutales,Cítricos
76834|Papa todas las variedades,76834,Tuluá,Papa todas las variedades,Papa,Transitorio,Raíces y tubérculos,Raíces y tubérculos
76834|Papaya demás variedades,76834,Tuluá,Papaya demás variedades,Papaya,Permanente,Frutales,Demás frutales
76834|Pepino cohombro,76834,Tuluá,Pepino cohombro,Pepino Cohombro,Transitorio,Hortalizas,Hortalizas de fruto
76834|Pimentón,76834,Tuluá,Pimentón,Pimentón,Transitorio,Hortalizas,Hortalizas de fruto
76834|Plátano consumo interno,76834,Tuluá,Plátano consumo interno,Plátano,Permanente,Frutales,Demás frutales
76834|Repollo,76834,Tuluá,Repollo,Repollo,Transitorio,Hortalizas,Hortalizas de hoja
76834|Tomate,76834,Tuluá,Tomate,Tomate,Transitorio,Hortalizas,Hortalizas de fruto
76834|Tomate de árbol,76834,Tuluá,Tomate de árbol,Tomate de árbol,Permanente,Frutales,Solanáceas
76834|Yuca consumo en fresco,76834,Tuluá,Yuca consumo en fresco,Yuca,Transitorio,Raíces y tubérculos,Raíces y tubérculos
76834|Zanahoria,76834,Tuluá,Zanahoria,Zanahoria,Transitorio,Hortalizas,Hortalizas de raíz
76845|Aguacate demás variedades,76845,Ulloa,Aguacate demás variedades,Aguacate,Permanente,Frutales,Demás frutales
76845|Ahuyama,76845,Ulloa,Ahuyama,Ahuyama,Transitorio,Hortalizas,Hortalizas de fruto
76845|Banano consumo interno,76845,Ulloa,Banano consumo interno,Banano,Permanente,Frutales,Demás frutales
76845|Cacao,76845,Ulloa,Cacao,Cacao,Permanente,Cultivos tropicales tradicionales,Cultivos tropicales tradicionales
76845|Café,76845,Ulloa,Café,Café,Permanente,Cultivos tropicales tradicionales,Cultivos tropicales tradicionales
76845|Caña panelera,76845,Ulloa,Caña panelera,Caña,Permanente,Cultivos tropicales tradicionales,Cultivos tropicales tradicionales
76845|Frijol,76845,Ulloa,Frijol,Frijol,Transitorio,Leguminosas,Leguminosas
76845|Guayaba,76845,Ulloa,Guayaba,Guayaba,Permanente,Frutales,Mirtáceas
76845|Habichuela,76845,Ulloa,Habichuela,Habichuela,Transitorio,Leguminosas,Leguminosas
76845|Limón Tahití,76845,Ulloa,Limón Tahití,Limón,Permanente,Frutales,Cítricos
76845|Lulo,76845,Ulloa,Lulo,Lulo,Permanente,Frutales,Solanáceas
76845|Macadamia,76845,Ulloa,Macadamia,Macadamia,Permanente,Frutales,Demás frutales
76845|Mandarina Arrayana y/o Oneco,76845,Ulloa,Mandarina Arrayana y/o Oneco,Mandarina,Permanente,Frutales,Cítricos
76845|Maracuyá,76845,Ulloa,Maracuyá,Maracuyá,Permanente,Frutales,Pasifloráceas
76845|Maíz amarillo tradicional,76845,Ulloa,Maíz amarillo tradicional,Maíz,Transitorio,Cereales,Cereales
76845|Maíz tradicional,76845,Ulloa,Maíz tradicional,Maíz,Transitorio,Cereales,Cereales
76845|Naranja Valencia,76845,Ulloa,Naranja Valencia,Naranja,Permanente,Frutales,Cítricos
76845|Otros cítricos,76845,Ulloa,Otros cítricos,Otros cítricos,Permanente,Frutales,Cítricos
"76845|Papaya Hawaiana, Maradol, Melona, redonda y/o Tainung",76845,Ulloa,"Papaya Hawaiana, Maradol, Melona, redonda y/o Tainung",Papaya,Permanente,Frutales,Demás frutales
76845|Papaya demás variedades,76845,Ulloa,Papaya demás variedades,Papaya,Permanente,Frutales,Demás frutales
76845|Pimentón,76845,Ulloa,Pimentón,Pimentón,Transitorio,Hortalizas,Hortalizas de fruto
76845|Piña demás variedades,76845,Ulloa,Piña demás variedades,Piña,Permanente,Frutales,Demás frutales
76845|Plátano consumo interno,76845,Ulloa,Plátano consumo interno,Plátano,Permanente,Frutales,Demás frutales
76845|Tomate,76845,Ulloa,Tomate,Tomate,Transitorio,Hortalizas,Hortalizas de fruto
76845|Yuca consumo en fresco,76845,Ulloa,Yuca consumo en fresco,Yuca,Transitorio,Raíces y tubérculos,Raíces y tubérculos
76863|Aguacate Hass,76863,Versalles,Aguacate Hass,Aguacate,Permanente,Frutales,Demás frutales
76863|Aguacate demás variedades,76863,Versalles,Aguacate demás variedades,Aguacate,Permanente,Frutales,Demás frutales
76863|Ahuyama,76863,Versalles,Ahuyama,Ahuyama,Transitorio,Hortalizas,Hortalizas de fruto
76863|Ají,76863,Versalles,Ají,Ají,Transitorio,Hortalizas,Hortalizas de fruto
76863|Arracacha,76863,Versalles,Arracacha,Arracacha,Transitorio,Raíces y tubérculos,Raíces y tubérculos
76863|Arveja,76863,Versalles,Arveja,Arveja,Transitorio,Leguminosas,Leguminosas
76863|Banano consumo interno,76863,Versalles,Banano consumo interno,Banano,Permanente,Frutales,Demás frutales
76863|Berenjena,76863,Versalles,Berenjena,Berenjena,Transitorio,Hortalizas,Hortalizas de fruto
76863|Cacao,76863,Versalles,Cacao,Cacao,Permanente,Cultivos tropicales tradicionales,Cultivos tropicales tradicionales
76863|Café,76863,Versalles,Café,Café,Permanente,Cultivos tropicales tradicionales,Cultivos tropicales tradicionales
76863|Caña panelera,76863,Versalles,Caña panelera,Caña,Permanente,Cultivos tropicales tradicionales,Cultivos tropicales tradicionales
76863|Cilantro,76863,Versalles,Cilantro,Cilantro,Transitorio,Hortalizas,Hortalizas de hoja
76863|Fresa,76863,Versalles,Fresa,Fresa,Permanente,Frutales,Demás frutales
76863|Frijol,76863,Versalles,Frijol,Frijol,Transitorio,Leguminosas,Leguminosas
76863|Granadilla,76863,Versalles,Granadilla,Granadilla,Permanente,Frutales,Pasifloráceas
76863|Guayaba,76863,Versalles,Guayaba,Guayaba,Permanente,Frutales,Mirtáceas
76863|Habichuela,76863,Versalles,Habichuela,Habichuela,Transitorio,Leguminosas,Leguminosas
76863|Lulo,76863,Versalles,Lulo,Lulo,Permanente,Frutales,Solanáceas
76863|Maracuyá,76863,Versalles,Maracuyá,Maracuyá,Permanente,Frutales,Pasifloráceas
76863|Maíz amarillo tradicional,76863,Versalles,Maíz amarillo tradicional,Maíz,Transitorio,Cereales,Cereales
76863|Maíz blanco tradicional,76863,Versalles,Maíz blanco tradicional,Maíz,Transitorio,Cereales,Cereales
76863|Maíz tradicional,76863,Versalles,Maíz tradicional,Maíz,Transitorio,Cereales,Cereales
76863|Mora,76863,Versalles,Mora,Mora,Permanente,Frutales,Demás frutales
76863|Otras hortalizas,76863,Versalles,Otras hortalizas,Otras hortalizas,Transitorio,Hortalizas,Hortalizas
76863|Pepino cohombro,76863,Versalles,Pepino cohombro,Pepino Cohombro,Transitorio,Hortalizas,Hortalizas de fruto
76863|Pimentón,76863,Versalles,Pimentón,Pimentón,Transitorio,Hortalizas,Hortalizas de fruto
76863|Pitahaya,76863,Versalles,Pitahaya,Pitahaya,Permanente,Frutales,Demás frutales
76863|Plátano consumo interno,76863,Versalles,Plátano consumo interno,Plátano,Permanente,Frutales,Demás frutales
76863|Repollo,76863,Versalles,Repollo,Repollo,Transitorio,Hortalizas,Hortalizas de hoja
76863|Tomate,76863,Versalles,Tomate,Tomate,Transitorio,Hortalizas,Hortalizas de fruto
76863|Tomate invernadero,76863,Versalles,Tomate invernadero,Tomate,Transitorio,Hortalizas,Hortalizas de fruto
76863|Yuca consumo en fresco,76863,Versalles,Yuca consumo en fresco,Yuca,Transitorio,Raíces y tubérculos,Raíces y tubérculos
76869|Aguacate demás variedades,76869,Vijes,Aguacate demás variedades,Aguacate,Permanente,Frutales,Demás frutales
76869|Ají,76869,Vijes,Ají,Ají,Transitorio,Hortalizas,Hortalizas de fruto
76869|Arracacha,76869,Vijes,Arracacha,Arracacha,Transitorio,Raíces y tubérculos,Raíces y tubérculos
76869|Arveja,76869,Vijes,Arveja,Arveja,Transitorio,Leguminosas,Leguminosas
76869|Banano consumo interno,76869,Vijes,Banano consumo interno,Banano,Permanente,Frutales,Demás frutales
76869|Café,76869,Vijes,Café,Café,Permanente,Cultivos tropicales tradicionales,Cultivos tropicales tradicionales
76869|Caña de azúcar,76869,Vijes,Caña de azúcar,Caña,Permanente,Cultivos tropicales tradicionales,Cultivos tropicales tradicionales
76869|Cebolla de bulbo,76869,Vijes,Cebolla de bulbo,Cebolla de bulbo,Transitorio,Hortalizas,Hortalizas de raíz
76869|Cebolla de rama,76869,Vijes,Cebolla de rama,Cebolla de rama,Transitorio,Hortalizas,Hortalizas de tallo
76869|Cilantro,76869,Vijes,Cilantro,Cilantro,Transitorio,Hortalizas,Hortalizas de hoja
76869|Frijol,76869,Vijes,Frijol,Frijol,Transitorio,Leguminosas,Leguminosas
76869|Habichuela,76869,Vijes,Habichuela,Habichuela,Transitorio,Leguminosas,Leguminosas
76869|Limón Tahití,76869,Vijes,Limón Tahití,Limón,Permanente,Frutales,Cítricos
76869|Lulo,76869,Vijes,Lulo,Lulo,Permanente,Frutales,Solanáceas
76869|Mandarina Arrayana y/o Oneco,76869,Vijes,Mandarina Arrayana y/o Oneco,Mandarina,Permanente,Frutales,Cítricos
76869|Mango demás variedades,76869,Vijes,Mango demás variedades,Mango,Permanente,Frutales,Demás frutales
76869|Maracuyá,76869,Vijes,Maracuyá,Maracuyá,Permanente,Frutales,Pasifloráceas
76869|Maíz amarillo tecnificado,76869,Vijes,Maíz amarillo tecnificado,Maíz,Transitorio,Cereales,Cereales
76869|Maíz amarillo tradicional,76869,Vijes,Maíz amarillo tradicional,Maíz,Transitorio,Cereales,Cereales
76869|Maíz blanco tecnificado,76869,Vijes,Maíz blanco tecnificado,Maíz,Transitorio,Cereales,Cereales
76869|Maíz blanco tradicional,76869,Vijes,Maíz blanco tradicional,Maíz,Transitorio,Cereales,Cereales
76869|Maíz tecnificado,76869,Vijes,Maíz tecnificado,Maíz,Transitorio,Cereales,Cereales
76869|Maíz tradicional,76869,Vijes,Maíz tradicional,Maíz,Transitorio,Cereales,Cereales
76869|Naranja Valencia,76869,Vijes,Naranja Valencia,Naranja,Permanente,Frutales,Cítricos
76869|Otros cítricos,76869,Vijes,Otros cítricos,Otros cítricos,Permanente,Frutales,Cítricos
76869|Papaya demás variedades,76869,Vijes,Papaya demás variedades,Papaya,Permanente,Frutales,Demás frutales
76869|Pepino cohombro,76869,Vijes,Pepino cohombro,Pepino Cohombro,Transitorio,Hortalizas,Hortalizas de fruto
76869|Pimentón,76869,Vijes,Pimentón,Pimentón,Transitorio,Hortalizas,Hortalizas de fruto
"76869|Piña Cayena, Gold, Manzana y/o Perolera",76869,Vijes,"Piña Cayena, Gold, Manzana y/o Perolera",Piña,Permanente,Frutales,Demás frutales
76869|Piña demás variedades,76869,Vijes,Piña demás variedades,Piña,Permanente,Frutales,Demás frutales
76869|Plátano consumo interno,76869,Vijes,Plátano consumo interno,Plátano,Permanente,Frutales,Demás frutales
76869|Tomate,76869,Vijes,Tomate,Tomate,Transitorio,Hortalizas,Hortalizas de fruto
76869|Tomate invernadero,76869,Vijes,Tomate invernadero,Tomate,Transitorio,Hortalizas,Hortalizas de fruto
76869|Yuca consumo en fresco,76869,Vijes,Yuca consumo en fresco,Yuca,Transitorio,Raíces y tubérculos,Raíces y tubérculos
76890|Acelga,76890,Yotoco,Acelga,Acelga,Transitorio,Hortalizas,Hortalizas de hoja
76890|Aguacate Hass,76890,Yotoco,Aguacate Hass,Aguacate,Permanente,Frutales,Demás frutales
76890|Aguacate demás variedades,76890,Yotoco,Aguacate demás variedades,Aguacate,Permanente,Frutales,Demás frutales
76890|Ahuyama,76890,Yotoco,Ahuyama,Ahuyama,Transitorio,Hortalizas,Hortalizas de fruto
76890|Algodón,76890,Yotoco,Algodón,Algodón,Transitorio,Cultivos tropicales tradicionales,Cultivos tropicales tradicionales
76890|Arracacha,76890,Yotoco,Arracacha,Arracacha,Transitorio,Raíces y tubérculos,Raíces y tubérculos
76890|Cacao,76890,Yotoco,Cacao,Cacao,Permanente,Cultivos tropicales tradicionales,Cultivos tropicales tradicionales
76890|Café,76890,Yotoco,Café,Café,Permanente,Cultivos tropicales tradicionales,Cultivos tropicales tradicionales
76890|Caña de azúcar,76890,Yotoco,Caña de azúcar,Caña,Permanente,Cultivos tropicales tradicionales,Cultivos tropicales tradicionales
76890|Caña panelera,76890,Yotoco,Caña panelera,Caña,Permanente,Cultivos tropicales tradicionales,Cultivos tropicales tradicionales
76890|Cebolla de rama,76890,Yotoco,Cebolla de rama,Cebolla de rama,Transitorio,Hortalizas,Hortalizas de tallo
76890|Cilantro,76890,Yotoco,Cilantro,Cilantro,Transitorio,Hortalizas,Hortalizas de hoja
76890|Frijol,76890,Yotoco,Frijol,Frijol,Transitorio,Leguminosas,Leguminosas
76890|Guanábana,76890,Yotoco,Guanábana,Guanábana,Permanente,Frutales,Anonáceas
76890|Guayaba,76890,Yotoco,Guayaba,Guayaba,Permanente,Frutales,Mirtáceas
76890|Habichuela,76890,Yotoco,Habichuela,Habichuela,Transitorio,Leguminosas,Leguminosas
76890|Limón Tahití,76890,Yotoco,Limón Tahití,Limón,Permanente,Frutales,Cítricos
76890|Lulo,76890,Yotoco,Lulo,Lulo,Permanente,Frutales,Solanáceas
76890|Mandarina Arrayana y/o Oneco,76890,Yotoco,Mandarina Arrayana y/o Oneco,Mandarina,Permanente,Frutales,Cítricos
"76890|Mango Kent, Keitt, Hilacha o Nam Doc",76890,Yotoco,"Mango Kent, Keitt, Hilacha o Nam Doc",Mango,Permanente,Frutales,Demás frutales
76890|Mango demás variedades,76890,Yotoco,Mango demás variedades,Mango,Permanente,Frutales,Demás frutales
76890|Maracuyá,76890,Yotoco,Maracuyá,Maracuyá,Permanente,Frutales,Pasifloráceas
76890|Maíz amarillo tecnificado,76890,Yotoco,Maíz amarillo tecnificado,Maíz,Transitorio,Cereales,Cereales
76890|Maíz amarillo tradicional,76890,Yotoco,Maíz amarillo tradicional,Maíz,Transitorio,Cereales,Cereales
76890|Maíz blanco tecnificado,76890,Yotoco,Maíz blanco tecnificado,Maíz,Transitorio,Cereales,Cereales
76890|Maíz blanco tradicional,76890,Yotoco,Maíz blanco tradicional,Maíz,Transitorio,Cereales,Cereales
76890|Maíz tecnificado,76890,Yotoco,Maíz tecnificado,Maíz,Transitorio,Cereales,Cereales
76890|Maíz tradicional,76890,Yotoco,Maíz tradicional,Maíz,Transitorio,Cereales,Cereales
76890|Naranja Valencia,76890,Yotoco,Naranja Valencia,Naranja,Permanente,Frutales,Cítricos
76890|Otros cítricos,76890,Yotoco,Otros cítricos,Otros cítricos,Permanente,Frutales,Cítricos
76890|Papaya demás variedades,76890,Yotoco,Papaya demás variedades,Papaya,Permanente,Frutales,Demás frutales
76890|Perejil,76890,Yotoco,Perejil,Perejil,Transitorio,"Cultivos para condimentos, bebidas medicinales y aromáticas",Condimentos
76890|Pimentón,76890,Yotoco,Pimentón,Pimentón,Transitorio,Hortalizas,Hortalizas de fruto
76890|Pitahaya,76890,Yotoco,Pitahaya,Pitahaya,Permanente,Frutales,Demás frutales
76890|Piña demás variedades,76890,Yotoco,Piña demás variedades,Piña,Permanente,Frutales,Demás frutales
76890|Plátano consumo interno,76890,Yotoco,Plátano consumo interno,Plátano,Permanente,Frutales,Demás frutales
76890|Tomate,76890,Yotoco,Tomate,Tomate,Transitorio,Hortalizas,Hortalizas de fruto
76890|Uva,76890,Yotoco,Uva,Uva,Permanente,Frutales,Demás frutales
76890|Yuca consumo en fresco,76890,Yotoco,Yuca consumo en fresco,Yuca,Transitorio,Raíces y tubérculos,Raíces y tubérculos
76892|Aguacate demás variedades,76892,Yumbo,Aguacate demás variedades,Aguacate,Permanente,Frutales,Demás frutales
76892|Ahuyama,76892,Yumbo,Ahuyama,Ahuyama,Transitorio,Hortalizas,Hortalizas de fruto
76892|Ají,76892,Yumbo,Ají,Ají,Transitorio,Hortalizas,Hortalizas de fruto
76892|Arracacha,76892,Yumbo,Arracacha,Arracacha,Transitorio,Raíces y tubérculos,Raíces y tubérculos
76892|Arveja,76892,Yumbo,Arveja,Arveja,Transitorio,Leguminosas,Leguminosas
76892|Banano consumo interno,76892,Yumbo,Banano consumo interno,Banano,Permanente,Frutales,Demás frutales
76892|Berenjena,76892,Yumbo,Berenjena,Berenjena,Transitorio,Hortalizas,Hortalizas de fruto
76892|Cacao,76892,Yumbo,Cacao,Cacao,Permanente,Cultivos tropicales tradicionales,Cultivos tropicales tradicionales
76892|Café,76892,Yumbo,Café,Café,Permanente,Cultivos tropicales tradicionales,Cultivos tropicales tradicionales
76892|Caña de azúcar,76892,Yumbo,Caña de azúcar,Caña,Permanente,Cultivos tropicales tradicionales,Cultivos tropicales tradicionales
76892|Caña panelera,76892,Yumbo,Caña panelera,Caña,Permanente,Cultivos tropicales tradicionales,Cultivos tropicales tradicionales
76892|Cebolla de bulbo,76892,Yumbo,Cebolla de bulbo,Cebolla de bulbo,Transitorio,Hortalizas,Hortalizas de raíz
76892|Cebolla de rama,76892,Yumbo,Cebolla de rama,Cebolla de rama,Transitorio,Hortalizas,Hortalizas de tallo
76892|Cilantro,76892,Yumbo,Cilantro,Cilantro,Transitorio,Hortalizas,Hortalizas de hoja
76892|Fresa,76892,Yumbo,Fresa,Fresa,Permanente,Frutales,Demás frutales
76892|Frijol,76892,Yumbo,Frijol,Frijol,Transitorio,Leguminosas,Leguminosas
76892|Granadilla,76892,Yumbo,Granadilla,Granadilla,Permanente,Frutales,Pasifloráceas
76892|Guanábana,76892,Yumbo,Guanábana,Guanábana,Permanente,Frutales,Anonáceas
76892|Guayaba,76892,Yumbo,Guayaba,Guayaba,Permanente,Frutales,Mirtáceas
76892|Gulupa o cholupa,76892,Yumbo,Gulupa o cholupa,Gulupa o cholupa,Permanente,Frutales,Pasifloráceas
76892|Habichuela,76892,Yumbo,Habichuela,Habichuela,Transitorio,Leguminosas,Leguminosas
76892|Lechuga,76892,Yumbo,Lechuga,Lechuga,Transitorio,Hortalizas,Hortalizas de hoja
76892|Limón Tahití,76892,Yumbo,Limón Tahití,Limón,Permanente,Frutales,Cítricos
76892|Mandarina Arrayana y/o Oneco,76892,Yumbo,Mandarina Arrayana y/o Oneco,Mandarina,Permanente,Frutales,Cítricos
76892|Mango demás variedades,76892,Yumbo,Mango demás variedades,Mango,Permanente,Frutales,Demás frutales
76892|Maracuyá,76892,Yumbo,Maracuyá,Maracuyá,Permanente,Frutales,Pasifloráceas
76892|Maíz amarillo tecnificado,76892,Yumbo,Maíz amarillo tecnificado,Maíz,Transitorio,Cereales,Cereales
76892|Maíz amarillo tradicional,76892,Yumbo,Maíz amarillo tradicional,Maíz,Transitorio,Cereales,Cereales
76892|Maíz tecnificado,76892,Yumbo,Maíz tecnificado,Maíz,Transitorio,Cereales,Cereales
76892|Maíz tradicional,76892,Yumbo,Maíz tradicional,Maíz,Transitorio,Cereales,Cereales
76892|Mora,76892,Yumbo,Mora,Mora,Permanente,Frutales,Demás frutales
76892|Naranja Valencia,76892,Yumbo,Naranja Valencia,Naranja,Permanente,Frutales,Cítricos
76892|Otras hortalizas,76892,Yumbo,Otras hortalizas,Otras hortalizas,Transitorio,Hortalizas,Hortalizas
76892|Otros cítricos,76892,Yumbo,Otros cítricos,Otros cítricos,Permanente,Frutales,Cítricos
"76892|Papaya Hawaiana, Maradol, Melona, redonda y/o Tainung",76892,Yumbo,"Papaya Hawaiana, Maradol, Melona, redonda y/o Tainung",Papaya,Permanente,Frutales,Demás frutales
76892|Papaya demás variedades,76892,Yumbo,Papaya demás variedades,Papaya,Permanente,Frutales,Demás frutales
76892|Pepino cohombro,76892,Yumbo,Pepino cohombro,Pepino Cohombro,Transitorio,Hortalizas,Hortalizas de fruto
76892|Pimentón,76892,Yumbo,Pimentón,Pimentón,Transitorio,Hortalizas,Hortalizas de fruto
76892|Pitahaya,76892,Yumbo,Pitahaya,Pitahaya,Permanente,Frutales,Demás frutales
76892|Piña demás variedades,76892,Yumbo,Piña demás variedades,Piña,Permanente,Frutales,Demás frutales
76892|Plantas aromáticas,76892,Yumbo,Plantas aromáticas,Plantas aromáticas,Transitorio,"Cultivos para condimentos, bebidas medicinales y aromáticas","Cultivos para condimentos, bebidas medicinales y aromáticas"
76892|Plátano consumo interno,76892,Yumbo,Plátano consumo interno,Plátano,Permanente,Frutales,Demás frutales
76892|Sábila,76892,Yumbo,Sábila,Sábila,Permanente,"Cultivos para condimentos, bebidas medicinales y aromáticas",Medicinales
76892|Tomate,76892,Yumbo,Tomate,Tomate,Transitorio,Hortalizas,Hortalizas de fruto
76892|Tomate invernadero,76892,Yumbo,Tomate invernadero,Tomate,Transitorio,Hortalizas,Hortalizas de fruto
76892|Uva,76892,Yumbo,Uva,Uva,Permanente,Frutales,Demás frutales
76892|Yuca consumo en fresco,76892,Yumbo,Yuca consumo en fresco,Yuca,Transitorio,Raíces y tubérculos,Raíces y tubérculos
76892|Yuca industrial,76892,Yumbo,Yuca industrial,Yuca,Transitorio,Raíces y tubérculos,Raíces y tubérculos
76892|Zapote,76892,Yumbo,Zapote,Zapote,Permanente,Frutales,Demás frutales
76895|Arroz riego,76895,Zarzal,Arroz riego,Arroz,Transitorio,Cereales,Cereales
76895|Banano consumo interno,76895,Zarzal,Banano consumo interno,Banano,Permanente,Frutales,Demás frutales
76895|Cacao,76895,Zarzal,Cacao,Cacao,Permanente,Cultivos tropicales tradicionales,Cultivos tropicales tradicionales
76895|Caña de azúcar,76895,Zarzal,Caña de azúcar,Caña,Permanente,Cultivos tropicales tradicionales,Cultivos tropicales tradicionales
76895|Caña panelera,76895,Zarzal,Caña panelera,Caña,Permanente,Cultivos tropicales tradicionales,Cultivos tropicales tradicionales
76895|Guanábana,76895,Zarzal,Guanábana,Guanábana,Permanente,Frutales,Anonáceas
76895|Guayaba,76895,Zarzal,Guayaba,Guayaba,Permanente,Frutales,Mirtáceas
76895|Limón Tahití,76895,Zarzal,Limón Tahití,Limón,Permanente,Frutales,Cítricos
76895|Mandarina Arrayana y/o Oneco,76895,Zarzal,Mandarina Arrayana y/o Oneco,Mandarina,Permanente,Frutales,Cítricos
76895|Mango demás variedades,76895,Zarzal,Mango demás variedades,Mango,Permanente,Frutales,Demás frutales
76895|Maracuyá,76895,Zarzal,Maracuyá,Maracuyá,Permanente,Frutales,Pasifloráceas
76895|Maíz amarillo tecnificado,76895,Zarzal,Maíz amarillo tecnificado,Maíz,Transitorio,Cereales,Cereales
76895|Maíz amarillo tradicional,76895,Zarzal,Maíz amarillo tradicional,Maíz,Transitorio,Cereales,Cereales
76895|Maíz tecnificado,76895,Zarzal,Maíz tecnificado,Maíz,Transitorio,Cereales,Cereales
76895|Melón,76895,Zarzal,Melón,Melón,Transitorio,Hortalizas,Hortalizas de fruto
76895|Naranja Valencia,76895,Zarzal,Naranja Valencia,Naranja,Permanente,Frutales,Cítricos
76895|Otros cítricos,76895,Zarzal,Otros cítricos,Otros cítricos,Permanente,Frutales,Cítricos
76895|Papaya demás variedades,76895,Zarzal,Papaya demás variedades,Papaya,Permanente,Frutales,Demás frutales
76895|Plátano consumo interno,76895,Zarzal,Plátano consumo interno,Plátano,Permanente,Frutales,Demás frutales
76895|Soya,76895,Zarzal,Soya,Soya,Transitorio,Oleaginosas,Oleaginosas
76895|Uva,76895,Zarzal,Uva,Uva,Permanente,Frutales,Demás frutales
76895|Yuca consumo en fresco,76895,Zarzal,Yuca consumo en fresco,Yuca,Transitorio,Raíces y tubérculos,Raíces y tubérculos
