{"type": "FeatureCollection", "features": [{"type": "Feature", "properties": {"AREA": 271211923.96, "PERIMETER": 67594.283172, "WCOLGEN02_": 691, "WCOLGEN021": 1033, "DPTO": "76", "NOMBRE_DPT": "VALLE DEL CAUCA", "MPIO": "243", "NOMBRE_MPI": "EL AGUILA", "NOMBRE_CAB": "EL AGUILA", "CLASEMUN": "CM", "MPIOS": "76243", "ZONA": "ZONA01", "OF_REG": "DACLI", "REG_ZONAS": "DACLIZONA01", "HECTARES": 27121.192}, "geometry": {"type": "Polygon", "coordinates": [[[-76.16635749530369, 4.962257911786747], [-76.16385496498903, 4.962570230887079], [-76.15972731591978, 4.963084722932179], [-76.14965617645339, 4.960566467295493], [-76.14105754890737, 4.960566423775877], [-76.12025145355983, 4.962766469160806], [-76.10815841257913, 4.96856624163363], [-76.09725561688457, 4.970766337010472], [-76.0897556522806, 4.972466241974312], [-76.08685637837063, 4.973066571789515], [-76.08045510510428, 4.970766251754697], [-76.06435658990416, 4.957365946433064], [-76.06144974779022, 4.945765788141021], [-76.05915326330471, 4.937165925069149], [-76.0559869913025, 4.929807278306888], [-76.05526218352618, 4.927826471640127], [-76.05275205973243, 4.920965651684902], [-76.04705273277423, 4.915165789954098], [-76.03605078378281, 4.911065367712657], [-76.02745218368749, 4.905765222393152], [-76.02395020425841, 4.898865296805241], [-76.01765575544661, 4.894765375281727], [-76.01415375312367, 4.892465070570779], [-76.00955310565583, 4.884965272138817], [-76.00955314583159, 4.876865152333777], [-76.01125458864081, 4.871064851352376], [-76.01525255301867, 4.866464773807419], [-76.02855110065161, 4.856165046687914], [-76.03665381654031, 4.852665064547497], [-76.04005666450763, 4.848664851528163], [-76.04065180897906, 4.842364814301026], [-76.05105110358413, 4.828464436489213], [-76.07065172788553, 4.822764837335193], [-76.07695380992838, 4.826264890745652], [-76.09075585331124, 4.828664906021349], [-76.10055233701542, 4.828664954313552], [-76.12245708838933, 4.829365066786752], [-76.15825546354523, 4.827764960350978], [-76.17375893957761, 4.826665438284333], [-76.18825530061153, 4.825565434372892], [-76.20205735976771, 4.82506529467517], [-76.21646216772487, 4.823465559453163], [-76.217660004957, 4.827465319010741], [-76.22046007640598, 4.830365488008874], [-76.22226064802335, 4.836165807344802], [-76.2279599426044, 4.848865578213875], [-76.21415779734544, 4.866765695631533], [-76.20555910948309, 4.878866004966969], [-76.19686120466987, 4.89726635522381], [-76.19175688384752, 4.912866228184947], [-76.18255542386807, 4.930666231407197], [-76.17385752074641, 4.948566374054763], [-76.1686540513476, 4.956666469491646], [-76.16635752947577, 4.955466722422173], [-76.16635749530369, 4.962257911786747]]]}}, {"type": "Feature", "properties": {"AREA": 318042013.713, "PERIMETER": 89732.492287, "WCOLGEN02_": 719, "WCOLGEN021": 168, "DPTO": "76", "NOMBRE_DPT": "VALLE DEL CAUCA", "MPIO": "041", "NOMBRE_MPI": "ANSERMANUEVO", "NOMBRE_CAB": "ANSERMANUEVO", "CLASEMUN": "CM", "MPIOS": "76041", "ZONA": "ZONA01", "OF_REG": "DACLI", "REG_ZONAS": "DACLIZONA01", "HECTARES": 31804.201}, "geometry": {"type": "Polygon", "coordinates": [[[-75.94484613196884, 4.851250295170733], [-75.94384668697988, 4.843064339623871], [-75.94615089811536, 4.832064077674448], [-75.94664689071365, 4.818864133720911], [-75.95075168400282, 4.811363902673965], [-75.95874760046551, 4.804464035083321], [-75.96224962817227, 4.801563897906376], [-75.97605171240932, 4.795263926190612], [-75.98235380805686, 4.795863824599814], [-75.99334814718668, 4.795863878489968], [-75.99504958364021, 4.791263789828855], [-75.9996503101029, 4.78266396274058], [-76.0140551208342, 4.779864015541033], [-76.02335573454891, 4.76776371240534], [-76.02845238928069, 4.759063750697869], [-76.03135169328131, 4.752163857722314], [-76.03595243351128, 4.740663876042753], [-76.03885173499602, 4.734263713736646], [-76.04345245824994, 4.726263753994015], [-76.04465037570196, 4.713563544099094], [-76.0457567098468, 4.706563505702613], [-76.04865603831458, 4.69446317166139], [-76.05325672842058, 4.69336311874042], [-76.05785741902116, 4.692163405786812], [-76.0734524486623, 4.691163065540653], [-76.0791517770486, 4.696963401656639], [-76.09475443478684, 4.696363608955663], [-76.11605645948926, 4.693563693436847], [-76.14205835503076, 4.690863460310475], [-76.1477576947921, 4.694363509755833], [-76.14375975028537, 4.694863698130847], [-76.14255425582573, 4.6965636349968], [-76.14495752158301, 4.712763885492754], [-76.14546101263285, 4.726663840041404], [-76.150160847557, 4.734164114866783], [-76.16226145281138, 4.741764085660462], [-76.16855591183594, 4.744064403320983], [-76.17955785476515, 4.749864289435841], [-76.18585994306663, 4.752264267280361], [-76.19735781990035, 4.756864420777347], [-76.20485773707956, 4.765064714486642], [-76.20716188360032, 4.767364536195604], [-76.208962433287, 4.777764952890791], [-76.21705744211656, 4.790465211052883], [-76.21815607686987, 4.797964992733561], [-76.22275674795388, 4.800965307269128], [-76.22275670606123, 4.809565158996098], [-76.22625867809339, 4.818265641736946], [-76.217660004957, 4.827465319010741], [-76.21646216772487, 4.823465559453163], [-76.20205735976771, 4.82506529467517], [-76.18825530061153, 4.825565434372892], [-76.17375893957761, 4.826665438284333], [-76.15825546354523, 4.827764960350978], [-76.12245708838933, 4.829365066786752], [-76.10055233701542, 4.828664954313552], [-76.09075585331124, 4.828664906021349], [-76.07695380992838, 4.826264890745652], [-76.07065172788553, 4.822764837335193], [-76.05105110358413, 4.828464436489213], [-76.04065180897906, 4.842364814301026], [-76.04005666450763, 4.848664851528163], [-76.03665381654031, 4.852665064547497], [-76.02855110065161, 4.856165046687914], [-76.01525255301867, 4.866464773807419], [-76.0095532570768, 4.854364872870748], [-76.00205333332266, 4.84796465883085], [-75.99745264866387, 4.847964636038452], [-75.98474926034187, 4.849064648174148], [-75.97665418095723, 4.851264758189761], [-75.97145074741898, 4.852464467480958], [-75.96575138358958, 4.85416438181432], [-75.9564508236331, 4.855264410711584], [-75.95014871681605, 4.856964322009937], [-75.94554803239879, 4.856964299163055], [-75.94484613196884, 4.851250295170733]]]}}, {"type": "Feature", "properties": {"AREA": 145380638.506, "PERIMETER": 59388.680695, "WCOLGEN02_": 722, "WCOLGEN021": 138, "DPTO": "76", "NOMBRE_DPT": "VALLE DEL CAUCA", "MPIO": "246", "NOMBRE_MPI": "EL CAIRO", "NOMBRE_CAB": "EL CAIRO", "CLASEMUN": "CM", "MPIOS": "76246", "ZONA": "ZONA01", "OF_REG": "DACLI", "REG_ZONAS": "DACLIZONA01", "HECTARES": 14538.064}, "geometry": {"type": "Polygon", "coordinates": [[[-76.2279599426044, 4.848865578213875], [-76.22226064802335, 4.836165807344802], [-76.22046007640598, 4.830365488008874], [-76.217660004957, 4.827465319010741], [-76.22625867809339, 4.818265641736946], [-76.22275670606123, 4.809565158996098], [-76.22275674795388, 4.800965307269128], [-76.21815607686987, 4.797964992733561], [-76.21705744211656, 4.790465211052883], [-76.22165815836516, 4.784165192557021], [-76.22735752933362, 4.781265065254585], [-76.23485753619403, 4.770964830450673], [-76.24636311857033, 4.759965087323081], [-76.25615965919376, 4.748464651327727], [-76.2659637683943, 4.749664910947037], [-76.28615954312629, 4.73706492648837], [-76.29536095107476, 4.729564717610738], [-76.2988629739508, 4.727864791517253], [-76.30346372883477, 4.713464651681941], [-76.31266515579745, 4.701964689055703], [-76.31206243202539, 4.697864318888405], [-76.3161672281216, 4.689864354610709], [-76.32034067164484, 4.685971910541202], [-76.33226583092292, 4.686464545596762], [-76.34266504650606, 4.689364750394775], [-76.36106776119867, 4.695764539579914], [-76.37206208501956, 4.699864959661368], [-76.39046482495782, 4.701064783124185], [-76.39336403858924, 4.713265286199996], [-76.38016467055613, 4.724165362883964], [-76.38296473704455, 4.728265267190104], [-76.37606749209762, 4.734565275596567], [-76.36916259252878, 4.746065250159946], [-76.36226531385759, 4.759365304759529], [-76.35826734867598, 4.763965383940525], [-76.35536806063578, 4.767365256134722], [-76.34710510557048, 4.773771593543168], [-76.33976534308621, 4.779465532842753], [-76.3305639512915, 4.78346571884877], [-76.30636259964723, 4.7966655517048], [-76.30406606317878, 4.798365483577521], [-76.29426192542857, 4.802965534086305], [-76.2827640028619, 4.807565576222853], [-76.2729598599067, 4.813265701930901], [-76.26776405209407, 4.814965619505733], [-76.25686124629038, 4.81896579663943], [-76.24875853169299, 4.821865435274701], [-76.23835925581078, 4.831565788388815], [-76.2360626851096, 4.8402657660833], [-76.23025650158915, 4.842565548174392], [-76.2279599426044, 4.848865578213875]]]}}, {"type": "Feature", "properties": {"AREA": 355348517.926, "PERIMETER": 85298.249858, "WCOLGEN02_": 728, "WCOLGEN021": 136, "DPTO": "76", "NOMBRE_DPT": "VALLE DEL CAUCA", "MPIO": "147", "NOMBRE_MPI": "CARTAGO", "NOMBRE_CAB": "CARTAGO", "CLASEMUN": "CM", "MPIOS": "76147", "ZONA": "ZONA01", "OF_REG": "DACLI", "REG_ZONAS": "DACLIZONA01", "HECTARES": 35534.852}, "geometry": {"type": "Polygon", "coordinates": [[[-75.96224962817227, 4.801563897906376], [-75.96395107874312, 4.794063655016093], [-75.96334837218637, 4.786563877723345], [-75.9610518588879, 4.783663712162995], [-75.9558484624683, 4.777263510633293], [-75.95355196856532, 4.770363592765776], [-75.95414711831401, 4.762863344736268], [-75.95474988412329, 4.758163590993986], [-75.94544937179107, 4.749463083190474], [-75.940848690317, 4.748863193380521], [-75.93044946519525, 4.748863142878437], [-75.91084884706032, 4.75396335152324], [-75.90164744818422, 4.760263345499132], [-75.8953453278604, 4.764863411198255], [-75.88664752530968, 4.763162949640805], [-75.88094823763726, 4.749262972976829], [-75.8809482574354, 4.745163084144592], [-75.88034554239391, 4.739362773300312], [-75.8803455698572, 4.733662602267009], [-75.87914774138393, 4.727862765463425], [-75.87574495262908, 4.719762631579837], [-75.87804914018977, 4.713362467544897], [-75.88494636776208, 4.70996261636469], [-75.88494639553087, 4.704162308624428], [-75.88264991515958, 4.694362238094507], [-75.87975067785541, 4.687462318610844], [-75.87854523325711, 4.678762328326147], [-75.87685146002451, 4.676462033840492], [-75.87394462096049, 4.663662147095844], [-75.87854532396254, 4.659661940582458], [-75.88024680073666, 4.646361868626323], [-75.87914817900693, 4.635961937168266], [-75.87624898457702, 4.619861826959183], [-75.87914826323592, 4.618061761772328], [-75.88545036629377, 4.616961716843521], [-75.89124892272037, 4.613561383256313], [-75.89404901819174, 4.611261587049284], [-75.89465180196919, 4.602561605910994], [-75.90505103458896, 4.600861712809126], [-75.90855303714997, 4.603161538726807], [-75.91885307078456, 4.60436179880036], [-75.93734735252404, 4.606761832249063], [-75.94654870479725, 4.610261896748781], [-75.95465140499253, 4.609761727559004], [-75.97245140996048, 4.607562138699008], [-75.98745131437491, 4.60876194416911], [-75.9995519568765, 4.608162133752208], [-76.00935607156264, 4.607661972509601], [-76.02435599244625, 4.605462370269699], [-76.03245112850736, 4.591062252102827], [-76.04395667951135, 4.585861865508228], [-76.05265450744128, 4.58246202166175], [-76.06645657276994, 4.580162276505394], [-76.06525867289517, 4.589462123649355], [-76.06875296563646, 4.609062260738853], [-76.07105706860162, 4.620662411354089], [-76.07165211161508, 4.635662915742373], [-76.06245832526102, 4.645462932912777], [-76.05955136204304, 4.658763001609478], [-76.05895619127517, 4.670862869609663], [-76.0595512610767, 4.680063065964482], [-76.05665194609846, 4.689363382543394], [-76.05325672842058, 4.69336311874042], [-76.04865603831458, 4.69446317166139], [-76.0457567098468, 4.706563505702613], [-76.04465037570196, 4.713563544099094], [-76.04345245824994, 4.726263753994015], [-76.03885173499602, 4.734263713736646], [-76.03595243351128, 4.740663876042753], [-76.03135169328131, 4.752163857722314], [-76.02845238928069, 4.759063750697869], [-76.02335573454891, 4.76776371240534], [-76.0140551208342, 4.779864015541033], [-75.9996503101029, 4.78266396274058], [-75.99504958364021, 4.791263789828855], [-75.99334814718668, 4.795863878489968], [-75.98235380805686, 4.795863824599814], [-75.97605171240932, 4.795263926190612], [-75.96224962817227, 4.801563897906376]]]}}, {"type": "Feature", "properties": {"AREA": 194123567.465, "PERIMETER": 60162.033723, "WCOLGEN02_": 731, "WCOLGEN021": 167, "DPTO": "76", "NOMBRE_DPT": "VALLE DEL CAUCA", "MPIO": "054", "NOMBRE_MPI": "ARGELIA", "NOMBRE_CAB": "ARGELIA", "CLASEMUN": "CM", "MPIOS": "76054", "ZONA": "ZONA01", "OF_REG": "DACLI", "REG_ZONAS": "DACLIZONA01", "HECTARES": 19412.357}, "geometry": {"type": "Polygon", "coordinates": [[[-76.21705744211656, 4.790465211052883], [-76.208962433287, 4.777764952890791], [-76.20716188360032, 4.767364536195604], [-76.20485773707956, 4.765064714486642], [-76.19735781990035, 4.756864420777347], [-76.18585994306663, 4.752264267280361], [-76.17955785476515, 4.749864289435841], [-76.16855591183594, 4.744064403320983], [-76.16226145281138, 4.741764085660462], [-76.150160847557, 4.734164114866783], [-76.14546101263285, 4.726663840041404], [-76.14495752158301, 4.712763885492754], [-76.14255425582573, 4.6965636349968], [-76.14375975028537, 4.694863698130847], [-76.1477576947921, 4.694363509755833], [-76.15125978029832, 4.679363499695435], [-76.16165902954296, 4.674763452102546], [-76.16336047703048, 4.667763415927904], [-76.16565708898484, 4.64996338254234], [-76.17775776905384, 4.641863320662337], [-76.18695916397539, 4.636763059522139], [-76.19095707898448, 4.64256338758814], [-76.19676324575009, 4.643663490167746], [-76.20716245951652, 4.646663354092731], [-76.22555759401511, 4.642063343860474], [-76.23996240752477, 4.639263394186024], [-76.24456306316891, 4.6456635930227], [-76.25155941925586, 4.654863821236888], [-76.2549622099931, 4.662963957406699], [-76.26655925659351, 4.671163792749878], [-76.28096404904147, 4.672963941046466], [-76.2964599055601, 4.670064336687478], [-76.31096391100017, 4.666164312323382], [-76.31896740453502, 4.670764448305112], [-76.32356040323288, 4.682964481282571], [-76.32034067164484, 4.685971910541202], [-76.3161672281216, 4.689864354610709], [-76.31206243202539, 4.697864318888405], [-76.31266515579745, 4.701964689055703], [-76.30346372883477, 4.713464651681941], [-76.2988629739508, 4.727864791517253], [-76.29536095107476, 4.729564717610738], [-76.28615954312629, 4.73706492648837], [-76.2659637683943, 4.749664910947037], [-76.25615965919376, 4.748464651327727], [-76.24636311857033, 4.759965087323081], [-76.23485753619403, 4.770964830450673], [-76.22735752933362, 4.781265065254585], [-76.22165815836516, 4.784165192557021], [-76.21705744211656, 4.790465211052883]]]}}, {"type": "Feature", "properties": {"AREA": 65907718.0342, "PERIMETER": 40420.557693, "WCOLGEN02_": 743, "WCOLGEN021": 160, "DPTO": "76", "NOMBRE_DPT": "VALLE DEL CAUCA", "MPIO": "845", "NOMBRE_MPI": "ULLOA", "NOMBRE_CAB": "ULLOA", "CLASEMUN": "CM", "MPIOS": "76845", "ZONA": "ZONA01", "OF_REG": "DACLI", "REG_ZONAS": "DACLIZONA01", "HECTARES": 6590.772}, "geometry": {"type": "Polygon", "coordinates": [[[-75.87574495262908, 4.719762631579837], [-75.86074504182434, 4.720262766524814], [-75.84744653926917, 4.721962644449951], [-75.82904382348042, 4.717862190150982], [-75.82154389216431, 4.713162398098356], [-75.81224335010533, 4.710862066911655], [-75.78864483032257, 4.708362346828953], [-75.77134076953287, 4.707761919195856], [-75.76384081610726, 4.707761883025459], [-75.75004639578786, 4.707661679656356], [-75.74254645115317, 4.7058620415205], [-75.7425464760663, 4.70066160196339], [-75.74254649520849, 4.696661850743522], [-75.7436452017257, 4.689161607265463], [-75.74254656684955, 4.681661830127727], [-75.74074599248891, 4.676461382068218], [-75.73844187736246, 4.667761387864897], [-75.74364528990596, 4.670661566095292], [-75.75804245305746, 4.670761771827055], [-75.76904441925825, 4.670761824472936], [-75.78284646948443, 4.670861550501557], [-75.79784635192011, 4.676061585113506], [-75.81404410419826, 4.678462085742188], [-75.83934405506729, 4.677462269043068], [-75.84914817107735, 4.676362241251273], [-75.86064606609588, 4.676362296284287], [-75.86814602263095, 4.675862124801822], [-75.87685146002451, 4.676462033840492], [-75.87854523325711, 4.678762328326147], [-75.87975067785541, 4.687462318610844], [-75.88264991515958, 4.694362238094507], [-75.88494639553087, 4.704162308624428], [-75.88494636776208, 4.70996261636469], [-75.87804914018977, 4.713362467544897], [-75.87574495262908, 4.719762631579837]]]}}, {"type": "Feature", "properties": {"AREA": 449049540.657, "PERIMETER": 96909.244169, "WCOLGEN02_": 748, "WCOLGEN021": 161, "DPTO": "76", "NOMBRE_DPT": "VALLE DEL CAUCA", "MPIO": "863", "NOMBRE_MPI": "VERSALLES", "NOMBRE_CAB": "VERSALLES", "CLASEMUN": "CM", "MPIOS": "76863", "ZONA": "ZONA01", "OF_REG": "DACLI", "REG_ZONAS": "DACLIZONA01", "HECTARES": 44904.954}, "geometry": {"type": "Polygon", "coordinates": [[[-76.32034067164484, 4.685971910541202], [-76.32356040323288, 4.682964481282571], [-76.31896740453502, 4.670764448305112], [-76.31096391100017, 4.666164312323382], [-76.2964599055601, 4.670064336687478], [-76.28096404904147, 4.672963941046466], [-76.26655925659351, 4.671163792749878], [-76.2549622099931, 4.662963957406699], [-76.25155941925586, 4.654863821236888], [-76.24456306316891, 4.6456635930227], [-76.23996240752477, 4.639263394186024], [-76.22555759401511, 4.642063343860474], [-76.20716245951652, 4.646663354092731], [-76.19676324575009, 4.643663490167746], [-76.19095707898448, 4.64256338758814], [-76.18695916397539, 4.636763059522139], [-76.18116061940123, 4.637263239613002], [-76.1846626661259, 4.63036334887143], [-76.18525781765838, 4.622263232496481], [-76.18286215844988, 4.610663080092208], [-76.18286220933543, 4.599762943510738], [-76.18235868945852, 4.591662822233922], [-76.18635669074826, 4.5789626251597], [-76.18866088031663, 4.572062728988746], [-76.1995637055171, 4.563462453511923], [-76.20595738033376, 4.559362593841687], [-76.21225951216044, 4.55246271618113], [-76.22265877197097, 4.545562380626234], [-76.22555805101472, 4.543862451536054], [-76.23646081238662, 4.549162603434653], [-76.24626493213766, 4.548062573866144], [-76.25436001889378, 4.544562589365268], [-76.26356141395964, 4.539462804220395], [-76.27396066639389, 4.534262410824305], [-76.29756689979435, 4.521062572712202], [-76.30676064442325, 4.520562407538859], [-76.32116541382128, 4.527562518259007], [-76.32586524057264, 4.537363079041818], [-76.32876445369462, 4.550062832710495], [-76.34256649053428, 4.554763131067308], [-76.35526226111446, 4.551963172021305], [-76.3690643411507, 4.547363138362759], [-76.37946359425703, 4.54226335812296], [-76.38987047481064, 4.537663308561828], [-76.40196352918115, 4.529063036619559], [-76.42616490564272, 4.510062889512137], [-76.44106564967042, 4.507262939836445], [-76.44746689707983, 4.515962957238531], [-76.44746680742132, 4.535563560901537], [-76.45437159905825, 4.547163736198343], [-76.45897223793804, 4.557563688927247], [-76.46246659406206, 4.563963883098433], [-76.472270692085, 4.568063819163288], [-76.47166789277271, 4.580164168017926], [-76.46886775546821, 4.59116395456501], [-76.46306913675609, 4.607264033098554], [-76.45556911885524, 4.619964217586487], [-76.4486718334281, 4.634964692494346], [-76.43657109096326, 4.655664839740362], [-76.42966618346279, 4.668964894666157], [-76.42276892488925, 4.678165058798358], [-76.411263300687, 4.697765133307137], [-76.40667021099718, 4.704665020679623], [-76.401466759233, 4.709265094269572], [-76.39336403858924, 4.713265286199996], [-76.39046482495782, 4.701064783124185], [-76.37206208501956, 4.699864959661368], [-76.36106776119867, 4.695764539579914], [-76.34266504650606, 4.689364750394775], [-76.33226583092292, 4.686464545596762], [-76.32034067164484, 4.685971910541202]]]}}, {"type": "Feature", "properties": {"AREA": 192312612.693, "PERIMETER": 65032.99671, "WCOLGEN02_": 752, "WCOLGEN021": 157, "DPTO": "76", "NOMBRE_DPT": "VALLE DEL CAUCA", "MPIO": "823", "NOMBRE_MPI": "TORO", "NOMBRE_CAB": "TORO", "CLASEMUN": "CM", "MPIOS": "76823", "ZONA": "ZONA01", "OF_REG": "DACLI", "REG_ZONAS": "DACLIZONA01", "HECTARES": 19231.261}, "geometry": {"type": "Polygon", "coordinates": [[[-76.05325672842058, 4.69336311874042], [-76.05665194609846, 4.689363382543394], [-76.0595512610767, 4.680063065964482], [-76.05895619127517, 4.670862869609663], [-76.05955136204304, 4.658763001609478], [-76.06245832526102, 4.645462932912777], [-76.07165211161508, 4.635662915742373], [-76.07105706860162, 4.620662411354089], [-76.06875296563646, 4.609062260738853], [-76.06525867289517, 4.589462123649355], [-76.06645657276994, 4.580162276505394], [-76.07855721853372, 4.57906225822267], [-76.08895647438946, 4.572762268066001], [-76.10675652196583, 4.561862215846521], [-76.12525847954271, 4.555062055652254], [-76.14656050988938, 4.551061925555494], [-76.1707618140319, 4.546562078105538], [-76.1886610165791, 4.542562408701142], [-76.20936031006507, 4.537462200284765], [-76.22085822760684, 4.533462500969403], [-76.2218042763994, 4.53981118263656], [-76.22265877197097, 4.545562380626234], [-76.21225951216044, 4.55246271618113], [-76.20595738033376, 4.559362593841687], [-76.1995637055171, 4.563462453511923], [-76.18866088031663, 4.572062728988746], [-76.18635669074826, 4.5789626251597], [-76.18235868945852, 4.591662822233922], [-76.18286220933543, 4.599762943510738], [-76.18286215844988, 4.610663080092208], [-76.18525781765838, 4.622263232496481], [-76.1846626661259, 4.63036334887143], [-76.18116061940123, 4.637263239613002], [-76.18695916397539, 4.636763059522139], [-76.17775776905384, 4.641863320662337], [-76.16565708898484, 4.64996338254234], [-76.16336047703048, 4.667763415927904], [-76.16165902954296, 4.674763452102546], [-76.15125978029832, 4.679363499695435], [-76.1477576947921, 4.694363509755833], [-76.14205835503076, 4.690863460310475], [-76.11605645948926, 4.693563693436847], [-76.09475443478684, 4.696363608955663], [-76.0791517770486, 4.696963401656639], [-76.0734524486623, 4.691163065540653], [-76.05785741902116, 4.692163405786812], [-76.05325672842058, 4.69336311874042]]]}}, {"type": "Feature", "properties": {"AREA": 90561747.5836, "PERIMETER": 42038.608311, "WCOLGEN02_": 755, "WCOLGEN021": 130, "DPTO": "76", "NOMBRE_DPT": "VALLE DEL CAUCA", "MPIO": "020", "NOMBRE_MPI": "ALCALA", "NOMBRE_CAB": "ALCALA", "CLASEMUN": "CM", "MPIOS": "76020", "ZONA": "ZONA01", "OF_REG": "DACLI", "REG_ZONAS": "DACLIZONA01", "HECTARES": 9056.175}, "geometry": {"type": "Polygon", "coordinates": [[[-75.87685146002451, 4.676462033840492], [-75.86814602263095, 4.675862124801822], [-75.86064606609588, 4.676362296284287], [-75.84914817107735, 4.676362241251273], [-75.83934405506729, 4.677462269043068], [-75.81404410419826, 4.678462085742188], [-75.79784635192011, 4.676061585113506], [-75.78284646948443, 4.670861550501557], [-75.76904441925825, 4.670761824472936], [-75.75804245305746, 4.670761771827055], [-75.74364528990596, 4.670661566095292], [-75.73844187736246, 4.667761387864897], [-75.7361453614304, 4.665461567701488], [-75.7361454164848, 4.653861431377393], [-75.73674057899987, 4.643461032574155], [-75.73674061160716, 4.636561128376812], [-75.74074622794431, 4.626761090017031], [-75.74714751285146, 4.626260913076525], [-75.75284686978283, 4.625661072816019], [-75.75804266370089, 4.62626096472152], [-75.76013319471829, 4.625229088463996], [-75.76954819810811, 4.623961210092252], [-75.77824601297588, 4.622861176696676], [-75.78634871461652, 4.62176114046185], [-75.79724386590011, 4.621761192035947], [-75.80704797058145, 4.622961449899064], [-75.81744719668146, 4.622461291804246], [-75.83124926119656, 4.619661340499736], [-75.8387492151065, 4.619661375970203], [-75.84914843636942, 4.620261292480642], [-75.85725113576832, 4.61976160029886], [-75.86755117730675, 4.619161781655815], [-75.87624898457702, 4.619861826959183], [-75.87914817900693, 4.635961937168266], [-75.88024680073666, 4.646361868626323], [-75.87854532396254, 4.659661940582458], [-75.87394462096049, 4.663662147095844], [-75.87685146002451, 4.676462033840492]]]}}, {"type": "Feature", "properties": {"AREA": 149716622.275, "PERIMETER": 54566.316872, "WCOLGEN02_": 769, "WCOLGEN021": 148, "DPTO": "76", "NOMBRE_DPT": "VALLE DEL CAUCA", "MPIO": "497", "NOMBRE_MPI": "OBANDO", "NOMBRE_CAB": "OBANDO", "CLASEMUN": "CM", "MPIOS": "76497", "ZONA": "ZONA01", "OF_REG": "DACLI", "REG_ZONAS": "DACLIZONA01", "HECTARES": 14971.662}, "geometry": {"type": "Polygon", "coordinates": [[[-76.06645657276994, 4.580162276505394], [-76.05265450744128, 4.58246202166175], [-76.04395667951135, 4.585861865508228], [-76.03245112850736, 4.591062252102827], [-76.02435599244625, 4.605462370269699], [-76.00935607156264, 4.607661972509601], [-75.9995519568765, 4.608162133752208], [-75.98745131437491, 4.60876194416911], [-75.97245140996048, 4.607562138699008], [-75.95465140499253, 4.609761727559004], [-75.94654870479725, 4.610261896748781], [-75.93734735252404, 4.606761832249063], [-75.91885307078456, 4.60436179880036], [-75.90855303714997, 4.603161538726807], [-75.90505103458896, 4.600861712809126], [-75.89465180196919, 4.602561605910994], [-75.89524692890396, 4.59966145512044], [-75.89755111009536, 4.594461502978364], [-75.89864980520656, 4.589261545178533], [-75.89864981826675, 4.586461528451892], [-75.8969484370204, 4.579461478697888], [-75.89240118874994, 4.57339554932882], [-75.89064638232433, 4.570161121329043], [-75.88654929563464, 4.561561255451285], [-75.88545065725513, 4.554561208809304], [-75.8831465189172, 4.550560970018984], [-75.88545073167995, 4.538460636671271], [-75.89465211320118, 4.535561002837611], [-75.9038534837394, 4.535060838211833], [-75.91654923850176, 4.534461029789763], [-75.92925261202575, 4.53626116754534], [-75.93614983144296, 4.534560780692093], [-75.94705261907181, 4.533461233407993], [-75.95684910902817, 4.531760859937868], [-75.97184902106531, 4.531261198924166], [-75.9793489543783, 4.535960989394842], [-75.99265509068901, 4.533661241613625], [-76.01225572791756, 4.524461140708495], [-76.02025161609862, 4.523361102919833], [-76.03585424279927, 4.529261619462724], [-76.03875350012666, 4.532161309850172], [-76.0531582631264, 4.539661626500537], [-76.05665262333403, 4.544861606249081], [-76.0744526271747, 4.543261883461377], [-76.07275881360621, 4.549561914095124], [-76.06985184381276, 4.564561924232596], [-76.06645661549206, 4.57096208384433], [-76.06645657276994, 4.580162276505394]]]}}, {"type": "Feature", "properties": {"AREA": 124101019.249, "PERIMETER": 53935.862796, "WCOLGEN02_": 774, "WCOLGEN021": 146, "DPTO": "76", "NOMBRE_DPT": "VALLE DEL CAUCA", "MPIO": "400", "NOMBRE_MPI": "LA UNION", "NOMBRE_CAB": "LA UNION", "CLASEMUN": "CM", "MPIOS": "76400", "ZONA": "ZONA01", "OF_REG": "DACLI", "REG_ZONAS": "DACLIZONA01", "HECTARES": 12410.102}, "geometry": {"type": "Polygon", "coordinates": [[[-76.0744526271747, 4.543261883461377], [-76.08025881176597, 4.540361756432098], [-76.08425681202537, 4.527661561140036], [-76.0860574273996, 4.524261684955127], [-76.08595831604566, 4.508061449546227], [-76.08595839501541, 4.490761140061844], [-76.09005557522241, 4.479161020361166], [-76.09278700126784, 4.477454891720508], [-76.09602959569312, 4.479898722459467], [-76.11135753030713, 4.491461260788199], [-76.12745612666798, 4.4885611806413], [-76.15055875114155, 4.485761269311189], [-76.1730586433974, 4.480661545296216], [-76.19786268826867, 4.476761566487475], [-76.21975982517796, 4.47456151660663], [-76.23125766405697, 4.487861651611387], [-76.2358583392705, 4.490161959447642], [-76.23186035995212, 4.498262059645763], [-76.22436036613604, 4.506362143750931], [-76.22545901358048, 4.511562113065016], [-76.22555816212015, 4.519662232143514], [-76.21396103790055, 4.528262027923049], [-76.22085822760684, 4.533462500969403], [-76.20936031006507, 4.537462200284765], [-76.1886610165791, 4.542562408701142], [-76.1707618140319, 4.546562078105538], [-76.14656050988938, 4.551061925555494], [-76.12525847954271, 4.555062055652254], [-76.10675652196583, 4.561862215846521], [-76.08895647438946, 4.572762268066001], [-76.07855721853372, 4.57906225822267], [-76.06645657276994, 4.580162276505394], [-76.06645661549206, 4.57096208384433], [-76.06985184381276, 4.564561924232596], [-76.07275881360621, 4.549561914095124], [-76.0744526271747, 4.543261883461377]]]}}, {"type": "Feature", "properties": {"AREA": 328335538.434, "PERIMETER": 101213.062945, "WCOLGEN02_": 777, "WCOLGEN021": 140, "DPTO": "76", "NOMBRE_DPT": "VALLE DEL CAUCA", "MPIO": "250", "NOMBRE_MPI": "EL DOVIO", "NOMBRE_CAB": "EL DOVIO", "CLASEMUN": "CM", "MPIOS": "76250", "ZONA": "ZONA01", "OF_REG": "DACLI", "REG_ZONAS": "DACLIZONA01", "HECTARES": 32833.554}, "geometry": {"type": "Polygon", "coordinates": [[[-76.22085822760684, 4.533462500969403], [-76.21396103790055, 4.528262027923049], [-76.22555816212015, 4.519662232143514], [-76.22545901358048, 4.511562113065016], [-76.22436036613604, 4.506362143750931], [-76.23186035995212, 4.498262059645763], [-76.2358583392705, 4.490161959447642], [-76.24396106264471, 4.485061692308756], [-76.24736387838081, 4.487961862169514], [-76.26236374520376, 4.498362336392549], [-76.26696443057027, 4.498462017511084], [-76.26755957329038, 4.492062320794981], [-76.2710616741202, 4.473062081873415], [-76.28886171602291, 4.463861969254729], [-76.3096678498202, 4.453561795010045], [-76.3292685027447, 4.442061879919039], [-76.35056293818484, 4.431161839651461], [-76.36036706649449, 4.428361866289368], [-76.36326635108583, 4.42546172489151], [-76.36846978067346, 4.425461748338488], [-76.36386905541572, 4.434161714209556], [-76.3672642550737, 4.434161729538598], [-76.37826623828826, 4.431861969060997], [-76.39326614900774, 4.433062248682794], [-76.40936471296907, 4.438361946211956], [-76.43066674343798, 4.435562024602814], [-76.44397290610638, 4.428662176915432], [-76.45486808739281, 4.42356239783171], [-76.46876935864377, 4.417862287732671], [-76.48486794982348, 4.417362152503628], [-76.49347422006248, 4.415062380785447], [-76.50616997157555, 4.416862517456018], [-76.5171719201383, 4.422662399824669], [-76.5286698174721, 4.423862663618312], [-76.51696576571516, 4.456903968709859], [-76.51563818739008, 4.460658619150696], [-76.5125710049755, 4.473462775380307], [-76.5102744084378, 4.488463271000697], [-76.50857296449027, 4.494863441067602], [-76.50626875936749, 4.505163225052516], [-76.5033694554508, 4.512163257343734], [-76.49526670611087, 4.522463491590447], [-76.49017003804573, 4.534063611862976], [-76.48607286399861, 4.543863656896717], [-76.48607281895876, 4.553663720915917], [-76.47977068546179, 4.560563600580908], [-76.47626864890285, 4.565163682528289], [-76.472270692085, 4.568063819163288], [-76.46246659406206, 4.563963883098433], [-76.45897223793804, 4.557563688927247], [-76.45437159905825, 4.547163736198343], [-76.44746680742132, 4.535563560901537], [-76.44746689707983, 4.515962957238531], [-76.44106564967042, 4.507262939836445], [-76.42616490564272, 4.510062889512137], [-76.40196352918115, 4.529063036619559], [-76.38987047481064, 4.537663308561828], [-76.37946359425703, 4.54226335812296], [-76.3690643411507, 4.547363138362759], [-76.35526226111446, 4.551963172021305], [-76.34256649053428, 4.554763131067308], [-76.32876445369462, 4.550062832710495], [-76.32586524057264, 4.537363079041818], [-76.32116541382128, 4.527562518259007], [-76.30676064442325, 4.520562407538859], [-76.29756689979435, 4.521062572712202], [-76.27396066639389, 4.534262410824305], [-76.26356141395964, 4.539462804220395], [-76.25436001889378, 4.544562589365268], [-76.24626493213766, 4.548062573866144], [-76.23646081238662, 4.549162603434653], [-76.22555805101472, 4.543862451536054], [-76.22265877197097, 4.545562380626234], [-76.2218042763994, 4.53981118263656], [-76.22085822760684, 4.533462500969403]]]}}, {"type": "Feature", "properties": {"AREA": 310057073.39, "PERIMETER": 76021.668526, "WCOLGEN02_": 778, "WCOLGEN021": 147, "DPTO": "76", "NOMBRE_DPT": "VALLE DEL CAUCA", "MPIO": "403", "NOMBRE_MPI": "LA VICTORIA", "NOMBRE_CAB": "LA VICTORIA", "CLASEMUN": "CM", "MPIOS": "76403", "ZONA": "ZONA01", "OF_REG": "DACLI", "REG_ZONAS": "DACLIZONA01", "HECTARES": 31005.707}, "geometry": {"type": "Polygon", "coordinates": [[[-76.0744526271747, 4.543261883461377], [-76.05665262333403, 4.544861606249081], [-76.0531582631264, 4.539661626500537], [-76.03875350012666, 4.532161309850172], [-76.03585424279927, 4.529261619462724], [-76.02025161609862, 4.523361102919833], [-76.01225572791756, 4.524461140708495], [-75.99265509068901, 4.533661241613625], [-75.9793489543783, 4.535960989394842], [-75.97184902106531, 4.531261198924166], [-75.95684910902817, 4.531760859937868], [-75.94705261907181, 4.533461233407993], [-75.93614983144296, 4.534560780692093], [-75.92925261202575, 4.53626116754534], [-75.91654923850176, 4.534461029789763], [-75.9038534837394, 4.535060838211833], [-75.89465211320118, 4.535561002837611], [-75.88545073167995, 4.538460636671271], [-75.8831465189172, 4.550560970018984], [-75.88024727830344, 4.5441607824246], [-75.87674530525318, 4.535460782899984], [-75.87325095903775, 4.527360650839628], [-75.86865030679654, 4.520460725196259], [-75.86755166539656, 4.514060546294939], [-75.86755169979402, 4.506560297949703], [-75.86804766741137, 4.497860317401443], [-75.87154971211248, 4.490960429378717], [-75.8715497331062, 4.486360334361948], [-75.87264845129121, 4.475959938061756], [-75.87264849311266, 4.466760225018665], [-75.8703519999887, 4.459259966507283], [-75.8755477945952, 4.459859857472475], [-75.88365051536306, 4.454659932268005], [-75.89575122419606, 4.439059623995703], [-75.9014506124712, 4.431660015502674], [-75.91584784838209, 4.416059717385159], [-75.92514843325888, 4.40915985544119], [-75.93254922776514, 4.403459719362762], [-75.94474908306746, 4.396559870297376], [-75.94985336323388, 4.387959570620322], [-75.95395047982416, 4.390259398058061], [-75.95466767984227, 4.387549984930332], [-75.96485327543546, 4.387359770661211], [-75.9856516869177, 4.396159983704436], [-75.99715716657282, 4.406559960405642], [-76.00585500099362, 4.401460173852357], [-76.01385091215218, 4.39515969579462], [-76.02485286546029, 4.398660242744374], [-76.03465694713651, 4.405560191467298], [-76.04385826469893, 4.417160369976401], [-76.0582553440744, 4.436860688912825], [-76.06525931677196, 4.449060725724418], [-76.07785582239245, 4.462960730469838], [-76.08485979492143, 4.475161244864405], [-76.09278700126784, 4.477454891720508], [-76.09005557522241, 4.479161020361166], [-76.08595839501541, 4.490761140061844], [-76.08595831604566, 4.508061449546227], [-76.0860574273996, 4.524261684955127], [-76.08425681202537, 4.527661561140036], [-76.08025881176597, 4.540361756432098], [-76.0744526271747, 4.543261883461377]]]}}, {"type": "Feature", "properties": {"AREA": 275300399.97, "PERIMETER": 80086.396139, "WCOLGEN02_": 785, "WCOLGEN021": 153, "DPTO": "76", "NOMBRE_DPT": "VALLE DEL CAUCA", "MPIO": "622", "NOMBRE_MPI": "ROLDANILLO", "NOMBRE_CAB": "ROLDANILLO", "CLASEMUN": "CM", "MPIOS": "76622", "ZONA": "ZONA01", "OF_REG": "DACLI", "REG_ZONAS": "DACLIZONA01", "HECTARES": 27530.04}, "geometry": {"type": "Polygon", "coordinates": [[[-76.2358583392705, 4.490161959447642], [-76.23125766405697, 4.487861651611387], [-76.21975982517796, 4.47456151660663], [-76.19786268826867, 4.476761566487475], [-76.1730586433974, 4.480661545296216], [-76.15055875114155, 4.485761269311189], [-76.12745612666798, 4.4885611806413], [-76.11135753030713, 4.491461260788199], [-76.09602959569312, 4.479898722459467], [-76.10555906223834, 4.475260999455095], [-76.12055900051222, 4.469461237054955], [-76.11425695321138, 4.457961206619212], [-76.10905356967051, 4.448060986764539], [-76.11825496286752, 4.442960725182823], [-76.1286618766138, 4.430261036053924], [-76.13845841209047, 4.418760601994767], [-76.14535563003011, 4.417660558317974], [-76.14815572839564, 4.414760893978461], [-76.15795986270763, 4.410160842137186], [-76.16606260598044, 4.400360819170358], [-76.17466129227948, 4.387160437161535], [-76.18335914631844, 4.377960284105925], [-76.18735711690921, 4.371560603807294], [-76.18676209748084, 4.350260063753202], [-76.20466127159233, 4.352560429578131], [-76.22365912162657, 4.353860385562331], [-76.23806388600138, 4.361960566966847], [-76.25075960375737, 4.370660608479255], [-76.26926151915968, 4.373660981801773], [-76.30206142293075, 4.376161211548415], [-76.3211660878929, 4.377960899154157], [-76.34126260661613, 4.380361412414641], [-76.3620686510555, 4.390261226440681], [-76.36377001680506, 4.401261507222944], [-76.36376994500833, 4.417361608160511], [-76.36326635108583, 4.42546172489151], [-76.36036706649449, 4.428361866289368], [-76.35056293818484, 4.431161839651461], [-76.3292685027447, 4.442061879919039], [-76.3096678498202, 4.453561795010045], [-76.28886171602291, 4.463861969254729], [-76.2710616741202, 4.473062081873415], [-76.26755957329038, 4.492062320794981], [-76.26696443057027, 4.498462017511084], [-76.26236374520376, 4.498362336392549], [-76.24736387838081, 4.487961862169514], [-76.24396106264471, 4.485061692308756], [-76.2358583392705, 4.490161959447642]]]}}, {"type": "Feature", "properties": {"AREA": 354846888.465, "PERIMETER": 87592.612604, "WCOLGEN02_": 790, "WCOLGEN021": 165, "DPTO": "76", "NOMBRE_DPT": "VALLE DEL CAUCA", "MPIO": "895", "NOMBRE_MPI": "ZARZAL", "NOMBRE_CAB": "ZARZAL", "CLASEMUN": "CM", "MPIOS": "76895", "ZONA": "ZONA01", "OF_REG": "DACLI", "REG_ZONAS": "DACLIZONA01", "HECTARES": 35484.689}, "geometry": {"type": "Polygon", "coordinates": [[[-76.09602959569312, 4.479898722459467], [-76.09278700126784, 4.477454891720508], [-76.08485979492143, 4.475161244864405], [-76.07785582239245, 4.462960730469838], [-76.06525931677196, 4.449060725724418], [-76.0582553440744, 4.436860688912825], [-76.04385826469893, 4.417160369976401], [-76.03465694713651, 4.405560191467298], [-76.02485286546029, 4.398660242744374], [-76.01385091215218, 4.39515969579462], [-76.00585500099362, 4.401460173852357], [-75.99715716657282, 4.406559960405642], [-75.9856516869177, 4.396159983704436], [-75.96485327543546, 4.387359770661211], [-75.95466767984227, 4.387549984930332], [-75.95625467558042, 4.381559425791854], [-75.96085540350025, 4.371759389303967], [-75.9654561105083, 4.366659584529018], [-75.97405485648865, 4.339459124105756], [-75.9821498886439, 4.347659412067855], [-75.994853281353, 4.345359182634646], [-75.99945396853342, 4.344759335809521], [-76.0155525594436, 4.342559258188005], [-76.02075601007324, 4.337359318974197], [-76.02595190168668, 4.31605928566027], [-76.02765334857041, 4.308559045072453], [-76.04205821123928, 4.293559089094768], [-76.05705810686325, 4.297059175345717], [-76.06515320067663, 4.291359041287818], [-76.06855609411251, 4.276359036660504], [-76.07145541983614, 4.263658838999093], [-76.0727295919741, 4.259274282217735], [-76.07495743369553, 4.263658854250199], [-76.08065678961104, 4.263658879069444], [-76.09565669802782, 4.264358948479724], [-76.11006149361823, 4.264958878482793], [-76.1319586227031, 4.263959036055989], [-76.1556563551643, 4.262259197259054], [-76.1584564405587, 4.262259209438657], [-76.16655910242058, 4.270959228125712], [-76.17926242664868, 4.284959366802057], [-76.19026436479238, 4.292459664056949], [-76.19365952857689, 4.300559795517005], [-76.19716151759626, 4.306359641288817], [-76.20056431619724, 4.313260038269076], [-76.18905875755956, 4.320159892802454], [-76.19136289233627, 4.325359866078566], [-76.19085930666168, 4.331760038582057], [-76.18795999999696, 4.339860142632197], [-76.18566343911102, 4.347360381997363], [-76.18676209748084, 4.350260063753202], [-76.18735711690921, 4.371560603807294], [-76.18335914631844, 4.377960284105925], [-76.17466129227948, 4.387160437161535], [-76.16606260598044, 4.400360819170358], [-76.15795986270763, 4.410160842137186], [-76.14815572839564, 4.414760893978461], [-76.14535563003011, 4.417660558317974], [-76.13845841209047, 4.418760601994767], [-76.1286618766138, 4.430261036053924], [-76.11825496286752, 4.442960725182823], [-76.10905356967051, 4.448060986764539], [-76.11425695321138, 4.457961206619212], [-76.12055900051222, 4.469461237054955], [-76.10555906223834, 4.475260999455095], [-76.09602959569312, 4.479898722459467]]]}}, {"type": "Feature", "properties": {"AREA": 921227370.748, "PERIMETER": 170978.099197, "WCOLGEN02_": 792, "WCOLGEN021": 156, "DPTO": "76", "NOMBRE_DPT": "VALLE DEL CAUCA", "MPIO": "736", "NOMBRE_MPI": "SEVILLA", "NOMBRE_CAB": "SEVILLA", "CLASEMUN": "CM", "MPIOS": "76736", "ZONA": "ZONA01", "OF_REG": "DACLI", "REG_ZONAS": "DACLIZONA01", "HECTARES": 92122.737}, "geometry": {"type": "Polygon", "coordinates": [[[-75.85704606910608, 4.416459522082252], [-75.86974949403518, 4.406659522978066], [-75.87605165620181, 4.392259400296922], [-75.87834826311479, 4.374359239592286], [-75.87895107270315, 4.359358747569843], [-75.88065255065196, 4.34485894469679], [-75.88294917691411, 4.322358690321295], [-75.88754996473324, 4.298658235311654], [-75.88294935354132, 4.281958256769819], [-75.88234670341431, 4.260558065275113], [-75.8754495997907, 4.235657827347549], [-75.87484692595085, 4.219557734723294], [-75.86904843535638, 4.207957576934443], [-75.85294984980652, 4.209557312106491], [-75.83564571594826, 4.22575746352798], [-75.82584920077045, 4.233757397359332], [-75.8189519530031, 4.242357687614552], [-75.81374846154986, 4.257357680142527], [-75.8126498133242, 4.252157714590817], [-75.8074464389702, 4.240057352411636], [-75.80334936013466, 4.229057546328833], [-75.80334940008653, 4.219757222562763], [-75.80104530514683, 4.205357065277358], [-75.7993439359028, 4.194957137130465], [-75.79184403908988, 4.181657032190799], [-75.78714423623279, 4.166056654589683], [-75.78144493619743, 4.153256288305087], [-75.77684427973661, 4.146856574681137], [-75.76754375891967, 4.139356290321569], [-75.75544314675551, 4.133556412158402], [-75.74744726845397, 4.132956034463335], [-75.73764314968926, 4.13515614095931], [-75.72834257575118, 4.140356061245792], [-75.71624194008939, 4.140255873108683], [-75.72494740991563, 4.132856279211263], [-75.72544341524923, 4.114355773894053], [-75.7254435333108, 4.086055691690038], [-75.72144569126557, 4.06235520915785], [-75.7150445042558, 4.039255061167962], [-75.71044385683585, 4.03055506471662], [-75.70644599027221, 4.012554749969622], [-75.71104673450807, 3.997554758972988], [-75.72134680390278, 3.989554589271318], [-75.72484882580163, 3.987254557573537], [-75.72884678473474, 3.982654720290017], [-75.75994528801222, 3.977554786517545], [-75.77034446600372, 3.988654750853401], [-75.78075128137002, 3.997854978045103], [-75.78884630768296, 4.007755199720481], [-75.80904959370132, 4.019355412404766], [-75.82745228035922, 4.031055278184253], [-75.83554732850207, 4.03565540437027], [-75.85974857698692, 4.04215581187974], [-75.87125408008944, 4.047355819481191], [-75.87934913552655, 4.050256004972094], [-75.89205248282363, 4.058455829734008], [-75.90474820799713, 4.064856053628163], [-75.9145522927143, 4.071256265676528], [-75.92835430204286, 4.081656244082093], [-75.93475557819951, 4.083456348846052], [-75.95725542699903, 4.087056598984894], [-75.97625326074066, 4.091156564930546], [-75.99005530900898, 4.092356833713854], [-75.99695251589606, 4.093556596787606], [-76.01025863410983, 4.095356730662938], [-75.99355726015303, 4.10735686402723], [-76.00215581087933, 4.125357205482485], [-76.00795430370871, 4.136857226571411], [-76.01315767038409, 4.15135753484836], [-76.02235896613523, 4.168757536382975], [-76.02935531470375, 4.180357700382425], [-76.04435512453011, 4.204058240827871], [-76.046659239888, 4.213858307051992], [-76.05065713187945, 4.225458459227386], [-76.05875978066534, 4.237058629397827], [-76.06275767761223, 4.247458570751388], [-76.07145544964695, 4.256758935055875], [-76.0727295919741, 4.259274282217735], [-76.07145541983614, 4.263658838999093], [-76.06855609411251, 4.276359036660504], [-76.06515320067663, 4.291359041287818], [-76.05705810686325, 4.297059175345717], [-76.04205821123928, 4.293559089094768], [-76.02765334857041, 4.308559045072453], [-76.02595190168668, 4.31605928566027], [-76.02075601007324, 4.337359318974197], [-76.0155525594436, 4.342559258188005], [-75.99945396853342, 4.344759335809521], [-75.994853281353, 4.345359182634646], [-75.9821498886439, 4.347659412067855], [-75.97405485648865, 4.339459124105756], [-75.9654561105083, 4.366659584529018], [-75.96085540350025, 4.371759389303967], [-75.95625467558042, 4.381559425791854], [-75.95466767984227, 4.387549984930332], [-75.95395047982416, 4.390259398058061], [-75.94985336323388, 4.387959570620322], [-75.94474908306746, 4.396559870297376], [-75.93254922776514, 4.403459719362762], [-75.92514843325888, 4.40915985544119], [-75.91584784838209, 4.416059717385159], [-75.9014506124712, 4.431660015502674], [-75.89575122419606, 4.439059623995703], [-75.88365051536306, 4.454659932268005], [-75.8755477945952, 4.459859857472475], [-75.8703519999887, 4.459259966507283], [-75.86924571811265, 4.455160073864067], [-75.86865063102036, 4.449359764984086], [-75.86575142094608, 4.436059674703197], [-75.86285218460611, 4.428559413813247], [-75.8617459125069, 4.422259372422317], [-75.85704606910608, 4.416459522082252]]]}}, {"type": "Feature", "properties": {"AREA": 697012800.897, "PERIMETER": 120337.815543, "WCOLGEN02_": 797, "WCOLGEN021": 154, "DPTO": "76", "NOMBRE_DPT": "VALLE DEL CAUCA", "MPIO": "100", "NOMBRE_MPI": "BOLIVAR", "NOMBRE_CAB": "BOLIVAR", "CLASEMUN": "CM", "MPIOS": "76100", "ZONA": "ZONA01", "OF_REG": "DACLI", "REG_ZONAS": "DACLIZONA01", "HECTARES": 69701.28}, "geometry": {"type": "Polygon", "coordinates": [[[-76.36326635108583, 4.42546172489151], [-76.36376994500833, 4.417361608160511], [-76.36377001680506, 4.401261507222944], [-76.3620686510555, 4.390261226440681], [-76.34126260661613, 4.380361412414641], [-76.3211660878929, 4.377960899154157], [-76.30206142293075, 4.376161211548415], [-76.26926151915968, 4.373660981801773], [-76.25075960375737, 4.370660608479255], [-76.23806388600138, 4.361960566966847], [-76.22365912162657, 4.353860385562331], [-76.20466127159233, 4.352560429578131], [-76.18676209748084, 4.350260063753202], [-76.18566343911102, 4.347360381997363], [-76.18795999999696, 4.339860142632197], [-76.19085930666168, 4.331760038582057], [-76.19136289233627, 4.325359866078566], [-76.18905875755956, 4.320159892802454], [-76.20056431619724, 4.313260038269076], [-76.20806433301166, 4.29945978398398], [-76.22306430120003, 4.286859774020594], [-76.23056428791244, 4.279959901587041], [-76.24036080002956, 4.273659906463466], [-76.24436640713957, 4.265559807122898], [-76.25246151259803, 4.257459725531528], [-76.25639844583594, 4.250947033203607], [-76.26806420176158, 4.250059680599108], [-76.27666283270236, 4.249459373634069], [-76.28476553271054, 4.249559545571166], [-76.29336417368047, 4.246659429060212], [-76.30546480662163, 4.249059904665589], [-76.32106746691161, 4.248559764818362], [-76.3366625029395, 4.246859890095354], [-76.34876314629831, 4.24696007928805], [-76.36086379023588, 4.246960131625417], [-76.37006514252207, 4.25165992768654], [-76.37986925839927, 4.251659970128864], [-76.3925650236842, 4.249960082762924], [-76.40286507728622, 4.247759977553592], [-76.41327195912822, 4.242560058653978], [-76.42306844533957, 4.242660237810455], [-76.44096762865625, 4.243860050024663], [-76.44726973004147, 4.243860077236862], [-76.45766895995223, 4.243960258997006], [-76.46976961036673, 4.242760576264042], [-76.4795737392238, 4.239960601156584], [-76.48827157472677, 4.235360541906103], [-76.49287226624963, 4.234260486751971], [-76.50317233109755, 4.229660434300805], [-76.51476943621772, 4.225660254844717], [-76.52627499784414, 4.218760397397579], [-76.5343700583096, 4.221660586493507], [-76.54067213769255, 4.226960714863439], [-76.55277273186779, 4.239160775421547], [-76.55397052477039, 4.254160806976276], [-76.55227669261448, 4.265060936575345], [-76.55277257334195, 4.276061212643816], [-76.55627449634798, 4.297461431724075], [-76.56377437267106, 4.316561381797341], [-76.56957285641974, 4.330461836695034], [-76.57187696191555, 4.342561720012498], [-76.57767544535614, 4.356462175534049], [-76.58057466653614, 4.368062331221545], [-76.58807448275725, 4.400462369839231], [-76.5880744520965, 4.407362755233582], [-76.58167315390415, 4.409662537138606], [-76.5770724541703, 4.412462534693457], [-76.57247176424717, 4.413062858561283], [-76.566177281431, 4.415362640880435], [-76.56037109979644, 4.417062557720007], [-76.55577040771853, 4.418162612310411], [-76.5488731864775, 4.419362793464376], [-76.54307463459887, 4.421062710286837], [-76.53737527373382, 4.42156241542531], [-76.5286698174721, 4.423862663618312], [-76.5171719201383, 4.422662399824669], [-76.50616997157555, 4.416862517456018], [-76.49347422006248, 4.415062380785447], [-76.48486794982348, 4.417362152503628], [-76.46876935864377, 4.417862287732671], [-76.45486808739281, 4.42356239783171], [-76.44397290610638, 4.428662176915432], [-76.43066674343798, 4.435562024602814], [-76.40936471296907, 4.438361946211956], [-76.39326614900774, 4.433062248682794], [-76.37826623828826, 4.431861969060997], [-76.3672642550737, 4.434161729538598], [-76.36386905541572, 4.434161714209556], [-76.36846978067346, 4.425461748338488], [-76.36326635108583, 4.42546172489151]]]}}, {"type": "Feature", "properties": {"AREA": 131699667.286, "PERIMETER": 52375.14317, "WCOLGEN02_": 799, "WCOLGEN021": 134, "DPTO": "76", "NOMBRE_DPT": "VALLE DEL CAUCA", "MPIO": "122", "NOMBRE_MPI": "CAICEDONIA", "NOMBRE_CAB": "CAICEDONIA", "CLASEMUN": "CM", "MPIOS": "76122", "ZONA": "ZONA01", "OF_REG": "DACLI", "REG_ZONAS": "DACLIZONA01", "HECTARES": 13169.967}, "geometry": {"type": "Polygon", "coordinates": [[[-75.82025615803337, 4.349144054506263], [-75.82185080461653, 4.338258713981991], [-75.82244594570793, 4.331958204226875], [-75.8230487194933, 4.324958167434877], [-75.82322421388932, 4.322168642961181], [-75.8235446824078, 4.316958192703368], [-75.82304879542448, 4.307658342587986], [-75.82304882562549, 4.300757963250909], [-75.82304886363323, 4.292057982597924], [-75.82304890896566, 4.281658060633458], [-75.8235448667451, 4.27475768364555], [-75.81374846154986, 4.257357680142527], [-75.8189519530031, 4.242357687614552], [-75.82584920077045, 4.233757397359332], [-75.83564571594826, 4.22575746352798], [-75.85294984980652, 4.209557312106491], [-75.86904843535638, 4.207957576934443], [-75.87484692595085, 4.219557734723294], [-75.8754495997907, 4.235657827347549], [-75.88234670341431, 4.260558065275113], [-75.88294935354132, 4.281958256769819], [-75.88754996473324, 4.298658235311654], [-75.88294917691411, 4.322358690321295], [-75.88065255065196, 4.34485894469679], [-75.87895107270315, 4.359358747569843], [-75.87834826311479, 4.374359239592286], [-75.87605165620181, 4.392259400296922], [-75.86974949403518, 4.406659522978066], [-75.85704606910608, 4.416459522082252], [-75.85474955276564, 4.414059566004078], [-75.85244540901066, 4.411159402672073], [-75.84844748607787, 4.407159157280812], [-75.84494549405433, 4.402459387000908], [-75.84155031678948, 4.397859277228167], [-75.83634691592331, 4.392058948155046], [-75.83284491852183, 4.388558912423449], [-75.82594776698555, 4.375258805698622], [-75.82365126307235, 4.370058833980702], [-75.82304853031518, 4.367759022584415], [-75.82074439671446, 4.362558574061975], [-75.82074442508691, 4.356158878398744], [-75.8201493219594, 4.353858590241649], [-75.82014933966126, 4.349858840089644], [-75.82025615803337, 4.349144054506263]]]}}, {"type": "Feature", "properties": {"AREA": 371984196.247, "PERIMETER": 88990.871974, "WCOLGEN02_": 816, "WCOLGEN021": 133, "DPTO": "76", "NOMBRE_DPT": "VALLE DEL CAUCA", "MPIO": "113", "NOMBRE_MPI": "BUGALAGRANDE", "NOMBRE_CAB": "BUGALAGRANDE", "CLASEMUN": "CM", "MPIOS": "76113", "ZONA": "ZONA02", "OF_REG": "DACLI", "REG_ZONAS": "DACLIZONA02", "HECTARES": 37198.42}, "geometry": {"type": "Polygon", "coordinates": [[[-76.0727295919741, 4.259274282217735], [-76.07145544964695, 4.256758935055875], [-76.06275767761223, 4.247458570751388], [-76.05875978066534, 4.237058629397827], [-76.05065713187945, 4.225458459227386], [-76.046659239888, 4.213858307051992], [-76.04435512453011, 4.204058240827871], [-76.02935531470375, 4.180357700382425], [-76.02235896613523, 4.168757536382975], [-76.01315767038409, 4.15135753484836], [-76.00795430370871, 4.136857226571411], [-76.00215581087933, 4.125357205482485], [-75.99355726015303, 4.10735686402723], [-76.01025863410983, 4.095356730662938], [-76.01418030423949, 4.089273674872697], [-76.0240531468444, 4.073956600410392], [-76.03045443067033, 4.074056763862633], [-76.03615379123819, 4.072856576506972], [-76.04595790081801, 4.073556621238642], [-76.06906050276834, 4.075356795654947], [-76.08225974713041, 4.091557078529895], [-76.08925608498149, 4.106057394517655], [-76.09156023727874, 4.10725713852964], [-76.10195938911893, 4.125157352517197], [-76.1105579795651, 4.133857847345562], [-76.12675571154688, 4.142557897695134], [-76.13885634262145, 4.144957894611727], [-76.15555765444445, 4.148457985559027], [-76.16305759343366, 4.152557904885398], [-76.17346440153165, 4.164158084694829], [-76.18326084901986, 4.172858585907285], [-76.19416360708212, 4.179258329259988], [-76.20396008135334, 4.181658793858425], [-76.21206277142882, 4.183958637606033], [-76.22766540091324, 4.19035887825264], [-76.23685913482238, 4.192158996321937], [-76.24786106664355, 4.201458894236283], [-76.25706241080894, 4.207859108020421], [-76.27086442373664, 4.218259093176669], [-76.2685602339682, 4.225759332529494], [-76.26456226661986, 4.23155914568388], [-76.25936643256486, 4.239659239915773], [-76.25416297396286, 4.246559599377765], [-76.25356021610669, 4.249959480918685], [-76.25639844583594, 4.250947033203607], [-76.25246151259803, 4.257459725531528], [-76.24436640713957, 4.265559807122898], [-76.24036080002956, 4.273659906463466], [-76.23056428791244, 4.279959901587041], [-76.22306430120003, 4.286859774020594], [-76.20806433301166, 4.29945978398398], [-76.20056431619724, 4.313260038269076], [-76.19716151759626, 4.306359641288817], [-76.19365952857689, 4.300559795517005], [-76.19026436479238, 4.292459664056949], [-76.17926242664868, 4.284959366802057], [-76.16655910242058, 4.270959228125712], [-76.1584564405587, 4.262259209438657], [-76.1556563551643, 4.262259197259054], [-76.1319586227031, 4.263959036055989], [-76.11006149361823, 4.264958878482793], [-76.09565669802782, 4.264358948479724], [-76.08065678961104, 4.263658879069444], [-76.07495743369553, 4.263658854250199], [-76.0727295919741, 4.259274282217735]]]}}, {"type": "Feature", "properties": {"AREA": 241652998.842, "PERIMETER": 73685.844239, "WCOLGEN02_": 825, "WCOLGEN021": 158, "DPTO": "76", "NOMBRE_DPT": "VALLE DEL CAUCA", "MPIO": "828", "NOMBRE_MPI": "TRUJILLO", "NOMBRE_CAB": "TRUJILLO", "CLASEMUN": "CM", "MPIOS": "76828", "ZONA": "ZONA02", "OF_REG": "DACLI", "REG_ZONAS": "DACLIZONA02", "HECTARES": 24165.3}, "geometry": {"type": "Polygon", "coordinates": [[[-76.52627499784414, 4.218760397397579], [-76.51476943621772, 4.225660254844717], [-76.50317233109755, 4.229660434300805], [-76.49287226624963, 4.234260486751971], [-76.48827157472677, 4.235360541906103], [-76.4795737392238, 4.239960601156584], [-76.46976961036673, 4.242760576264042], [-76.45766895995223, 4.243960258997006], [-76.44726973004147, 4.243860077236862], [-76.44096762865625, 4.243860050024663], [-76.42306844533957, 4.242660237810455], [-76.41327195912822, 4.242560058653978], [-76.40286507728622, 4.247759977553592], [-76.3925650236842, 4.249960082762924], [-76.37986925839927, 4.251659970128864], [-76.37006514252207, 4.25165992768654], [-76.36086379023588, 4.246960131625417], [-76.34876314629831, 4.24696007928805], [-76.3366625029395, 4.246859890095354], [-76.32106746691161, 4.248559764818362], [-76.30546480662163, 4.249059904665589], [-76.29336417368047, 4.246659429060212], [-76.28476553271054, 4.249559545571166], [-76.27666283270236, 4.249459373634069], [-76.26806420176158, 4.250059680599108], [-76.25639844583594, 4.250947033203607], [-76.25356021610669, 4.249959480918685], [-76.25416297396286, 4.246559599377765], [-76.25936643256486, 4.239659239915773], [-76.26456226661986, 4.23155914568388], [-76.2685602339682, 4.225759332529494], [-76.27086442373664, 4.218259093176669], [-76.27316098591936, 4.210259123302698], [-76.2754651657918, 4.205059170218413], [-76.28006588349446, 4.19755894074289], [-76.28356795194189, 4.184858743648681], [-76.28526176385594, 4.178459053307403], [-76.28696319272738, 4.175058699685925], [-76.2837664208198, 4.161723797490383], [-76.28796272905191, 4.16304419098947], [-76.29446319636081, 4.164058938508176], [-76.3048624124112, 4.167058796177787], [-76.31586438448431, 4.167058842891451], [-76.33486990557492, 4.159058943729931], [-76.34746652812463, 4.146958652031243], [-76.37056913921548, 4.148259098024435], [-76.37977051174131, 4.148259136890453], [-76.40227038781396, 4.1477590245271], [-76.41556888181287, 4.149559159706866], [-76.42647164013398, 4.156559248303636], [-76.43916740076149, 4.156059094595788], [-76.45876800382138, 4.156159314330464], [-76.46227001904242, 4.156159329137544], [-76.46098059120362, 4.1596903398413], [-76.45997346407981, 4.16245935797757], [-76.45876795801303, 4.167059449159948], [-76.46567278559402, 4.171159367341632], [-76.46796929683155, 4.175259742865414], [-76.47317270750852, 4.179859861377622], [-76.477773372287, 4.185059844849594], [-76.48766901556127, 4.192059930203475], [-76.50317244643801, 4.202560061400955], [-76.51127512665101, 4.207760060230743], [-76.52047647841766, 4.212960063875633], [-76.52337573557799, 4.216460098127283], [-76.52627499784414, 4.218760397397579]]]}}, {"type": "Feature", "properties": {"AREA": 6911191356.98, "PERIMETER": 562007.102621, "WCOLGEN02_": 830, "WCOLGEN021": 131, "DPTO": "76", "NOMBRE_DPT": "VALLE DEL CAUCA", "MPIO": "109", "NOMBRE_MPI": "BUENAVENTURA", "NOMBRE_CAB": "BUENAVENTURA", "CLASEMUN": "CM", "MPIOS": "76109", "ZONA": "ZONA03", "OF_REG": "DACLI", "REG_ZONAS": "DACLIZONA03", "HECTARES": 691119.136}, "geometry": {"type": "Polygon", "coordinates": [[[-77.40710488106338, 4.190163613032806], [-77.39670564832429, 4.188363488259227], [-77.3921049476839, 4.190663757642467], [-77.38690149852276, 4.194063623539324], [-77.3800042697933, 4.19576353832425], [-77.36730086951702, 4.195763484631197], [-77.35809950750817, 4.191063685032951], [-77.3459988853397, 4.182963508772814], [-77.3379038351741, 4.175963425465885], [-77.32520042374385, 4.178763391633161], [-77.32180519154826, 4.185763426423047], [-77.31429754861853, 4.197263407293138], [-77.30910171730127, 4.203563429523125], [-77.3080030108083, 4.211663549882701], [-77.30800296691905, 4.222063486787341], [-77.30620233831331, 4.228364000316067], [-77.29529950192129, 4.237563677971861], [-77.29130155778684, 4.236963792909637], [-77.2877995688626, 4.230063865687115], [-77.28609819155012, 4.22086365760846], [-77.28139837903984, 4.205763463740873], [-77.2762026302841, 4.192463348822382], [-77.27099926133546, 4.176862945700768], [-77.26069926621332, 4.16296294209692], [-77.2353001110796, 4.15996254223736], [-77.22839523460546, 4.166262556726026], [-77.219697393105, 4.170862620006008], [-77.21169384689479, 4.176562761854216], [-77.19839531537706, 4.181162805592126], [-77.18519600364112, 4.177662725832553], [-77.17129478934376, 4.167762463130453], [-77.15289206594527, 4.159062394438188], [-77.14479701725297, 4.152062312780993], [-77.12919440643941, 4.137561944652711], [-77.12169449796924, 4.124261823391596], [-77.10669460697765, 4.115561770423521], [-77.09689050087039, 4.111461361507855], [-77.07959405922274, 4.107861606136851], [-77.06639474392802, 4.10556126348791], [-77.04849554961392, 4.104261316783628], [-77.03749356941617, 4.104261271130293], [-77.02199007420032, 4.107061225366605], [-77.00528872397338, 4.109261306800371], [-76.98049229257079, 4.112661089919166], [-76.95339176229939, 4.101561040486363], [-76.94298494240543, 4.090560720922216], [-76.92968647648317, 4.080160734274159], [-76.90669069380226, 4.072460589313462], [-76.89278947764267, 4.063760066998343], [-76.8662842246041, 4.012859427210104], [-76.86508643910305, 3.994959478508882], [-76.8512844897019, 3.965959068514313], [-76.83628466355862, 3.941658650842188], [-76.82528275460282, 3.924258395685432], [-76.82008702718016, 3.905258120165751], [-76.80508721178909, 3.877957891395169], [-76.78608177200893, 3.863457761339566], [-76.76007988264355, 3.861057474454153], [-76.70977750378722, 3.860732309503756], [-76.70998351318238, 3.858557194912505], [-76.7208786875186, 3.855157353120299], [-76.72727999212492, 3.851057251016511], [-76.73297937146259, 3.845957208167658], [-76.74448495278948, 3.833857145274973], [-76.75028352239538, 3.827557129460898], [-76.75948493602041, 3.8177571054913], [-76.76468076436697, 3.810856981421585], [-76.77278352833218, 3.795256883747114], [-76.77328713690768, 3.781956804933552], [-76.77218089468752, 3.766356672152676], [-76.77038031984641, 3.759456521395117], [-76.76868656706415, 3.75075629214027], [-76.7657796842912, 3.745556317876472], [-76.76468104714525, 3.736356360534949], [-76.7651846226876, 3.731656129836091], [-76.7680839126482, 3.727056045050793], [-76.7726846047926, 3.725956226130352], [-76.7830838596686, 3.720256094884053], [-76.78888241379421, 3.717956068853706], [-76.793986675134, 3.713856199649027], [-76.8020817798072, 3.705856011640919], [-76.80728526285829, 3.692055982200157], [-76.81648668003682, 3.681055984530269], [-76.81998872639119, 3.672955880800195], [-76.83208938613907, 3.670155909002998], [-76.83898660783515, 3.669055859914133], [-76.84758524722037, 3.667355949756922], [-76.85568795840743, 3.665655799306935], [-76.8614865043445, 3.665655820843641], [-76.86718586650137, 3.665155873047841], [-76.87758511572174, 3.661155921504423], [-76.88218582114575, 3.656555842595369], [-76.87928660967218, 3.639755730362476], [-76.86488947920625, 3.626355460473044], [-76.85108744345027, 3.618255293139448], [-76.83608763206553, 3.58755495318897], [-76.8169829501726, 3.587454985305589], [-76.80258581745065, 3.574754721796645], [-76.79218661714695, 3.565454595388672], [-76.78128389396379, 3.546354410135572], [-76.77838465826325, 3.535954236847278], [-76.76628407551868, 3.517354017297164], [-76.75698359963054, 3.493053639349466], [-76.75468712097805, 3.478653480194101], [-76.75298576015958, 3.463053350578963], [-76.75238306702049, 3.448553299506512], [-76.75238312892424, 3.430653129187776], [-76.75008666722975, 3.411052771272761], [-76.74598197665124, 3.390852540447681], [-76.74018352009419, 3.364752339314166], [-76.73158492313918, 3.354352149427538], [-76.72651122919694, 3.344545639955198], [-76.72408501163261, 3.339852076891794], [-76.73208095808751, 3.322552041457225], [-76.73788719053177, 3.305251760265765], [-76.74078652408383, 3.286851633658074], [-76.74878247169427, 3.268951492881266], [-76.76148592974413, 3.24875132085906], [-76.78338318784886, 3.211850984316549], [-76.79368331344538, 3.187650816199232], [-76.81098753704168, 3.14265035203551], [-76.82018897121011, 3.124250246438925], [-76.82708624649769, 3.105749996781988], [-76.83614274030118, 3.079651517726379], [-76.83918697617572, 3.079849893433194], [-76.86628755297383, 3.078249935205715], [-76.87838820979692, 3.075949926272451], [-76.89569229328853, 3.075450011507396], [-76.90609152940999, 3.074950075209237], [-76.92679083449386, 3.06804999934151], [-76.94298862060583, 3.066450006737508], [-76.9486956269088, 3.061250063747313], [-76.95739342155582, 3.069350203814549], [-76.96549608247317, 3.083850275745552], [-76.97299602473257, 3.090250471180842], [-76.97699396468032, 3.091950425083986], [-76.99139113981035, 3.093750548364594], [-76.99829599148991, 3.092650495676775], [-77.01159451288994, 3.088650548817509], [-77.0242979256898, 3.082950420114758], [-77.03689452882502, 3.075450451098154], [-77.05309231335556, 3.074950532712138], [-77.07149506302878, 3.077350535446969], [-77.08770046546061, 3.080850605814712], [-77.09809969835031, 3.082050610996465], [-77.12690166936478, 3.089750983374312], [-77.13959742551805, 3.093251043183672], [-77.16029669780563, 3.098550968248759], [-77.19489722015531, 3.105651254159187], [-77.20820336333402, 3.105051190195675], [-77.22030403119112, 3.100551269895931], [-77.22890268353957, 3.095351334456375], [-77.24160609386364, 3.091351146310118], [-77.25140258454194, 3.09255138828633], [-77.2507998137945, 3.101251369450235], [-77.24850323352013, 3.117351457103398], [-77.25079973129404, 3.12775162792905], [-77.26700511646877, 3.137651874041398], [-77.27560372737989, 3.145851915986039], [-77.2831036681975, 3.153351950461598], [-77.29060363803323, 3.151652032281274], [-77.29470073363399, 3.163252182838104], [-77.29990414411552, 3.170752210366433], [-77.30160554190321, 3.176552284704675], [-77.31140202770202, 3.179452469788593], [-77.32470817790954, 3.177152464510835], [-77.33560335978147, 3.172652301923034], [-77.35230471663073, 3.169252470993996], [-77.3690060572962, 3.171052364970727], [-77.37650600785557, 3.175652485033969], [-77.38400592506405, 3.190752669243786], [-77.39900580005654, 3.208152926299334], [-77.40420921078027, 3.215652955157144], [-77.40830630809042, 3.226653240547836], [-77.4140056265919, 3.240553447120961], [-77.4233061698995, 3.248053489897794], [-77.43540679238482, 3.258553594772165], [-77.45210813824002, 3.259153755498366], [-77.46250738227674, 3.25805371462633], [-77.47000735722958, 3.255253721708544], [-77.4803074196252, 3.252953706992403], [-77.49191215576562, 3.250653696498315], [-77.49530736268504, 3.249553632582689], [-77.51491563088113, 3.244953838058364], [-77.51670858632096, 3.250253706971768], [-77.52531483797455, 3.255453938218371], [-77.54031474437656, 3.263554106732395], [-77.55131672748267, 3.264254147289043], [-77.559915347747, 3.270054246447075], [-77.55701603720625, 3.280954135956014], [-77.53921596587035, 3.295954342864844], [-77.52761119877081, 3.307454547802715], [-77.50630910905896, 3.322354605576358], [-77.48621250748282, 3.337254666959657], [-77.47521051313092, 3.340154546211583], [-77.48100902389687, 3.351754707531047], [-77.47411178649726, 3.356354781613574], [-77.47060975441754, 3.360354761143091], [-77.45451110584263, 3.373554892650158], [-77.44701114410807, 3.372354893620455], [-77.4343077454305, 3.371754744501997], [-77.42050567276067, 3.371654799182614], [-77.42100918984667, 3.38385480992904], [-77.41470705341004, 3.392454876931513], [-77.4095112367046, 3.395854982874816], [-77.40090497117774, 3.395254847461175], [-77.38650778269094, 3.395755005728133], [-77.37320921958967, 3.4101551190757], [-77.36750214987357, 3.432655139323125], [-77.36520557744022, 3.44485537887437], [-77.36000207312138, 3.465055591016847], [-77.36000199916923, 3.486355896746308], [-77.36750196014016, 3.487555896688835], [-77.37150753457824, 3.488155778354438], [-77.37840473952913, 3.492855798574868], [-77.37150748010599, 3.503755912089928], [-77.36230607058205, 3.511756101035585], [-77.3508081179026, 3.523356202581419], [-77.34330810419011, 3.537156230130105], [-77.33870737674518, 3.547556382484008], [-77.32550034556749, 3.568256535925009], [-77.30700596773602, 3.584956678499795], [-77.29490529212855, 3.590656569064117], [-77.2758997536645, 3.599856695263971], [-77.25570400193304, 3.604956688503007], [-77.22459780178166, 3.616356681835981], [-77.2102005590196, 3.632456731555924], [-77.20730122600554, 3.648656960280424], [-77.19469697404942, 3.659557051360892], [-77.17910192192791, 3.662357011537815], [-77.18139842011247, 3.671057007281446], [-77.18139830717472, 3.701657406985333], [-77.18599901636661, 3.696457459016209], [-77.20389823262435, 3.692557432674853], [-77.20099892052417, 3.702857453878183], [-77.19929747851238, 3.709857492467881], [-77.19929739021431, 3.733557747190775], [-77.19819866404659, 3.747957904106845], [-77.19639801910184, 3.759458141940196], [-77.19240001633145, 3.774458155752857], [-77.18089435169914, 3.807358563706922], [-77.18089432536706, 3.814258710772901], [-77.17109782491235, 3.815958615972692], [-77.15149722098667, 3.81245851776374], [-77.12839459799457, 3.809458375379038], [-77.12269521398805, 3.815258424903216], [-77.11809444035332, 3.837158582636115], [-77.11689650231268, 3.857958917067936], [-77.09909637581171, 3.886759170632813], [-77.08349366310418, 3.897659248172758], [-77.06619717101034, 3.906859137459079], [-77.06569358158703, 3.914859357668761], [-77.09679214393717, 3.905259213786071], [-77.1140962548754, 3.898959240945689], [-77.13659616092839, 3.894959337448721], [-77.15039826808983, 3.885259226008969], [-77.18840166271714, 3.880759413595406], [-77.19819815454217, 3.881359558109362], [-77.22939589545317, 3.874559430943884], [-77.25410080031953, 3.86485959938636], [-77.28069786359771, 3.855159536348301], [-77.31120127343557, 3.857059633561574], [-77.32970319681935, 3.863459884646133], [-77.33949967226182, 3.868659889614055], [-77.32449968639841, 3.883059995918762], [-77.31010243777637, 3.899160047656876], [-77.31989888549175, 3.911360338669084], [-77.33080172364275, 3.900960209278114], [-77.3372029823247, 3.909660225098563], [-77.35390430152674, 3.916660576784844], [-77.35740627203229, 3.928860605358656], [-77.35910000636348, 3.942160702598255], [-77.3407048757952, 3.941460624764135], [-77.32110421202383, 3.952360688917893], [-77.318800008338, 3.963360958772187], [-77.31190273725086, 3.9759610168083], [-77.29630006368029, 3.975960954262183], [-77.29690285123952, 3.964960677750022], [-77.3002980861203, 3.956860806764048], [-77.29400360232584, 3.958560725028038], [-77.28010231074381, 3.967260660179478], [-77.26919951175914, 3.967760585868979], [-77.2570988111304, 3.979260785271052], [-77.26800158488858, 3.985060902308536], [-77.26749799440019, 3.993161023222597], [-77.26289726041081, 4.004060908210056], [-77.26289721144224, 4.016261399693558], [-77.26289715587357, 4.030061221004237], [-77.25770130245989, 4.042161554693458], [-77.25480196950599, 4.056661846039576], [-77.26810043283578, 4.068861915791989], [-77.28139893414782, 4.071762126501839], [-77.2819024711044, 4.07696209615309], [-77.28889882087826, 4.090862084344058], [-77.30620290820478, 4.091462023620359], [-77.31250502896359, 4.088062162354033], [-77.31250506206013, 4.079962038291307], [-77.31879956496884, 4.073662020673556], [-77.32750502224366, 4.072561980697261], [-77.3332043877746, 4.071962136182892], [-77.34360364809153, 4.066861871068356], [-77.34710570623561, 4.057061817609386], [-77.35570440705814, 4.041461949239145], [-77.35860374686041, 4.025261712978027], [-77.36430316074224, 4.012661649223301], [-77.36840033744747, 4.001661385670059], [-77.37180324398629, 3.983161340306442], [-77.37470259871824, 3.96296111119436], [-77.40290195371152, 3.93886088798491], [-77.41100461990466, 3.949860961614827], [-77.42660721970478, 3.968961427915185], [-77.43750995606104, 3.984661512109483], [-77.45711050294005, 4.003761757790867], [-77.47100403781214, 4.027462320240494], [-77.4658081620615, 4.044862284973641], [-77.47220940667086, 4.056962668628826], [-77.46580803105364, 4.077162648539216], [-77.46580796985752, 4.092162686337505], [-77.47330784583387, 4.114163281860526], [-77.47160639598034, 4.122263400448259], [-77.46010845655, 4.128563397451548], [-77.44340709151491, 4.132563083903134], [-77.43470925579011, 4.135363067539248], [-77.42900222892901, 4.143463169234106], [-77.42320360777339, 4.160763471976486], [-77.41690141599472, 4.180963929540549], [-77.40710488106338, 4.190163613032806]]]}}, {"type": "Feature", "properties": {"AREA": 217330255.616, "PERIMETER": 88987.212706, "WCOLGEN02_": 833, "WCOLGEN021": 1034, "DPTO": "76", "NOMBRE_DPT": "VALLE DEL CAUCA", "MPIO": "036", "NOMBRE_MPI": "ANDALUCIA", "NOMBRE_CAB": "ANDALUCIA", "CLASEMUN": "CM", "MPIOS": "76036", "ZONA": "ZONA02", "OF_REG": "DACLI", "REG_ZONAS": "DACLIZONA02", "HECTARES": 21733.026}, "geometry": {"type": "Polygon", "coordinates": [[[-76.27086442373664, 4.218259093176669], [-76.25706241080894, 4.207859108020421], [-76.24786106664355, 4.201458894236283], [-76.23685913482238, 4.192158996321937], [-76.22766540091324, 4.19035887825264], [-76.21206277142882, 4.183958637606033], [-76.20396008135334, 4.181658793858425], [-76.19416360708212, 4.179258329259988], [-76.18326084901986, 4.172858585907285], [-76.17346440153165, 4.164158084694829], [-76.16305759343366, 4.152557904885398], [-76.15555765444445, 4.148457985559027], [-76.13885634262145, 4.144957894611727], [-76.12675571154688, 4.142557897695134], [-76.1105579795651, 4.133857847345562], [-76.10195938911893, 4.125157352517197], [-76.09156023727874, 4.10725713852964], [-76.08925608498149, 4.106057394517655], [-76.08225974713041, 4.091557078529895], [-76.06906050276834, 4.075356795654947], [-76.04595790081801, 4.073556621238642], [-76.03615379123819, 4.072856576506972], [-76.03045443067033, 4.074056763862633], [-76.0240531468444, 4.073956600410392], [-76.01418030423949, 4.089273674872697], [-76.00795452264909, 4.084356932005655], [-76.00215600109577, 4.079656677225414], [-75.99635749815036, 4.070456465614822], [-75.98945272134793, 4.054756417953193], [-75.98605756332202, 4.044956349699738], [-75.98135771959086, 4.038556158721653], [-75.97845086206485, 4.0281562257133], [-75.98365431525107, 4.021856212486274], [-76.00325490668462, 4.022556296943426], [-76.01195271372265, 4.023656406909733], [-76.02115407794683, 4.024856178917574], [-76.03325471487781, 4.025556232579384], [-76.04196013999463, 4.029556495005487], [-76.05455668624819, 4.034856644568539], [-76.06325449086943, 4.036656758611477], [-76.07936069315487, 4.038956633572908], [-76.08576195603413, 4.044256757897701], [-76.10646118279801, 4.054157035572393], [-76.11396111971086, 4.058757160801336], [-76.12606172484529, 4.06745719227949], [-76.1353622447469, 4.076157212389415], [-76.1503621300425, 4.082657107653046], [-76.1606621620715, 4.08495743625473], [-76.17335790264582, 4.088457509324504], [-76.18206331635811, 4.095457586030484], [-76.19526258363081, 4.106457909257595], [-76.21026244091911, 4.119858186314382], [-76.2258650561261, 4.129757969159528], [-76.23736292639948, 4.136658398665806], [-76.24316144200482, 4.143058120151415], [-76.26046547912505, 4.151258446021433], [-76.27196334714877, 4.158758743467151], [-76.2800660399405, 4.160558856620748], [-76.2837664208198, 4.161723797490383], [-76.28696319272738, 4.175058699685925], [-76.28526176385594, 4.178459053307403], [-76.28356795194189, 4.184858743648681], [-76.28006588349446, 4.19755894074289], [-76.2754651657918, 4.205059170218413], [-76.27316098591936, 4.210259123302698], [-76.27086442373664, 4.218259093176669]]]}}, {"type": "Feature", "properties": {"AREA": 238869627.594, "PERIMETER": 72950.251828, "WCOLGEN02_": 838, "WCOLGEN021": 152, "DPTO": "76", "NOMBRE_DPT": "VALLE DEL CAUCA", "MPIO": "616", "NOMBRE_MPI": "RIOFRIO", "NOMBRE_CAB": "RIOFRIO", "CLASEMUN": "CM", "MPIOS": "76616", "ZONA": "ZONA02", "OF_REG": "DACLI", "REG_ZONAS": "DACLIZONA02", "HECTARES": 23886.963}, "geometry": {"type": "Polygon", "coordinates": [[[-76.29446319636081, 4.164058938508176], [-76.29386810675794, 4.15835876581508], [-76.28986258069132, 4.147358479141359], [-76.28986261464188, 4.13925836298539], [-76.29506607263949, 4.132358480271797], [-76.3059688928066, 4.124258410015801], [-76.31636813577398, 4.120858569772787], [-76.3255695194458, 4.118058591763998], [-76.3319631976387, 4.112858178948308], [-76.33826533899169, 4.103058147095275], [-76.34116464157113, 4.095558387151639], [-76.34056958292578, 4.082258305824962], [-76.3399668800362, 4.07245824534083], [-76.3411647821697, 4.061457980971733], [-76.34686418222046, 4.051057602565318], [-76.36126898108145, 4.051757666138803], [-76.36586966727084, 4.051757685122864], [-76.37336962015353, 4.052957927539695], [-76.38376884716926, 4.053557837778015], [-76.39017011940379, 4.057057885005926], [-76.39876874875573, 4.057057920521695], [-76.40797013789248, 4.053058207151881], [-76.42177225806417, 4.038157902688797], [-76.43107284027198, 4.032358110663862], [-76.4408693526309, 4.026058113245781], [-76.44656874106715, 4.018557887458155], [-76.45866940230476, 4.014557708667096], [-76.46787078248713, 4.012857804196504], [-76.47027412829623, 4.012358083496482], [-76.47887272305849, 4.021058102648798], [-76.47887269258891, 4.02855835204992], [-76.48116916940008, 4.041258097283249], [-76.48757037605297, 4.060958378826837], [-76.4938724230834, 4.074258485491237], [-76.50487431147826, 4.095058862125987], [-76.51296932155839, 4.110159056317575], [-76.51941636161605, 4.116266954511557], [-76.50887213509843, 4.123959328107105], [-76.50657557983257, 4.130359493978762], [-76.50087621940115, 4.130859200626078], [-76.49107209277885, 4.133159446005591], [-76.4806728429328, 4.137759498546693], [-76.47376796914637, 4.144659375440011], [-76.46917487858639, 4.1526593368983], [-76.46626795984244, 4.156759213473778], [-76.46098059120362, 4.1596903398413], [-76.46227001904242, 4.156159329137544], [-76.45876800382138, 4.156159314330464], [-76.43916740076149, 4.156059094595788], [-76.42647164013398, 4.156559248303636], [-76.41556888181287, 4.149559159706866], [-76.40227038781396, 4.1477590245271], [-76.37977051174131, 4.148259136890453], [-76.37056913921548, 4.148259098024435], [-76.34746652812463, 4.146958652031243], [-76.33486990557492, 4.159058943729931], [-76.31586438448431, 4.167058842891451], [-76.3048624124112, 4.167058796177787], [-76.29446319636081, 4.164058938508176]]]}}, {"type": "Feature", "properties": {"AREA": 609579737.15, "PERIMETER": 173366.11579, "WCOLGEN02_": 839, "WCOLGEN021": 159, "DPTO": "76", "NOMBRE_DPT": "VALLE DEL CAUCA", "MPIO": "834", "NOMBRE_MPI": "TULUA", "NOMBRE_CAB": "TULUA", "CLASEMUN": "CM", "MPIOS": "76834", "ZONA": "ZONA02", "OF_REG": "DACLI", "REG_ZONAS": "DACLIZONA02", "HECTARES": 60957.974}, "geometry": {"type": "Polygon", "coordinates": [[[-76.2837664208198, 4.161723797490383], [-76.2800660399405, 4.160558856620748], [-76.27196334714877, 4.158758743467151], [-76.26046547912505, 4.151258446021433], [-76.24316144200482, 4.143058120151415], [-76.23736292639948, 4.136658398665806], [-76.2258650561261, 4.129757969159528], [-76.21026244091911, 4.119858186314382], [-76.19526258363081, 4.106457909257595], [-76.18206331635811, 4.095457586030484], [-76.17335790264582, 4.088457509324504], [-76.1606621620715, 4.08495743625473], [-76.1503621300425, 4.082657107653046], [-76.1353622447469, 4.076157212389415], [-76.12606172484529, 4.06745719227949], [-76.11396111971086, 4.058757160801336], [-76.10646118279801, 4.054157035572393], [-76.08576195603413, 4.044256757897701], [-76.07936069315487, 4.038956633572908], [-76.06325449086943, 4.036656758611477], [-76.05455668624819, 4.034856644568539], [-76.04196013999463, 4.029556495005487], [-76.03325471487781, 4.025556232579384], [-76.02115407794683, 4.024856178917574], [-76.01195271372265, 4.023656406909733], [-76.00325490668462, 4.022556296943426], [-75.98365431525107, 4.021856212486274], [-75.97845086206485, 4.0281562257133], [-75.98135771959086, 4.038556158721653], [-75.98605756332202, 4.044956349699738], [-75.98945272134793, 4.054756417953193], [-75.99635749815036, 4.070456465614822], [-76.00215600109577, 4.079656677225414], [-76.00795452264909, 4.084356932005655], [-76.01418030423949, 4.089273674872697], [-76.01025863410983, 4.095356730662938], [-75.99695251589606, 4.093556596787606], [-75.99005530900898, 4.092356833713854], [-75.97625326074066, 4.091156564930546], [-75.95725542699903, 4.087056598984894], [-75.93475557819951, 4.083456348846052], [-75.92835430204286, 4.081656244082093], [-75.9145522927143, 4.071256265676528], [-75.90474820799713, 4.064856053628163], [-75.89205248282363, 4.058455829734008], [-75.87934913552655, 4.050256004972094], [-75.87125408008944, 4.047355819481191], [-75.85974857698692, 4.04215581187974], [-75.83554732850207, 4.03565540437027], [-75.82745228035922, 4.031055278184253], [-75.80904959370132, 4.019355412404766], [-75.78884630768296, 4.007755199720481], [-75.78075128137002, 3.997854978045103], [-75.77034446600372, 3.988654750853401], [-75.75994528801222, 3.977554786517545], [-75.72884678473474, 3.982654720290017], [-75.74094747225456, 3.969954567345392], [-75.7472496387682, 3.952654298722602], [-75.74954622776346, 3.937154329868648], [-75.75764895134104, 3.930254224640805], [-75.77554815737331, 3.922754291857246], [-75.82105140681814, 3.929854409733137], [-75.82285199446446, 3.932754568430789], [-75.8516538435188, 3.960054828817798], [-75.86025243308815, 3.968755080227037], [-75.86544817411465, 3.982655277633611], [-75.87934935944152, 3.995455436968128], [-75.8989499982155, 3.983955284949167], [-75.90695352605739, 3.979955330116864], [-75.93755615143553, 3.963855367760898], [-75.95025191962932, 3.959855193257625], [-75.9623525532856, 3.961155351487619], [-75.96865465152649, 3.961155377017671], [-75.98135803369685, 3.961155428474508], [-76.0038579348957, 3.952055469960362], [-76.01885784496324, 3.952055530557419], [-76.03435366186962, 3.957355690332412], [-76.04875844692198, 3.960355799152836], [-76.0608591010622, 3.956855828816372], [-76.07646174308873, 3.95985570411752], [-76.09375816984972, 3.962855824789152], [-76.10585881050096, 3.962855873761985], [-76.11396153951397, 3.955355898841452], [-76.12316293478666, 3.949055900899999], [-76.12375806906307, 3.943855942472248], [-76.12716090426919, 3.942155776409927], [-76.13526357779267, 3.948555980957331], [-76.14506002190176, 3.958455973660506], [-76.15375781861718, 3.962456235610123], [-76.16585840172192, 3.976956332160747], [-76.16755976477789, 3.98965654703376], [-76.18426101637408, 4.008256550380302], [-76.1912650025724, 4.018656978923245], [-76.20676078889188, 4.032057255464517], [-76.21316206001967, 4.035557301896874], [-76.22526266210257, 4.045357408181344], [-76.23506675965562, 4.049457336085937], [-76.25406457267417, 4.059957475497801], [-76.26506652028641, 4.065757827306745], [-76.27366513414748, 4.069257883381572], [-76.28756635079935, 4.075657637930004], [-76.29556220010174, 4.084358130964849], [-76.30426759094462, 4.097158038269161], [-76.31116472819095, 4.115658585223383], [-76.3059688928066, 4.124258410015801], [-76.29506607263949, 4.132358480271797], [-76.28986261464188, 4.13925836298539], [-76.28986258069132, 4.147358479141359], [-76.29386810675794, 4.15835876581508], [-76.29446319636081, 4.164058938508176], [-76.28796272905191, 4.16304419098947], [-76.2837664208198, 4.161723797490383]]]}}, {"type": "Feature", "properties": {"AREA": 301222784.54, "PERIMETER": 79436.512961, "WCOLGEN02_": 840, "WCOLGEN021": 155, "DPTO": "76", "NOMBRE_DPT": "VALLE DEL CAUCA", "MPIO": "670", "NOMBRE_MPI": "SAN PEDRO", "NOMBRE_CAB": "SAN PEDRO", "CLASEMUN": "CM", "MPIOS": "76670", "ZONA": "ZONA02", "OF_REG": "DACLI", "REG_ZONAS": "DACLIZONA02", "HECTARES": 30122.278}, "geometry": {"type": "Polygon", "coordinates": [[[-76.3059688928066, 4.124258410015801], [-76.31116472819095, 4.115658585223383], [-76.30426759094462, 4.097158038269161], [-76.29556220010174, 4.084358130964849], [-76.28756635079935, 4.075657637930004], [-76.27366513414748, 4.069257883381572], [-76.26506652028641, 4.065757827306745], [-76.25406457267417, 4.059957475497801], [-76.23506675965562, 4.049457336085937], [-76.22526266210257, 4.045357408181344], [-76.21316206001967, 4.035557301896874], [-76.20676078889188, 4.032057255464517], [-76.1912650025724, 4.018656978923245], [-76.18426101637408, 4.008256550380302], [-76.16755976477789, 3.98965654703376], [-76.16585840172192, 3.976956332160747], [-76.15375781861718, 3.962456235610123], [-76.14506002190176, 3.958455973660506], [-76.13526357779267, 3.948555980957331], [-76.12716090426919, 3.942155776409927], [-76.13695740389693, 3.938155827601336], [-76.14335871394243, 3.931855818210244], [-76.14566290117898, 3.924355819735291], [-76.15776359956638, 3.909955719840633], [-76.17216077550825, 3.908255597506621], [-76.18716068534833, 3.908955661244232], [-76.19746072245263, 3.910155913411653], [-76.20496065397104, 3.916455978716944], [-76.2153598697101, 3.91945607122054], [-76.22686539352574, 3.92065608993242], [-76.23496045465171, 3.922956169370163], [-76.24826656242186, 3.928256082368517], [-76.26556297200776, 3.936356265914217], [-76.27646574160448, 3.940456435275919], [-76.29316705596992, 3.944056420823496], [-76.31166895516515, 3.951556742748103], [-76.33356605373336, 3.959156738668236], [-76.344568018824, 3.960956861611297], [-76.35486805994468, 3.961557008838587], [-76.36066658418653, 3.966257025553464], [-76.35486800419847, 3.97545719197054], [-76.35316651509302, 3.993957224965511], [-76.35206780902634, 4.00255754329003], [-76.3456664736878, 4.014657383665058], [-76.34166846745352, 4.030257731269189], [-76.34166843891109, 4.037257772392598], [-76.34056973492685, 4.045257746802394], [-76.3393642176599, 4.052757990351857], [-76.33936419839412, 4.057457745570159], [-76.3411647821697, 4.061457980971733], [-76.3399668800362, 4.07245824534083], [-76.34056958292578, 4.082258305824962], [-76.34116464157113, 4.095558387151639], [-76.33826533899169, 4.103058147095275], [-76.3319631976387, 4.112858178948308], [-76.3255695194458, 4.118058591763998], [-76.31636813577398, 4.120858569772787], [-76.3059688928066, 4.124258410015801]]]}}, {"type": "Feature", "properties": {"AREA": 830952767.465, "PERIMETER": 143708.613694, "WCOLGEN02_": 842, "WCOLGEN021": 145, "DPTO": "76", "NOMBRE_DPT": "VALLE DEL CAUCA", "MPIO": "126", "NOMBRE_MPI": "DARIEN", "NOMBRE_CAB": "DARIEN", "CLASEMUN": "CM", "MPIOS": "76126", "ZONA": "ZONA02", "OF_REG": "DACLI", "REG_ZONAS": "DACLIZONA02", "HECTARES": 83095.277}, "geometry": {"type": "Polygon", "coordinates": [[[-76.51941636161605, 4.116266954511557], [-76.51296932155839, 4.110159056317575], [-76.50487431147826, 4.095058862125987], [-76.4938724230834, 4.074258485491237], [-76.48757037605297, 4.060958378826837], [-76.48116916940008, 4.041258097283249], [-76.47887269258891, 4.02855835204992], [-76.47887272305849, 4.021058102648798], [-76.47027412829623, 4.012358083496482], [-76.47017498232279, 4.002558024493339], [-76.47656871917378, 3.982857558228274], [-76.48177219782072, 3.970757473121243], [-76.48347371171677, 3.945957400689028], [-76.48457243366593, 3.933257193582935], [-76.48686904690847, 3.911857008117948], [-76.48167331461869, 3.894556681213157], [-76.47877413559088, 3.870856428539024], [-76.47877421661589, 3.850056341055732], [-76.4822075975275, 3.84164724551031], [-76.49087489996046, 3.840256331206299], [-76.49717700349174, 3.839756386961001], [-76.50417340678564, 3.839156308593396], [-76.50987277824319, 3.835756208766625], [-76.51507621736538, 3.833456181536709], [-76.52377403991748, 3.831756273595893], [-76.53467682826727, 3.831856452899284], [-76.54387820451883, 3.83125638303443], [-76.5577718145857, 3.833056515875199], [-76.56867459674238, 3.834856398684751], [-76.57907381928531, 3.837156486891083], [-76.58597866254969, 3.83775661955218], [-76.60097858528009, 3.836756740216702], [-76.61077506471827, 3.839056826158227], [-76.6211742896361, 3.8408567071531], [-76.63037565779847, 3.842556923513276], [-76.63557908633905, 3.843156811170293], [-76.64478046740885, 3.8415568034309], [-76.64658104141799, 3.84845695402533], [-76.65457690928822, 3.853656948416504], [-76.65228036250379, 3.858257035219999], [-76.65578235775676, 3.8635571489841], [-76.66387741788608, 3.867057201864575], [-76.66898165667297, 3.868757164057683], [-76.67597805886793, 3.868757191535548], [-76.6891773779118, 3.868857380216461], [-76.70017935841352, 3.867757348613194], [-76.70938074518736, 3.864857469268614], [-76.70977750378722, 3.860732309503756], [-76.76007988264355, 3.861057474454153], [-76.78608177200893, 3.863457761339566], [-76.80508721178909, 3.877957891395169], [-76.82008702718016, 3.905258120165751], [-76.82528275460282, 3.924258395685432], [-76.83628466355862, 3.941658650842188], [-76.8512844897019, 3.965959068514313], [-76.86508643910305, 3.994959478508882], [-76.8662842246041, 4.012859427210104], [-76.89278947764267, 4.063760066998343], [-76.87088477988655, 4.045760133545198], [-76.85818905568708, 4.035959541896112], [-76.84028230789772, 4.016759414427991], [-76.8293871828916, 4.007459515404483], [-76.81318181316479, 3.997559250754823], [-76.79538183192712, 3.990559134553329], [-76.78958328870831, 3.989959005142003], [-76.78208331853416, 3.992259023305033], [-76.76248269270117, 3.996258934947366], [-76.7509847738268, 3.999659011793162], [-76.73767862207627, 4.003658710309078], [-76.7296827264585, 4.005359097163208], [-76.72447929062855, 4.006459150998758], [-76.7140800345801, 4.012158803627909], [-76.70258208341193, 4.023659237132182], [-76.68868079237912, 4.034059108837655], [-76.66107667183745, 4.032759123985405], [-76.6252782762075, 4.035558994651074], [-76.60627274135338, 4.045858707615796], [-76.5884726985172, 4.054958690345239], [-76.57977481551231, 4.071158890308163], [-76.57167207983548, 4.079158837862542], [-76.56017413397572, 4.089559194726644], [-76.53827695979388, 4.099259026971239], [-76.53077698665699, 4.10265935717258], [-76.52506996992554, 4.109559239443386], [-76.52217067838534, 4.11425898368485], [-76.51941636161605, 4.116266954511557]]]}}, {"type": "Feature", "properties": {"AREA": 318868815.471, "PERIMETER": 85980.448496, "WCOLGEN02_": 846, "WCOLGEN021": 163, "DPTO": "76", "NOMBRE_DPT": "VALLE DEL CAUCA", "MPIO": "890", "NOMBRE_MPI": "YOTOCO", "NOMBRE_CAB": "YOTOCO", "CLASEMUN": "CM", "MPIOS": "76890", "ZONA": "ZONA02", "OF_REG": "DACLI", "REG_ZONAS": "DACLIZONA02", "HECTARES": 31886.882}, "geometry": {"type": "Polygon", "coordinates": [[[-76.3411647821697, 4.061457980971733], [-76.33936419839412, 4.057457745570159], [-76.3393642176599, 4.052757990351857], [-76.34056973492685, 4.045257746802394], [-76.34166843891109, 4.037257772392598], [-76.34166846745352, 4.030257731269189], [-76.3456664736878, 4.014657383665058], [-76.35206780902634, 4.00255754329003], [-76.35316651509302, 3.993957224965511], [-76.35486800419847, 3.97545719197054], [-76.36066658418653, 3.966257025553464], [-76.36007149618494, 3.959856849636756], [-76.3600715445283, 3.947756745219243], [-76.366366079742, 3.931656677031541], [-76.37217229854227, 3.920056564885732], [-76.3790695585156, 3.908556593895895], [-76.38306754009874, 3.898756314657883], [-76.38776744579849, 3.890156249509898], [-76.39346685560201, 3.876856195218373], [-76.3969689088721, 3.867056152479696], [-76.40156964003612, 3.855556172406255], [-76.40266835183755, 3.845156014674133], [-76.40726911640631, 3.824955814437818], [-76.40617048977478, 3.81335567558187], [-76.40207343221483, 3.794855383737119], [-76.40607137752555, 3.794255532000797], [-76.41016851688649, 3.791455531846306], [-76.4176685082039, 3.782755340821655], [-76.42046862289901, 3.775255342882145], [-76.42226924492488, 3.769555181073504], [-76.42627484618791, 3.762055187774092], [-76.42627486592143, 3.756855226301479], [-76.4250694012421, 3.751055154662498], [-76.42917415090321, 3.753355217474358], [-76.43256934613866, 3.754555203214986], [-76.43897061968187, 3.758055247628532], [-76.4441740297818, 3.763255229102736], [-76.44936980147031, 3.770755496275255], [-76.45226903782093, 3.780055594777091], [-76.45277256232592, 3.788755578552097], [-76.4527725382167, 3.795055614775201], [-76.45567177204765, 3.80495581924164], [-76.45627448464435, 3.812955799614899], [-76.46497226851456, 3.821155846750199], [-76.47067160419927, 3.826955936604005], [-76.48107079206272, 3.837956245451677], [-76.4822075975275, 3.84164724551031], [-76.47877421661589, 3.850056341055732], [-76.47877413559088, 3.870856428539024], [-76.48167331461869, 3.894556681213157], [-76.48686904690847, 3.911857008117948], [-76.48457243366593, 3.933257193582935], [-76.48347371171677, 3.945957400689028], [-76.48177219782072, 3.970757473121243], [-76.47656871917378, 3.982857558228274], [-76.47017498232279, 4.002558024493339], [-76.47027412829623, 4.012358083496482], [-76.46787078248713, 4.012857804196504], [-76.45866940230476, 4.014557708667096], [-76.44656874106715, 4.018557887458155], [-76.4408693526309, 4.026058113245781], [-76.43107284027198, 4.032358110663862], [-76.42177225806417, 4.038157902688797], [-76.40797013789248, 4.053058207151881], [-76.39876874875573, 4.057057920521695], [-76.39017011940379, 4.057057885005926], [-76.38376884716926, 4.053557837778015], [-76.37336962015353, 4.052957927539695], [-76.36586966727084, 4.051757685122864], [-76.36126898108145, 4.051757666138803], [-76.34686418222046, 4.051057602565318], [-76.3411647821697, 4.061457980971733]]]}}, {"type": "Feature", "properties": {"AREA": 976990967.799, "PERIMETER": 169723.256379, "WCOLGEN02_": 849, "WCOLGEN021": 132, "DPTO": "76", "NOMBRE_DPT": "VALLE DEL CAUCA", "MPIO": "111", "NOMBRE_MPI": "BUGA", "NOMBRE_CAB": "BUGA", "CLASEMUN": "CM", "MPIOS": "76111", "ZONA": "ZONA02", "OF_REG": "DACLI", "REG_ZONAS": "DACLIZONA02", "HECTARES": 97699.097}, "geometry": {"type": "Polygon", "coordinates": [[[-76.12716090426919, 3.942155776409927], [-76.12375806906307, 3.943855942472248], [-76.12316293478666, 3.949055900899999], [-76.11396153951397, 3.955355898841452], [-76.10585881050096, 3.962855873761985], [-76.09375816984972, 3.962855824789152], [-76.07646174308873, 3.95985570411752], [-76.0608591010622, 3.956855828816372], [-76.04875844692198, 3.960355799152836], [-76.03435366186962, 3.957355690332412], [-76.01885784496324, 3.952055530557419], [-76.0038579348957, 3.952055469960362], [-75.98135803369685, 3.961155428474508], [-75.96865465152649, 3.961155377017671], [-75.9623525532856, 3.961155351487619], [-75.95025191962932, 3.959855193257625], [-75.93755615143553, 3.963855367760898], [-75.90695352605739, 3.979955330116864], [-75.8989499982155, 3.983955284949167], [-75.87934935944152, 3.995455436968128], [-75.86544817411465, 3.982655277633611], [-75.86025243308815, 3.968755080227037], [-75.8516538435188, 3.960054828817798], [-75.82285199446446, 3.932754568430789], [-75.8366463994166, 3.936854509325172], [-75.85044848496884, 3.928254485547576], [-75.86945403403887, 3.910454536110356], [-75.88385126756813, 3.893154298071119], [-75.89714984827165, 3.871254201537915], [-75.90975414066176, 3.846554087435004], [-75.92075620272884, 3.822253798817972], [-75.93285692587693, 3.800353697344954], [-75.94265347371838, 3.783153577359107], [-75.94665148149222, 3.765753399875759], [-75.95585292876102, 3.745053259400863], [-75.97945910155721, 3.742853202093619], [-75.98815690821803, 3.744053446019139], [-76.00375953439216, 3.751053542490698], [-76.0163560662702, 3.76035367386401], [-76.02105592759078, 3.762653738134433], [-76.0319587015743, 3.765053724650202], [-76.0440593325875, 3.767353817481621], [-76.04985786270115, 3.770253753043731], [-76.05506127480874, 3.774353897105737], [-76.06025707295919, 3.774353917143901], [-76.06655916719065, 3.775553913794902], [-76.06945842023987, 3.780154017688969], [-76.07286123924966, 3.782553975556578], [-76.08786113454741, 3.786654157718964], [-76.10636302629054, 3.795354208103352], [-76.12136293090687, 3.797154344109786], [-76.1363628315186, 3.800054554264295], [-76.15365924623481, 3.806554690889851], [-76.16575986517928, 3.8123548037193], [-76.17605990445311, 3.812954710847135], [-76.17786051088636, 3.811254776641114], [-76.17956194522236, 3.806054822840312], [-76.18476536676332, 3.807854682634527], [-76.19456181081648, 3.818254880159352], [-76.20786030898353, 3.818354830336747], [-76.22166236957928, 3.817255048303954], [-76.23666230295395, 3.812054907532507], [-76.24876293371717, 3.815055005324991], [-76.26196221612173, 3.823155170008925], [-76.27176633267526, 3.822655239486253], [-76.28736899888305, 3.820355253322996], [-76.29656276515361, 3.814055253744524], [-76.30066754534626, 3.808255203080058], [-76.31326415605747, 3.797955228154291], [-76.32136687428697, 3.793355165541892], [-76.3346653852683, 3.790555201178289], [-76.34956611467862, 3.790555258719523], [-76.36516877053147, 3.791255322923466], [-76.37956593581387, 3.793055456848952], [-76.38937004699592, 3.794255467481195], [-76.40207343221483, 3.794855383737119], [-76.40617048977478, 3.81335567558187], [-76.40726911640631, 3.824955814437818], [-76.40266835183755, 3.845156014674133], [-76.40156964003612, 3.855556172406255], [-76.3969689088721, 3.867056152479696], [-76.39346685560201, 3.876856195218373], [-76.38776744579849, 3.890156249509898], [-76.38306754009874, 3.898756314657883], [-76.3790695585156, 3.908556593895895], [-76.37217229854227, 3.920056564885732], [-76.366366079742, 3.931656677031541], [-76.3600715445283, 3.947756745219243], [-76.36007149618494, 3.959856849636756], [-76.36066658418653, 3.966257025553464], [-76.35486805994468, 3.961557008838587], [-76.344568018824, 3.960956861611297], [-76.33356605373336, 3.959156738668236], [-76.31166895516515, 3.951556742748103], [-76.29316705596992, 3.944056420823496], [-76.27646574160448, 3.940456435275919], [-76.26556297200776, 3.936356265914217], [-76.24826656242186, 3.928256082368517], [-76.23496045465171, 3.922956169370163], [-76.22686539352574, 3.92065608993242], [-76.2153598697101, 3.91945607122054], [-76.20496065397104, 3.916455978716944], [-76.19746072245263, 3.910155913411653], [-76.18716068534833, 3.908955661244232], [-76.17216077550825, 3.908255597506621], [-76.15776359956638, 3.909955719840633], [-76.14566290117898, 3.924355819735291], [-76.14335871394243, 3.931855818210244], [-76.13695740389693, 3.938155827601336], [-76.12716090426919, 3.942155776409927]]]}}, {"type": "Feature", "properties": {"AREA": 799569898.033, "PERIMETER": 151315.309066, "WCOLGEN02_": 859, "WCOLGEN021": 137, "DPTO": "76", "NOMBRE_DPT": "VALLE DEL CAUCA", "MPIO": "233", "NOMBRE_MPI": "DAGUA", "NOMBRE_CAB": "DAGUA", "CLASEMUN": "CM", "MPIOS": "76233", "ZONA": "ZONA02", "OF_REG": "DACLI", "REG_ZONAS": "DACLIZONA02", "HECTARES": 79956.99}, "geometry": {"type": "Polygon", "coordinates": [[[-76.64478046740885, 3.8415568034309], [-76.64137768203953, 3.829956652619477], [-76.64137771094435, 3.822456641868655], [-76.64017987830489, 3.816056701211997], [-76.63898203871784, 3.811456601032895], [-76.63557922620392, 3.806856492360904], [-76.63207722383558, 3.803356458014855], [-76.62397454099141, 3.79805632715387], [-76.61647459895993, 3.793456202868988], [-76.61368977893962, 3.791547870226021], [-76.60895177009571, 3.788300557592953], [-76.61417809648144, 3.786556289469406], [-76.62167808466498, 3.779056069614232], [-76.62978084930991, 3.762856107173298], [-76.63438160437555, 3.744955951083374], [-76.63548031930247, 3.733455717301403], [-76.63667820922706, 3.724755738852942], [-76.63957752014112, 3.714455485014739], [-76.64357551599963, 3.70055531645278], [-76.64587970655843, 3.691955240724935], [-76.64877900898995, 3.683855374537205], [-76.65337972868238, 3.675155170611432], [-76.65737770226275, 3.667155206939089], [-76.664877713376, 3.653255051565317], [-76.67008117817215, 3.644054880989903], [-76.67057711698159, 3.64115496811406], [-76.67008123746474, 3.627854888926746], [-76.66597650109932, 3.621554598831469], [-76.65508135997842, 3.616254698403454], [-76.64637592162399, 3.613954619096028], [-76.64237799475924, 3.609254372963393], [-76.64118014985807, 3.60585448522762], [-76.63428296951193, 3.595954266832702], [-76.63137610298634, 3.586154200018502], [-76.63137613436454, 3.577454218328236], [-76.6290796346711, 3.569354095572876], [-76.62677551134871, 3.559554031322127], [-76.62157973925652, 3.551453898327773], [-76.61177561947507, 3.551953831733307], [-76.61527764337654, 3.549653797249174], [-76.61807775677522, 3.542153798830506], [-76.62847703347165, 3.529553526290946], [-76.63477915646143, 3.523753481909689], [-76.63937987217614, 3.515753521112569], [-76.64458334400773, 3.504153405816014], [-76.65038192706056, 3.493253296598486], [-76.66017844630134, 3.484553350194511], [-76.66708332457928, 3.475353186292603], [-76.67517843636286, 3.464453085035932], [-76.68608131067607, 3.440252918421636], [-76.69128479562217, 3.424652814541762], [-76.7073834647795, 3.402152607400959], [-76.71428076603145, 3.377352321482713], [-76.72058292923617, 3.359552311381509], [-76.72651122919694, 3.344545639955198], [-76.73158492313918, 3.354352149427538], [-76.74018352009419, 3.364752339314166], [-76.74598197665124, 3.390852540447681], [-76.75008666722975, 3.411052771272761], [-76.75238312892424, 3.430653129187776], [-76.75238306702049, 3.448553299506512], [-76.75298576015958, 3.463053350578963], [-76.75468712097805, 3.478653480194101], [-76.75698359963054, 3.493053639349466], [-76.76628407551868, 3.517354017297164], [-76.77838465826325, 3.535954236847278], [-76.78128389396379, 3.546354410135572], [-76.79218661714695, 3.565454595388672], [-76.80258581745065, 3.574754721796645], [-76.8169829501726, 3.587454985305589], [-76.83608763206553, 3.58755495318897], [-76.85108744345027, 3.618255293139448], [-76.86488947920625, 3.626355460473044], [-76.87928660967218, 3.639755730362476], [-76.88218582114575, 3.656555842595369], [-76.87758511572174, 3.661155921504423], [-76.86718586650137, 3.665155873047841], [-76.8614865043445, 3.665655820843641], [-76.85568795840743, 3.665655799306935], [-76.84758524722037, 3.667355949756922], [-76.83898660783515, 3.669055859914133], [-76.83208938613907, 3.670155909002998], [-76.81998872639119, 3.672955880800195], [-76.81648668003682, 3.681055984530269], [-76.80728526285829, 3.692055982200157], [-76.8020817798072, 3.705856011640919], [-76.793986675134, 3.713856199649027], [-76.78888241379421, 3.717956068853706], [-76.7830838596686, 3.720256094884053], [-76.7726846047926, 3.725956226130352], [-76.7680839126482, 3.727056045050793], [-76.7651846226876, 3.731656129836091], [-76.76468104714525, 3.736356360534949], [-76.7657796842912, 3.745556317876472], [-76.76868656706415, 3.75075629214027], [-76.77038031984641, 3.759456521395117], [-76.77218089468752, 3.766356672152676], [-76.77328713690768, 3.781956804933552], [-76.77278352833218, 3.795256883747114], [-76.76468076436697, 3.810856981421585], [-76.75948493602041, 3.8177571054913], [-76.75028352239538, 3.827557129460898], [-76.74448495278948, 3.833857145274973], [-76.73297937146259, 3.845957208167658], [-76.72727999212492, 3.851057251016511], [-76.7208786875186, 3.855157353120299], [-76.70998351318238, 3.858557194912505], [-76.70977750378722, 3.860732309503756], [-76.70938074518736, 3.864857469268614], [-76.70017935841352, 3.867757348613194], [-76.6891773779118, 3.868857380216461], [-76.67597805886793, 3.868757191535548], [-76.66898165667297, 3.868757164057683], [-76.66387741788608, 3.867057201864575], [-76.65578235775676, 3.8635571489841], [-76.65228036250379, 3.858257035219999], [-76.65457690928822, 3.853656948416504], [-76.64658104141799, 3.84845695402533], [-76.64478046740885, 3.8415568034309]]]}}, {"type": "Feature", "properties": {"AREA": 136585405.296, "PERIMETER": 54366.85665, "WCOLGEN02_": 861, "WCOLGEN021": 151, "DPTO": "76", "NOMBRE_DPT": "VALLE DEL CAUCA", "MPIO": "606", "NOMBRE_MPI": "RESTREPO", "NOMBRE_CAB": "RESTREPO", "CLASEMUN": "CM", "MPIOS": "76606", "ZONA": "ZONA02", "OF_REG": "DACLI", "REG_ZONAS": "DACLIZONA02", "HECTARES": 13658.541}, "geometry": {"type": "Polygon", "coordinates": [[[-76.64478046740885, 3.8415568034309], [-76.63557908633905, 3.843156811170293], [-76.63037565779847, 3.842556923513276], [-76.6211742896361, 3.8408567071531], [-76.61077506471827, 3.839056826158227], [-76.60097858528009, 3.836756740216702], [-76.58597866254969, 3.83775661955218], [-76.57907381928531, 3.837156486891083], [-76.56867459674238, 3.834856398684751], [-76.5577718145857, 3.833056515875199], [-76.54387820451883, 3.83125638303443], [-76.53467682826727, 3.831856452899284], [-76.52377403991748, 3.831756273595893], [-76.51507621736538, 3.833456181536709], [-76.50987277824319, 3.835756208766625], [-76.50417340678564, 3.839156308593396], [-76.49717700349174, 3.839756386961001], [-76.49087489996046, 3.840256331206299], [-76.4822075975275, 3.84164724551031], [-76.48627422446128, 3.837356160088365], [-76.48507640064813, 3.828756071275528], [-76.48686939844072, 3.821756037538885], [-76.49087499804418, 3.81485591081075], [-76.49437702871404, 3.810855935209299], [-76.49947367007299, 3.803955812677916], [-76.50357081903934, 3.79875586643405], [-76.50697366636183, 3.794155784737606], [-76.51047570578896, 3.787855761663408], [-76.51387092570717, 3.782655812674725], [-76.51567154602087, 3.777455619130008], [-76.51967714541469, 3.770555730736143], [-76.52597164827705, 3.762455639775821], [-76.52777226850223, 3.75725544623242], [-76.53407440285393, 3.748655386418286], [-76.53697369905306, 3.742255462594712], [-76.54037655901959, 3.734255258952003], [-76.5409717009623, 3.726755251928467], [-76.54557242282428, 3.717455181586712], [-76.54677791824439, 3.715155138808858], [-76.55247727001546, 3.716955238851525], [-76.56057997253819, 3.716955269465231], [-76.56397516602229, 3.718755360834546], [-76.5657757493461, 3.723355462417479], [-76.5697736821239, 3.726255392194144], [-76.573275678134, 3.731455367549367], [-76.57897502815271, 3.733755436607556], [-76.5864749870946, 3.733855601887369], [-76.59347899649227, 3.73965569638407], [-76.59577548828821, 3.749455762425014], [-76.59687409852567, 3.765655997820437], [-76.59867468587862, 3.769156025267735], [-76.60207747864325, 3.778956095959442], [-76.60667813273986, 3.787656096810323], [-76.60895177009571, 3.788300557592953], [-76.61368977893962, 3.791547870226021], [-76.61647459895993, 3.793456202868988], [-76.62397454099141, 3.79805632715387], [-76.63207722383558, 3.803356458014855], [-76.63557922620392, 3.806856492360904], [-76.63898203871784, 3.811456601032895], [-76.64017987830489, 3.816056701211997], [-76.64137771094435, 3.822456641868655], [-76.64137768203953, 3.829956652619477], [-76.64478046740885, 3.8415568034309]]]}}, {"type": "Feature", "properties": {"AREA": 170679420.245, "PERIMETER": 56984.590486, "WCOLGEN02_": 862, "WCOLGEN021": 162, "DPTO": "76", "NOMBRE_DPT": "VALLE DEL CAUCA", "MPIO": "869", "NOMBRE_MPI": "VIJES", "NOMBRE_CAB": "VIJES", "CLASEMUN": "CM", "MPIOS": "76869", "ZONA": "ZONA02", "OF_REG": "DACLI", "REG_ZONAS": "DACLIZONA02", "HECTARES": 17067.942}, "geometry": {"type": "Polygon", "coordinates": [[[-76.42917415090321, 3.753355217474358], [-76.4268700148131, 3.747555141651767], [-76.428571472965, 3.736054912567396], [-76.43256946388396, 3.723354957964804], [-76.43607150485403, 3.716454829986922], [-76.44237364277446, 3.70665479835246], [-76.45046875133427, 3.696854773430222], [-76.45506946582158, 3.689354543962974], [-76.45567221772656, 3.687054499168359], [-76.47117573719291, 3.674954454787917], [-76.47467015900705, 3.665154412458143], [-76.47977444989884, 3.652554360341402], [-76.48327649272359, 3.645054365110604], [-76.4838716255274, 3.639854167715243], [-76.49597226420543, 3.641654290800816], [-76.50057294029205, 3.644554222053842], [-76.5028770731181, 3.651454371826846], [-76.50867560408992, 3.654954413208096], [-76.51557281725788, 3.6555545444334], [-76.52247766234905, 3.655554570101219], [-76.52597204990252, 3.655054614305443], [-76.53057273678529, 3.655054631403857], [-76.53807270639456, 3.652154506502628], [-76.54037685622248, 3.654454562235003], [-76.54327610687835, 3.66025464018371], [-76.54377199841383, 3.670154834877599], [-76.54667887012876, 3.67825472183378], [-76.54847945583069, 3.682254955877481], [-76.54847944729087, 3.684555003140905], [-76.54847942350041, 3.690954937727305], [-76.54787666297243, 3.695555030034111], [-76.54667877151583, 3.704755214721679], [-76.54677791824439, 3.715155138808858], [-76.54557242282428, 3.717455181586712], [-76.5409717009623, 3.726755251928467], [-76.54037655901959, 3.734255258952003], [-76.53697369905306, 3.742255462594712], [-76.53407440285393, 3.748655386418286], [-76.52777226850223, 3.75725544623242], [-76.52597164827705, 3.762455639775821], [-76.51967714541469, 3.770555730736143], [-76.51567154602087, 3.777455619130008], [-76.51387092570717, 3.782655812674725], [-76.51047570578896, 3.787855761663408], [-76.50697366636183, 3.794155784737606], [-76.50357081903934, 3.79875586643405], [-76.49947367007299, 3.803955812677916], [-76.49437702871404, 3.810855935209299], [-76.49087499804418, 3.81485591081075], [-76.48686939844072, 3.821756037538885], [-76.48507640064813, 3.828756071275528], [-76.48627422446128, 3.837356160088365], [-76.4822075975275, 3.84164724551031], [-76.48107079206272, 3.837956245451677], [-76.47067160419927, 3.826955936604005], [-76.46497226851456, 3.821155846750199], [-76.45627448464435, 3.812955799614899], [-76.45567177204765, 3.80495581924164], [-76.4527725382167, 3.795055614775201], [-76.45277256232592, 3.788755578552097], [-76.45226903782093, 3.780055594777091], [-76.44936980147031, 3.770755496275255], [-76.4441740297818, 3.763255229102736], [-76.43897061968187, 3.758055247628532], [-76.43256934613866, 3.754555203214986], [-76.42917415090321, 3.753355217474358]]]}}, {"type": "Feature", "properties": {"AREA": 188512979.111, "PERIMETER": 68037.772821, "WCOLGEN02_": 863, "WCOLGEN021": 143, "DPTO": "76", "NOMBRE_DPT": "VALLE DEL CAUCA", "MPIO": "318", "NOMBRE_MPI": "GUACARI", "NOMBRE_CAB": "GUACARI", "CLASEMUN": "CM", "MPIOS": "76318", "ZONA": "ZONA02", "OF_REG": "DACLI", "REG_ZONAS": "DACLIZONA02", "HECTARES": 18851.298}, "geometry": {"type": "Polygon", "coordinates": [[[-76.40207343221483, 3.794855383737119], [-76.38937004699592, 3.794255467481195], [-76.37956593581387, 3.793055456848952], [-76.36516877053147, 3.791255322923466], [-76.34956611467862, 3.790555258719523], [-76.3346653852683, 3.790555201178289], [-76.32136687428697, 3.793355165541892], [-76.31326415605747, 3.797955228154291], [-76.30066754534626, 3.808255203080058], [-76.29656276515361, 3.814055253744524], [-76.28736899888305, 3.820355253322996], [-76.27176633267526, 3.822655239486253], [-76.26196221612173, 3.823155170008925], [-76.24876293371717, 3.815055005324991], [-76.23666230295395, 3.812054907532507], [-76.22166236957928, 3.817255048303954], [-76.20786030898353, 3.818354830336747], [-76.19456181081648, 3.818254880159352], [-76.18476536676332, 3.807854682634527], [-76.17956194522236, 3.806054822840312], [-76.18355989388094, 3.804354658736344], [-76.17956198292657, 3.796254530707543], [-76.17895927735309, 3.78645447476096], [-76.18416274332728, 3.77665444129759], [-76.1899613074957, 3.770854397889523], [-76.19976543434613, 3.767454314832865], [-76.20546480420083, 3.763954317586423], [-76.22506543731376, 3.754854342922288], [-76.23716608365541, 3.753754315101971], [-76.24756531383781, 3.753154487850967], [-76.25616395018424, 3.750954372395844], [-76.28506513480563, 3.743554612259438], [-76.30056861085149, 3.742454597195723], [-76.30926644002975, 3.738454642217792], [-76.31676641693151, 3.73325447159701], [-76.32706646836412, 3.73105460072117], [-76.33687058359686, 3.731054637991702], [-76.3414712933388, 3.724754620365141], [-76.34556843899594, 3.720154542158029], [-76.34786500209572, 3.710854465017707], [-76.35131363846072, 3.703046907371069], [-76.35586853643557, 3.705754432809235], [-76.38126760935762, 3.724854669730562], [-76.4020736561515, 3.735954913405174], [-76.41247285747458, 3.743454961330007], [-76.4250694012421, 3.751055154662498], [-76.42627486592143, 3.756855226301479], [-76.42627484618791, 3.762055187774092], [-76.42226924492488, 3.769555181073504], [-76.42046862289901, 3.775255342882145], [-76.4176685082039, 3.782755340821655], [-76.41016851688649, 3.791455531846306], [-76.40607137752555, 3.794255532000797], [-76.40207343221483, 3.794855383737119]]]}}, {"type": "Feature", "properties": {"AREA": 233223600.717, "PERIMETER": 76329.175693, "WCOLGEN02_": 865, "WCOLGEN021": 142, "DPTO": "76", "NOMBRE_DPT": "VALLE DEL CAUCA", "MPIO": "306", "NOMBRE_MPI": "GINEBRA", "NOMBRE_CAB": "GINEBRA", "CLASEMUN": "CM", "MPIOS": "76306", "ZONA": "ZONA02", "OF_REG": "DACLI", "REG_ZONAS": "DACLIZONA02", "HECTARES": 23322.36}, "geometry": {"type": "Polygon", "coordinates": [[[-76.17956194522236, 3.806054822840312], [-76.17786051088636, 3.811254776641114], [-76.17605990445311, 3.812954710847135], [-76.16575986517928, 3.8123548037193], [-76.15365924623481, 3.806554690889851], [-76.1363628315186, 3.800054554264295], [-76.12136293090687, 3.797154344109786], [-76.10636302629054, 3.795354208103352], [-76.08786113454741, 3.786654157718964], [-76.07286123924966, 3.782553975556578], [-76.06945842023987, 3.780154017688969], [-76.06655916719065, 3.775553913794902], [-76.07055713520842, 3.768654028603102], [-76.07466191194763, 3.763453846341688], [-76.08155916163341, 3.753653820536214], [-76.08615986621764, 3.748453878548181], [-76.08956270320691, 3.746153845244145], [-76.09185923080477, 3.746153854031859], [-76.09365983696988, 3.744453681545788], [-76.09765779388431, 3.740453709537581], [-76.10286123516632, 3.73695371072171], [-76.11145987702447, 3.73295375621266], [-76.11496190152906, 3.730153754592254], [-76.11895985205045, 3.727853723459978], [-76.12765767958767, 3.723853769212806], [-76.1333647044963, 3.713453633062576], [-76.14145980845569, 3.704253478279924], [-76.15185906978249, 3.695053570538046], [-76.16626387480207, 3.693353445452191], [-76.17486250618015, 3.692253642258886], [-76.18296520970017, 3.691153598755624], [-76.19216658664509, 3.689453692379544], [-76.20886032695591, 3.677953522872206], [-76.23196295652437, 3.673453653320372], [-76.25266222630488, 3.673553629231519], [-76.25556912530371, 3.674053608777544], [-76.26016217234816, 3.676453809340505], [-76.2803654566423, 3.692153902811937], [-76.29936330474843, 3.694454021015702], [-76.31496596205338, 3.694554216555755], [-76.32416732940567, 3.695754223766546], [-76.34206650893304, 3.697554369266061], [-76.35131363846072, 3.703046907371069], [-76.34786500209572, 3.710854465017707], [-76.34556843899594, 3.720154542158029], [-76.3414712933388, 3.724754620365141], [-76.33687058359686, 3.731054637991702], [-76.32706646836412, 3.73105460072117], [-76.31676641693151, 3.73325447159701], [-76.30926644002975, 3.738454642217792], [-76.30056861085149, 3.742454597195723], [-76.28506513480563, 3.743554612259438], [-76.25616395018424, 3.750954372395844], [-76.24756531383781, 3.753154487850967], [-76.23716608365541, 3.753754315101971], [-76.22506543731376, 3.754854342922288], [-76.20546480420083, 3.763954317586423], [-76.19976543434613, 3.767454314832865], [-76.1899613074957, 3.770854397889523], [-76.18416274332728, 3.77665444129759], [-76.17895927735309, 3.78645447476096], [-76.17956198292657, 3.796254530707543], [-76.18355989388094, 3.804354658736344], [-76.17956194522236, 3.806054822840312]]]}}, {"type": "Feature", "properties": {"AREA": 206099735.173, "PERIMETER": 65178.539977, "WCOLGEN02_": 867, "WCOLGEN021": 166, "DPTO": "76", "NOMBRE_DPT": "VALLE DEL CAUCA", "MPIO": "377", "NOMBRE_MPI": "LA CUMBRE", "NOMBRE_CAB": "LA CUMBRE", "CLASEMUN": "CM", "MPIOS": "76377", "ZONA": "ZONA02", "OF_REG": "DACLI", "REG_ZONAS": "DACLIZONA02", "HECTARES": 20609.974}, "geometry": {"type": "Polygon", "coordinates": [[[-76.54677791824439, 3.715155138808858], [-76.54667877151583, 3.704755214721679], [-76.54787666297243, 3.695555030034111], [-76.54847942350041, 3.690954937727305], [-76.54847944729087, 3.684555003140905], [-76.54847945583069, 3.682254955877481], [-76.54667887012876, 3.67825472183378], [-76.54377199841383, 3.670154834877599], [-76.54327610687835, 3.66025464018371], [-76.54037685622248, 3.654454562235003], [-76.53807270639456, 3.652154506502628], [-76.53807272552503, 3.646954544999165], [-76.54267346309807, 3.633154279143609], [-76.55017343492177, 3.629654286925106], [-76.56687481807971, 3.615954202335292], [-76.58127968781545, 3.598054085138211], [-76.58588039776262, 3.591754066100982], [-76.59567695873085, 3.571553884758245], [-76.60197909003357, 3.563453793487545], [-76.60717491755612, 3.556053940573269], [-76.61177561947507, 3.551953831733307], [-76.62157973925652, 3.551453898327773], [-76.62677551134871, 3.559554031322127], [-76.6290796346711, 3.569354095572876], [-76.63137613436454, 3.577454218328236], [-76.63137610298634, 3.586154200018502], [-76.63428296951193, 3.595954266832702], [-76.64118014985807, 3.60585448522762], [-76.64237799475924, 3.609254372963393], [-76.64637592162399, 3.613954619096028], [-76.65508135997842, 3.616254698403454], [-76.66597650109932, 3.621554598831469], [-76.67008123746474, 3.627854888926746], [-76.67057711698159, 3.64115496811406], [-76.67008117817215, 3.644054880989903], [-76.664877713376, 3.653255051565317], [-76.65737770226275, 3.667155206939089], [-76.65337972868238, 3.675155170611432], [-76.64877900898995, 3.683855374537205], [-76.64587970655843, 3.691955240724935], [-76.64357551599963, 3.70055531645278], [-76.63957752014112, 3.714455485014739], [-76.63667820922706, 3.724755738852942], [-76.63548031930247, 3.733455717301403], [-76.63438160437555, 3.744955951083374], [-76.62978084930991, 3.762856107173298], [-76.62167808466498, 3.779056069614232], [-76.61417809648144, 3.786556289469406], [-76.60895177009571, 3.788300557592953], [-76.60667813273986, 3.787656096810323], [-76.60207747864325, 3.778956095959442], [-76.59867468587862, 3.769156025267735], [-76.59687409852567, 3.765655997820437], [-76.59577548828821, 3.749455762425014], [-76.59347899649227, 3.73965569638407], [-76.5864749870946, 3.733855601887369], [-76.57897502815271, 3.733755436607556], [-76.573275678134, 3.731455367549367], [-76.5697736821239, 3.726255392194144], [-76.5657757493461, 3.723355462417479], [-76.56397516602229, 3.718755360834546], [-76.56057997253819, 3.716955269465231], [-76.55247727001546, 3.716955238851525], [-76.54677791824439, 3.715155138808858]]]}}, {"type": "Feature", "properties": {"AREA": 507557766.468, "PERIMETER": 150919.179394, "WCOLGEN02_": 868, "WCOLGEN021": 139, "DPTO": "76", "NOMBRE_DPT": "VALLE DEL CAUCA", "MPIO": "248", "NOMBRE_MPI": "EL CERRITO", "NOMBRE_CAB": "EL CERRITO", "CLASEMUN": "CM", "MPIOS": "76248", "ZONA": "ZONA02", "OF_REG": "DACLI", "REG_ZONAS": "DACLIZONA02", "HECTARES": 50755.777}, "geometry": {"type": "Polygon", "coordinates": [[[-76.4250694012421, 3.751055154662498], [-76.41247285747458, 3.743454961330007], [-76.4020736561515, 3.735954913405174], [-76.38126760935762, 3.724854669730562], [-76.35586853643557, 3.705754432809235], [-76.35131363846072, 3.703046907371069], [-76.34206650893304, 3.697554369266061], [-76.32416732940567, 3.695754223766546], [-76.31496596205338, 3.694554216555755], [-76.29936330474843, 3.694454021015702], [-76.2803654566423, 3.692153902811937], [-76.26016217234816, 3.676453809340505], [-76.25556912530371, 3.674053608777544], [-76.25266222630488, 3.673553629231519], [-76.23196295652437, 3.673453653320372], [-76.20886032695591, 3.677953522872206], [-76.19216658664509, 3.689453692379544], [-76.18296520970017, 3.691153598755624], [-76.17486250618015, 3.692253642258886], [-76.16626387480207, 3.693353445452191], [-76.15185906978249, 3.695053570538046], [-76.14145980845569, 3.704253478279924], [-76.1333647044963, 3.713453633062576], [-76.12765767958767, 3.723853769212806], [-76.11895985205045, 3.727853723459978], [-76.11496190152906, 3.730153754592254], [-76.11145987702447, 3.73295375621266], [-76.10286123516632, 3.73695371072171], [-76.09765779388431, 3.740453709537581], [-76.09365983696988, 3.744453681545788], [-76.09185923080477, 3.746153854031859], [-76.08956270320691, 3.746153845244145], [-76.08615986621764, 3.748453878548181], [-76.08155916163341, 3.753653820536214], [-76.07466191194763, 3.763453846341688], [-76.07055713520842, 3.768654028603102], [-76.06655916719065, 3.775553913794902], [-76.06025707295919, 3.774353917143901], [-76.05506127480874, 3.774353897105737], [-76.04985786270115, 3.770253753043731], [-76.0440593325875, 3.767353817481621], [-76.0319587015743, 3.765053724650202], [-76.02105592759078, 3.762653738134433], [-76.0163560662702, 3.76035367386401], [-76.00375953439216, 3.751053542490698], [-75.98815690821803, 3.744053446019139], [-75.97945910155721, 3.742853202093619], [-75.95585292876102, 3.745053259400863], [-75.95645570026524, 3.737553256811423], [-75.9639557202751, 3.720252991335998], [-75.96905238659485, 3.705852868021661], [-75.97135656534746, 3.700052812696534], [-75.97365310354186, 3.697152908573787], [-75.974255859335, 3.693752791102284], [-75.97485862858214, 3.686752757236661], [-75.9783530358863, 3.680452737902144], [-75.98635652008892, 3.68795277273298], [-75.9967556864841, 3.703653063748526], [-76.00485835172478, 3.712353071648693], [-76.017554084994, 3.717553317333301], [-76.04695889564614, 3.689953113859143], [-76.06475897921915, 3.666352852876433], [-76.0762569551323, 3.645052852606286], [-76.0843597258831, 3.625452542023844], [-76.10625688505309, 3.615752470210833], [-76.16386086664811, 3.602652647808369], [-76.1800662543586, 3.605652757321279], [-76.19966682266008, 3.613752940601191], [-76.21286612242125, 3.617352906285424], [-76.230765304398, 3.617953077727403], [-76.24686388634537, 3.618653140891123], [-76.2670672328168, 3.617553141392799], [-76.27976301202334, 3.611253154199319], [-76.29126856418243, 3.604953162501749], [-76.31146428587982, 3.602753326961195], [-76.32757049917609, 3.603353253116479], [-76.34776620705291, 3.605153405209216], [-76.36736677217924, 3.615053429310578], [-76.38467081335986, 3.623853609642623], [-76.40427138346011, 3.632553900468442], [-76.42277328875605, 3.639554007856711], [-76.43947458334041, 3.64945402290593], [-76.45677097887437, 3.662854298702722], [-76.46657507392085, 3.66865440201577], [-76.4705730319704, 3.664654428418662], [-76.47177090194987, 3.661154413135767], [-76.47467019924743, 3.654254282835581], [-76.47577653862727, 3.643854126183715], [-76.4838716255274, 3.639854167715243], [-76.48327649272359, 3.645054365110604], [-76.47977444989884, 3.652554360341402], [-76.47467015900705, 3.665154412458143], [-76.47117573719291, 3.674954454787917], [-76.45567221772656, 3.687054499168359], [-76.45506946582158, 3.689354543962974], [-76.45046875133427, 3.696854773430222], [-76.44237364277446, 3.70665479835246], [-76.43607150485403, 3.716454829986922], [-76.43256946388396, 3.723354957964804], [-76.428571472965, 3.736054912567396], [-76.4268700148131, 3.747555141651767], [-76.42917415090321, 3.753355217474358], [-76.4250694012421, 3.751055154662498]]]}}, {"type": "Feature", "properties": {"AREA": 1038415058.96, "PERIMETER": 173468.809974, "WCOLGEN02_": 871, "WCOLGEN021": 149, "DPTO": "76", "NOMBRE_DPT": "VALLE DEL CAUCA", "MPIO": "520", "NOMBRE_MPI": "PALMIRA", "NOMBRE_CAB": "PALMIRA", "CLASEMUN": "CM", "MPIOS": "76520", "ZONA": "ZONA02", "OF_REG": "DACLI", "REG_ZONAS": "DACLIZONA02", "HECTARES": 103841.506}, "geometry": {"type": "Polygon", "coordinates": [[[-76.4838716255274, 3.639854167715243], [-76.47577653862727, 3.643854126183715], [-76.47467019924743, 3.654254282835581], [-76.47177090194987, 3.661154413135767], [-76.4705730319704, 3.664654428418662], [-76.46657507392085, 3.66865440201577], [-76.45677097887437, 3.662854298702722], [-76.43947458334041, 3.64945402290593], [-76.42277328875605, 3.639554007856711], [-76.40427138346011, 3.632553900468442], [-76.38467081335986, 3.623853609642623], [-76.36736677217924, 3.615053429310578], [-76.34776620705291, 3.605153405209216], [-76.32757049917609, 3.603353253116479], [-76.31146428587982, 3.602753326961195], [-76.29126856418243, 3.604953162501749], [-76.27976301202334, 3.611253154199319], [-76.2670672328168, 3.617553141392799], [-76.24686388634537, 3.618653140891123], [-76.230765304398, 3.617953077727403], [-76.21286612242125, 3.617352906285424], [-76.19966682266008, 3.613752940601191], [-76.1800662543586, 3.605652757321279], [-76.16386086664811, 3.602652647808369], [-76.10625688505309, 3.615752470210833], [-76.0843597258831, 3.625452542023844], [-76.0762569551323, 3.645052852606286], [-76.06475897921915, 3.666352852876433], [-76.04695889564614, 3.689953113859143], [-76.017554084994, 3.717553317333301], [-76.00485835172478, 3.712353071648693], [-75.9967556864841, 3.703653063748526], [-75.98635652008892, 3.68795277273298], [-75.9783530358863, 3.680452737902144], [-75.98865318250873, 3.651652492003944], [-75.99495534289228, 3.63485242922196], [-75.99785470000296, 3.611252114782929], [-76.00535472859569, 3.591051937130155], [-76.0087576342122, 3.569651772570712], [-76.00825412654278, 3.555851734791089], [-76.00646121921244, 3.538451538125881], [-76.00646131816163, 3.51075133057687], [-76.01045933118489, 3.490551141459219], [-76.01625792928294, 3.474350944872568], [-76.01625794757692, 3.469150748613649], [-76.01625795741577, 3.466350734646994], [-76.02485662572025, 3.454250670683408], [-76.03176146346813, 3.45535076867538], [-76.04106201393894, 3.456550773465925], [-76.06346268731716, 3.458450828086491], [-76.08255971681969, 3.460851077985014], [-76.10676098314723, 3.46495104811489], [-76.13325877562308, 3.469651370243664], [-76.14996008895456, 3.473251345690462], [-76.1666613986906, 3.477951395048455], [-76.19326601221512, 3.481451507616129], [-76.2237617671623, 3.481051784156744], [-76.24276725191874, 3.481151749984492], [-76.25316649384172, 3.477151800002517], [-76.26176512390724, 3.476551725163981], [-76.27336984614679, 3.474351856915453], [-76.28256359592493, 3.472051843313227], [-76.29176497333918, 3.470351935040059], [-76.30216420556462, 3.46925189789786], [-76.31136559120898, 3.465251943340812], [-76.32056697482292, 3.461851855656143], [-76.32757102226618, 3.456651920940629], [-76.33677240808946, 3.452651727781691], [-76.34476829349539, 3.452651755910504], [-76.35516752415997, 3.452151823891369], [-76.3672681677827, 3.452151866445048], [-76.37656871342078, 3.455651917844444], [-76.38747147383317, 3.46325209911955], [-76.41396927776627, 3.466852348210391], [-76.42207201958404, 3.455252246106055], [-76.42787057059883, 3.453052118394274], [-76.43877336020509, 3.452452289714536], [-76.45667255602864, 3.450252204441546], [-76.46527119375254, 3.447952188088548], [-76.47627317494201, 3.445752316907496], [-76.48547456034686, 3.44225233011475], [-76.49407319621747, 3.440552180661528], [-76.49821609719575, 3.442266203145676], [-76.50107721665614, 3.443452357239488], [-76.50447240240415, 3.447552493712709], [-76.50507513777883, 3.449852304040478], [-76.5079743933345, 3.454552544301088], [-76.51087365515349, 3.45745246820061], [-76.51257505395296, 3.462052567538253], [-76.51427646076921, 3.46435262021809], [-76.51257500744799, 3.475352640614627], [-76.51427638791353, 3.485152700601344], [-76.51427634532924, 3.497252801430649], [-76.51377273457409, 3.512253052902408], [-76.51087342362746, 3.523253069431742], [-76.50977471302444, 3.534253330907299], [-76.51317751382408, 3.542353456318602], [-76.51257475186274, 3.547553414984617], [-76.5051739436764, 3.55735344285436], [-76.50047405480058, 3.5619535195952], [-76.49247053448502, 3.563053564839378], [-76.49247050354742, 3.571653646803582], [-76.49307320723298, 3.582653676317947], [-76.49307317576285, 3.591353656831028], [-76.49187527479549, 3.603453992683803], [-76.49137168138466, 3.613254045807865], [-76.49187516934863, 3.632354189133477], [-76.4838716255274, 3.639854167715243]]]}}, {"type": "Feature", "properties": {"AREA": 159156456.581, "PERIMETER": 57478.307076, "WCOLGEN02_": 879, "WCOLGEN021": 164, "DPTO": "76", "NOMBRE_DPT": "VALLE DEL CAUCA", "MPIO": "892", "NOMBRE_MPI": "YUMBO", "NOMBRE_CAB": "YUMBO", "CLASEMUN": "CM", "MPIOS": "76892", "ZONA": "ZONA02", "OF_REG": "DACLI", "REG_ZONAS": "DACLIZONA02", "HECTARES": 15915.646}, "geometry": {"type": "Polygon", "coordinates": [[[-76.53807270639456, 3.652154506502628], [-76.53057273678529, 3.655054631403857], [-76.52597204990252, 3.655054614305443], [-76.52247766234905, 3.655554570101219], [-76.51557281725788, 3.6555545444334], [-76.50867560408992, 3.654954413208096], [-76.5028770731181, 3.651454371826846], [-76.50057294029205, 3.644554222053842], [-76.49597226420543, 3.641654290800816], [-76.4838716255274, 3.639854167715243], [-76.49187516934863, 3.632354189133477], [-76.49137168138466, 3.613254045807865], [-76.49187527479549, 3.603453992683803], [-76.49307317576285, 3.591353656831028], [-76.49307320723298, 3.582653676317947], [-76.49247050354742, 3.571653646803582], [-76.49247053448502, 3.563053564839378], [-76.50047405480058, 3.5619535195952], [-76.5051739436764, 3.55735344285436], [-76.51257475186274, 3.547553414984617], [-76.51317751382408, 3.542353456318602], [-76.50977471302444, 3.534253330907299], [-76.51087342362746, 3.523253069431742], [-76.51377273457409, 3.512253052902408], [-76.51427634532924, 3.497252801430649], [-76.51427638791353, 3.485152700601344], [-76.51257500744799, 3.475352640614627], [-76.51427646076921, 3.46435262021809], [-76.52237915067238, 3.467852668022244], [-76.53447977991546, 3.472552702569118], [-76.53797414357715, 3.478852749727937], [-76.54317755739093, 3.483552760100174], [-76.54717548476803, 3.488152867893008], [-76.55757469719445, 3.493453002367024], [-76.56277811140033, 3.498053114595957], [-76.56847742688761, 3.51025313488706], [-76.57487869824257, 3.514853251608039], [-76.58118077973877, 3.52065334072997], [-76.58578144200455, 3.527653396550709], [-76.59677576271766, 3.534553577064189], [-76.59907989013153, 3.543253566380475], [-76.60657983097609, 3.548453793140471], [-76.61177561947507, 3.551953831733307], [-76.60717491755612, 3.556053940573269], [-76.60197909003357, 3.563453793487545], [-76.59567695873085, 3.571553884758245], [-76.58588039776262, 3.591754066100982], [-76.58127968781545, 3.598054085138211], [-76.56687481807971, 3.615954202335292], [-76.55017343492177, 3.629654286925106], [-76.54267346309807, 3.633154279143609], [-76.53807272552503, 3.646954544999165], [-76.53807270639456, 3.652154506502628]]]}}, {"type": "Feature", "properties": {"AREA": 504342347.18, "PERIMETER": 91165.638718, "WCOLGEN02_": 882, "WCOLGEN021": 129, "DPTO": "76", "NOMBRE_DPT": "VALLE DEL CAUCA", "MPIO": "001", "NOMBRE_MPI": "CALI", "NOMBRE_CAB": "SANTIAGO DE CALI", "CLASEMUN": "CM", "MPIOS": "76001", "ZONA": "ZONA01", "OF_REG": "DACLI", "REG_ZONAS": "DACLIZONA01", "HECTARES": 50434.235}, "geometry": {"type": "Polygon", "coordinates": [[[-76.51427646076921, 3.46435262021809], [-76.51257505395296, 3.462052567538253], [-76.51087365515349, 3.45745246820061], [-76.5079743933345, 3.454552544301088], [-76.50507513777883, 3.449852304040478], [-76.50447240240415, 3.447552493712709], [-76.50107721665614, 3.443452357239488], [-76.49821609719575, 3.442266203145676], [-76.49237179943198, 3.435352214518096], [-76.48947255351555, 3.427852197684392], [-76.49177676547096, 3.412252087014016], [-76.49117407941995, 3.395551892400136], [-76.49237198396472, 3.381651719353223], [-76.4957748920582, 3.358551368326497], [-76.49807909314673, 3.345851410225612], [-76.49747640026006, 3.330851157588222], [-76.49577501261471, 3.322751040453721], [-76.49407362290158, 3.315251028786903], [-76.49287578320731, 3.310051065189032], [-76.49517232704548, 3.305450980328583], [-76.49687375916292, 3.300251026520164], [-76.50207720450543, 3.295650951406898], [-76.50787575791803, 3.292750819176801], [-76.51647439732574, 3.289950833061762], [-76.5193736864809, 3.284750883192672], [-76.51417790320383, 3.279550667896897], [-76.51767992444627, 3.277750840311881], [-76.52227298123324, 3.277850753974828], [-76.53497637021437, 3.277850796320349], [-76.54417774197495, 3.278450932373891], [-76.559780378159, 3.286050888885057], [-76.57237694836577, 3.287251141777415], [-76.5804796525772, 3.286750961796458], [-76.59608231611935, 3.286251045273552], [-76.6098767343857, 3.290351215731176], [-76.62027593552432, 3.299551436737952], [-76.62778350541838, 3.305351289151914], [-76.63528344733994, 3.310651411407445], [-76.64678133153856, 3.316451515914838], [-76.6611784938717, 3.320551689133752], [-76.67047904073013, 3.324651845276335], [-76.68308323797173, 3.327051832971827], [-76.69118593575526, 3.328751801635955], [-76.70218028377536, 3.328251870071448], [-76.7090851280768, 3.328851998912625], [-76.71828649742926, 3.330651869721878], [-76.72408501163261, 3.339852076891794], [-76.72651122919694, 3.344545639955198], [-76.72058292923617, 3.359552311381509], [-76.71428076603145, 3.377352321482713], [-76.7073834647795, 3.402152607400959], [-76.69128479562217, 3.424652814541762], [-76.68608131067607, 3.440252918421636], [-76.67517843636286, 3.464453085035932], [-76.66708332457928, 3.475353186292603], [-76.66017844630134, 3.484553350194511], [-76.65038192706056, 3.493253296598486], [-76.64458334400773, 3.504153405816014], [-76.63937987217614, 3.515753521112569], [-76.63477915646143, 3.523753481909689], [-76.62847703347165, 3.529553526290946], [-76.61807775677522, 3.542153798830506], [-76.61527764337654, 3.549653797249174], [-76.61177561947507, 3.551953831733307], [-76.60657983097609, 3.548453793140471], [-76.59907989013153, 3.543253566380475], [-76.59677576271766, 3.534553577064189], [-76.58578144200455, 3.527653396550709], [-76.58118077973877, 3.52065334072997], [-76.57487869824257, 3.514853251608039], [-76.56847742688761, 3.51025313488706], [-76.56277811140033, 3.498053114595957], [-76.55757469719445, 3.493453002367024], [-76.54717548476803, 3.488152867893008], [-76.54317755739093, 3.483552760100174], [-76.53797414357715, 3.478852749727937], [-76.53447977991546, 3.472552702569118], [-76.52237915067238, 3.467852668022244], [-76.51427646076921, 3.46435262021809]]]}}, {"type": "Feature", "properties": {"AREA": 428280451.02, "PERIMETER": 100413.765415, "WCOLGEN02_": 886, "WCOLGEN021": 150, "DPTO": "76", "NOMBRE_DPT": "VALLE DEL CAUCA", "MPIO": "563", "NOMBRE_MPI": "PRADERA", "NOMBRE_CAB": "PRADERA", "CLASEMUN": "CM", "MPIOS": "76563", "ZONA": "ZONA02", "OF_REG": "DACLI", "REG_ZONAS": "DACLIZONA02", "HECTARES": 42828.045}, "geometry": {"type": "Polygon", "coordinates": [[[-76.33677240808946, 3.452651727781691], [-76.32757102226618, 3.456651920940629], [-76.32056697482292, 3.461851855656143], [-76.31136559120898, 3.465251943340812], [-76.30216420556462, 3.46925189789786], [-76.29176497333918, 3.470351935040059], [-76.28256359592493, 3.472051843313227], [-76.27336984614679, 3.474351856915453], [-76.26176512390724, 3.476551725163981], [-76.25316649384172, 3.477151800002517], [-76.24276725191874, 3.481151749984492], [-76.2237617671623, 3.481051784156744], [-76.19326601221512, 3.481451507616129], [-76.1666613986906, 3.477951395048455], [-76.14996008895456, 3.473251345690462], [-76.13325877562308, 3.469651370243664], [-76.10676098314723, 3.46495104811489], [-76.08255971681969, 3.460851077985014], [-76.06346268731716, 3.458450828086491], [-76.04106201393894, 3.456550773465925], [-76.03176146346813, 3.45535076867538], [-76.02485662572025, 3.454250670683408], [-76.01625795741577, 3.466350734646994], [-76.02135470107186, 3.428750599760324], [-76.02716095341033, 3.405150298937219], [-76.03466093221208, 3.398250188759231], [-76.04216095079747, 3.37975019158019], [-76.04956179303879, 3.358449941919376], [-76.05825969654796, 3.331349634312973], [-76.05996113419013, 3.324349605829272], [-76.06166257144815, 3.317449714098015], [-76.06746113780939, 3.309949492716184], [-76.07725758540026, 3.320449577320051], [-76.0847575192496, 3.326849770478701], [-76.09166232041287, 3.338949887706915], [-76.1026642484318, 3.35115015600782], [-76.11586353038338, 3.35985017639784], [-76.13266402354522, 3.36515032868816], [-76.13726469082206, 3.370350302451108], [-76.14296404280104, 3.37155029403243], [-76.15565979727567, 3.371550337734688], [-76.16256465545003, 3.366950508610333], [-76.16956105357707, 3.36705043098112], [-76.1775645907358, 3.360150321453439], [-76.18856655899266, 3.360750464400055], [-76.19426591332, 3.361350589167293], [-76.19896577024694, 3.365450489847158], [-76.20466511101031, 3.370050600921525], [-76.21386648340393, 3.369550664074226], [-76.22366297146247, 3.368450624017866], [-76.22886641777801, 3.36325068346892], [-76.23296356124068, 3.358650605921635], [-76.25026763578899, 3.357550591449859], [-76.26696896334431, 3.357650785390713], [-76.27726899800983, 3.359950628135141], [-76.28706546698298, 3.364650890315001], [-76.30206536129987, 3.37045100588058], [-76.31247221906139, 3.370550939972191], [-76.32516797776299, 3.369951116699693], [-76.33207282110766, 3.370051038753357], [-76.34126654766251, 3.374651162487004], [-76.34992621499073, 3.374257559410261], [-76.3459663639061, 3.390851161378035], [-76.34417334778801, 3.404151463482001], [-76.34366974051564, 3.418551605699232], [-76.34306694708464, 3.433051646104908], [-76.3407703911607, 3.441051850684247], [-76.33677240808946, 3.452651727781691]]]}}, {"type": "Feature", "properties": {"AREA": 261171028.389, "PERIMETER": 67631.225627, "WCOLGEN02_": 888, "WCOLGEN021": 135, "DPTO": "76", "NOMBRE_DPT": "VALLE DEL CAUCA", "MPIO": "130", "NOMBRE_MPI": "CANDELARIA", "NOMBRE_CAB": "CANDELARIA", "CLASEMUN": "CM", "MPIOS": "76130", "ZONA": "ZONA02", "OF_REG": "DACLI", "REG_ZONAS": "DACLIZONA02", "HECTARES": 26117.103}, "geometry": {"type": "Polygon", "coordinates": [[[-76.49821609719575, 3.442266203145676], [-76.49407319621747, 3.440552180661528], [-76.48547456034686, 3.44225233011475], [-76.47627317494201, 3.445752316907496], [-76.46527119375254, 3.447952188088548], [-76.45667255602864, 3.450252204441546], [-76.43877336020509, 3.452452289714536], [-76.42787057059883, 3.453052118394274], [-76.42207201958404, 3.455252246106055], [-76.41396927776627, 3.466852348210391], [-76.38747147383317, 3.46325209911955], [-76.37656871342078, 3.455651917844444], [-76.3672681677827, 3.452151866445048], [-76.35516752415997, 3.452151823891369], [-76.34476829349539, 3.452651755910504], [-76.33677240808946, 3.452651727781691], [-76.3407703911607, 3.441051850684247], [-76.34306694708464, 3.433051646104908], [-76.34366974051564, 3.418551605699232], [-76.34417334778801, 3.404151463482001], [-76.3459663639061, 3.390851161378035], [-76.34992621499073, 3.374257559410261], [-76.35226852149644, 3.374151231755537], [-76.35396995784156, 3.367751067839913], [-76.36146996995089, 3.351651009291176], [-76.36896997612088, 3.337250891499947], [-76.37417342670553, 3.330950876284316], [-76.37936926739295, 3.318750659938087], [-76.38677010492101, 3.299150582813077], [-76.39087486872315, 3.297450417455769], [-76.39087491288811, 3.284150348324754], [-76.3896694395423, 3.280150357600089], [-76.39547561033848, 3.280750482291662], [-76.40347148855541, 3.28305055502987], [-76.41387070809317, 3.286050401078358], [-76.42137065276384, 3.290050651436045], [-76.43007608179396, 3.294750671158692], [-76.43807195627431, 3.298250716355982], [-76.44967665347923, 3.304050819927095], [-76.45657383933215, 3.312750820950956], [-76.4709710102445, 3.313450873196834], [-76.48657367041709, 3.31345092579874], [-76.48977813454843, 3.311720954646334], [-76.49287578320731, 3.310051065189032], [-76.49407362290158, 3.315251028786903], [-76.49577501261471, 3.322751040453721], [-76.49747640026006, 3.330851157588222], [-76.49807909314673, 3.345851410225612], [-76.4957748920582, 3.358551368326497], [-76.49237198396472, 3.381651719353223], [-76.49117407941995, 3.395551892400136], [-76.49177676547096, 3.412252087014016], [-76.48947255351555, 3.427852197684392], [-76.49237179943198, 3.435352214518096], [-76.49821609719575, 3.442266203145676]]]}}, {"type": "Feature", "properties": {"AREA": 435596733.216, "PERIMETER": 97006.221235, "WCOLGEN02_": 892, "WCOLGEN021": 141, "DPTO": "76", "NOMBRE_DPT": "VALLE DEL CAUCA", "MPIO": "275", "NOMBRE_MPI": "FLORIDA", "NOMBRE_CAB": "FLORIDA", "CLASEMUN": "CM", "MPIOS": "76275", "ZONA": "ZONA02", "OF_REG": "DACLI", "REG_ZONAS": "DACLIZONA02", "HECTARES": 43559.673}, "geometry": {"type": "Polygon", "coordinates": [[[-76.34992621499073, 3.374257559410261], [-76.34126654766251, 3.374651162487004], [-76.33207282110766, 3.370051038753357], [-76.32516797776299, 3.369951116699693], [-76.31247221906139, 3.370550939972191], [-76.30206536129987, 3.37045100588058], [-76.28706546698298, 3.364650890315001], [-76.27726899800983, 3.359950628135141], [-76.26696896334431, 3.357650785390713], [-76.25026763578899, 3.357550591449859], [-76.23296356124068, 3.358650605921635], [-76.22886641777801, 3.36325068346892], [-76.22366297146247, 3.368450624017866], [-76.21386648340393, 3.369550664074226], [-76.20466511101031, 3.370050600921525], [-76.19896577024694, 3.365450489847158], [-76.19426591332, 3.361350589167293], [-76.18856655899266, 3.360750464400055], [-76.1775645907358, 3.360150321453439], [-76.16956105357707, 3.36705043098112], [-76.16256465545003, 3.366950508610333], [-76.15565979727567, 3.371550337734688], [-76.14296404280104, 3.37155029403243], [-76.13726469082206, 3.370350302451108], [-76.13266402354522, 3.36515032868816], [-76.11586353038338, 3.35985017639784], [-76.1026642484318, 3.35115015600782], [-76.09166232041287, 3.338949887706915], [-76.0847575192496, 3.326849770478701], [-76.07725758540026, 3.320449577320051], [-76.06746113780939, 3.309949492716184], [-76.06166257144815, 3.317449714098015], [-76.06566059199845, 3.293849408102847], [-76.07316060681805, 3.275949278082547], [-76.07956194279238, 3.260349189654731], [-76.0812633947669, 3.248848969278761], [-76.08935850529684, 3.236149036813611], [-76.0921586224406, 3.226348760260401], [-76.09156354289381, 3.215948844355814], [-76.09380669600544, 3.205741343421744], [-76.09906353020773, 3.206148821729093], [-76.10316065747917, 3.206148835148164], [-76.10656348572876, 3.206148846292802], [-76.11465855282712, 3.206748739463815], [-76.12446266348432, 3.207448774966156], [-76.1394625675059, 3.209748869341357], [-76.14926667873418, 3.210349006578097], [-76.16196241989861, 3.214448931993588], [-76.17806097635773, 3.222649229449905], [-76.20226222886049, 3.231949389089501], [-76.22136686068265, 3.243649476225809], [-76.23116332238065, 3.250549645275043], [-76.23746539355565, 3.259249641611468], [-76.24326391071394, 3.266849801226352], [-76.25647084017635, 3.270949729654386], [-76.28126723459205, 3.272150022804822], [-76.30776504774724, 3.272250009526317], [-76.31706560463722, 3.272349938876678], [-76.33546834780947, 3.272450137001317], [-76.35216967511694, 3.273050059534528], [-76.37127434981569, 3.272550154716988], [-76.3896694395423, 3.280150357600089], [-76.39087491288811, 3.284150348324754], [-76.39087486872315, 3.297450417455769], [-76.38677010492101, 3.299150582813077], [-76.37936926739295, 3.318750659938087], [-76.37417342670553, 3.330950876284316], [-76.36896997612088, 3.337250891499947], [-76.36146996995089, 3.351651009291176], [-76.35396995784156, 3.367751067839913], [-76.35226852149644, 3.374151231755537], [-76.34992621499073, 3.374257559410261]]]}}, {"type": "Feature", "properties": {"AREA": 684755294.908, "PERIMETER": 118340.319846, "WCOLGEN02_": 894, "WCOLGEN021": 144, "DPTO": "76", "NOMBRE_DPT": "VALLE DEL CAUCA", "MPIO": "364", "NOMBRE_MPI": "JAMUNDI", "NOMBRE_CAB": "JAMUNDI", "CLASEMUN": "CM", "MPIOS": "76364", "ZONA": "ZONA03", "OF_REG": "DACLI", "REG_ZONAS": "DACLIZONA03", "HECTARES": 68475.529}, "geometry": {"type": "Polygon", "coordinates": [[[-76.72408501163261, 3.339852076891794], [-76.71828649742926, 3.330651869721878], [-76.7090851280768, 3.328851998912625], [-76.70218028377536, 3.328251870071448], [-76.69118593575526, 3.328751801635955], [-76.68308323797173, 3.327051832971827], [-76.67047904073013, 3.324651845276335], [-76.6611784938717, 3.320551689133752], [-76.64678133153856, 3.316451515914838], [-76.63528344733994, 3.310651411407445], [-76.62778350541838, 3.305351289151914], [-76.62027593552432, 3.299551436737952], [-76.6098767343857, 3.290351215731176], [-76.59608231611935, 3.286251045273552], [-76.5804796525772, 3.286750961796458], [-76.57237694836577, 3.287251141777415], [-76.559780378159, 3.286050888885057], [-76.54417774197495, 3.278450932373891], [-76.53497637021437, 3.277850796320349], [-76.52227298123324, 3.277850753974828], [-76.51767992444627, 3.277750840311881], [-76.51417790320383, 3.279550667896897], [-76.51247649431639, 3.277750822964788], [-76.51127864879273, 3.274250800400718], [-76.50667797921078, 3.269050587233502], [-76.49747662096668, 3.264450464213783], [-76.49687389667179, 3.258650397544114], [-76.5020773457468, 3.252850588547882], [-76.50437388737, 3.248850370688219], [-76.50437390634359, 3.243050306063693], [-76.49227327452245, 3.238950380847024], [-76.48937400267768, 3.238950371293323], [-76.48877890399162, 3.234350277085633], [-76.49747674949244, 3.225150121192288], [-76.50037603824764, 3.219950171561197], [-76.50147473400351, 3.212450169935373], [-76.50897472232873, 3.20325001001812], [-76.51707743530923, 3.199849916422916], [-76.52107540285077, 3.192349924206223], [-76.52048031323432, 3.184849917104974], [-76.5204803391934, 3.176749806678384], [-76.520480367001, 3.168049829429186], [-76.5244783212466, 3.164649722405985], [-76.5262789420985, 3.15824955861562], [-76.52798038617824, 3.14904961838071], [-76.52955210465265, 3.146560748073525], [-76.53087967270969, 3.144449535622543], [-76.53487762184788, 3.14264947092381], [-76.53947831406637, 3.140949544898993], [-76.54697827450352, 3.140449600307204], [-76.55157896329614, 3.139849509688238], [-76.55157899045486, 3.131249430814902], [-76.54927485044853, 3.12544935925], [-76.54927487402878, 3.117949354346762], [-76.54987763937625, 3.110949319936557], [-76.54927491226519, 3.105749120781843], [-76.55267775985504, 3.100049204179404], [-76.56197832993742, 3.09664911368217], [-76.57178245101878, 3.095449172374301], [-76.58437900873847, 3.100749307731368], [-76.58907886330427, 3.10654938686836], [-76.59828021934237, 3.112349480330773], [-76.60407876710033, 3.111249424785088], [-76.6091830192557, 3.10894939479935], [-76.6137837245665, 3.103149344849115], [-76.61788087361737, 3.096849324731379], [-76.62588439989746, 3.093949436876399], [-76.6391829017321, 3.094649482357091], [-76.64548500067356, 3.095749337661029], [-76.65128351812513, 3.104449572111612], [-76.66628342288331, 3.109149610252236], [-76.67728541821448, 3.102849611535644], [-76.69628328713002, 3.101249628804484], [-76.70148672536554, 3.098949598870229], [-76.7273818204788, 3.09444972435936], [-76.74698243943801, 3.091049665476844], [-76.75678655861024, 3.091049696224336], [-76.76718579142613, 3.091149865613874], [-76.7723892318659, 3.088249730057016], [-76.78218573216684, 3.08484964021271], [-76.79138712053508, 3.080849681448622], [-76.80458645163445, 3.077449840523577], [-76.8172898494068, 3.075749700643103], [-76.83808832227736, 3.074049824363143], [-76.83614274030118, 3.079651517726379], [-76.82708624649769, 3.105749996781988], [-76.82018897121011, 3.124250246438925], [-76.81098753704168, 3.14265035203551], [-76.79368331344538, 3.187650816199232], [-76.78338318784886, 3.211850984316549], [-76.76148592974413, 3.24875132085906], [-76.74878247169427, 3.268951492881266], [-76.74078652408383, 3.286851633658074], [-76.73788719053177, 3.305251760265765], [-76.73208095808751, 3.322552041457225], [-76.72408501163261, 3.339852076891794]]]}}]}