series_id,year,P,AC,AS,n_rows,n_halves,is_semester_reporter,partial_year
76001|Acelga,2019,28.0,7.0,7.0,2,2,True,False
76001|Acelga,2020,22.0,5.5,5.5,2,2,True,False
76001|Acelga,2021,20.0,5.0,5.0,2,2,True,False
76001|Acelga,2022,15.0,5.0,5.0,2,2,True,False
76001|Acelga,2023,18.0,6.0,6.0,2,2,True,False
76001|Acelga,2024,18.0,6.0,6.0,2,2,True,False
76001|Acelga,2025,24.0,8.0,8.0,2,2,True,False
76001|Aguacate demás variedades,2019,30.0,5.0,12.0,1,0,False,False
76001|Aguacate demás variedades,2020,72.0,12.0,12.0,1,0,False,False
76001|Aguacate demás variedades,2021,72.0,12.0,12.0,1,0,False,False
76001|Aguacate demás variedades,2022,72.0,12.0,12.0,1,0,False,False
76001|Aguacate demás variedades,2023,72.0,12.0,12.0,1,0,False,False
76001|Aguacate demás variedades,2024,72.0,12.0,12.0,1,0,False,False
76001|Aguacate demás variedades,2025,72.0,12.0,12.0,1,0,False,False
76001|Ahuyama,2019,60.0,10.0,10.0,2,2,True,False
76001|Ahuyama,2020,24.0,4.0,4.0,2,2,True,False
76001|Ahuyama,2021,36.0,6.0,6.0,2,2,True,False
76001|Ahuyama,2022,30.0,5.0,5.0,2,2,True,False
76001|Ahuyama,2023,48.0,8.0,8.0,2,2,True,False
76001|Ahuyama,2024,48.0,8.0,8.0,2,2,True,False
76001|Ahuyama,2025,48.0,8.0,8.0,2,2,True,False
76001|Ají,2020,8.0,4.0,4.0,2,2,True,False
76001|Ají,2021,16.0,4.0,4.0,2,2,True,False
76001|Ají,2022,20.0,5.0,5.0,2,2,True,False
76001|Ají,2023,32.0,8.0,8.0,2,2,True,False
76001|Ají,2024,32.0,8.0,8.0,2,2,True,False
76001|Ají,2025,28.0,7.0,7.0,2,2,True,False
76001|Arveja,2019,12.0,12.0,12.0,2,2,True,False
76001|Arveja,2020,18.22,13.0,13.0,2,2,True,False
76001|Arveja,2021,16.0,16.0,16.0,2,2,True,False
76001|Arveja,2022,16.0,16.0,16.0,2,2,True,False
76001|Arveja,2023,16.0,16.0,16.0,2,2,True,False
76001|Arveja,2024,16.0,16.0,16.0,2,2,True,False
76001|Arveja,2025,16.6,16.6,16.6,2,2,True,False
76001|Café,2019,726.0,576.0,646.0,1,0,False,False
76001|Café,2020,672.0,576.0,646.0,1,0,False,False
76001|Café,2021,533.98,586.79,657.13,1,0,False,False
76001|Café,2022,496.16,602.73,663.64,1,0,False,False
76001|Café,2023,576.41,596.64,645.11,1,0,False,False
76001|Café,2024,699.67,583.06,635.34,1,0,False,False
76001|Café,2025,682.42,567.83,630.18,1,0,False,False
76001|Caña de azúcar,2019,465000.0,4650.0,4650.0,1,0,False,False
76001|Caña de azúcar,2020,465000.0,4650.0,4650.0,1,0,False,False
76001|Caña de azúcar,2021,464953.5,4650.0,4650.0,1,0,False,False
76001|Caña de azúcar,2022,465000.0,4650.0,4650.0,1,0,False,False
76001|Caña de azúcar,2023,465000.0,4650.0,4650.0,1,0,False,False
76001|Caña de azúcar,2024,465000.0,4650.0,4650.0,1,0,False,False
76001|Caña de azúcar,2025,465000.0,4650.0,4650.0,1,0,False,False
76001|Cebolla de rama,2019,7.0,1.0,1.0,1,1,True,True
76001|Cebolla de rama,2020,14.0,2.0,2.0,2,2,True,False
76001|Cebolla de rama,2021,14.0,2.0,2.0,2,2,True,False
76001|Cebolla de rama,2022,14.0,2.0,2.0,2,2,True,False
76001|Cebolla de rama,2023,28.0,4.0,4.0,2,2,True,False
76001|Cebolla de rama,2024,42.0,6.0,6.0,2,2,True,False
76001|Cebolla de rama,2025,49.0,7.0,7.0,2,2,True,False
76001|Cilantro,2019,120.0,30.0,30.0,2,2,True,False
76001|Cilantro,2020,76.0,19.0,19.0,2,2,True,False
76001|Cilantro,2021,64.0,16.0,16.0,2,2,True,False
76001|Cilantro,2022,64.0,16.0,16.0,2,2,True,False
76001|Cilantro,2023,88.0,22.0,22.0,2,2,True,False
76001|Cilantro,2024,96.0,24.0,24.0,2,2,True,False
76001|Cilantro,2025,104.0,26.0,26.0,2,2,True,False
76001|Espinaca,2025,160.0,16.0,16.0,2,2,True,False
76001|Frijol,2019,40.0,40.0,40.0,2,2,True,False
76001|Frijol,2020,35.0,35.0,35.0,2,2,True,False
76001|Frijol,2021,39.0,39.0,39.0,2,2,True,False
76001|Frijol,2022,35.99,42.0,42.0,2,2,True,False
76001|Frijol,2023,83.92,40.0,40.0,2,2,True,False
76001|Frijol,2024,83.92,40.0,40.0,2,2,True,False
76001|Frijol,2025,86.02000000000001,41.0,41.0,2,2,True,False
76001|Guanábana,2019,0.0,0.0,3.0,1,0,False,False
76001|Guayaba,2019,108.0,12.0,12.0,1,0,False,False
76001|Guayaba,2020,108.0,12.0,12.0,1,0,False,False
76001|Guayaba,2021,108.0,12.0,12.0,1,0,False,False
76001|Guayaba,2022,72.0,12.0,12.0,1,0,False,False
76001|Guayaba,2023,72.0,12.0,12.0,1,0,False,False
76001|Guayaba,2024,72.0,12.0,12.0,1,0,False,False
76001|Guayaba,2025,72.0,12.0,12.0,1,0,False,False
76001|Habichuela,2020,66.0,11.0,11.0,2,2,True,False
76001|Habichuela,2021,33.0,11.0,11.0,2,2,True,False
76001|Habichuela,2022,55.0,11.0,11.0,2,2,True,False
76001|Habichuela,2023,60.0,12.0,12.0,2,2,True,False
76001|Habichuela,2024,60.0,12.0,12.0,2,2,True,False
76001|Habichuela,2025,60.0,12.0,12.0,2,2,True,False
76001|Lechuga,2019,180.0,20.0,20.0,2,2,True,False
76001|Lechuga,2020,180.0,20.0,20.0,2,2,True,False
76001|Lechuga,2021,171.0,19.0,19.0,2,2,True,False
76001|Lechuga,2022,162.0,18.0,18.0,2,2,True,False
76001|Lechuga,2023,180.0,20.0,20.0,2,2,True,False
76001|Lechuga,2024,180.0,20.0,20.0,2,2,True,False
76001|Lechuga,2025,180.0,20.0,20.0,2,2,True,False
76001|Lima,2020,150.0,10.0,10.0,1,0,False,False
76001|Limón Tahití,2021,100.0,10.0,10.0,1,0,False,False
76001|Limón Tahití,2022,100.0,10.0,10.0,1,0,False,False
76001|Limón Tahití,2023,100.0,10.0,10.0,1,0,False,False
76001|Limón Tahití,2024,100.0,10.0,11.0,1,0,False,False
76001|Limón Tahití,2025,110.0,11.0,11.0,1,0,False,False
76001|Mandarina Arrayana y/o Oneco,2021,57.44,6.38,6.38,1,0,False,False
76001|Mandarina Arrayana y/o Oneco,2022,57.42,6.38,6.38,1,0,False,False
76001|Mandarina Arrayana y/o Oneco,2023,57.42,6.38,6.38,1,0,False,False
76001|Mandarina Arrayana y/o Oneco,2024,57.42,6.38,6.38,1,0,False,False
76001|Mandarina Arrayana y/o Oneco,2025,57.42,6.38,6.38,1,0,False,False
"76001|Mango Kent, Keitt, Hilacha o Nam Doc",2020,0.0,0.0,5.0,1,0,False,False
"76001|Mango Kent, Keitt, Hilacha o Nam Doc",2021,30.0,5.0,5.0,1,0,False,False
"76001|Mango Kent, Keitt, Hilacha o Nam Doc",2022,30.0,5.0,5.0,1,0,False,False
"76001|Mango Kent, Keitt, Hilacha o Nam Doc",2023,30.0,5.0,5.0,1,0,False,False
"76001|Mango Kent, Keitt, Hilacha o Nam Doc",2024,30.0,5.0,5.0,1,0,False,False
"76001|Mango Kent, Keitt, Hilacha o Nam Doc",2025,30.0,5.0,5.0,1,0,False,False
76001|Mango demás variedades,2019,0.0,0.0,5.0,1,0,False,False
76001|Maíz amarillo tradicional,2021,21.0,7.0,7.0,2,2,True,False
76001|Maíz amarillo tradicional,2022,9.0,9.0,9.0,2,2,True,False
76001|Maíz amarillo tradicional,2023,12.0,12.0,12.0,2,2,True,False
76001|Maíz amarillo tradicional,2024,14.0,14.0,14.0,2,2,True,False
76001|Maíz amarillo tradicional,2025,14.0,14.0,14.0,2,2,True,False
76001|Maíz blanco tradicional,2021,9.0,3.0,3.0,2,2,True,False
76001|Maíz blanco tradicional,2022,5.0,5.0,5.0,2,2,True,False
76001|Maíz blanco tradicional,2023,6.0,6.0,6.0,2,2,True,False
76001|Maíz blanco tradicional,2024,6.0,6.0,6.0,2,2,True,False
76001|Maíz blanco tradicional,2025,6.0,6.0,6.0,2,2,True,False
76001|Maíz tradicional,2019,160.0,80.0,80.0,2,2,True,False
76001|Maíz tradicional,2020,26.4,6.6,6.6,2,2,True,False
76001|Mora,2019,80.0,10.0,10.0,1,0,False,False
76001|Mora,2020,80.0,10.0,10.0,1,0,False,False
76001|Mora,2021,80.0,10.0,10.0,1,0,False,False
76001|Mora,2022,80.0,10.0,10.0,1,0,False,False
76001|Mora,2023,35.0,5.0,5.0,1,0,False,False
76001|Mora,2024,35.0,5.0,7.0,1,0,False,False
76001|Mora,2025,49.0,7.0,7.0,1,0,False,False
76001|Naranja Valencia,2021,461.97,33.0,33.0,1,0,False,False
76001|Naranja Valencia,2022,462.0,33.0,33.0,1,0,False,False
76001|Naranja Valencia,2023,330.0,33.0,33.0,1,0,False,False
76001|Naranja Valencia,2024,330.0,33.0,33.0,1,0,False,False
76001|Naranja Valencia,2025,330.0,33.0,33.0,1,0,False,False
76001|Otros cítricos,2019,420.0,28.0,49.0,1,0,False,False
76001|Otros cítricos,2020,735.0,49.0,49.0,1,0,False,False
76001|Perejil,2019,40.0,10.0,10.0,2,2,True,False
76001|Perejil,2020,33.25,9.5,9.5,2,2,True,False
76001|Perejil,2021,36.0,9.0,9.0,2,2,True,False
76001|Perejil,2022,32.0,8.0,8.0,2,2,True,False
76001|Perejil,2023,40.0,10.0,10.0,2,2,True,False
76001|Perejil,2024,40.0,10.0,10.0,2,2,True,False
76001|Perejil,2025,40.0,10.0,10.0,2,2,True,False
76001|Pimentón,2019,22.0,2.0,2.0,2,2,True,False
76001|Pimentón,2020,41.8,3.8,3.8,2,2,True,False
76001|Pimentón,2021,44.0,4.0,4.0,2,2,True,False
76001|Pimentón,2022,44.0,4.0,4.0,2,2,True,False
76001|Pimentón,2023,30.0,3.0,3.0,2,2,True,False
76001|Pimentón,2024,40.0,4.0,4.0,2,2,True,False
76001|Pimentón,2025,35.0,3.5,3.5,2,2,True,False
76001|Plantas aromáticas,2019,150.0,50.0,50.0,2,2,True,False
76001|Plantas aromáticas,2020,129.0,43.0,43.0,2,2,True,False
76001|Plantas aromáticas,2021,64.5,21.5,21.5,1,0,False,False
76001|Plantas aromáticas,2022,64.5,21.5,23.0,1,0,False,False
76001|Plantas aromáticas,2023,69.0,23.0,23.0,1,0,False,False
76001|Plantas aromáticas,2024,69.0,23.0,23.0,1,0,False,False
76001|Plantas aromáticas,2025,69.0,23.0,25.0,1,0,False,False
76001|Plátano consumo interno,2019,198.0,33.0,33.0,1,0,False,False
76001|Plátano consumo interno,2020,198.0,33.0,33.0,1,0,False,False
76001|Plátano consumo interno,2021,198.0,33.0,33.0,1,0,False,False
76001|Plátano consumo interno,2022,186.0,31.0,31.0,1,0,False,False
76001|Plátano consumo interno,2023,124.0,31.0,31.0,1,0,False,False
76001|Plátano consumo interno,2024,120.0,30.0,30.0,1,0,False,False
76001|Plátano consumo interno,2025,120.0,30.0,30.0,1,0,False,False
76001|Repollo,2019,120.0,6.0,6.0,2,2,True,False
76001|Repollo,2020,116.0,5.8,5.8,2,2,True,False
76001|Repollo,2021,84.0,6.0,6.0,2,2,True,False
76001|Repollo,2022,84.0,6.0,6.0,2,2,True,False
76001|Repollo,2023,84.0,6.0,6.0,2,2,True,False
76001|Repollo,2024,84.0,6.0,6.0,2,2,True,False
76001|Repollo,2025,84.0,6.0,6.0,2,2,True,False
76001|Tomate,2019,48.0,4.0,4.0,2,2,True,False
76001|Tomate,2020,45.6,3.8,3.8,2,2,True,False
76001|Tomate,2021,36.0,4.0,4.0,2,2,True,False
76001|Tomate,2022,64.0,4.0,4.0,2,2,True,False
76001|Tomate,2023,96.0,6.0,6.0,2,2,True,False
76001|Tomate,2024,93.0,6.0,6.0,2,2,True,False
76001|Tomate,2025,90.0,6.0,6.0,2,2,True,False
76001|Tomate de árbol,2019,48.0,6.0,6.0,1,0,False,False
76001|Tomate de árbol,2020,48.0,6.0,6.0,1,0,False,False
76001|Tomate de árbol,2021,48.0,6.0,6.0,1,0,False,False
76001|Tomate de árbol,2022,48.0,6.0,6.0,1,0,False,False
76001|Tomate de árbol,2023,48.0,6.0,6.0,1,0,False,False
76001|Tomate de árbol,2024,48.0,6.0,6.0,1,0,False,False
76001|Tomate de árbol,2025,48.0,6.0,6.0,1,0,False,False
76001|Tomate invernadero,2019,240.0,12.0,12.0,2,2,True,False
76001|Tomate invernadero,2020,240.0,12.0,12.0,2,2,True,False
76001|Tomate invernadero,2021,260.0,13.0,13.0,2,2,True,False
76001|Tomate invernadero,2022,300.0,15.0,15.0,2,2,True,False
76001|Tomate invernadero,2023,1440.0,16.0,16.0,2,2,True,False
76001|Tomate invernadero,2024,1600.0,16.0,16.0,2,2,True,False
76001|Tomate invernadero,2025,800.0,8.0,8.0,2,2,True,False
76001|Yuca consumo en fresco,2019,208.0,16.0,16.0,1,1,True,True
76001|Yuca consumo en fresco,2020,208.0,16.0,16.0,2,2,True,False
76001|Yuca consumo en fresco,2021,160.0,16.0,16.0,2,2,True,False
76001|Yuca consumo en fresco,2022,140.0,13.0,16.0,2,2,True,False
76001|Yuca consumo en fresco,2023,160.0,16.0,16.0,2,2,True,False
76001|Yuca consumo en fresco,2024,160.0,16.0,16.0,2,2,True,False
76001|Yuca consumo en fresco,2025,160.0,16.0,16.0,2,2,True,False
76001|Zanahoria,2019,144.0,8.0,8.0,2,2,True,False
76001|Zanahoria,2020,129.5,7.5,7.5,2,2,True,False
76001|Zanahoria,2021,105.0,7.0,7.0,2,2,True,False
76001|Zanahoria,2022,105.0,7.0,7.0,2,2,True,False
76001|Zanahoria,2023,120.0,8.0,8.0,2,2,True,False
76001|Zanahoria,2024,120.0,8.0,8.0,2,2,True,False
76001|Zanahoria,2025,120.0,8.0,8.0,2,2,True,False
76020|Aguacate Hass,2020,60.0,6.0,7.0,1,0,False,False
76020|Aguacate Hass,2021,126.07,7.0,7.0,1,0,False,False
76020|Aguacate Hass,2022,126.0,7.0,7.0,1,0,False,False
76020|Aguacate Hass,2023,126.0,7.0,7.0,1,0,False,False
76020|Aguacate Hass,2024,126.0,7.0,17.0,1,0,False,False
76020|Aguacate Hass,2025,126.0,7.0,17.0,1,0,False,False
76020|Aguacate Papelillo,2020,1344.2,57.2,72.2,1,0,False,False
76020|Aguacate Papelillo,2021,1291.32,71.7,76.7,1,0,False,False
76020|Aguacate Papelillo,2022,940.5,62.7,62.7,1,0,False,False
76020|Aguacate Papelillo,2023,940.5,62.7,62.7,1,0,False,False
76020|Aguacate Papelillo,2024,940.5,62.7,72.7,1,0,False,False
76020|Aguacate Papelillo,2025,1003.2,62.7,77.7,1,0,False,False
76020|Aguacate demás variedades,2019,1185.6,141.9,141.9,1,0,False,False
76020|Aguacate demás variedades,2020,1246.4,77.9,83.9,1,0,False,False
76020|Aguacate demás variedades,2021,1325.54,73.6,82.9,1,0,False,False
76020|Aguacate demás variedades,2022,1243.5,82.9,82.9,1,0,False,False
76020|Aguacate demás variedades,2023,1243.5,82.9,82.9,1,0,False,False
76020|Aguacate demás variedades,2024,1243.5,82.9,87.9,1,0,False,False
76020|Aguacate demás variedades,2025,1326.4,82.9,92.9,1,0,False,False
76020|Banano consumo interno,2019,2204.4,100.2,100.2,1,0,False,False
76020|Banano consumo interno,2020,1436.4,34.2,58.2,1,0,False,False
76020|Banano consumo interno,2021,1073.4,50.3,60.3,1,0,False,False
76020|Banano consumo interno,2022,1184.4,65.8,65.8,1,0,False,False
76020|Banano consumo interno,2023,698.4,38.8,68.8,1,0,False,False
76020|Banano consumo interno,2024,1238.4,68.8,88.8,1,0,False,False
76020|Banano consumo interno,2025,1687.2,88.8,98.8,1,0,False,False
76020|Cacao,2019,12.0,20.0,20.0,1,0,False,False
76020|Cacao,2020,6.79,20.0,27.0,1,0,False,False
76020|Cacao,2021,14.0,28.0,39.6,1,0,False,False
76020|Cacao,2022,15.84,39.6,39.6,1,0,False,False
76020|Cacao,2023,15.84,39.6,39.6,1,0,False,False
76020|Cacao,2024,15.84,39.6,64.6,1,0,False,False
76020|Cacao,2025,19.8,39.6,74.6,1,0,False,False
76020|Café,2019,1258.0,958.0,1294.0,1,0,False,False
76020|Café,2020,1044.0,860.0,1190.0,1,0,False,False
76020|Café,2021,907.41,889.62,1183.7,1,0,False,False
76020|Café,2022,714.99,903.23,1189.59,1,0,False,False
76020|Café,2023,797.25,837.19,1191.51,1,0,False,False
76020|Café,2024,935.96,843.21,1198.14,1,0,False,False
76020|Café,2025,973.5,845.25,1171.72,1,0,False,False
76020|Frijol,2019,45.68,35.2,35.2,2,2,True,False
76020|Frijol,2020,112.41,124.9,124.9,2,2,True,False
76020|Frijol,2021,171.48000000000002,130.32999999999998,130.32999999999998,2,2,True,False
76020|Frijol,2022,92.10000000000001,70.6,70.6,2,2,True,False
76020|Frijol,2023,67.2,56.0,56.0,2,2,True,False
76020|Frijol,2024,54.0,45.0,45.0,2,2,True,False
76020|Frijol,2025,58.739999999999995,70.0,70.0,2,2,True,False
76020|Guanábana,2019,130.0,13.0,13.0,1,0,False,False
76020|Guanábana,2020,130.0,13.0,13.0,1,0,False,False
76020|Guanábana,2021,331.63,13.0,13.0,1,0,False,False
76020|Guanábana,2022,260.0,13.0,13.0,1,0,False,False
76020|Guanábana,2023,260.0,13.0,13.0,1,0,False,False
76020|Guanábana,2024,260.0,13.0,13.0,1,0,False,False
76020|Guanábana,2025,260.0,13.0,23.0,1,0,False,False
76020|Guayaba,2019,160.0,16.0,16.0,1,0,False,False
76020|Guayaba,2020,720.0,18.0,21.0,1,0,False,False
76020|Guayaba,2021,431.34,21.0,21.0,1,0,False,False
76020|Guayaba,2022,336.0,21.0,21.0,1,0,False,False
76020|Guayaba,2023,357.0,21.0,21.0,1,0,False,False
76020|Guayaba,2024,357.0,21.0,21.0,1,0,False,False
76020|Guayaba,2025,367.5,21.0,31.0,1,0,False,False
76020|Habichuela,2019,537.28,58.400000000000006,59.3,2,2,True,False
76020|Habichuela,2020,636.0,53.0,53.0,2,2,True,False
76020|Habichuela,2021,738.64,61.379999999999995,61.379999999999995,2,2,True,False
76020|Habichuela,2022,244.24,21.65,26.55,2,2,True,False
76020|Habichuela,2023,218.0,23.0,23.0,2,2,True,False
76020|Habichuela,2024,140.0,15.0,15.0,2,2,True,False
76020|Habichuela,2025,100.0,10.0,10.0,2,2,True,False
76020|Limón Tahití,2021,265.89,13.68,29.68,1,0,False,False
76020|Limón Tahití,2022,445.2,29.68,29.68,1,0,False,False
76020|Limón Tahití,2023,445.2,29.68,29.68,1,0,False,False
76020|Limón Tahití,2024,445.2,29.68,79.68,1,0,False,False
76020|Limón Tahití,2025,474.88,29.68,99.68,1,0,False,False
76020|Lulo,2019,144.0,8.0,8.0,1,0,False,False
76020|Lulo,2020,144.0,8.0,11.0,1,0,False,False
76020|Lulo,2021,235.84,11.0,11.0,1,0,False,False
76020|Lulo,2022,110.0,11.0,15.0,1,0,False,False
76020|Lulo,2024,0.0,0.0,15.0,1,0,False,False
76020|Lulo,2025,112.5,15.0,17.0,1,0,False,False
76020|Mandarina Arrayana y/o Oneco,2020,1000.0,25.0,48.0,1,0,False,False
76020|Mandarina Arrayana y/o Oneco,2021,3058.58,76.46,88.01,1,0,False,False
76020|Mandarina Arrayana y/o Oneco,2022,4032.48,84.01,84.01,1,0,False,False
76020|Mandarina Arrayana y/o Oneco,2023,3864.46,84.01,84.01,1,0,False,False
76020|Mandarina Arrayana y/o Oneco,2024,3864.46,84.01,94.01,1,0,False,False
76020|Mandarina Arrayana y/o Oneco,2025,3360.4,84.01,99.01,1,0,False,False
76020|Maracuyá,2019,90.0,5.0,5.0,1,0,False,False
76020|Maracuyá,2020,125.0,5.0,11.0,1,0,False,False
76020|Maracuyá,2021,351.23,11.0,14.0,1,0,False,False
76020|Maracuyá,2022,574.0,20.5,20.5,1,0,False,False
76020|Maracuyá,2023,574.0,20.5,20.5,1,0,False,False
76020|Maracuyá,2024,574.0,20.5,30.5,1,0,False,False
76020|Maracuyá,2025,854.0,30.5,32.5,1,0,False,False
76020|Maíz amarillo tradicional,2021,49.85,40.6,40.6,2,2,True,False
76020|Maíz amarillo tradicional,2022,76.68,61.1,38.5,2,2,True,False
76020|Maíz amarillo tradicional,2023,35.69,26.5,26.5,2,2,True,False
76020|Maíz amarillo tradicional,2024,13.42,12.0,15.0,2,2,True,False
76020|Maíz amarillo tradicional,2025,27.97,25.0,27.0,2,2,True,False
76020|Maíz blanco tradicional,2021,9.02,6.44,6.44,1,1,True,True
76020|Maíz blanco tradicional,2022,5.67,4.05,4.05,1,1,True,True
76020|Maíz tradicional,2019,1.95,1.3,1.5,2,2,True,False
76020|Maíz tradicional,2020,125.8,62.9,62.9,2,2,True,False
76020|Naranja Valencia,2020,189.71,19.99,19.99,1,0,False,False
76020|Naranja Valencia,2021,11381.38,287.19,329.64,1,0,False,False
76020|Naranja Valencia,2022,9889.2,329.64,329.64,1,0,False,False
76020|Naranja Valencia,2023,9889.2,329.64,329.64,1,0,False,False
76020|Naranja Valencia,2024,9889.2,329.64,329.64,1,0,False,False
76020|Naranja Valencia,2025,9889.2,329.64,329.64,1,0,False,False
76020|Otros cítricos,2019,7772.0,198.3,198.3,1,0,False,False
76020|Otros cítricos,2020,6345.6,198.3,321.3,1,0,False,False
"76020|Papaya Hawaiana, Maradol, Melona, redonda y/o Tainung",2020,260.0,4.0,7.4,1,0,False,False
"76020|Papaya Hawaiana, Maradol, Melona, redonda y/o Tainung",2021,756.59,10.1,15.7,1,0,False,False
"76020|Papaya Hawaiana, Maradol, Melona, redonda y/o Tainung",2022,628.0,15.7,15.7,1,0,False,False
"76020|Papaya Hawaiana, Maradol, Melona, redonda y/o Tainung",2023,628.0,15.7,25.7,1,0,False,False
"76020|Papaya Hawaiana, Maradol, Melona, redonda y/o Tainung",2024,1028.0,25.7,35.7,1,0,False,False
"76020|Papaya Hawaiana, Maradol, Melona, redonda y/o Tainung",2025,1606.5,35.7,46.7,1,0,False,False
76020|Papaya demás variedades,2019,240.0,6.0,6.0,1,0,False,False
76020|Papaya demás variedades,2020,80.0,2.0,2.0,1,0,False,False
76020|Pimentón,2019,307.74,23.0,24.700000000000003,2,2,True,False
76020|Pimentón,2020,1726.4,33.2,33.2,2,2,True,False
76020|Pimentón,2021,844.0,27.0,27.0,2,2,True,False
76020|Pimentón,2022,224.3,10.54,12.440000000000001,2,2,True,False
76020|Pimentón,2023,155.2,7.4,7.4,2,2,True,False
76020|Pimentón,2024,205.0,10.0,10.0,2,2,True,False
76020|Pimentón,2025,138.0,6.0,6.0,2,2,True,False
"76020|Piña Cayena, Gold, Manzana y/o Perolera",2020,732.7,8.62,20.02,1,0,False,False
"76020|Piña Cayena, Gold, Manzana y/o Perolera",2021,2939.86,36.52,43.82,1,0,False,False
"76020|Piña Cayena, Gold, Manzana y/o Perolera",2022,2507.4,35.82,35.82,1,0,False,False
"76020|Piña Cayena, Gold, Manzana y/o Perolera",2023,2435.76,35.82,35.82,1,0,False,False
"76020|Piña Cayena, Gold, Manzana y/o Perolera",2024,2435.76,35.82,47.82,1,0,False,False
"76020|Piña Cayena, Gold, Manzana y/o Perolera",2025,3347.4,47.82,49.82,1,0,False,False
76020|Piña demás variedades,2019,2868.0,47.8,47.8,1,0,False,False
76020|Piña demás variedades,2020,2350.8,39.18,39.18,1,0,False,False
76020|Plátano consumo interno,2019,12540.0,1254.0,1254.0,1,0,False,False
76020|Plátano consumo interno,2020,12540.0,1254.0,1294.0,1,0,False,False
76020|Plátano consumo interno,2021,15288.0,1200.0,1200.0,1,0,False,False
76020|Plátano consumo interno,2022,12000.0,1200.0,1200.0,1,0,False,False
76020|Plátano consumo interno,2023,12000.0,1200.0,1200.0,1,0,False,False
76020|Plátano consumo interno,2024,12000.0,1200.0,1225.0,1,0,False,False
76020|Plátano consumo interno,2025,13475.0,1225.0,1245.0,1,0,False,False
76020|Sábila,2019,63.0,7.0,7.0,1,0,False,False
76020|Tomate,2019,2396.6,72.9,75.2,2,2,True,False
76020|Tomate,2020,6716.5,70.7,70.7,2,2,True,False
76020|Tomate,2021,4598.17,87.23,87.23,2,2,True,False
76020|Tomate,2022,2124.0,38.0,43.0,2,2,True,False
76020|Tomate,2023,1643.0,30.2,30.2,2,2,True,False
76020|Tomate,2024,2140.0,40.0,40.0,2,2,True,False
76020|Tomate,2025,2400.0,40.0,40.0,2,2,True,False
76020|Yuca consumo en fresco,2019,600.0,20.0,20.0,2,2,True,False
76020|Yuca consumo en fresco,2020,506.0,92.0,92.0,2,2,True,False
76020|Yuca consumo en fresco,2021,1122.8899999999999,100.44,100.44,2,2,True,False
76020|Yuca consumo en fresco,2022,1203.4,100.44,49.4,2,2,True,False
76020|Yuca consumo en fresco,2023,720.0,45.0,48.0,2,2,True,False
76020|Yuca consumo en fresco,2024,688.0,43.0,13.0,2,2,True,False
76020|Yuca consumo en fresco,2025,270.0,15.0,18.0,2,2,True,False
76036|Aguacate Papelillo,2020,560.0,56.0,57.0,1,0,False,False
76036|Aguacate Papelillo,2021,405.0,45.0,45.0,1,0,False,False
76036|Aguacate Papelillo,2022,360.0,40.0,50.0,1,0,False,False
76036|Aguacate Papelillo,2023,306.0,34.0,44.0,1,0,False,False
76036|Aguacate Papelillo,2024,360.0,40.0,40.0,1,0,False,False
76036|Aguacate Papelillo,2025,360.0,40.0,40.0,1,0,False,False
76036|Aguacate demás variedades,2019,560.0,56.0,57.0,1,0,False,False
76036|Algodón,2020,47.0,43.0,43.0,1,1,True,True
76036|Banano consumo interno,2019,240.0,30.0,35.0,1,0,False,False
76036|Banano consumo interno,2020,280.0,35.0,35.0,1,0,False,False
76036|Banano consumo interno,2021,150.0,30.0,30.0,1,0,False,False
76036|Banano consumo interno,2022,196.0,28.0,33.4,1,0,False,False
76036|Banano consumo interno,2023,212.8,30.4,40.4,1,0,False,False
76036|Banano consumo interno,2024,387.8,55.4,55.4,1,0,False,False
76036|Banano consumo interno,2025,443.2,55.4,55.4,1,0,False,False
76036|Cacao,2019,17.5,50.0,55.0,1,0,False,False
76036|Cacao,2020,11.48,32.8,62.8,1,0,False,False
76036|Cacao,2021,50.24,62.8,72.8,1,0,False,False
76036|Cacao,2022,56.64,70.8,77.8,1,0,False,False
76036|Cacao,2023,56.64,70.8,94.8,1,0,False,False
76036|Cacao,2024,80.64,100.8,100.8,1,0,False,False
76036|Cacao,2025,94.8,94.8,104.0,1,0,False,False
76036|Café,2019,222.0,184.0,207.0,1,0,False,False
76036|Café,2020,209.0,187.0,205.0,1,0,False,False
76036|Café,2021,190.52,190.52,205.25,1,0,False,False
76036|Café,2022,76.73,188.78,205.28,1,0,False,False
76036|Café,2023,43.74,166.73,193.85,1,0,False,False
76036|Café,2024,50.65,163.4,190.08,1,0,False,False
76036|Café,2025,67.57,168.68,183.53,1,0,False,False
76036|Caña de azúcar,2019,385700.0,4060.0,4160.0,1,0,False,False
76036|Caña de azúcar,2020,395819.4,4166.52,4176.52,1,0,False,False
76036|Caña de azúcar,2021,501182.4,4176.52,4226.52,1,0,False,False
76036|Caña de azúcar,2022,506582.4,4221.52,4241.52,1,0,False,False
76036|Caña de azúcar,2023,507782.4,4231.52,4271.52,1,0,False,False
76036|Caña de azúcar,2024,512582.4,4271.52,4271.52,1,0,False,False
76036|Caña de azúcar,2025,512582.4,4271.52,4300.0,1,0,False,False
76036|Limón Pajarito,2024,2250.0,150.0,150.0,1,0,False,False
76036|Limón Pajarito,2025,2250.0,150.0,150.0,1,0,False,False
76036|Limón Tahití,2021,81.09,10.14,10.14,1,0,False,False
76036|Limón Tahití,2022,57.12,7.14,11.34,1,0,False,False
76036|Limón Tahití,2023,41.12,5.14,14.34,1,0,False,False
76036|Limón Tahití,2024,174.06,19.34,19.34,1,0,False,False
76036|Limón Tahití,2025,136.23,14.34,19.34,1,0,False,False
76036|Mandarina Arrayana y/o Oneco,2020,0.0,0.0,31.11,1,0,False,False
76036|Mandarina Arrayana y/o Oneco,2021,544.91,68.11,68.11,1,0,False,False
76036|Mandarina Arrayana y/o Oneco,2022,528.88,66.11,77.11,1,0,False,False
76036|Mandarina Arrayana y/o Oneco,2023,594.99,66.11,81.11,1,0,False,False
76036|Mandarina Arrayana y/o Oneco,2024,729.99,81.11,81.11,1,0,False,False
76036|Mandarina Arrayana y/o Oneco,2025,770.54,81.11,81.11,1,0,False,False
76036|Maracuyá,2019,360.0,30.0,30.0,1,0,False,False
76036|Maracuyá,2020,360.0,30.0,30.0,1,0,False,False
76036|Maracuyá,2021,375.0,25.0,25.0,1,0,False,False
76036|Maracuyá,2022,330.0,22.0,27.0,1,0,False,False
76036|Maracuyá,2023,432.0,27.0,37.0,1,0,False,False
76036|Maracuyá,2024,480.0,30.0,30.0,1,0,False,False
76036|Maracuyá,2025,480.0,30.0,35.0,1,0,False,False
76036|Maíz amarillo tecnificado,2021,186.0,31.0,42.019999999999996,2,2,True,False
76036|Maíz amarillo tecnificado,2022,253.60000000000002,44.0,44.0,2,2,True,False
76036|Maíz amarillo tecnificado,2023,282.16999999999996,50.03,50.03,2,2,True,False
76036|Maíz amarillo tecnificado,2024,330.0,55.0,55.0,2,2,True,False
76036|Maíz amarillo tecnificado,2025,360.0,60.0,60.0,2,2,True,False
76036|Maíz blanco tecnificado,2021,92.0,23.0,47.28,2,2,True,False
76036|Maíz blanco tecnificado,2022,307.3,51.0,51.0,2,2,True,False
76036|Maíz blanco tecnificado,2023,267.0,45.0,45.0,2,2,True,False
76036|Maíz blanco tecnificado,2024,273.2,46.0,46.0,2,2,True,False
76036|Maíz blanco tecnificado,2025,176.4,29.4,29.4,2,2,True,False
76036|Maíz tecnificado,2019,3187.5,425.0,450.0,2,2,True,False
76036|Maíz tecnificado,2020,580.0,80.0,96.4,2,2,True,False
76036|Maíz tradicional,2019,117.0,39.0,44.0,2,2,True,False
76036|Naranja Valencia,2020,40.0,80.07,107.07,1,0,False,False
76036|Naranja Valencia,2021,3041.84,380.23,380.23,1,0,False,False
76036|Naranja Valencia,2022,3712.3,371.23,381.23,1,0,False,False
76036|Naranja Valencia,2023,3712.3,371.23,382.23,1,0,False,False
76036|Naranja Valencia,2024,3822.3,382.23,382.23,1,0,False,False
76036|Naranja Valencia,2025,4013.42,382.23,382.23,1,0,False,False
76036|Otras hortalizas,2019,9.780000000000001,4.2,4.5,2,2,True,False
76036|Otras hortalizas,2020,3.12,2.9,4.0,2,2,True,False
76036|Otras hortalizas,2021,7.65,2.55,3.88,2,2,True,False
76036|Otras hortalizas,2022,7.7,4.5,4.5,2,2,True,False
76036|Otras hortalizas,2023,5.5,5.0,5.0,2,2,True,False
76036|Otras hortalizas,2024,6.109999999999999,5.3,5.5,2,2,True,False
76036|Otras hortalizas,2025,6.0,4.0,4.0,2,2,True,False
76036|Otros cítricos,2019,7280.0,260.0,260.0,1,0,False,False
76036|Otros cítricos,2020,6669.6,238.2,345.3,1,0,False,False
"76036|Papaya Hawaiana, Maradol, Melona, redonda y/o Tainung",2020,87.48,4.86,8.86,1,0,False,False
"76036|Papaya Hawaiana, Maradol, Melona, redonda y/o Tainung",2021,130.32,10.86,12.86,1,0,False,False
"76036|Papaya Hawaiana, Maradol, Melona, redonda y/o Tainung",2022,110.04,7.86,22.86,1,0,False,False
"76036|Papaya Hawaiana, Maradol, Melona, redonda y/o Tainung",2023,278.04,19.86,24.86,1,0,False,False
"76036|Papaya Hawaiana, Maradol, Melona, redonda y/o Tainung",2024,348.04,24.86,24.86,1,0,False,False
"76036|Papaya Hawaiana, Maradol, Melona, redonda y/o Tainung",2025,372.9,24.86,25.0,1,0,False,False
76036|Papaya demás variedades,2019,330.0,30.0,30.0,1,0,False,False
76036|Papaya demás variedades,2020,330.0,30.0,30.0,1,0,False,False
76036|Papaya demás variedades,2021,0.0,0.0,30.0,1,0,False,False
76036|Papaya demás variedades,2022,343.2,28.6,32.1,1,0,False,False
76036|Papaya demás variedades,2023,385.2,32.1,34.1,1,0,False,False
76036|Papaya demás variedades,2024,409.2,34.1,34.1,1,0,False,False
76036|Papaya demás variedades,2025,409.2,34.1,34.1,1,0,False,False
76036|Plátano consumo interno,2019,1680.0,140.0,155.0,1,0,False,False
76036|Plátano consumo interno,2020,451.06,64.24,149.84,1,0,False,False
76036|Plátano consumo interno,2021,822.52,134.84,134.84,1,0,False,False
76036|Plátano consumo interno,2022,1062.72,132.84,137.84,1,0,False,False
76036|Plátano consumo interno,2023,1204.56,133.84,148.84,1,0,False,False
76036|Plátano consumo interno,2024,1429.56,158.84,158.84,1,0,False,False
76036|Plátano consumo interno,2025,1588.4,158.84,160.0,1,0,False,False
76036|Tomate,2020,240.0,4.0,5.2,1,1,True,True
76036|Tomate,2021,52.25,2.09,4.1,1,1,True,True
76036|Tomate,2022,125.0,5.0,5.0,1,1,True,True
76036|Tomate,2023,150.0,2.5,2.5,1,1,True,True
76036|Tomate,2024,75.4,1.3,2.0,1,1,True,True
76036|Zapote,2019,120.0,10.0,10.0,1,0,False,False
76036|Zapote,2020,120.0,10.0,10.0,1,0,False,False
76036|Zapote,2021,70.0,10.0,10.0,1,0,False,False
76036|Zapote,2022,108.0,9.0,12.0,1,0,False,False
76036|Zapote,2023,117.0,9.0,12.5,1,0,False,False
76036|Zapote,2024,162.5,12.5,12.5,1,0,False,False
76036|Zapote,2025,156.0,12.0,12.0,1,0,False,False
76041|Aguacate Hass,2020,133.8,44.6,63.6,1,0,False,False
76041|Aguacate Hass,2021,190.8,63.6,108.6,1,0,False,False
76041|Aguacate Hass,2022,543.0,108.6,126.6,1,0,False,False
76041|Aguacate Hass,2023,651.6,108.6,158.6,1,0,False,False
76041|Aguacate Hass,2024,759.6,126.6,170.0,1,0,False,False
76041|Aguacate Hass,2025,1110.2,158.6,170.0,1,0,False,False
76041|Aguacate Papelillo,2020,10.2,3.4,3.4,1,0,False,False
76041|Aguacate Papelillo,2021,10.2,3.4,4.4,1,0,False,False
76041|Aguacate Papelillo,2022,21.65,4.4,108.8,1,0,False,False
76041|Aguacate Papelillo,2023,22.0,4.4,130.8,1,0,False,False
76041|Aguacate Papelillo,2024,544.0,108.8,130.8,1,0,False,False
76041|Aguacate Papelillo,2025,784.8,130.8,130.8,1,0,False,False
76041|Aguacate demás variedades,2019,681.0,227.0,257.0,1,0,False,False
76041|Aguacate demás variedades,2020,633.0,211.0,220.0,1,0,False,False
76041|Aguacate demás variedades,2021,516.0,172.0,222.0,1,0,False,False
76041|Aguacate demás variedades,2022,945.72,222.0,262.5,1,0,False,False
76041|Aguacate demás variedades,2023,1110.0,222.0,262.5,1,0,False,False
76041|Aguacate demás variedades,2024,1112.5,222.5,222.5,1,0,False,False
76041|Aguacate demás variedades,2025,1335.0,222.5,222.5,1,0,False,False
76041|Ahuyama,2019,40.0,4.0,4.0,1,1,True,True
76041|Ahuyama,2024,2.7,0.3,0.5,1,1,True,True
76041|Ahuyama,2025,9.0,1.0,1.0,1,1,True,True
76041|Arracacha,2020,7.0,1.0,1.0,1,1,True,True
76041|Arroz riego,2019,76.0,19.0,19.0,1,1,True,True
76041|Banano consumo interno,2019,543.0,54.3,54.3,1,0,False,False
76041|Banano consumo interno,2020,543.0,54.3,57.3,1,0,False,False
76041|Banano consumo interno,2021,570.14,57.3,62.3,1,0,False,False
76041|Banano consumo interno,2022,529.55,62.3,145.55,1,0,False,False
76041|Banano consumo interno,2023,1324.5,145.55,175.55,1,0,False,False
76041|Banano consumo interno,2024,1597.5,175.55,185.55,1,0,False,False
76041|Banano consumo interno,2025,1855.5,185.55,185.55,1,0,False,False
76041|Cacao,2019,9.9,28.3,30.3,1,0,False,False
76041|Cacao,2020,10.6,27.0,31.8,1,0,False,False
76041|Cacao,2021,15.9,31.8,36.8,1,0,False,False
76041|Cacao,2022,17.81,36.8,51.8,1,0,False,False
76041|Cacao,2023,18.4,36.8,55.8,1,0,False,False
76041|Cacao,2024,25.9,51.8,65.8,1,0,False,False
76041|Cacao,2025,33.48,55.8,71.8,1,0,False,False
76041|Café,2019,3683.0,2825.0,3639.0,1,0,False,False
76041|Café,2020,3541.0,2927.0,3659.0,1,0,False,False
76041|Café,2021,2477.64,3021.51,3685.15,1,0,False,False
76041|Café,2022,3338.92,3098.5,3737.23,1,0,False,False
76041|Café,2023,2901.43,3144.28,3783.2,1,0,False,False
76041|Café,2024,3501.21,3071.24,3807.62,1,0,False,False
76041|Café,2025,3547.6,3001.93,3951.98,1,0,False,False
76041|Caña de azúcar,2019,222450.0,1483.0,1483.0,1,0,False,False
76041|Caña de azúcar,2020,222450.0,1483.0,1625.0,1,0,False,False
76041|Caña de azúcar,2021,243750.0,1625.0,1775.0,1,0,False,False
76041|Caña de azúcar,2022,266250.0,1775.0,1775.0,1,0,False,False
76041|Caña de azúcar,2023,218325.0,1775.0,1775.0,1,0,False,False
76041|Caña de azúcar,2024,218325.0,1775.0,1775.0,1,0,False,False
76041|Caña de azúcar,2025,221875.0,1775.0,1775.0,1,0,False,False
76041|Caña panelera,2019,7700.0,77.0,77.0,1,0,False,False
76041|Caña panelera,2020,7700.0,77.0,97.0,1,0,False,False
76041|Caña panelera,2021,4850.0,97.0,127.0,1,0,False,False
76041|Caña panelera,2022,6350.0,127.0,134.0,1,0,False,False
76041|Caña panelera,2023,6700.0,134.0,134.0,1,0,False,False
76041|Caña panelera,2024,5200.0,104.0,104.0,1,0,False,False
76041|Caña panelera,2025,5720.0,104.0,104.0,1,0,False,False
76041|Frijol,2019,7.5,5.5,7.5,2,2,True,False
76041|Frijol,2020,8.8,6.0,6.5,2,2,True,False
76041|Frijol,2021,47.2,20.0,22.0,2,2,True,False
76041|Frijol,2022,40.0,20.0,20.0,2,2,True,False
76041|Frijol,2023,94.0,47.0,47.0,2,2,True,False
76041|Frijol,2024,65.0,35.0,36.0,2,2,True,False
76041|Frijol,2025,41.19,31.0,36.0,2,2,True,False
76041|Granadilla,2019,883.0,88.3,92.8,1,0,False,False
76041|Granadilla,2020,883.0,88.3,94.8,1,0,False,False
76041|Granadilla,2021,448.0,44.8,44.8,1,0,False,False
76041|Granadilla,2022,448.0,44.8,44.8,1,0,False,False
76041|Granadilla,2023,250.8,22.8,22.8,1,0,False,False
76041|Granadilla,2024,250.8,22.8,22.8,1,0,False,False
76041|Granadilla,2025,195.8,17.8,17.8,1,0,False,False
76041|Guanábana,2019,576.0,32.0,34.0,1,0,False,False
76041|Guanábana,2020,612.0,34.0,38.0,1,0,False,False
76041|Guanábana,2021,612.0,34.0,38.0,1,0,False,False
76041|Guanábana,2022,380.0,38.0,38.0,1,0,False,False
76041|Guanábana,2023,380.0,38.0,38.0,1,0,False,False
76041|Guanábana,2024,380.0,38.0,38.0,1,0,False,False
76041|Guanábana,2025,297.0,27.0,27.0,1,0,False,False
76041|Guayaba,2019,55.0,5.0,5.0,1,0,False,False
76041|Guayaba,2020,54.0,3.0,5.0,1,0,False,False
76041|Guayaba,2021,72.0,4.0,5.0,1,0,False,False
76041|Guayaba,2022,130.0,5.0,7.0,1,0,False,False
76041|Guayaba,2023,120.0,5.0,8.0,1,0,False,False
76041|Guayaba,2024,168.0,7.0,8.0,1,0,False,False
76041|Guayaba,2025,192.0,8.0,8.0,1,0,False,False
76041|Habichuela,2019,50.0,5.0,5.0,2,2,True,False
76041|Habichuela,2020,40.0,4.0,4.0,2,2,True,False
76041|Limón Tahití,2021,20.0,0.99,2.49,1,0,False,False
76041|Limón Tahití,2022,54.78,2.49,24.99,1,0,False,False
76041|Limón Tahití,2023,49.8,2.49,26.99,1,0,False,False
76041|Limón Tahití,2024,499.8,24.99,34.99,1,0,False,False
76041|Limón Tahití,2025,566.79,26.99,34.99,1,0,False,False
76041|Lulo,2019,34.2,3.8,3.8,1,0,False,False
76041|Lulo,2020,76.0,3.8,5.8,1,0,False,False
76041|Lulo,2021,76.0,3.8,5.8,1,0,False,False
76041|Lulo,2022,116.0,5.8,8.8,1,0,False,False
76041|Lulo,2023,167.2,8.8,10.8,1,0,False,False
76041|Lulo,2024,91.2,4.8,4.8,1,0,False,False
76041|Lulo,2025,91.2,4.8,4.8,1,0,False,False
76041|Mandarina Arrayana y/o Oneco,2021,56.04,2.8,2.8,1,0,False,False
76041|Mandarina Arrayana y/o Oneco,2022,56.0,2.8,7.45,1,0,False,False
76041|Mandarina Arrayana y/o Oneco,2023,53.2,2.8,7.45,1,0,False,False
76041|Mandarina Arrayana y/o Oneco,2024,122.55,6.45,6.45,1,0,False,False
76041|Mandarina Arrayana y/o Oneco,2025,129.0,6.45,6.45,1,0,False,False
76041|Mango demás variedades,2019,108.0,12.0,12.0,1,0,False,False
76041|Mango demás variedades,2020,81.0,9.0,9.0,1,0,False,False
76041|Mango demás variedades,2021,81.0,9.0,9.0,1,0,False,False
76041|Mango demás variedades,2022,90.0,9.0,11.0,1,0,False,False
76041|Mango demás variedades,2023,81.0,9.0,13.0,1,0,False,False
76041|Mango demás variedades,2024,99.0,11.0,13.0,1,0,False,False
76041|Mango demás variedades,2025,143.0,13.0,13.0,1,0,False,False
76041|Maracuyá,2020,50.0,2.5,2.5,1,0,False,False
76041|Maracuyá,2021,50.0,2.5,7.5,1,0,False,False
76041|Maracuyá,2022,150.0,7.5,7.5,1,0,False,False
76041|Maracuyá,2023,157.5,7.5,7.5,1,0,False,False
76041|Maracuyá,2024,157.5,7.5,8.5,1,0,False,False
76041|Maracuyá,2025,147.0,7.0,7.0,1,0,False,False
76041|Maíz amarillo tecnificado,2021,320.0,50.0,57.0,2,2,True,False
76041|Maíz amarillo tecnificado,2022,100.0,25.0,23.0,2,2,True,False
76041|Maíz amarillo tecnificado,2023,84.0,21.0,13.0,2,2,True,False
76041|Maíz amarillo tecnificado,2024,88.0,22.0,19.0,2,2,True,False
76041|Maíz amarillo tecnificado,2025,70.0,17.5,17.5,2,2,True,False
76041|Maíz blanco tecnificado,2021,632.0,90.0,95.0,2,2,True,False
76041|Maíz blanco tecnificado,2022,176.0,44.0,37.0,2,2,True,False
76041|Maíz blanco tecnificado,2023,140.0,35.0,33.0,2,2,True,False
76041|Maíz blanco tecnificado,2024,156.0,39.0,34.0,2,2,True,False
76041|Maíz blanco tecnificado,2025,80.0,20.0,20.0,2,2,True,False
76041|Maíz tecnificado,2019,1195.0,162.0,162.0,2,2,True,False
76041|Maíz tecnificado,2020,1100.0,150.0,155.5,2,2,True,False
76041|Maíz tradicional,2019,9.0,4.5,4.5,2,2,True,False
76041|Maíz tradicional,2020,28.0,14.0,14.0,2,2,True,False
76041|Mora,2019,3.0,1.5,1.5,1,0,False,False
76041|Mora,2020,12.0,1.5,1.5,1,0,False,False
76041|Mora,2021,12.0,1.5,1.5,1,0,False,False
76041|Mora,2022,12.0,1.5,1.5,1,0,False,False
76041|Mora,2023,11.25,1.5,1.5,1,0,False,False
76041|Mora,2024,11.25,1.5,1.5,1,0,False,False
76041|Mora,2025,12.0,1.5,2.0,1,0,False,False
76041|Naranja Valencia,2021,374.23,18.71,18.71,1,0,False,False
76041|Naranja Valencia,2022,336.78,18.71,23.71,1,0,False,False
76041|Naranja Valencia,2023,327.42,18.71,23.71,1,0,False,False
76041|Naranja Valencia,2024,379.92,21.71,21.71,1,0,False,False
76041|Naranja Valencia,2025,390.78,21.71,21.71,1,0,False,False
76041|Otros cítricos,2019,680.0,17.0,18.0,1,0,False,False
76041|Otros cítricos,2020,680.0,17.0,22.5,1,0,False,False
76041|Pepino cohombro,2019,150.0,5.0,5.0,2,2,True,False
76041|Pepino cohombro,2020,60.0,2.0,2.0,2,2,True,False
76041|Pimentón,2019,124.0,8.0,8.0,2,2,True,False
76041|Pimentón,2020,94.0,6.0,6.0,2,2,True,False
76041|Pimentón,2024,102.0,6.0,6.0,2,2,True,False
76041|Pimentón,2025,360.0,20.0,20.0,2,2,True,False
76041|Pitahaya,2019,84.0,10.5,10.5,1,0,False,False
76041|Pitahaya,2020,84.0,10.5,14.0,1,0,False,False
76041|Pitahaya,2021,56.0,7.0,7.0,1,0,False,False
76041|Pitahaya,2022,59.5,7.0,9.0,1,0,False,False
76041|Pitahaya,2023,171.0,9.0,9.0,1,0,False,False
76041|Pitahaya,2024,171.0,9.0,10.0,1,0,False,False
76041|Pitahaya,2025,95.0,5.0,5.0,1,0,False,False
76041|Piña demás variedades,2019,90.0,1.5,1.5,1,0,False,False
76041|Piña demás variedades,2020,137.5,2.5,2.5,1,0,False,False
76041|Piña demás variedades,2021,90.0,4.5,4.5,1,0,False,False
76041|Piña demás variedades,2022,50.0,2.5,2.5,1,0,False,False
76041|Piña demás variedades,2023,45.0,2.5,2.5,1,0,False,False
76041|Piña demás variedades,2025,0.0,0.0,0.5,1,0,False,False
76041|Plátano consumo interno,2019,7086.3,521.9,526.9,1,0,False,False
76041|Plátano consumo interno,2020,7306.6,521.9,546.9,1,0,False,False
76041|Plátano consumo interno,2021,8006.6,571.9,571.9,1,0,False,False
76041|Plátano consumo interno,2022,8006.6,571.9,1164.7,1,0,False,False
76041|Plátano consumo interno,2023,16305.8,1164.7,1196.7,1,0,False,False
76041|Plátano consumo interno,2024,16753.8,1196.7,1206.7,1,0,False,False
76041|Plátano consumo interno,2025,17497.15,1206.7,1226.7,1,0,False,False
76041|Soya,2019,140.0,40.0,40.0,1,1,True,True
76041|Tomate,2019,525.0,19.0,19.0,2,2,True,False
76041|Tomate,2020,990.0,36.0,38.0,2,2,True,False
76041|Tomate,2021,615.0,23.0,30.0,2,2,True,False
76041|Tomate,2022,800.0,32.0,35.0,2,2,True,False
76041|Tomate,2023,422.0,32.0,32.0,2,2,True,False
76041|Tomate,2024,325.0,13.0,19.0,2,2,True,False
76041|Tomate,2025,375.0,15.0,17.0,2,2,True,False
76054|Aguacate Hass,2020,569.6,71.2,105.2,1,0,False,False
76054|Aguacate Hass,2021,998.4,83.2,130.2,1,0,False,False
76054|Aguacate Hass,2022,4238.4,353.2,396.2,1,0,False,False
76054|Aguacate Hass,2023,4238.4,353.2,413.2,1,0,False,False
76054|Aguacate Hass,2024,4730.4,394.2,426.2,1,0,False,False
76054|Aguacate Hass,2025,5345.6,411.2,426.2,1,0,False,False
76054|Aguacate Papelillo,2020,57.6,4.8,24.8,1,0,False,False
76054|Aguacate Papelillo,2021,150.4,18.8,28.8,1,0,False,False
76054|Aguacate Papelillo,2022,148.8,24.8,36.8,1,0,False,False
76054|Aguacate Papelillo,2023,88.8,14.8,30.8,1,0,False,False
76054|Aguacate Papelillo,2024,228.0,22.8,28.8,1,0,False,False
76054|Aguacate Papelillo,2025,321.6,26.8,32.8,1,0,False,False
76054|Aguacate demás variedades,2019,2640.0,264.0,282.0,1,0,False,False
76054|Aguacate demás variedades,2020,2732.8,195.2,212.2,1,0,False,False
76054|Aguacate demás variedades,2021,1205.4,172.2,213.2,1,0,False,False
76054|Aguacate demás variedades,2022,1464.4,209.2,220.2,1,0,False,False
76054|Aguacate demás variedades,2023,1443.4,206.2,217.2,1,0,False,False
76054|Aguacate demás variedades,2024,1697.6,212.2,227.2,1,0,False,False
76054|Aguacate demás variedades,2025,2152.0,215.2,239.2,1,0,False,False
76054|Ají,2023,1.0,0.5,0.5,2,2,True,False
76054|Ají,2024,10.0,0.5,3.0,1,1,True,True
76054|Banano consumo interno,2019,2385.0,159.0,179.0,1,0,False,False
76054|Banano consumo interno,2020,2355.0,157.0,202.0,1,0,False,False
76054|Banano consumo interno,2021,2280.0,190.0,216.0,1,0,False,False
76054|Banano consumo interno,2022,2592.0,216.0,248.0,1,0,False,False
76054|Banano consumo interno,2023,3224.0,248.0,270.0,1,0,False,False
76054|Banano consumo interno,2024,4224.0,264.0,288.0,1,0,False,False
76054|Banano consumo interno,2025,4896.0,288.0,328.0,1,0,False,False
76054|Berenjena,2020,2.5,0.1,0.1,1,1,True,True
76054|Cacao,2019,4.8,12.0,12.0,1,0,False,False
76054|Cacao,2020,6.0,12.0,12.5,1,0,False,False
76054|Cacao,2021,12.5,12.5,12.5,1,0,False,False
76054|Cacao,2022,12.5,12.5,12.5,1,0,False,False
76054|Cacao,2023,12.5,12.5,12.5,1,0,False,False
76054|Cacao,2024,5.5,5.5,5.5,1,0,False,False
76054|Cacao,2025,5.5,5.5,8.5,1,0,False,False
76054|Café,2019,1599.0,1219.0,1550.0,1,0,False,False
76054|Café,2020,1514.0,1249.0,1551.0,1,0,False,False
76054|Café,2021,1431.34,1313.16,1548.55,1,0,False,False
76054|Café,2022,1162.72,1382.94,1566.25,1,0,False,False
76054|Café,2023,1446.32,1371.25,1555.54,1,0,False,False
76054|Café,2024,1735.59,1335.07,1558.15,1,0,False,False
76054|Café,2025,1720.24,1321.28,1561.97,1,0,False,False
76054|Caña panelera,2019,1824.0,48.0,63.0,1,0,False,False
76054|Caña panelera,2020,1710.0,45.0,62.0,1,0,False,False
76054|Caña panelera,2021,1862.0,49.0,63.0,1,0,False,False
76054|Caña panelera,2022,2394.0,63.0,64.5,1,0,False,False
76054|Caña panelera,2023,2451.0,64.5,65.5,1,0,False,False
76054|Caña panelera,2024,2109.0,55.5,65.5,1,0,False,False
76054|Caña panelera,2025,2882.0,65.5,67.0,1,0,False,False
76054|Cebolla de rama,2020,5.2,0.5,0.5,2,2,True,False
76054|Cebolla de rama,2021,12.0,1.2,1.2,2,2,True,False
76054|Cebolla de rama,2022,7.5,0.8,0.8,2,2,True,False
76054|Cebolla de rama,2023,3.5999999999999996,0.6000000000000001,0.6000000000000001,2,2,True,False
76054|Cebolla de rama,2024,3.0,0.5,0.5,2,2,True,False
76054|Cebolla de rama,2025,4.36,0.7,0.7,2,2,True,False
76054|Frijol,2019,42.1,29.0,29.0,2,2,True,False
76054|Frijol,2020,46.8,32.0,32.0,2,2,True,False
76054|Frijol,2021,47.400000000000006,41.0,41.0,2,2,True,False
76054|Frijol,2022,24.2,22.0,20.0,2,2,True,False
76054|Frijol,2023,14.3,11.5,11.0,2,2,True,False
76054|Frijol,2024,15.0,11.0,11.0,2,2,True,False
76054|Frijol,2025,10.07,12.0,12.0,2,2,True,False
76054|Granadilla,2023,0.0,0.0,4.0,1,0,False,False
76054|Granadilla,2024,33.0,3.0,5.0,1,0,False,False
76054|Granadilla,2025,55.0,5.0,5.0,1,0,False,False
76054|Limón Mandarino,2023,0.0,0.0,0.5,1,0,False,False
76054|Limón Mandarino,2024,0.5,0.5,2.5,1,0,False,False
76054|Limón Mandarino,2025,0.65,0.5,3.5,1,0,False,False
76054|Limón Tahití,2021,3.38,0.24,0.74,1,0,False,False
76054|Limón Tahití,2022,10.36,0.74,1.74,1,0,False,False
76054|Limón Tahití,2023,10.36,0.74,4.24,1,0,False,False
76054|Limón Tahití,2024,6.72,2.24,4.74,1,0,False,False
76054|Limón Tahití,2025,16.96,4.24,5.24,1,0,False,False
76054|Lulo,2019,80.0,8.0,10.5,1,0,False,False
76054|Lulo,2020,65.0,6.5,13.5,1,0,False,False
76054|Lulo,2021,31.5,4.5,11.5,1,0,False,False
76054|Lulo,2022,21.0,3.0,7.0,1,0,False,False
76054|Lulo,2023,21.0,3.0,4.0,1,0,False,False
76054|Lulo,2024,15.0,1.5,2.0,1,0,False,False
76054|Lulo,2025,18.0,1.5,4.0,1,0,False,False
76054|Mandarina Arrayana y/o Oneco,2021,6.85,0.68,1.18,1,0,False,False
76054|Mandarina Arrayana y/o Oneco,2022,11.8,1.18,1.28,1,0,False,False
76054|Mandarina Arrayana y/o Oneco,2023,11.8,1.18,1.28,1,0,False,False
76054|Mandarina Arrayana y/o Oneco,2024,3.84,1.28,1.28,1,0,False,False
76054|Mandarina Arrayana y/o Oneco,2025,5.12,1.28,1.78,1,0,False,False
76054|Maíz amarillo tecnificado,2021,38.0,8.0,8.0,2,2,True,False
76054|Maíz amarillo tecnificado,2022,5.75,1.5,1.5,2,2,True,False
76054|Maíz amarillo tecnificado,2023,5.0,1.0,1.0,1,1,True,True
76054|Maíz amarillo tecnificado,2024,35.0,7.0,7.0,2,2,True,False
76054|Maíz amarillo tecnificado,2025,15.0,3.0,3.0,2,2,True,False
76054|Maíz amarillo tradicional,2021,34.400000000000006,20.0,20.0,2,2,True,False
76054|Maíz amarillo tradicional,2022,7.7,5.0,9.0,2,2,True,False
76054|Maíz amarillo tradicional,2023,18.0,10.0,8.0,2,2,True,False
76054|Maíz amarillo tradicional,2024,16.0,8.0,11.0,2,2,True,False
76054|Maíz amarillo tradicional,2025,22.0,11.0,7.0,2,2,True,False
76054|Maíz tecnificado,2020,18.0,4.5,4.5,2,2,True,False
76054|Maíz tradicional,2019,29.400000000000002,18.0,18.0,2,2,True,False
76054|Maíz tradicional,2020,38.7,24.0,24.0,2,2,True,False
76054|Naranja Valencia,2021,71.04,5.07,5.07,1,0,False,False
76054|Naranja Valencia,2022,42.98,3.07,3.17,1,0,False,False
76054|Naranja Valencia,2023,28.98,2.07,2.17,1,0,False,False
76054|Naranja Valencia,2024,6.51,2.17,2.42,1,0,False,False
76054|Naranja Valencia,2025,9.76,2.17,2.42,1,0,False,False
76054|Otros cítricos,2019,40.0,5.0,5.0,1,0,False,False
76054|Otros cítricos,2020,40.0,5.0,5.5,1,0,False,False
76054|Pimentón,2020,6.4,0.5,0.5,2,2,True,False
76054|Pimentón,2021,8.1,0.6,0.6,2,2,True,False
76054|Pimentón,2022,12.0,0.6000000000000001,0.5,2,2,True,False
76054|Pimentón,2023,1.6,0.30000000000000004,0.3,2,2,True,False
76054|Plátano consumo interno,2019,11004.0,917.0,949.0,1,0,False,False
76054|Plátano consumo interno,2020,11004.0,912.0,974.0,1,0,False,False
76054|Plátano consumo interno,2021,11592.0,966.0,981.0,1,0,False,False
76054|Plátano consumo interno,2022,9780.0,978.0,993.0,1,0,False,False
76054|Plátano consumo interno,2023,9930.0,993.0,1002.0,1,0,False,False
76054|Plátano consumo interno,2024,10010.0,1001.0,1013.0,1,0,False,False
76054|Plátano consumo interno,2025,12156.0,1013.0,1027.0,1,0,False,False
76054|Tomate,2019,336.0,24.0,24.0,2,2,True,False
76054|Tomate,2020,561.0,24.0,24.0,2,2,True,False
76054|Tomate,2021,397.5,16.5,16.5,2,2,True,False
76054|Tomate,2022,252.0,12.5,10.5,2,2,True,False
76054|Tomate,2023,148.0,8.0,8.0,2,2,True,False
76054|Tomate,2024,127.5,5.8,8.8,2,2,True,False
76054|Tomate,2025,400.0,16.0,13.0,2,2,True,False
76054|Yuca consumo en fresco,2023,0.0,0.0,4.0,1,1,True,True
76054|Yuca consumo en fresco,2024,88.0,11.0,10.0,2,2,True,False
76054|Yuca consumo en fresco,2025,64.0,8.0,9.5,2,2,True,False
76100|Aguacate Hass,2020,8232.0,1029.0,4249.0,1,0,False,False
76100|Aguacate Hass,2021,17192.0,2149.0,4249.0,1,0,False,False
76100|Aguacate Hass,2022,33848.0,4231.0,4329.0,1,0,False,False
76100|Aguacate Hass,2023,32248.0,4031.0,4189.0,1,0,False,False
76100|Aguacate Hass,2024,33512.0,4189.0,4189.0,1,0,False,False
76100|Aguacate Hass,2025,33224.0,4153.0,4223.0,1,0,False,False
76100|Aguacate demás variedades,2019,595.0,119.0,2219.0,1,0,False,False
76100|Ahuyama,2019,1560.0,60.0,60.0,2,2,True,False
76100|Ahuyama,2020,1714.0,64.0,66.0,2,2,True,False
76100|Ahuyama,2021,1575.0,63.0,67.0,2,2,True,False
76100|Ahuyama,2022,1125.0,45.0,77.0,2,2,True,False
76100|Ahuyama,2023,2100.0,84.0,87.0,2,2,True,False
76100|Ahuyama,2024,2125.0,85.0,50.0,2,2,True,False
76100|Ahuyama,2025,2375.0,95.0,90.0,2,2,True,False
76100|Ají,2019,532.0,19.0,19.0,1,1,True,True
76100|Ají,2020,532.0,19.0,19.0,2,2,True,False
76100|Ají,2021,756.0,27.0,35.0,2,2,True,False
76100|Ají,2022,896.0,32.0,39.0,2,2,True,False
76100|Ají,2023,812.0,29.0,30.0,2,2,True,False
76100|Ají,2024,784.0,28.0,36.0,2,2,True,False
76100|Ají,2025,1008.0,36.0,36.0,2,2,True,False
76100|Arracacha,2019,1023.0,93.0,95.0,2,2,True,False
76100|Arracacha,2020,1045.0,95.0,95.0,2,2,True,False
76100|Arracacha,2021,1826.0,166.0,166.0,2,2,True,False
76100|Arracacha,2022,1793.0,163.0,175.0,2,2,True,False
76100|Arracacha,2023,1925.0,175.0,190.0,2,2,True,False
76100|Arracacha,2024,1870.0,170.0,135.0,2,2,True,False
76100|Arracacha,2025,660.0,60.0,150.0,2,2,True,False
76100|Arveja,2019,64.0,32.0,33.0,2,2,True,False
76100|Arveja,2020,32.71,35.0,36.0,2,2,True,False
76100|Arveja,2021,26.17,28.0,30.0,2,2,True,False
76100|Arveja,2022,25.240000000000002,27.0,32.0,2,2,True,False
76100|Arveja,2023,29.91,32.0,33.0,2,2,True,False
76100|Arveja,2024,27.1,29.0,32.0,2,2,True,False
76100|Arveja,2025,32.71,35.0,32.0,2,2,True,False
76100|Banano consumo interno,2019,3519.0,207.0,287.0,1,0,False,False
76100|Banano consumo interno,2020,5083.0,299.0,519.0,1,0,False,False
76100|Banano consumo interno,2021,8483.0,499.0,579.0,1,0,False,False
76100|Banano consumo interno,2022,9554.0,562.0,602.0,1,0,False,False
76100|Banano consumo interno,2023,9384.0,552.0,682.0,1,0,False,False
76100|Banano consumo interno,2024,9214.0,542.0,702.0,1,0,False,False
76100|Banano consumo interno,2025,11424.0,672.0,752.0,1,0,False,False
76100|Cacao,2019,128.1,183.0,223.0,1,0,False,False
76100|Cacao,2020,49.0,70.0,199.0,1,0,False,False
76100|Cacao,2021,53.4,89.0,199.0,1,0,False,False
76100|Cacao,2022,199.0,199.0,201.0,1,0,False,False
76100|Cacao,2023,193.0,193.0,199.0,1,0,False,False
76100|Cacao,2024,187.0,187.0,199.0,1,0,False,False
76100|Cacao,2025,186.0,186.0,203.0,1,0,False,False
76100|Café,2019,1307.0,1307.0,1347.0,1,0,False,False
76100|Café,2020,1290.0,1077.0,1281.0,1,0,False,False
76100|Café,2021,999.42,1098.26,1288.7,1,0,False,False
76100|Café,2022,963.96,1109.99,1297.56,1,0,False,False
76100|Café,2023,864.16,1072.44,1255.7,1,0,False,False
76100|Café,2024,1055.74,1055.74,1269.18,1,0,False,False
76100|Café,2025,819.0,817.77,1009.46,1,0,False,False
76100|Caña de azúcar,2019,71520.0,596.0,636.0,1,0,False,False
76100|Caña de azúcar,2020,75120.0,626.0,646.0,1,0,False,False
76100|Caña de azúcar,2021,71520.0,596.0,601.0,1,0,False,False
76100|Caña de azúcar,2022,64920.0,541.0,576.0,1,0,False,False
76100|Caña de azúcar,2023,61920.0,516.0,566.0,1,0,False,False
76100|Caña de azúcar,2024,48000.0,400.0,566.0,1,0,False,False
76100|Caña de azúcar,2025,63720.0,531.0,596.0,1,0,False,False
76100|Caña panelera,2019,14464.0,226.0,238.0,1,0,False,False
76100|Caña panelera,2020,13696.0,214.0,222.0,1,0,False,False
76100|Caña panelera,2021,10368.0,162.0,167.0,1,0,False,False
76100|Caña panelera,2022,10368.0,162.0,167.0,1,0,False,False
76100|Caña panelera,2023,10368.0,162.0,172.0,1,0,False,False
76100|Caña panelera,2024,11008.0,172.0,172.0,1,0,False,False
76100|Caña panelera,2025,10560.0,165.0,175.0,1,0,False,False
76100|Cebolla de bulbo,2021,56.0,11.0,11.0,1,1,True,True
76100|Chontaduro,2019,32.0,4.0,4.0,1,0,False,False
76100|Chontaduro,2020,32.0,4.0,4.0,1,0,False,False
76100|Chontaduro,2021,32.0,4.0,4.0,1,0,False,False
76100|Chontaduro,2022,32.0,4.0,4.0,1,0,False,False
76100|Chontaduro,2023,32.0,4.0,4.0,1,0,False,False
76100|Chontaduro,2024,32.0,4.0,4.0,1,0,False,False
76100|Chontaduro,2025,32.0,4.0,4.0,1,0,False,False
76100|Durazno o albaricoque,2019,36.0,2.0,2.0,1,0,False,False
76100|Durazno o albaricoque,2020,36.0,2.0,2.0,1,0,False,False
76100|Durazno o albaricoque,2021,36.0,2.0,2.0,1,0,False,False
76100|Durazno o albaricoque,2022,36.0,2.0,2.0,1,0,False,False
76100|Durazno o albaricoque,2023,36.0,2.0,2.0,1,0,False,False
76100|Durazno o albaricoque,2024,36.0,2.0,2.0,1,0,False,False
76100|Durazno o albaricoque,2025,18.0,1.0,1.0,1,0,False,False
76100|Frijol,2019,147.0,147.0,151.0,2,2,True,False
76100|Frijol,2020,153.0,151.0,155.0,2,2,True,False
76100|Frijol,2021,127.0,127.0,132.0,2,2,True,False
76100|Frijol,2022,122.0,122.0,132.0,2,2,True,False
76100|Frijol,2023,126.0,126.0,126.0,2,2,True,False
76100|Frijol,2024,66.0,66.0,94.0,2,2,True,False
76100|Frijol,2025,118.0,118.0,98.0,2,2,True,False
76100|Granadilla,2019,180.0,15.0,19.0,1,0,False,False
76100|Granadilla,2020,156.0,13.0,18.0,1,0,False,False
76100|Granadilla,2021,192.0,16.0,16.0,1,0,False,False
76100|Granadilla,2022,144.0,12.0,14.0,1,0,False,False
76100|Granadilla,2023,96.0,8.0,14.0,1,0,False,False
76100|Granadilla,2024,132.0,11.0,14.0,1,0,False,False
76100|Granadilla,2025,144.0,12.0,15.0,1,0,False,False
76100|Guanábana,2019,140.0,14.0,14.0,1,0,False,False
76100|Guanábana,2020,140.0,14.0,14.0,1,0,False,False
76100|Guanábana,2021,95.04,8.0,8.0,1,0,False,False
76100|Guanábana,2022,72.0,6.0,6.0,1,0,False,False
76100|Guanábana,2023,72.0,6.0,6.0,1,0,False,False
76100|Guanábana,2024,72.0,6.0,6.0,1,0,False,False
76100|Guanábana,2025,72.0,6.0,6.0,1,0,False,False
76100|Guayaba,2019,1200.0,120.0,120.0,1,0,False,False
76100|Guayaba,2020,1200.0,120.0,120.0,1,0,False,False
76100|Guayaba,2021,200.0,20.0,20.0,1,0,False,False
76100|Guayaba,2022,200.0,20.0,20.0,1,0,False,False
76100|Guayaba,2023,160.0,16.0,16.0,1,0,False,False
76100|Guayaba,2024,160.0,16.0,16.0,1,0,False,False
76100|Guayaba,2025,160.0,16.0,16.0,1,0,False,False
76100|Habichuela,2019,265.0,53.0,53.0,2,2,True,False
76100|Habichuela,2020,315.0,63.0,65.0,2,2,True,False
76100|Habichuela,2021,270.0,54.0,57.0,2,2,True,False
76100|Habichuela,2022,215.0,43.0,48.0,2,2,True,False
76100|Habichuela,2023,190.0,38.0,40.0,2,2,True,False
76100|Habichuela,2024,235.0,47.0,47.0,2,2,True,False
76100|Habichuela,2025,350.0,70.0,70.0,2,2,True,False
76100|Limón Tahití,2021,83.12,4.16,69.16,1,0,False,False
76100|Limón Tahití,2022,1263.2,63.16,68.16,1,0,False,False
76100|Limón Tahití,2023,963.2,48.16,58.16,1,0,False,False
76100|Limón Tahití,2024,783.2,39.16,46.16,1,0,False,False
76100|Limón Tahití,2025,743.2,37.16,46.16,1,0,False,False
76100|Lulo,2019,2800.0,280.0,305.0,1,0,False,False
76100|Lulo,2020,2750.0,275.0,360.0,1,0,False,False
76100|Lulo,2021,3070.0,307.0,347.0,1,0,False,False
76100|Lulo,2022,3040.0,304.0,354.0,1,0,False,False
76100|Lulo,2023,3160.0,316.0,356.0,1,0,False,False
76100|Lulo,2024,3210.0,321.0,336.0,1,0,False,False
76100|Lulo,2025,2910.0,291.0,306.0,1,0,False,False
76100|Mango demás variedades,2019,20.0,4.0,4.0,1,0,False,False
76100|Mango demás variedades,2020,20.0,4.0,4.0,1,0,False,False
76100|Mango demás variedades,2021,20.0,4.0,4.0,1,0,False,False
76100|Mango demás variedades,2022,20.0,4.0,4.0,1,0,False,False
76100|Mango demás variedades,2023,20.0,4.0,4.0,1,0,False,False
76100|Mango demás variedades,2024,20.0,4.0,4.0,1,0,False,False
76100|Mango demás variedades,2025,20.0,4.0,4.0,1,0,False,False
76100|Maracuyá,2019,504.0,36.0,52.0,1,0,False,False
76100|Maracuyá,2020,462.0,33.0,79.0,1,0,False,False
76100|Maracuyá,2021,1110.0,74.0,84.0,1,0,False,False
76100|Maracuyá,2022,1005.0,67.0,73.0,1,0,False,False
76100|Maracuyá,2023,735.0,49.0,59.0,1,0,False,False
76100|Maracuyá,2024,810.0,54.0,61.0,1,0,False,False
76100|Maracuyá,2025,660.0,44.0,54.0,1,0,False,False
76100|Maíz amarillo tecnificado,2021,182.0,26.0,26.0,2,2,True,False
76100|Maíz amarillo tecnificado,2022,203.0,29.0,36.0,2,2,True,False
76100|Maíz amarillo tecnificado,2023,231.0,33.0,31.0,2,2,True,False
76100|Maíz amarillo tecnificado,2024,231.0,33.0,33.0,2,2,True,False
76100|Maíz amarillo tecnificado,2025,336.0,48.0,49.0,2,2,True,False
76100|Maíz amarillo tradicional,2021,330.0,165.0,165.0,2,2,True,False
76100|Maíz amarillo tradicional,2022,326.0,163.0,177.0,2,2,True,False
76100|Maíz amarillo tradicional,2023,354.0,177.0,185.0,2,2,True,False
76100|Maíz amarillo tradicional,2024,342.0,171.0,141.0,2,2,True,False
76100|Maíz amarillo tradicional,2025,290.0,145.0,145.0,2,2,True,False
76100|Maíz blanco tecnificado,2021,154.0,22.0,22.0,2,2,True,False
76100|Maíz blanco tecnificado,2022,126.0,18.0,20.0,2,2,True,False
76100|Maíz blanco tecnificado,2023,140.0,20.0,18.0,2,2,True,False
76100|Maíz blanco tecnificado,2024,112.0,16.0,16.0,2,2,True,False
76100|Maíz blanco tecnificado,2025,140.0,20.0,18.0,2,2,True,False
76100|Maíz blanco tradicional,2021,70.0,35.0,35.0,2,2,True,False
76100|Maíz blanco tradicional,2022,58.0,29.0,28.0,2,2,True,False
76100|Maíz blanco tradicional,2023,62.0,31.0,31.0,2,2,True,False
76100|Maíz blanco tradicional,2024,46.0,23.0,20.0,2,2,True,False
76100|Maíz blanco tradicional,2025,60.0,30.0,30.0,2,2,True,False
76100|Maíz tecnificado,2019,532.0,76.0,76.0,2,2,True,False
76100|Maíz tecnificado,2020,420.0,60.0,60.0,2,2,True,False
76100|Maíz tradicional,2019,384.0,192.0,198.0,2,2,True,False
76100|Maíz tradicional,2020,370.0,185.0,190.0,2,2,True,False
76100|Melón,2019,2184.0,52.0,52.0,2,2,True,False
76100|Melón,2020,1848.0,44.0,46.0,2,2,True,False
76100|Melón,2021,3149.0,75.0,75.0,2,2,True,False
76100|Melón,2022,2310.0,55.0,65.0,2,2,True,False
76100|Melón,2023,1680.0,40.0,46.0,2,2,True,False
76100|Melón,2024,1848.0,44.0,44.0,2,2,True,False
76100|Melón,2025,1680.0,40.0,40.0,2,2,True,False
76100|Mora,2019,75.0,15.0,15.0,1,0,False,False
76100|Mora,2020,75.0,15.0,15.0,1,0,False,False
76100|Mora,2021,54.01,11.0,11.0,1,0,False,False
76100|Mora,2022,50.0,10.0,10.0,1,0,False,False
76100|Mora,2023,40.0,8.0,10.0,1,0,False,False
76100|Mora,2024,40.0,8.0,11.0,1,0,False,False
76100|Mora,2025,55.0,11.0,11.0,1,0,False,False
76100|Otros cítricos,2019,560.0,28.0,73.0,1,0,False,False
76100|Otros cítricos,2020,940.0,47.0,72.0,1,0,False,False
76100|Papaya demás variedades,2019,900.0,45.0,62.0,1,0,False,False
76100|Papaya demás variedades,2020,860.0,43.0,90.0,1,0,False,False
76100|Papaya demás variedades,2021,540.0,20.0,40.0,1,0,False,False
76100|Papaya demás variedades,2022,513.0,19.0,24.0,1,0,False,False
76100|Papaya demás variedades,2023,108.0,4.0,19.0,1,0,False,False
76100|Papaya demás variedades,2024,297.0,11.0,13.0,1,0,False,False
76100|Papaya demás variedades,2025,81.0,3.0,9.0,1,0,False,False
76100|Patilla,2020,150.0,5.0,5.0,2,2,True,False
76100|Patilla,2021,640.0,32.0,32.0,2,2,True,False
76100|Patilla,2022,400.0,20.0,27.0,2,2,True,False
76100|Patilla,2023,500.0,25.0,26.0,2,2,True,False
76100|Patilla,2024,480.0,24.0,24.0,2,2,True,False
76100|Patilla,2025,480.0,24.0,24.0,2,2,True,False
76100|Pepino cohombro,2019,480.0,30.0,33.0,2,2,True,False
76100|Pepino cohombro,2020,512.0,32.0,32.0,2,2,True,False
76100|Pepino cohombro,2021,496.0,31.0,34.0,2,2,True,False
76100|Pepino cohombro,2022,416.0,26.0,31.0,2,2,True,False
76100|Pepino cohombro,2023,480.0,30.0,31.0,2,2,True,False
76100|Pepino cohombro,2024,480.0,30.0,30.0,2,2,True,False
76100|Pepino cohombro,2025,480.0,30.0,30.0,2,2,True,False
76100|Pimentón,2019,3294.0,152.0,152.0,2,2,True,False
76100|Pimentón,2020,3480.0,174.0,174.0,2,2,True,False
76100|Pimentón,2021,3780.0,180.0,180.0,2,2,True,False
76100|Pimentón,2022,3520.0,160.0,164.0,2,2,True,False
76100|Pimentón,2023,2860.0,130.0,135.0,2,2,True,False
76100|Pimentón,2024,2552.0,116.0,126.0,2,2,True,False
76100|Pimentón,2025,2420.0,110.0,116.0,2,2,True,False
76100|Pitahaya,2019,55.0,11.0,13.0,1,0,False,False
76100|Pitahaya,2020,55.0,11.0,16.0,1,0,False,False
76100|Pitahaya,2021,60.0,12.0,13.0,1,0,False,False
76100|Pitahaya,2022,60.0,12.0,14.0,1,0,False,False
76100|Pitahaya,2023,60.0,12.0,15.0,1,0,False,False
76100|Pitahaya,2024,65.0,13.0,21.0,1,0,False,False
76100|Pitahaya,2025,65.0,13.0,21.0,1,0,False,False
76100|Piña demás variedades,2019,16.0,2.0,4.0,1,0,False,False
76100|Piña demás variedades,2020,16.0,2.0,4.0,1,0,False,False
76100|Piña demás variedades,2021,160.0,2.0,4.0,1,0,False,False
76100|Piña demás variedades,2022,160.0,2.0,5.0,1,0,False,False
76100|Piña demás variedades,2023,160.0,2.0,2.0,1,0,False,False
76100|Piña demás variedades,2024,160.0,2.0,2.0,1,0,False,False
76100|Piña demás variedades,2025,160.0,2.0,3.0,1,0,False,False
76100|Plátano consumo interno,2019,5174.0,398.0,438.0,1,0,False,False
76100|Plátano consumo interno,2020,5109.0,393.0,463.0,1,0,False,False
76100|Plátano consumo interno,2021,6058.0,466.0,506.0,1,0,False,False
76100|Plátano consumo interno,2022,6578.0,506.0,514.0,1,0,False,False
76100|Plátano consumo interno,2023,6032.0,464.0,494.0,1,0,False,False
76100|Plátano consumo interno,2024,6097.0,469.0,494.0,1,0,False,False
76100|Plátano consumo interno,2025,5252.0,404.0,414.0,1,0,False,False
76100|Sacha inchi,2019,4.5,3.0,4.0,1,0,False,False
76100|Sacha inchi,2020,4.5,3.0,4.0,1,0,False,False
76100|Sacha inchi,2021,4.0,2.0,2.0,1,0,False,False
76100|Sacha inchi,2022,4.0,2.0,2.0,1,0,False,False
76100|Sacha inchi,2023,4.0,2.0,2.0,1,0,False,False
76100|Sacha inchi,2024,4.0,2.0,2.0,1,0,False,False
76100|Sacha inchi,2025,4.0,2.0,2.0,1,0,False,False
76100|Sábila,2019,80.0,4.0,4.0,1,0,False,False
76100|Sábila,2020,80.0,4.0,4.0,1,0,False,False
76100|Sábila,2021,100.0,4.0,4.0,1,0,False,False
76100|Sábila,2022,100.0,4.0,4.0,1,0,False,False
76100|Sábila,2023,50.0,2.0,2.0,1,0,False,False
76100|Sábila,2024,50.0,2.0,2.0,1,0,False,False
76100|Sábila,2025,50.0,2.0,2.0,1,0,False,False
76100|Tomate,2019,1288.0,46.0,51.0,2,2,True,False
76100|Tomate,2020,1316.0,47.0,50.0,2,2,True,False
76100|Tomate,2021,1540.0,55.0,60.0,2,2,True,False
76100|Tomate,2022,1484.0,53.0,60.0,2,2,True,False
76100|Tomate,2023,1568.0,56.0,59.0,2,2,True,False
76100|Tomate,2024,1176.0,42.0,58.0,2,2,True,False
76100|Tomate,2025,1764.0,63.0,56.0,2,2,True,False
76100|Tomate de árbol,2019,161.0,23.0,29.0,1,0,False,False
76100|Tomate de árbol,2020,147.0,21.0,35.0,1,0,False,False
76100|Tomate de árbol,2021,70.0,10.0,15.0,1,0,False,False
76100|Tomate de árbol,2022,84.0,12.0,15.0,1,0,False,False
76100|Tomate de árbol,2023,56.0,8.0,11.0,1,0,False,False
76100|Tomate de árbol,2024,56.0,8.0,13.0,1,0,False,False
76100|Tomate de árbol,2025,91.0,13.0,13.0,1,0,False,False
76100|Uva,2019,560.0,35.0,39.0,1,0,False,False
76100|Uva,2020,560.0,35.0,41.0,1,0,False,False
76100|Uva,2021,496.0,31.0,31.0,1,0,False,False
76100|Uva,2022,464.0,29.0,31.0,1,0,False,False
76100|Uva,2023,496.0,31.0,31.0,1,0,False,False
76100|Uva,2024,496.0,31.0,31.0,1,0,False,False
76100|Uva,2025,496.0,31.0,31.0,1,0,False,False
76100|Yuca consumo en fresco,2019,1825.0,73.0,73.0,2,2,True,False
76100|Yuca consumo en fresco,2020,1260.0,70.0,70.0,2,2,True,False
76100|Yuca consumo en fresco,2021,2075.0,83.0,83.0,2,2,True,False
76100|Yuca consumo en fresco,2022,2025.0,81.0,101.0,2,2,True,False
76100|Yuca consumo en fresco,2023,2525.0,101.0,107.0,2,2,True,False
76100|Yuca consumo en fresco,2024,2550.0,102.0,77.0,2,2,True,False
76100|Yuca consumo en fresco,2025,1625.0,65.0,100.0,2,2,True,False
76109|Arroz secano manual,2019,32.0,32.0,34.0,1,1,True,True
76109|Arroz secano manual,2020,40.46,34.0,34.0,1,1,True,True
76109|Arroz secano manual,2021,160.0,32.0,34.0,1,1,True,True
76109|Arroz secano manual,2022,10.0,2.0,4.0,2,2,True,False
76109|Arroz secano manual,2023,101.15,35.0,35.0,2,2,True,False
76109|Arroz secano manual,2024,14.0,7.0,0.0,1,1,True,True
76109|Arroz secano manual,2025,25.28,7.9,8.0,2,2,True,False
76109|Banano consumo interno,2019,2630.0,504.0,514.0,1,0,False,False
76109|Banano consumo interno,2020,2685.0,514.0,524.0,1,0,False,False
76109|Banano consumo interno,2021,1695.0,339.0,534.0,1,0,False,False
76109|Banano consumo interno,2022,2076.0,519.0,534.0,1,0,False,False
76109|Banano consumo interno,2023,2088.0,522.0,535.0,1,0,False,False
76109|Banano consumo interno,2024,3736.0,934.0,937.0,1,0,False,False
76109|Banano consumo interno,2025,3748.0,937.0,937.0,1,0,False,False
76109|Borojó,2019,9312.0,776.0,776.0,1,0,False,False
76109|Borojó,2020,9312.0,776.0,776.0,1,0,False,False
76109|Borojó,2021,5000.0,500.0,776.0,1,0,False,False
76109|Borojó,2022,1382.0,691.0,776.0,1,0,False,False
76109|Borojó,2023,1552.0,776.0,776.0,1,0,False,False
76109|Borojó,2024,1552.0,776.0,776.0,1,0,False,False
76109|Borojó,2025,1164.0,776.0,776.0,1,0,False,False
76109|Cacao,2019,80.5,115.0,118.0,1,0,False,False
76109|Cacao,2020,82.6,118.0,121.0,1,0,False,False
76109|Cacao,2021,94.5,135.0,135.0,1,0,False,False
76109|Cacao,2022,28.75,115.0,135.0,1,0,False,False
76109|Cacao,2023,57.5,115.0,137.0,1,0,False,False
76109|Cacao,2024,57.5,115.0,137.0,1,0,False,False
76109|Cacao,2025,115.0,115.0,137.0,1,0,False,False
76109|Caña panelera,2019,2700.0,270.0,270.0,1,0,False,False
76109|Caña panelera,2020,21600.0,270.0,270.0,1,0,False,False
76109|Caña panelera,2021,10880.0,272.0,272.0,1,0,False,False
76109|Caña panelera,2022,2664.0,222.0,272.0,1,0,False,False
76109|Caña panelera,2023,3264.0,272.0,272.0,1,0,False,False
76109|Caña panelera,2024,326.4,272.0,276.0,1,0,False,False
76109|Caña panelera,2025,3312.0,276.0,278.0,1,0,False,False
76109|Chontaduro,2019,420.0,30.0,2658.0,1,0,False,False
76109|Chontaduro,2020,462.0,33.0,2661.0,1,0,False,False
76109|Chontaduro,2021,7565.0,1513.0,2263.0,1,0,False,False
76109|Chontaduro,2022,1124.0,2248.0,2263.0,1,0,False,False
76109|Chontaduro,2023,4496.0,2248.0,2263.0,1,0,False,False
76109|Chontaduro,2024,387.0,258.0,263.0,1,0,False,False
76109|Chontaduro,2025,0.0,0.0,5.0,1,0,False,False
76109|Cimarrón,2019,72.0,12.0,12.0,2,2,True,False
76109|Cimarrón,2020,36.0,6.0,6.0,1,1,True,True
76109|Cimarrón,2021,36.0,6.0,7.0,1,1,True,True
76109|Cimarrón,2022,10.2,3.0,4.0,1,1,True,True
76109|Cimarrón,2023,21.0,7.0,7.0,1,1,True,True
76109|Cimarrón,2024,6.0,2.0,2.0,1,1,True,True
76109|Cimarrón,2025,6.0,2.0,2.0,1,1,True,True
76109|Coco,2019,3864.0,322.0,322.0,1,0,False,False
76109|Coco,2020,3864.0,322.0,322.0,1,0,False,False
76109|Coco,2021,35.0,5.0,212.0,1,0,False,False
76109|Coco,2022,264.0,132.0,212.0,1,0,False,False
76109|Coco,2023,258.0,129.0,219.0,1,0,False,False
76109|Coco,2024,258.0,129.0,223.0,1,0,False,False
76109|Coco,2025,246.0,123.0,217.0,1,0,False,False
76109|Guayaba,2019,312.0,24.0,24.0,1,0,False,False
76109|Guayaba,2020,208.0,16.0,16.0,1,0,False,False
76109|Guayaba,2021,221.0,17.0,17.0,1,0,False,False
76109|Guayaba,2022,24.0,12.0,17.0,1,0,False,False
76109|Guayaba,2023,34.0,17.0,17.0,1,0,False,False
76109|Guayaba,2024,34.0,17.0,17.0,1,0,False,False
76109|Guayaba,2025,34.0,17.0,17.0,1,0,False,False
"76109|Malanga, achín, yota, papa china, bore",2019,1600.0,320.0,320.0,2,2,True,False
"76109|Malanga, achín, yota, papa china, bore",2020,1600.0,320.0,320.0,2,2,True,False
"76109|Malanga, achín, yota, papa china, bore",2021,1270.0,310.0,335.0,2,2,True,False
"76109|Malanga, achín, yota, papa china, bore",2022,509.0,97.0,20.0,2,2,True,False
"76109|Malanga, achín, yota, papa china, bore",2023,480.0,80.0,108.0,2,2,True,False
"76109|Malanga, achín, yota, papa china, bore",2024,70.0,17.5,5.0,2,2,True,False
"76109|Malanga, achín, yota, papa china, bore",2025,10.5,3.0,3.0,2,2,True,False
76109|Maíz amarillo tradicional,2021,196.0,49.0,54.0,2,2,True,False
76109|Maíz amarillo tradicional,2022,42.0,10.5,5.0,2,2,True,False
76109|Maíz amarillo tradicional,2023,63.489999999999995,16.0,16.0,2,2,True,False
76109|Maíz amarillo tradicional,2024,5.59,5.0,1.0,2,2,True,False
76109|Maíz amarillo tradicional,2025,3.86,4.2,6.0,2,2,True,False
76109|Maíz blanco tradicional,2021,108.0,27.0,29.0,2,2,True,False
76109|Maíz blanco tradicional,2022,20.0,5.0,7.0,1,1,True,True
76109|Maíz tradicional,2019,166.6,68.0,70.0,1,1,True,True
76109|Maíz tradicional,2020,220.5,90.0,90.0,2,2,True,False
76109|Piña demás variedades,2019,180.0,9.0,13.0,1,0,False,False
76109|Piña demás variedades,2020,81.0,9.0,9.0,1,0,False,False
76109|Piña demás variedades,2021,1.0,1.0,10.0,1,0,False,False
76109|Piña demás variedades,2022,20.0,5.0,10.0,1,0,False,False
76109|Piña demás variedades,2023,28.0,7.0,12.0,1,0,False,False
76109|Piña demás variedades,2024,44.0,11.0,17.0,1,0,False,False
76109|Piña demás variedades,2025,68.0,17.0,17.0,1,0,False,False
76109|Plátano consumo interno,2019,1232.0,176.0,186.0,1,0,False,False
76109|Plátano consumo interno,2020,1302.0,186.0,196.0,1,0,False,False
76109|Plátano consumo interno,2021,0.0,0.0,200.0,1,0,False,False
76109|Plátano consumo interno,2022,465.0,155.0,200.0,1,0,False,False
76109|Plátano consumo interno,2023,708.0,177.0,203.0,1,0,False,False
76109|Plátano consumo interno,2024,812.0,203.0,203.0,1,0,False,False
76109|Plátano consumo interno,2025,812.0,203.0,207.0,1,0,False,False
76109|Yuca consumo en fresco,2019,560.0,80.0,82.0,1,1,True,True
76109|Yuca consumo en fresco,2020,574.0,82.0,82.0,1,1,True,True
76109|Yuca consumo en fresco,2021,455.0,65.0,70.0,1,1,True,True
76109|Yuca consumo en fresco,2022,21.0,3.0,7.0,2,2,True,False
76109|Yuca consumo en fresco,2023,49.0,7.0,12.0,2,2,True,False
76109|Yuca consumo en fresco,2024,28.0,4.0,0.0,1,1,True,True
76109|Yuca consumo en fresco,2025,25.0,5.0,5.0,2,2,True,False
76111|Aguacate demás variedades,2019,10.0,2.0,2.0,1,0,False,False
76111|Aguacate demás variedades,2020,10.0,2.0,4.0,1,0,False,False
76111|Aguacate demás variedades,2021,12.0,4.0,10.0,1,0,False,False
76111|Aguacate demás variedades,2022,50.0,10.0,10.0,1,0,False,False
76111|Aguacate demás variedades,2023,50.0,10.0,15.0,1,0,False,False
76111|Aguacate demás variedades,2024,315.0,15.0,20.0,1,0,False,False
76111|Aguacate demás variedades,2025,315.0,15.0,20.0,1,0,False,False
76111|Ají,2019,105.0,3.0,3.0,1,1,True,True
76111|Ají,2020,10.0,2.5,2.5,1,1,True,True
76111|Ají,2023,15.0,3.0,3.0,2,2,True,False
76111|Ají,2024,15.0,3.0,3.0,2,2,True,False
76111|Ají,2025,15.0,3.0,3.0,2,2,True,False
76111|Algodón,2023,30.0,10.0,10.0,2,2,True,False
76111|Algodón,2024,77.48,10.0,10.0,2,2,True,False
76111|Arracacha,2019,72.0,6.0,6.0,2,2,True,False
76111|Arracacha,2020,100.0,8.0,8.0,2,2,True,False
76111|Arracacha,2021,96.0,8.0,8.0,2,2,True,False
76111|Arracacha,2022,92.0,8.0,8.0,2,2,True,False
76111|Arracacha,2023,108.0,9.0,9.0,2,2,True,False
76111|Arracacha,2024,128.0,11.0,11.0,2,2,True,False
76111|Arracacha,2025,156.0,13.0,14.0,2,2,True,False
76111|Arroz riego,2019,660.0,120.0,120.0,2,2,True,False
76111|Arroz riego,2020,785.4,120.0,120.0,2,2,True,False
76111|Arveja,2019,25.2,12.0,12.0,2,2,True,False
76111|Arveja,2020,28.04,12.0,12.0,2,2,True,False
76111|Arveja,2021,8.0,10.0,10.0,2,2,True,False
76111|Arveja,2022,29.0,21.0,16.0,2,2,True,False
76111|Arveja,2023,22.6,17.0,17.0,2,2,True,False
76111|Arveja,2024,21.700000000000003,20.0,20.0,2,2,True,False
76111|Arveja,2025,26.189999999999998,23.0,23.0,2,2,True,False
76111|Banano consumo interno,2019,1468.0,100.0,126.0,1,0,False,False
76111|Banano consumo interno,2020,1890.0,126.0,131.0,1,0,False,False
76111|Banano consumo interno,2021,2489.0,131.0,141.0,1,0,False,False
76111|Banano consumo interno,2022,2820.0,141.0,141.0,1,0,False,False
76111|Banano consumo interno,2023,2961.0,141.0,147.0,1,0,False,False
76111|Banano consumo interno,2024,3480.0,145.0,155.0,1,0,False,False
76111|Banano consumo interno,2025,3720.0,155.0,155.0,1,0,False,False
76111|Brevo,2019,7.0,1.0,1.0,1,0,False,False
76111|Brevo,2020,7.0,1.0,1.0,1,0,False,False
76111|Cacao,2019,1.75,5.0,5.0,1,0,False,False
76111|Cacao,2020,1.75,5.0,5.0,1,0,False,False
76111|Cacao,2021,0.0,0.0,5.0,1,0,False,False
76111|Cacao,2022,2.0,5.0,5.0,1,0,False,False
76111|Cacao,2023,2.0,5.0,5.0,1,0,False,False
76111|Cacao,2024,2.0,5.0,6.0,1,0,False,False
76111|Cacao,2025,2.0,5.0,6.0,1,0,False,False
76111|Café,2019,469.0,373.0,453.0,1,0,False,False
76111|Café,2020,422.0,363.0,430.0,1,0,False,False
76111|Café,2021,528.54,388.63,435.55,1,0,False,False
76111|Café,2022,460.4,392.52,437.0,1,0,False,False
76111|Café,2023,535.01,411.97,441.64,1,0,False,False
76111|Café,2024,671.82,417.28,443.6,1,0,False,False
76111|Café,2025,624.63,415.79,446.74,1,0,False,False
76111|Caña de azúcar,2019,895390.0,7786.0,7786.0,1,0,False,False
76111|Caña de azúcar,2020,857560.0,7786.0,7796.0,1,0,False,False
76111|Caña de azúcar,2021,935480.0,6682.0,7796.0,1,0,False,False
76111|Caña de azúcar,2022,935520.0,7796.0,7796.0,1,0,False,False
76111|Caña de azúcar,2023,935520.0,7796.0,8116.0,1,0,False,False
76111|Caña de azúcar,2024,1022580.0,7866.0,8116.0,1,0,False,False
76111|Caña de azúcar,2025,1055080.0,8116.0,8116.0,1,0,False,False
76111|Caña panelera,2019,1260.0,18.0,18.0,1,0,False,False
76111|Caña panelera,2020,1260.0,18.0,20.0,1,0,False,False
76111|Caña panelera,2021,1050.0,15.0,20.0,1,0,False,False
76111|Caña panelera,2022,1400.0,20.0,20.0,1,0,False,False
76111|Caña panelera,2023,1400.0,20.0,20.0,1,0,False,False
76111|Caña panelera,2024,1330.0,19.0,21.0,1,0,False,False
76111|Caña panelera,2025,1470.0,21.0,21.0,1,0,False,False
76111|Cebolla de rama,2019,80.0,5.0,5.0,1,1,True,True
76111|Cebolla de rama,2020,152.0,9.5,9.5,1,1,True,True
76111|Cebolla de rama,2021,230.0,10.0,10.0,1,1,True,True
76111|Cebolla de rama,2022,200.0,10.0,10.0,1,1,True,True
76111|Cebolla de rama,2023,420.0,21.0,21.0,2,2,True,False
76111|Cebolla de rama,2024,365.0,21.0,21.0,2,2,True,False
76111|Cebolla de rama,2025,448.0,28.0,28.0,2,2,True,False
76111|Cilantro,2019,30.0,5.0,5.0,2,2,True,False
76111|Cilantro,2020,15.0,5.0,5.0,2,2,True,False
76111|Cilantro,2021,6.0,4.0,4.0,2,2,True,False
76111|Cilantro,2022,7.0,4.0,4.0,2,2,True,False
76111|Cilantro,2023,40.0,4.0,4.0,2,2,True,False
76111|Cilantro,2024,40.0,4.0,4.0,2,2,True,False
76111|Cilantro,2025,40.0,4.0,4.0,2,2,True,False
76111|Curuba,2019,24.0,3.0,3.0,1,0,False,False
76111|Curuba,2020,36.0,4.0,4.0,1,0,False,False
76111|Curuba,2021,64.0,4.0,4.0,1,0,False,False
76111|Curuba,2022,60.0,4.0,4.0,1,0,False,False
76111|Curuba,2023,60.0,4.0,4.0,1,0,False,False
76111|Curuba,2024,45.0,3.0,3.0,1,0,False,False
76111|Curuba,2025,45.0,3.0,3.0,1,0,False,False
76111|Fresa,2019,30.0,1.0,1.0,1,0,False,False
76111|Fresa,2020,66.0,2.0,2.0,1,0,False,False
76111|Fresa,2021,30.0,2.0,3.0,1,0,False,False
76111|Fresa,2022,90.0,3.0,3.0,1,0,False,False
76111|Fresa,2023,87.0,3.0,3.0,1,0,False,False
76111|Fresa,2024,87.0,3.0,3.0,1,0,False,False
76111|Fresa,2025,87.0,3.0,3.0,1,0,False,False
76111|Frijol,2019,25.0,25.0,25.0,2,2,True,False
76111|Frijol,2020,25.0,25.0,25.0,2,2,True,False
76111|Frijol,2021,22.490000000000002,24.0,24.0,2,2,True,False
76111|Frijol,2022,34.4,25.0,29.0,2,2,True,False
76111|Frijol,2023,62.3,32.0,33.0,2,2,True,False
76111|Frijol,2024,68.53,49.0,41.0,2,2,True,False
76111|Frijol,2025,100.0,50.0,50.0,2,2,True,False
76111|Granadilla,2019,90.0,9.0,11.0,1,0,False,False
76111|Granadilla,2020,110.0,11.0,13.0,1,0,False,False
76111|Granadilla,2021,239.98,13.0,13.0,1,0,False,False
76111|Granadilla,2022,260.0,13.0,13.0,1,0,False,False
76111|Granadilla,2023,260.0,13.0,13.0,1,0,False,False
76111|Granadilla,2024,200.0,10.0,10.0,1,0,False,False
76111|Granadilla,2025,200.0,10.0,10.0,1,0,False,False
76111|Guayaba,2019,4.0,0.5,0.5,1,0,False,False
76111|Guayaba,2020,4.0,0.5,1.0,1,0,False,False
76111|Guayaba,2021,35.0,1.0,1.0,1,0,False,False
76111|Guayaba,2022,30.0,1.0,1.0,1,0,False,False
76111|Guayaba,2023,30.0,1.0,1.0,1,0,False,False
76111|Guayaba,2024,30.0,1.0,1.0,1,0,False,False
76111|Guayaba,2025,30.0,1.0,1.0,1,0,False,False
76111|Habichuela,2019,126.0,14.0,14.0,2,2,True,False
76111|Habichuela,2020,126.0,14.0,14.0,2,2,True,False
76111|Habichuela,2021,14.0,14.0,14.0,2,2,True,False
76111|Habichuela,2022,44.0,23.0,23.0,2,2,True,False
76111|Habichuela,2023,100.0,25.0,25.0,2,2,True,False
76111|Habichuela,2024,124.0,31.0,31.0,2,2,True,False
76111|Habichuela,2025,173.0,37.0,37.0,2,2,True,False
76111|Lechuga,2024,16.0,2.0,2.0,2,2,True,False
76111|Lechuga,2025,18.0,2.0,2.0,2,2,True,False
76111|Limón Tahití,2021,10.0,0.44,2.0,1,0,False,False
76111|Limón Tahití,2022,40.0,2.0,2.0,1,0,False,False
76111|Limón Tahití,2023,40.0,2.0,3.0,1,0,False,False
76111|Limón Tahití,2024,75.0,3.0,4.0,1,0,False,False
76111|Limón Tahití,2025,75.0,3.0,4.0,1,0,False,False
76111|Lulo,2019,120.0,6.0,7.0,1,0,False,False
76111|Lulo,2020,133.0,7.0,12.0,1,0,False,False
76111|Lulo,2021,84.0,12.0,14.0,1,0,False,False
76111|Lulo,2022,112.0,14.0,14.0,1,0,False,False
76111|Lulo,2023,112.0,14.0,14.0,1,0,False,False
76111|Lulo,2024,132.0,12.0,14.0,1,0,False,False
76111|Lulo,2025,168.0,14.0,14.0,1,0,False,False
76111|Mandarina Arrayana y/o Oneco,2021,30.89,1.25,1.25,1,0,False,False
76111|Mandarina Arrayana y/o Oneco,2022,31.25,1.25,1.25,1,0,False,False
76111|Mandarina Arrayana y/o Oneco,2023,31.25,1.25,1.25,1,0,False,False
76111|Mandarina Arrayana y/o Oneco,2024,37.5,1.25,1.25,1,0,False,False
76111|Mandarina Arrayana y/o Oneco,2025,37.5,1.25,1.25,1,0,False,False
76111|Mango demás variedades,2019,12.0,1.0,1.0,1,0,False,False
76111|Mango demás variedades,2020,12.0,1.0,1.5,1,0,False,False
76111|Mango demás variedades,2021,37.99,1.5,1.5,1,0,False,False
76111|Mango demás variedades,2022,37.5,1.5,1.5,1,0,False,False
76111|Mango demás variedades,2023,37.5,1.5,1.5,1,0,False,False
76111|Mango demás variedades,2024,37.5,1.5,1.5,1,0,False,False
76111|Mango demás variedades,2025,37.5,1.5,1.5,1,0,False,False
76111|Maracuyá,2020,56.0,7.0,7.0,1,0,False,False
76111|Maracuyá,2021,175.0,7.0,7.0,1,0,False,False
76111|Maracuyá,2022,161.0,7.0,7.0,1,0,False,False
76111|Maracuyá,2023,168.0,7.0,7.0,1,0,False,False
76111|Maracuyá,2024,144.0,6.0,8.0,1,0,False,False
76111|Maracuyá,2025,192.0,8.0,8.0,1,0,False,False
76111|Maíz amarillo tecnificado,2021,3515.0,380.0,380.0,2,2,True,False
76111|Maíz amarillo tecnificado,2022,2730.0,390.0,410.0,2,2,True,False
76111|Maíz amarillo tecnificado,2023,3010.0,430.0,435.0,2,2,True,False
76111|Maíz amarillo tecnificado,2024,3150.0,450.0,460.0,2,2,True,False
76111|Maíz amarillo tecnificado,2025,3115.0,445.0,450.0,2,2,True,False
76111|Maíz amarillo tradicional,2021,67.0,18.0,18.0,2,2,True,False
76111|Maíz amarillo tradicional,2022,63.0,21.0,31.0,2,2,True,False
76111|Maíz amarillo tradicional,2023,102.0,34.0,36.0,2,2,True,False
76111|Maíz amarillo tradicional,2024,126.86,63.0,42.0,2,2,True,False
76111|Maíz amarillo tradicional,2025,92.62,46.0,46.0,2,2,True,False
76111|Maíz blanco tecnificado,2021,3806.0,518.0,518.0,2,2,True,False
76111|Maíz blanco tecnificado,2022,2090.0,524.0,576.0,2,2,True,False
76111|Maíz blanco tecnificado,2023,2905.0,581.0,585.0,2,2,True,False
76111|Maíz blanco tecnificado,2024,4684.41,916.0,601.0,2,2,True,False
76111|Maíz blanco tecnificado,2025,4389.0,627.0,627.0,2,2,True,False
76111|Maíz tecnificado,2019,6300.0,900.0,900.0,2,2,True,False
76111|Maíz tecnificado,2020,6300.0,900.0,900.0,2,2,True,False
76111|Maíz tradicional,2019,43.2,24.0,24.0,2,2,True,False
76111|Maíz tradicional,2020,43.0,24.0,24.0,2,2,True,False
76111|Mora,2019,88.0,11.0,12.0,1,0,False,False
76111|Mora,2020,150.0,15.0,15.0,1,0,False,False
76111|Mora,2021,120.0,15.0,18.0,1,0,False,False
76111|Mora,2022,162.0,18.0,18.0,1,0,False,False
76111|Mora,2023,162.0,18.0,18.0,1,0,False,False
76111|Mora,2024,162.0,18.0,20.0,1,0,False,False
76111|Mora,2025,180.0,20.0,20.0,1,0,False,False
76111|Naranja Valencia,2021,150.41,6.02,8.32,1,0,False,False
76111|Naranja Valencia,2022,208.0,8.32,8.32,1,0,False,False
76111|Naranja Valencia,2023,208.0,8.32,8.32,1,0,False,False
76111|Naranja Valencia,2024,208.0,8.32,9.32,1,0,False,False
76111|Naranja Valencia,2025,216.32,8.32,9.32,1,0,False,False
76111|Otras hortalizas,2019,60.0,12.0,12.0,2,2,True,False
76111|Otras hortalizas,2020,60.0,12.0,12.0,2,2,True,False
76111|Otras hortalizas,2021,16.0,12.0,12.0,2,2,True,False
76111|Otras hortalizas,2022,147.0,15.0,15.0,2,2,True,False
76111|Otras hortalizas,2023,166.0,17.0,17.0,2,2,True,False
76111|Otras hortalizas,2024,184.0,20.0,20.0,2,2,True,False
76111|Otras hortalizas,2025,173.0,23.0,24.0,2,2,True,False
76111|Otros cítricos,2019,140.0,7.0,8.0,1,0,False,False
76111|Otros cítricos,2020,152.0,8.0,10.0,1,0,False,False
76111|Papa todas las variedades,2019,200.0,10.0,10.0,2,2,True,False
76111|Papa todas las variedades,2020,200.0,10.0,10.0,2,2,True,False
76111|Papa todas las variedades,2021,154.0,13.0,13.0,2,2,True,False
76111|Papa todas las variedades,2022,203.0,13.0,18.0,2,2,True,False
76111|Papa todas las variedades,2023,304.0,19.0,20.0,2,2,True,False
76111|Papa todas las variedades,2024,356.0,23.0,26.0,2,2,True,False
76111|Papa todas las variedades,2025,465.0,30.0,31.0,2,2,True,False
"76111|Papaya Hawaiana, Maradol, Melona, redonda y/o Tainung",2020,24.0,2.0,6.0,1,0,False,False
76111|Pimentón,2019,24.0,2.0,2.0,2,2,True,False
76111|Pimentón,2020,12.0,1.0,1.0,1,1,True,True
76111|Pimentón,2021,2.0,2.0,2.0,1,1,True,True
76111|Pimentón,2022,3.2,2.0,2.0,1,1,True,True
76111|Pimentón,2023,125.0,5.0,5.0,2,2,True,False
76111|Pimentón,2024,123.0,5.0,5.0,2,2,True,False
76111|Pimentón,2025,123.0,5.0,5.0,2,2,True,False
76111|Piña demás variedades,2019,2730.0,35.0,35.0,1,0,False,False
76111|Piña demás variedades,2020,1225.0,35.0,40.0,1,0,False,False
76111|Piña demás variedades,2021,1225.0,35.0,35.0,1,0,False,False
76111|Piña demás variedades,2022,1225.0,35.0,35.0,1,0,False,False
76111|Piña demás variedades,2023,1225.0,35.0,35.0,1,0,False,False
76111|Piña demás variedades,2024,2100.0,35.0,35.0,1,0,False,False
76111|Piña demás variedades,2025,2100.0,35.0,35.0,1,0,False,False
76111|Plantas aromáticas,2023,4.0,2.0,2.0,2,2,True,False
76111|Plantas aromáticas,2024,3.0,2.0,2.0,2,2,True,False
76111|Plantas aromáticas,2025,2.0,2.0,2.0,2,2,True,False
76111|Plátano consumo interno,2019,156.0,17.0,28.0,1,0,False,False
76111|Plátano consumo interno,2020,224.0,28.0,35.0,1,0,False,False
76111|Plátano consumo interno,2021,280.0,35.0,35.0,1,0,False,False
76111|Plátano consumo interno,2022,280.0,35.0,35.0,1,0,False,False
76111|Plátano consumo interno,2023,280.0,35.0,35.0,1,0,False,False
76111|Plátano consumo interno,2024,340.0,34.0,39.0,1,0,False,False
76111|Plátano consumo interno,2025,468.0,39.0,39.0,1,0,False,False
76111|Repollo,2023,100.0,5.0,5.0,2,2,True,False
76111|Repollo,2024,110.0,6.0,6.0,2,2,True,False
76111|Repollo,2025,115.0,7.0,7.0,2,2,True,False
76111|Sacha inchi,2019,0.6,1.0,1.5,1,0,False,False
76111|Sacha inchi,2020,1.2,1.5,2.0,1,0,False,False
76111|Sorgo,2023,497.0,71.0,71.0,2,2,True,False
76111|Sorgo,2024,487.0,75.0,75.0,2,2,True,False
76111|Sorgo,2025,573.0,88.0,88.0,2,2,True,False
76111|Tomate,2019,180.0,9.0,9.0,2,2,True,False
76111|Tomate,2020,180.0,9.0,9.0,2,2,True,False
76111|Tomate,2021,125.0,10.0,10.0,2,2,True,False
76111|Tomate,2022,975.0,27.0,21.0,2,2,True,False
76111|Tomate,2023,1060.0,23.0,23.0,2,2,True,False
76111|Tomate,2024,1215.0,27.0,27.0,2,2,True,False
76111|Tomate,2025,1269.0,28.2,28.2,2,2,True,False
76111|Tomate de árbol,2019,42.0,3.0,3.0,1,0,False,False
76111|Tomate de árbol,2020,36.0,3.0,10.0,1,0,False,False
76111|Tomate de árbol,2021,180.0,10.0,10.0,1,0,False,False
76111|Tomate de árbol,2022,170.0,10.0,10.0,1,0,False,False
76111|Tomate de árbol,2023,170.0,10.0,10.0,1,0,False,False
76111|Tomate de árbol,2024,170.0,10.0,10.0,1,0,False,False
76111|Tomate de árbol,2025,180.0,10.0,10.0,1,0,False,False
76111|Tomate invernadero,2025,198.0,1.8,1.8,1,1,True,True
76111|Uva,2019,24.0,2.0,2.0,1,0,False,False
76111|Yuca consumo en fresco,2019,36.0,2.0,2.0,2,2,True,False
76111|Yuca consumo en fresco,2020,114.0,6.0,6.0,2,2,True,False
76111|Yuca consumo en fresco,2021,75.0,8.0,8.0,2,2,True,False
76111|Yuca consumo en fresco,2022,72.0,8.0,11.0,2,2,True,False
76111|Yuca consumo en fresco,2023,149.0,12.0,13.0,2,2,True,False
76111|Yuca consumo en fresco,2024,179.0,15.0,17.0,2,2,True,False
76111|Yuca consumo en fresco,2025,214.0,18.0,18.0,2,2,True,False
76113|Aguacate Hass,2020,360.0,30.0,125.0,1,0,False,False
76113|Aguacate Hass,2021,1375.0,125.0,125.0,1,0,False,False
76113|Aguacate Hass,2022,1375.0,125.0,125.0,1,0,False,False
76113|Aguacate Hass,2023,1375.0,125.0,125.0,1,0,False,False
76113|Aguacate Hass,2024,1375.0,125.0,125.0,1,0,False,False
76113|Aguacate Hass,2025,1375.0,125.0,125.0,1,0,False,False
76113|Aguacate Papelillo,2020,0.0,0.0,33.0,1,0,False,False
76113|Aguacate Papelillo,2021,363.0,33.0,33.0,1,0,False,False
76113|Aguacate Papelillo,2022,363.0,33.0,33.0,1,0,False,False
76113|Aguacate Papelillo,2023,363.0,33.0,33.0,1,0,False,False
76113|Aguacate Papelillo,2024,363.0,33.0,33.0,1,0,False,False
76113|Aguacate Papelillo,2025,363.0,33.0,33.0,1,0,False,False
76113|Aguacate demás variedades,2019,300.0,30.0,158.0,1,0,False,False
76113|Aguacate demás variedades,2020,330.0,33.0,33.0,1,0,False,False
76113|Aguacate demás variedades,2021,330.0,33.0,33.0,1,0,False,False
76113|Aguacate demás variedades,2022,330.0,33.0,33.0,1,0,False,False
76113|Aguacate demás variedades,2023,330.0,33.0,33.0,1,0,False,False
76113|Aguacate demás variedades,2024,330.0,33.0,33.0,1,0,False,False
76113|Aguacate demás variedades,2025,330.0,33.0,33.0,1,0,False,False
76113|Cacao,2019,30.1,86.0,107.0,1,0,False,False
76113|Cacao,2020,30.1,86.0,107.0,1,0,False,False
76113|Cacao,2021,48.15,107.0,107.0,1,0,False,False
76113|Cacao,2022,160.5,107.0,107.0,1,0,False,False
76113|Cacao,2023,160.5,107.0,107.0,1,0,False,False
76113|Cacao,2024,160.5,107.0,107.0,1,0,False,False
76113|Cacao,2025,160.5,107.0,114.0,1,0,False,False
76113|Café,2019,1443.0,1082.0,1370.0,1,0,False,False
76113|Café,2020,1331.0,1080.0,1373.0,1,0,False,False
76113|Café,2021,1251.57,1148.23,1402.93,1,0,False,False
76113|Café,2022,1059.27,1220.72,1421.33,1,0,False,False
76113|Café,2023,1226.85,1188.51,1432.33,1,0,False,False
76113|Café,2024,1433.61,1128.83,1434.84,1,0,False,False
76113|Café,2025,1481.62,1164.88,1457.71,1,0,False,False
76113|Caña de azúcar,2019,1118130.0,9165.0,9165.0,1,0,False,False
76113|Caña de azúcar,2020,1118130.0,9165.0,9165.0,1,0,False,False
76113|Caña de azúcar,2021,1247206.27,9141.0,9149.0,1,0,False,False
76113|Caña de azúcar,2022,1463840.0,9149.0,9149.0,1,0,False,False
76113|Caña de azúcar,2023,1463840.0,9149.0,9149.0,1,0,False,False
76113|Caña de azúcar,2024,1463840.0,9149.0,9149.0,1,0,False,False
76113|Caña de azúcar,2025,1463840.0,9149.0,9149.0,1,0,False,False
76113|Caña panelera,2019,16275.0,465.0,465.0,1,0,False,False
76113|Caña panelera,2020,16275.0,465.0,465.0,1,0,False,False
76113|Caña panelera,2021,16000.0,400.0,400.0,1,0,False,False
76113|Caña panelera,2022,14000.0,400.0,400.0,1,0,False,False
76113|Caña panelera,2023,14000.0,400.0,400.0,1,0,False,False
76113|Caña panelera,2024,16000.0,400.0,400.0,1,0,False,False
76113|Caña panelera,2025,16000.0,400.0,400.0,1,0,False,False
76113|Cilantro,2019,232.0,29.0,33.0,2,2,True,False
76113|Cilantro,2020,232.0,29.0,31.0,2,2,True,False
76113|Cilantro,2021,240.0,30.0,30.0,2,2,True,False
76113|Cilantro,2022,244.0,30.5,30.5,2,2,True,False
76113|Cilantro,2023,216.0,27.0,27.0,2,2,True,False
76113|Cilantro,2024,224.0,28.0,28.0,2,2,True,False
76113|Cilantro,2025,224.0,28.0,28.0,2,2,True,False
76113|Frijol,2019,102.6,114.0,116.0,2,2,True,False
76113|Frijol,2020,102.6,114.0,116.0,2,2,True,False
76113|Frijol,2021,116.0,116.0,116.0,2,2,True,False
76113|Frijol,2022,130.0,130.0,130.0,2,2,True,False
76113|Frijol,2023,120.0,120.0,120.0,2,2,True,False
76113|Frijol,2024,137.0,137.0,137.0,2,2,True,False
76113|Frijol,2025,107.69,140.0,140.0,2,2,True,False
76113|Granadilla,2019,96.0,8.0,8.0,1,0,False,False
76113|Granadilla,2020,24.0,2.0,2.0,1,0,False,False
76113|Granadilla,2021,24.0,2.0,2.0,1,0,False,False
76113|Granadilla,2022,24.0,2.0,2.0,1,0,False,False
76113|Granadilla,2023,24.0,2.0,2.0,1,0,False,False
76113|Granadilla,2024,24.0,2.0,2.0,1,0,False,False
76113|Granadilla,2025,24.0,2.0,2.0,1,0,False,False
76113|Guanábana,2019,495.0,45.0,45.0,1,0,False,False
76113|Guanábana,2020,495.0,45.0,45.0,1,0,False,False
76113|Guanábana,2021,540.0,45.0,45.0,1,0,False,False
76113|Guanábana,2022,540.0,45.0,45.0,1,0,False,False
76113|Guanábana,2023,540.0,45.0,45.0,1,0,False,False
76113|Guanábana,2024,540.0,45.0,45.0,1,0,False,False
76113|Guanábana,2025,540.0,45.0,45.0,1,0,False,False
76113|Guayaba,2019,108.0,9.0,43.0,1,0,False,False
76113|Guayaba,2020,108.0,9.0,43.0,1,0,False,False
76113|Guayaba,2021,516.0,43.0,69.0,1,0,False,False
76113|Guayaba,2022,828.0,69.0,69.0,1,0,False,False
76113|Guayaba,2023,828.0,69.0,69.0,1,0,False,False
76113|Guayaba,2024,828.0,69.0,69.0,1,0,False,False
76113|Guayaba,2025,828.0,69.0,69.0,1,0,False,False
76113|Habichuela,2019,387.0,43.0,43.0,2,2,True,False
76113|Habichuela,2020,486.0,54.0,55.0,2,2,True,False
76113|Habichuela,2021,450.0,50.0,50.0,2,2,True,False
76113|Habichuela,2022,450.0,50.0,50.0,2,2,True,False
76113|Habichuela,2023,360.0,40.0,40.0,2,2,True,False
76113|Habichuela,2024,342.0,38.0,38.0,2,2,True,False
76113|Habichuela,2025,420.0,40.0,40.0,2,2,True,False
76113|Limón Tahití,2021,444.23,24.68,74.68,1,0,False,False
76113|Limón Tahití,2022,444.24,24.68,74.68,1,0,False,False
76113|Limón Tahití,2023,1344.24,74.68,74.68,1,0,False,False
76113|Limón Tahití,2024,1344.24,74.68,100.0,1,0,False,False
76113|Limón Tahití,2025,1800.0,100.0,200.0,1,0,False,False
76113|Mandarina Arrayana y/o Oneco,2021,1963.24,70.12,70.12,1,0,False,False
76113|Mandarina Arrayana y/o Oneco,2022,1963.36,70.12,70.12,1,0,False,False
76113|Mandarina Arrayana y/o Oneco,2023,1963.36,70.12,70.12,1,0,False,False
76113|Mandarina Arrayana y/o Oneco,2024,1963.36,70.12,70.12,1,0,False,False
76113|Mandarina Arrayana y/o Oneco,2025,1963.36,70.12,70.12,1,0,False,False
76113|Maracuyá,2019,144.0,12.0,17.0,1,0,False,False
76113|Maracuyá,2020,144.0,12.0,17.0,1,0,False,False
76113|Maracuyá,2021,168.0,14.0,14.0,1,0,False,False
76113|Maracuyá,2022,132.0,11.0,11.0,1,0,False,False
76113|Maracuyá,2023,84.0,7.0,7.0,1,0,False,False
76113|Maracuyá,2024,84.0,7.0,7.0,1,0,False,False
76113|Maracuyá,2025,84.0,7.0,9.0,1,0,False,False
76113|Maíz amarillo tecnificado,2021,4760.0,680.0,680.0,1,1,True,True
76113|Maíz amarillo tecnificado,2022,4640.0,580.0,580.0,2,2,True,False
76113|Maíz amarillo tecnificado,2023,4640.0,580.0,580.0,2,2,True,False
76113|Maíz amarillo tecnificado,2024,3920.0,490.0,970.0,2,2,True,False
76113|Maíz amarillo tecnificado,2025,7520.0,940.0,960.0,2,2,True,False
76113|Maíz amarillo tradicional,2021,520.0,130.0,130.0,1,1,True,True
76113|Maíz amarillo tradicional,2022,520.0,130.0,130.0,2,2,True,False
76113|Maíz amarillo tradicional,2023,520.0,130.0,130.0,2,2,True,False
76113|Maíz amarillo tradicional,2024,279.65999999999997,250.0,250.0,2,2,True,False
76113|Maíz amarillo tradicional,2025,279.65999999999997,250.0,250.0,2,2,True,False
76113|Maíz blanco tecnificado,2021,4060.0,580.0,580.0,1,1,True,True
76113|Maíz blanco tecnificado,2022,4640.0,580.0,580.0,2,2,True,False
76113|Maíz blanco tecnificado,2023,4640.0,580.0,565.0,2,2,True,False
76113|Maíz blanco tecnificado,2024,4520.0,565.0,570.0,2,2,True,False
76113|Maíz blanco tecnificado,2025,8640.0,1080.0,1310.0,2,2,True,False
76113|Maíz blanco tradicional,2021,720.0,180.0,180.0,1,1,True,True
76113|Maíz blanco tradicional,2022,720.0,180.0,180.0,2,2,True,False
76113|Maíz blanco tradicional,2023,720.0,180.0,180.0,2,2,True,False
76113|Maíz blanco tradicional,2024,720.0,180.0,185.0,2,2,True,False
76113|Maíz blanco tradicional,2025,740.0,185.0,185.0,2,2,True,False
76113|Maíz tecnificado,2019,10410.0,1388.0,1393.0,2,2,True,False
76113|Maíz tecnificado,2020,9412.5,1255.0,1260.0,2,2,True,False
76113|Maíz tradicional,2019,930.0,310.0,310.0,2,2,True,False
76113|Maíz tradicional,2020,930.0,310.0,310.0,2,2,True,False
76113|Naranja Valencia,2021,13109.73,468.2,468.2,1,0,False,False
76113|Naranja Valencia,2022,13109.6,468.2,468.2,1,0,False,False
76113|Naranja Valencia,2023,13109.6,468.2,468.2,1,0,False,False
76113|Naranja Valencia,2024,13109.6,468.2,468.2,1,0,False,False
76113|Naranja Valencia,2025,13109.6,468.2,468.2,1,0,False,False
76113|Otros cítricos,2019,15764.0,563.0,563.0,1,0,False,False
76113|Otros cítricos,2020,15764.0,563.0,563.0,1,0,False,False
76113|Pepino cohombro,2019,450.0,18.0,18.0,2,2,True,False
76113|Pepino cohombro,2020,525.0,21.0,21.0,2,2,True,False
76113|Pepino cohombro,2021,525.0,21.0,21.0,2,2,True,False
76113|Pepino cohombro,2022,525.0,21.0,21.0,2,2,True,False
76113|Pepino cohombro,2023,525.0,21.0,21.0,2,2,True,False
76113|Pepino cohombro,2024,500.0,20.0,20.0,2,2,True,False
76113|Pepino cohombro,2025,525.0,21.0,21.0,2,2,True,False
76113|Pimentón,2019,200.0,20.0,20.0,2,2,True,False
76113|Pimentón,2020,200.0,20.0,20.0,2,2,True,False
76113|Pimentón,2021,160.0,16.0,16.0,2,2,True,False
76113|Pimentón,2022,160.0,16.0,16.0,2,2,True,False
76113|Pimentón,2023,140.0,14.0,14.0,2,2,True,False
76113|Pimentón,2024,170.0,17.0,17.0,2,2,True,False
76113|Pimentón,2025,190.0,17.0,17.0,2,2,True,False
76113|Pitahaya,2019,96.0,8.0,8.0,1,0,False,False
76113|Pitahaya,2020,48.0,4.0,4.0,1,0,False,False
76113|Pitahaya,2021,48.0,4.0,4.0,1,0,False,False
76113|Pitahaya,2022,48.0,4.0,4.0,1,0,False,False
76113|Pitahaya,2023,48.0,4.0,4.0,1,0,False,False
76113|Pitahaya,2024,48.0,4.0,4.0,1,0,False,False
76113|Pitahaya,2025,48.0,4.0,4.0,1,0,False,False
76113|Plátano consumo interno,2019,2024.0,253.0,253.0,1,0,False,False
76113|Plátano consumo interno,2020,2024.0,253.0,253.0,1,0,False,False
76113|Plátano consumo interno,2021,2024.0,253.0,258.0,1,0,False,False
76113|Plátano consumo interno,2022,2064.0,258.0,258.0,1,0,False,False
76113|Plátano consumo interno,2023,2064.0,258.0,258.0,1,0,False,False
76113|Plátano consumo interno,2024,2064.0,258.0,300.0,1,0,False,False
76113|Plátano consumo interno,2025,2400.0,300.0,306.0,1,0,False,False
76113|Soya,2024,312.0,104.0,104.0,1,1,True,True
76113|Soya,2025,312.0,104.0,104.0,1,1,True,True
76113|Tomate,2019,968.0,44.0,44.0,2,2,True,False
76113|Tomate,2020,968.0,44.0,44.0,2,2,True,False
76113|Tomate,2021,836.0,38.0,38.0,2,2,True,False
76122|Aguacate Hass,2020,1310.4,87.36,207.36,1,0,False,False
76122|Aguacate Hass,2021,1605.0,107.0,207.36,1,0,False,False
76122|Aguacate Hass,2022,2073.6,207.36,287.36,1,0,False,False
76122|Aguacate Hass,2023,2073.6,207.36,342.36,1,0,False,False
76122|Aguacate Hass,2024,2073.6,207.36,360.56,1,0,False,False
76122|Aguacate Hass,2025,2073.6,207.36,360.56,1,0,False,False
76122|Aguacate Papelillo,2020,198.6,39.72,65.72,1,0,False,False
76122|Aguacate Papelillo,2021,450.0,45.0,65.72,1,0,False,False
76122|Aguacate Papelillo,2022,1314.4,65.72,67.72,1,0,False,False
76122|Aguacate Papelillo,2023,1314.4,65.72,77.72,1,0,False,False
76122|Aguacate Papelillo,2024,1314.4,65.72,90.22,1,0,False,False
76122|Aguacate Papelillo,2025,1314.4,65.72,90.22,1,0,False,False
76122|Aguacate demás variedades,2019,4312.0,309.0,350.0,1,0,False,False
76122|Aguacate demás variedades,2020,608.4,60.84,81.84,1,0,False,False
76122|Aguacate demás variedades,2021,700.0,70.0,81.84,1,0,False,False
76122|Aguacate demás variedades,2022,1636.8,81.84,83.84,1,0,False,False
76122|Aguacate demás variedades,2023,1636.8,81.84,86.84,1,0,False,False
76122|Aguacate demás variedades,2024,1636.8,81.84,86.84,1,0,False,False
76122|Aguacate demás variedades,2025,1636.8,81.84,86.84,1,0,False,False
76122|Banano consumo interno,2019,4764.0,409.0,409.0,1,0,False,False
76122|Banano consumo interno,2020,4788.0,399.0,431.0,1,0,False,False
76122|Banano consumo interno,2021,4872.0,406.0,431.0,1,0,False,False
76122|Banano consumo interno,2022,8620.0,431.0,461.0,1,0,False,False
76122|Banano consumo interno,2023,9220.0,461.0,496.0,1,0,False,False
76122|Banano consumo interno,2024,9920.0,496.0,506.7,1,0,False,False
76122|Banano consumo interno,2025,10134.0,506.7,520.7,1,0,False,False
76122|Cacao,2019,20.47,65.0,67.0,1,0,False,False
76122|Cacao,2020,40.6,58.0,77.0,1,0,False,False
76122|Cacao,2021,45.5,65.0,77.0,1,0,False,False
76122|Cacao,2022,38.5,77.0,79.0,1,0,False,False
76122|Cacao,2023,38.5,77.0,84.0,1,0,False,False
76122|Cacao,2024,37.5,75.0,88.0,1,0,False,False
76122|Cacao,2025,37.5,75.0,90.0,1,0,False,False
76122|Café,2019,3550.0,2656.0,3612.0,1,0,False,False
76122|Café,2020,3303.0,2676.0,3566.0,1,0,False,False
76122|Café,2021,3419.9,2735.92,3580.92,1,0,False,False
76122|Café,2022,811.12,2850.43,3609.19,1,0,False,False
76122|Café,2023,698.13,2822.5,3614.37,1,0,False,False
76122|Café,2024,874.63,2821.4,3583.03,1,0,False,False
76122|Café,2025,765.57,2465.88,3162.91,1,0,False,False
76122|Caña de azúcar,2019,13750.0,125.0,125.0,1,0,False,False
76122|Caña de azúcar,2020,13750.0,125.0,125.0,1,0,False,False
76122|Caña de azúcar,2021,13748.62,125.0,125.0,1,0,False,False
76122|Caña de azúcar,2022,10000.0,125.0,135.0,1,0,False,False
76122|Caña de azúcar,2023,10800.0,135.0,140.0,1,0,False,False
76122|Caña de azúcar,2024,10800.0,135.0,149.0,1,0,False,False
76122|Caña de azúcar,2025,11920.0,149.0,159.0,1,0,False,False
76122|Caña panelera,2020,0.0,0.0,22.0,1,0,False,False
76122|Frijol,2019,146.3,151.0,156.0,2,2,True,False
76122|Frijol,2020,140.14,143.0,145.0,2,2,True,False
76122|Frijol,2021,137.89999999999998,125.0,130.0,2,2,True,False
76122|Frijol,2022,122.0,122.0,130.0,2,2,True,False
76122|Frijol,2023,146.0,146.0,150.0,2,2,True,False
76122|Frijol,2024,170.0,170.0,175.0,2,2,True,False
76122|Frijol,2025,118.88,170.0,175.0,2,2,True,False
76122|Guanábana,2019,858.0,78.0,80.0,1,0,False,False
76122|Guanábana,2020,880.0,80.0,80.0,1,0,False,False
76122|Guanábana,2021,880.0,80.0,80.0,1,0,False,False
76122|Guanábana,2022,800.0,80.0,82.0,1,0,False,False
76122|Guanábana,2023,800.0,80.0,87.0,1,0,False,False
76122|Guanábana,2024,800.0,80.0,92.1,1,0,False,False
76122|Guanábana,2025,880.0,80.0,92.1,1,0,False,False
76122|Limón Tahití,2021,1037.33,86.44,86.44,1,0,False,False
76122|Limón Tahití,2022,1296.6,86.44,94.44,1,0,False,False
76122|Limón Tahití,2023,1296.6,86.44,100.44,1,0,False,False
76122|Limón Tahití,2024,1296.6,86.44,109.74,1,0,False,False
76122|Limón Tahití,2025,1469.48,86.44,170.0,1,0,False,False
76122|Mandarina Arrayana y/o Oneco,2020,52.5,7.0,15.0,1,0,False,False
76122|Mandarina Arrayana y/o Oneco,2021,2605.92,260.59,260.59,1,0,False,False
76122|Mandarina Arrayana y/o Oneco,2022,5211.8,260.59,265.59,1,0,False,False
76122|Mandarina Arrayana y/o Oneco,2023,5211.8,260.59,271.59,1,0,False,False
76122|Mandarina Arrayana y/o Oneco,2024,5211.8,260.59,278.39,1,0,False,False
76122|Mandarina Arrayana y/o Oneco,2025,5211.8,260.59,283.0,1,0,False,False
76122|Maracuyá,2020,18.0,6.0,13.0,1,0,False,False
76122|Maracuyá,2021,40.0,10.0,13.0,1,0,False,False
76122|Maracuyá,2022,182.0,13.0,16.0,1,0,False,False
76122|Maracuyá,2023,224.0,16.0,18.0,1,0,False,False
76122|Maracuyá,2024,252.0,18.0,26.7,1,0,False,False
76122|Maracuyá,2025,373.8,26.7,26.7,1,0,False,False
76122|Maíz amarillo tecnificado,2021,3110.71,444.42,444.45000000000005,2,2,True,False
76122|Maíz amarillo tecnificado,2022,2243.8999999999996,386.2,420.57,2,2,True,False
76122|Maíz amarillo tecnificado,2023,2574.24,415.2,435.25,2,2,True,False
76122|Maíz amarillo tecnificado,2024,1830.55,295.25,315.0,2,2,True,False
76122|Maíz amarillo tecnificado,2025,1853.8000000000002,299.0,315.0,2,2,True,False
76122|Maíz amarillo tradicional,2021,245.3,108.84,110.04,2,2,True,False
76122|Maíz amarillo tradicional,2022,104.99000000000001,96.0,102.65,2,2,True,False
76122|Maíz amarillo tradicional,2023,112.65,106.0,110.0,2,2,True,False
76122|Maíz amarillo tradicional,2024,385.77,363.0,329.0,2,2,True,False
76122|Maíz amarillo tradicional,2025,349.07,320.0,327.0,2,2,True,False
76122|Maíz blanco tecnificado,2021,4243.27,606.27,606.36,2,2,True,False
76122|Maíz blanco tecnificado,2022,2758.1,551.5,599.9200000000001,2,2,True,False
76122|Maíz blanco tecnificado,2023,3123.12,600.6,615.8,2,2,True,False
76122|Maíz blanco tecnificado,2024,1586.0,305.0,318.0,2,2,True,False
76122|Maíz blanco tecnificado,2025,1632.8,311.0,320.0,2,2,True,False
76122|Maíz blanco tradicional,2021,132.22,61.16,62.86,2,2,True,False
76122|Maíz blanco tradicional,2022,58.45,55.0,62.0,2,2,True,False
76122|Maíz blanco tradicional,2023,82.89,78.0,82.0,2,2,True,False
76122|Maíz blanco tradicional,2024,215.73,203.0,330.0,2,2,True,False
76122|Maíz blanco tradicional,2025,351.0,326.0,330.0,2,2,True,False
76122|Maíz tecnificado,2019,15080.0,2080.0,2080.0,2,2,True,False
76122|Maíz tecnificado,2020,7362.38,1051.06,1051.06,2,2,True,False
76122|Maíz tradicional,2019,362.5,150.0,160.0,2,2,True,False
76122|Maíz tradicional,2020,469.4,195.0,198.0,2,2,True,False
76122|Naranja Valencia,2020,1874.7,124.98,224.98,1,0,False,False
76122|Naranja Valencia,2021,20514.36,1864.94,1864.94,1,0,False,False
76122|Naranja Valencia,2022,33568.92,1864.94,1869.94,1,0,False,False
76122|Naranja Valencia,2023,33568.92,1864.94,1879.94,1,0,False,False
76122|Naranja Valencia,2024,35433.86,1864.94,1897.34,1,0,False,False
76122|Naranja Valencia,2025,35718.86,1879.94,1897.34,1,0,False,False
76122|Otros cítricos,2019,42680.0,1940.0,1950.0,1,0,False,False
76122|Otros cítricos,2020,23255.98,1938.0,1972.0,1,0,False,False
76122|Pimentón,2022,182.6,8.3,9.0,2,2,True,False
76122|Pimentón,2023,169.4,7.7,8.0,2,2,True,False
76122|Pimentón,2024,327.8,14.9,15.5,2,2,True,False
76122|Pimentón,2025,336.4,14.5,15.0,2,2,True,False
76122|Piña demás variedades,2019,600.0,10.0,10.0,1,0,False,False
76122|Piña demás variedades,2020,81.0,9.0,14.0,1,0,False,False
76122|Piña demás variedades,2021,126.0,14.0,14.0,1,0,False,False
76122|Piña demás variedades,2022,560.0,14.0,17.0,1,0,False,False
76122|Piña demás variedades,2023,680.0,17.0,22.0,1,0,False,False
76122|Piña demás variedades,2024,880.0,22.0,26.2,1,0,False,False
76122|Piña demás variedades,2025,1048.0,26.2,26.2,1,0,False,False
76122|Plátano consumo interno,2019,23594.0,2783.0,2801.0,1,0,False,False
76122|Plátano consumo interno,2020,25371.0,2819.0,2919.0,1,0,False,False
76122|Plátano consumo interno,2021,25371.0,2819.0,2919.0,1,0,False,False
76122|Plátano consumo interno,2022,23352.0,2919.0,2939.0,1,0,False,False
76122|Plátano consumo interno,2023,23512.0,2939.0,2964.0,1,0,False,False
76122|Plátano consumo interno,2024,23712.0,2964.0,2979.6,1,0,False,False
76122|Plátano consumo interno,2025,23836.8,2979.6,3030.0,1,0,False,False
76122|Soya,2020,1120.0,280.0,280.0,2,2,True,False
76122|Soya,2021,850.56,246.0,255.0,2,2,True,False
76122|Soya,2022,930.0,310.0,330.0,2,2,True,False
76122|Soya,2023,1074.0,358.0,370.0,2,2,True,False
76122|Soya,2024,459.0,153.0,157.0,2,2,True,False
76122|Soya,2025,474.6,153.0,157.0,2,2,True,False
76122|Tomate,2019,341.0,15.5,16.0,2,2,True,False
76122|Tomate,2020,352.0,16.0,20.0,2,2,True,False
76122|Tomate,2021,413.89,16.9,17.1,2,2,True,False
76122|Tomate,2022,540.0,18.0,20.0,2,2,True,False
76122|Tomate,2023,660.0,22.0,22.0,2,2,True,False
76122|Tomate,2024,480.0,16.0,16.2,2,2,True,False
76122|Tomate,2025,517.5,16.3,17.0,2,2,True,False
76122|Yuca consumo en fresco,2019,902.0,38.0,38.0,1,1,True,True
76122|Yuca consumo en fresco,2020,874.0,38.0,38.0,1,1,True,True
76122|Yuca consumo en fresco,2021,874.0,38.0,38.0,1,1,True,True
76122|Yuca consumo en fresco,2022,380.0,38.0,39.0,1,1,True,True
76122|Yuca consumo en fresco,2023,370.0,37.0,42.0,1,1,True,True
76122|Yuca consumo en fresco,2024,420.0,42.0,79.0,2,2,True,False
76122|Yuca consumo en fresco,2025,750.0,75.0,110.0,2,2,True,False
76126|Aguacate Hass,2020,111.6,11.16,48.16,1,0,False,False
76126|Aguacate Hass,2021,919.07,51.06,51.06,1,0,False,False
76126|Aguacate Hass,2022,917.28,50.96,82.96,1,0,False,False
76126|Aguacate Hass,2023,899.28,49.96,85.56,1,0,False,False
76126|Aguacate Hass,2024,1540.08,85.56,85.56,1,0,False,False
76126|Aguacate Hass,2025,1540.08,85.56,85.56,1,0,False,False
76126|Aguacate Papelillo,2020,30.53,3.39,12.09,1,0,False,False
76126|Aguacate Papelillo,2021,35.91,12.09,15.09,1,0,False,False
76126|Aguacate Papelillo,2022,44.82,15.09,18.09,1,0,False,False
76126|Aguacate Papelillo,2023,42.27,14.09,20.09,1,0,False,False
76126|Aguacate Papelillo,2024,60.27,20.09,20.09,1,0,False,False
76126|Aguacate Papelillo,2025,60.27,20.09,20.09,1,0,False,False
76126|Aguacate demás variedades,2019,464.0,58.0,79.5,1,0,False,False
76126|Aguacate demás variedades,2020,471.58,58.95,59.95,1,0,False,False
76126|Aguacate demás variedades,2021,933.42,62.23,62.23,1,0,False,False
76126|Aguacate demás variedades,2022,933.45,62.23,65.23,1,0,False,False
76126|Aguacate demás variedades,2023,913.95,60.93,66.93,1,0,False,False
76126|Aguacate demás variedades,2024,1003.95,66.93,66.93,1,0,False,False
76126|Aguacate demás variedades,2025,1003.95,66.93,66.93,1,0,False,False
76126|Ahuyama,2019,1280.0,64.0,64.0,2,2,True,False
76126|Ahuyama,2020,1220.0,61.0,61.0,2,2,True,False
76126|Ahuyama,2021,280.8,12.78,12.78,2,2,True,False
76126|Ahuyama,2022,595.64,29.5,29.5,2,2,True,False
76126|Ahuyama,2023,863.1400000000001,43.54,56.9,2,2,True,False
76126|Ahuyama,2024,487.0,25.0,25.0,2,2,True,False
76126|Ahuyama,2025,494.0,26.0,26.0,2,2,True,False
76126|Ají,2019,64.0,4.0,4.0,1,1,True,True
76126|Arracacha,2021,4.6,0.64,0.64,1,1,True,True
76126|Arracacha,2022,0.0,0.0,1.0,1,1,True,True
76126|Arracacha,2025,3.5,0.5,0.5,2,2,True,False
76126|Arveja,2019,11.55,5.5,5.5,2,2,True,False
76126|Arveja,2020,11.3,5.5,5.5,2,2,True,False
76126|Arveja,2021,1.87,2.0,2.0,1,1,True,True
76126|Arveja,2022,0.33,1.0,1.0,1,1,True,True
76126|Arveja,2023,0.31,1.0,1.0,1,1,True,True
76126|Arveja,2024,0.31,1.0,1.0,1,1,True,True
76126|Arveja,2025,0.31,1.0,1.0,1,1,True,True
76126|Banano consumo interno,2019,30.0,2.5,2.5,1,0,False,False
76126|Banano consumo interno,2020,54.72,4.56,4.56,1,0,False,False
76126|Banano consumo interno,2021,106.16,4.56,4.56,1,0,False,False
76126|Banano consumo interno,2022,59.6,2.56,4.56,1,0,False,False
76126|Banano consumo interno,2023,58.88,2.56,6.46,1,0,False,False
76126|Banano consumo interno,2025,0.0,0.0,1.0,1,0,False,False
76126|Cacao,2019,1.2,2.0,2.0,1,0,False,False
76126|Cacao,2020,1.2,2.0,3.0,1,0,False,False
76126|Cacao,2022,2.1,3.5,3.5,1,0,False,False
76126|Cacao,2023,2.1,3.5,3.5,1,0,False,False
76126|Cacao,2024,2.1,3.5,5.5,1,0,False,False
76126|Cacao,2025,2.1,3.5,5.5,1,0,False,False
76126|Café,2019,390.0,298.0,355.0,1,0,False,False
76126|Café,2020,345.0,286.0,334.0,1,0,False,False
76126|Café,2021,381.29,280.36,330.46,1,0,False,False
76126|Café,2022,337.28,290.74,334.42,1,0,False,False
76126|Café,2023,432.83,300.3,333.08,1,0,False,False
76126|Café,2024,522.04,293.28,339.23,1,0,False,False
76126|Café,2025,465.37,261.05,327.27,1,0,False,False
76126|Caña panelera,2019,7160.0,89.5,89.5,1,0,False,False
76126|Caña panelera,2020,6920.0,86.5,88.5,1,0,False,False
76126|Caña panelera,2021,7560.0,94.5,95.5,1,0,False,False
76126|Caña panelera,2022,7480.0,93.5,108.5,1,0,False,False
76126|Caña panelera,2023,8600.0,107.5,122.5,1,0,False,False
76126|Caña panelera,2024,9800.0,122.5,122.5,1,0,False,False
76126|Caña panelera,2025,9800.0,122.5,122.5,1,0,False,False
76126|Cebolla de rama,2020,1.85,0.5700000000000001,0.5700000000000001,2,2,True,False
76126|Cilantro,2020,0.5,0.5,0.5,2,2,True,False
76126|Durazno o albaricoque,2019,0.0,0.0,3.0,1,0,False,False
76126|Frijol,2019,30.0,30.0,30.0,2,2,True,False
76126|Frijol,2020,28.0,28.0,28.0,2,2,True,False
76126|Frijol,2021,24.41,14.11,14.11,2,2,True,False
76126|Frijol,2022,13.09,14.4,14.4,2,2,True,False
76126|Frijol,2023,11.66,12.88,12.88,2,2,True,False
76126|Frijol,2024,5.85,6.5,6.5,2,2,True,False
76126|Frijol,2025,5.26,7.0,7.5,2,2,True,False
76126|Granadilla,2019,24.0,3.0,3.0,1,0,False,False
76126|Granadilla,2020,8.0,1.0,2.0,1,0,False,False
76126|Granadilla,2021,9.31,0.4,0.4,1,0,False,False
76126|Granadilla,2022,9.31,0.4,10.36,1,0,False,False
76126|Granadilla,2023,69.64,8.36,18.36,1,0,False,False
76126|Granadilla,2024,102.96,12.36,12.36,1,0,False,False
76126|Granadilla,2025,102.96,12.36,12.36,1,0,False,False
76126|Guayaba,2019,50.0,5.0,5.0,1,0,False,False
76126|Guayaba,2020,30.0,3.0,4.0,1,0,False,False
76126|Guayaba,2021,87.52,4.0,5.0,1,0,False,False
76126|Guayaba,2022,109.4,5.0,9.8,1,0,False,False
76126|Guayaba,2023,109.5,5.0,13.8,1,0,False,False
76126|Guayaba,2024,302.22,13.8,13.8,1,0,False,False
76126|Guayaba,2025,302.22,13.8,13.8,1,0,False,False
76126|Gulupa o cholupa,2019,62.5,2.5,2.5,1,0,False,False
76126|Gulupa o cholupa,2020,12.5,0.5,1.5,1,0,False,False
76126|Habichuela,2019,576.0,72.0,72.0,2,2,True,False
76126|Habichuela,2020,416.0,52.0,52.0,2,2,True,False
76126|Habichuela,2021,301.65,26.34,26.34,2,2,True,False
76126|Habichuela,2022,354.2,32.2,32.2,2,2,True,False
76126|Habichuela,2023,378.64,35.59,35.59,2,2,True,False
76126|Habichuela,2024,179.8,17.0,17.0,2,2,True,False
76126|Habichuela,2025,155.0,15.5,18.5,2,2,True,False
76126|Lulo,2019,1590.0,106.0,136.0,1,0,False,False
76126|Lulo,2020,2023.8,134.92,135.92,1,0,False,False
76126|Lulo,2021,3270.52,147.72,150.72,1,0,False,False
76126|Lulo,2022,2539.9,114.72,195.26,1,0,False,False
76126|Lulo,2023,2865.08,187.26,215.16,1,0,False,False
76126|Lulo,2024,2297.45,150.16,150.16,1,0,False,False
76126|Lulo,2025,2297.45,150.16,152.16,1,0,False,False
76126|Mandarina Arrayana y/o Oneco,2021,28.17,1.97,2.37,1,0,False,False
76126|Mandarina Arrayana y/o Oneco,2022,33.89,2.37,3.37,1,0,False,False
76126|Mandarina Arrayana y/o Oneco,2023,33.89,2.37,4.37,1,0,False,False
76126|Mandarina Arrayana y/o Oneco,2024,62.49,4.37,5.37,1,0,False,False
76126|Mandarina Arrayana y/o Oneco,2025,62.49,4.37,5.37,1,0,False,False
76126|Maracuyá,2021,0.0,0.0,1.0,1,0,False,False
76126|Maracuyá,2022,26.67,1.0,4.05,1,0,False,False
76126|Maracuyá,2023,108.14,4.05,7.55,1,0,False,False
76126|Maracuyá,2024,201.58,7.55,7.55,1,0,False,False
76126|Maracuyá,2025,188.24,7.05,9.05,1,0,False,False
76126|Maíz amarillo tecnificado,2023,5.03,4.5,4.5,1,1,True,True
76126|Maíz amarillo tecnificado,2024,4.47,4.0,4.0,1,1,True,True
76126|Maíz amarillo tradicional,2021,14.71,13.149999999999999,13.149999999999999,2,2,True,False
76126|Maíz amarillo tradicional,2022,31.32,28.0,28.0,2,2,True,False
76126|Maíz amarillo tradicional,2023,26.85,24.0,24.0,2,2,True,False
76126|Maíz amarillo tradicional,2024,21.25,19.0,19.0,2,2,True,False
76126|Maíz amarillo tradicional,2025,7.83,7.0,7.0,1,1,True,True
76126|Maíz blanco tradicional,2021,4.52,4.04,4.04,1,1,True,True
76126|Maíz blanco tradicional,2022,17.34,12.4,12.4,1,1,True,True
76126|Maíz blanco tradicional,2023,45.16,32.3,32.3,2,2,True,False
76126|Maíz blanco tradicional,2024,24.05,19.0,19.0,2,2,True,False
76126|Maíz blanco tradicional,2025,22.65,18.0,18.0,2,2,True,False
76126|Maíz tradicional,2019,88.0,44.0,44.0,2,2,True,False
76126|Maíz tradicional,2020,32.0,16.0,16.0,2,2,True,False
76126|Mora,2019,96.0,12.0,12.0,1,0,False,False
76126|Mora,2020,80.0,10.0,11.0,1,0,False,False
76126|Mora,2021,94.86,10.3,13.3,1,0,False,False
76126|Mora,2022,122.49,13.3,17.87,1,0,False,False
76126|Mora,2023,164.4,17.87,23.37,1,0,False,False
76126|Mora,2024,141.4,15.37,15.37,1,0,False,False
76126|Mora,2025,141.4,15.37,15.37,1,0,False,False
76126|Naranja Valencia,2021,76.2,9.15,11.21,1,0,False,False
76126|Naranja Valencia,2022,93.38,11.21,15.41,1,0,False,False
76126|Naranja Valencia,2023,93.04,11.21,19.41,1,0,False,False
76126|Naranja Valencia,2024,161.1,19.41,20.41,1,0,False,False
76126|Naranja Valencia,2025,161.1,19.41,20.41,1,0,False,False
76126|Otros cítricos,2019,120.0,12.0,12.0,1,0,False,False
76126|Otros cítricos,2020,90.0,9.0,11.0,1,0,False,False
76126|Pepino cohombro,2019,850.0,34.0,34.0,2,2,True,False
76126|Pepino cohombro,2020,785.0,32.0,32.0,2,2,True,False
76126|Pepino cohombro,2021,449.95,12.6,12.6,2,2,True,False
76126|Pepino cohombro,2022,842.04,25.5,25.5,2,2,True,False
76126|Pepino cohombro,2023,913.9200000000001,28.5,28.5,2,2,True,False
76126|Pepino cohombro,2024,517.52,15.0,15.0,2,2,True,False
76126|Pepino cohombro,2025,560.0,20.0,20.0,2,2,True,False
76126|Pimentón,2019,1278.0,78.0,78.0,2,2,True,False
76126|Pimentón,2020,830.0,53.0,53.0,2,2,True,False
76126|Pimentón,2021,466.3,16.78,16.78,2,2,True,False
76126|Pimentón,2022,446.51,19.9,19.9,2,2,True,False
76126|Pimentón,2023,505.74,21.89,21.89,2,2,True,False
76126|Pimentón,2024,529.48,20.0,20.0,2,2,True,False
76126|Pimentón,2025,580.69,22.0,23.0,2,2,True,False
76126|Plátano consumo interno,2019,1672.0,209.0,219.0,1,0,False,False
76126|Plátano consumo interno,2020,1736.0,217.0,241.47,1,0,False,False
76126|Plátano consumo interno,2021,3243.32,267.16,290.25,1,0,False,False
76126|Plátano consumo interno,2022,3462.94,285.25,339.05,1,0,False,False
76126|Plátano consumo interno,2023,4078.3,337.05,365.35,1,0,False,False
76126|Plátano consumo interno,2024,3634.24,300.35,300.35,1,0,False,False
76126|Plátano consumo interno,2025,3634.24,300.35,300.35,1,0,False,False
76126|Sacha inchi,2019,27.0,18.0,18.0,1,0,False,False
76126|Sacha inchi,2020,24.0,16.0,17.0,1,0,False,False
76126|Sábila,2019,1.5,1.0,1.0,1,0,False,False
76126|Sábila,2020,1.5,1.0,2.0,1,0,False,False
76126|Sábila,2022,0.0,0.0,3.0,1,0,False,False
76126|Sábila,2023,6.0,3.0,3.4,1,0,False,False
76126|Sábila,2024,2.8,1.4,1.4,1,0,False,False
76126|Tomate,2019,2436.0,96.0,96.0,2,2,True,False
76126|Tomate,2020,2125.0,85.0,85.0,2,2,True,False
76126|Tomate,2021,666.3,20.0,20.0,2,2,True,False
76126|Tomate,2022,1306.84,27.8,27.8,2,2,True,False
76126|Tomate,2023,777.11,18.119999999999997,18.119999999999997,2,2,True,False
76126|Tomate,2024,677.52,14.0,14.0,2,2,True,False
76126|Tomate,2025,773.52,16.0,16.0,2,2,True,False
76126|Tomate invernadero,2021,795.48,7.0,7.0,1,1,True,True
76126|Tomate invernadero,2022,1852.0700000000002,29.8,29.8,2,2,True,False
76126|Tomate invernadero,2023,3458.75,31.3,31.3,2,2,True,False
76126|Tomate invernadero,2024,5083.0,46.0,46.0,2,2,True,False
76126|Tomate invernadero,2025,5525.0,50.0,50.0,2,2,True,False
76126|Uchuva,2021,0.63,0.2,0.2,1,0,False,False
76126|Uchuva,2022,0.63,0.2,0.4,1,0,False,False
76126|Uchuva,2023,1.33,0.4,0.6,1,0,False,False
76126|Uchuva,2024,2.0,0.6,0.6,1,0,False,False
76126|Uchuva,2025,2.0,0.6,0.6,1,0,False,False
76126|Yuca consumo en fresco,2019,270.0,18.0,18.0,1,1,True,True
76126|Yuca consumo en fresco,2020,237.48,16.92,116.92,2,2,True,False
76126|Yuca consumo en fresco,2021,122.72999999999999,8.68,8.68,2,2,True,False
76126|Yuca consumo en fresco,2022,99.68,8.68,11.100000000000001,2,2,True,False
76126|Yuca consumo en fresco,2023,146.27,11.600000000000001,11.350000000000001,2,2,True,False
76126|Yuca consumo en fresco,2024,217.89,16.65,10.0,2,2,True,False
76126|Yuca consumo en fresco,2025,103.2,8.0,8.0,2,2,True,False
76130|Ahuyama,2019,58.8,4.9,4.9,2,2,True,False
76130|Ahuyama,2020,331.0,9.0,9.0,2,2,True,False
76130|Ahuyama,2021,198.0,8.0,8.0,2,2,True,False
76130|Ahuyama,2022,96.0,5.0,5.0,2,2,True,False
76130|Ahuyama,2023,140.0,7.0,7.0,2,2,True,False
76130|Ahuyama,2024,100.0,5.0,5.0,2,2,True,False
76130|Ahuyama,2025,140.0,7.0,7.0,2,2,True,False
76130|Cacao,2019,0.7,2.5,3.2,1,0,False,False
76130|Cacao,2020,1.8,2.7,6.7,1,0,False,False
76130|Cacao,2021,5.56,6.7,6.7,1,0,False,False
76130|Cacao,2022,5.36,6.7,6.7,1,0,False,False
76130|Cacao,2023,6.03,6.7,9.7,1,0,False,False
76130|Cacao,2024,6.03,6.7,9.7,1,0,False,False
76130|Cacao,2025,8.73,9.7,9.7,1,0,False,False
76130|Caña de azúcar,2019,2752360.0,21172.0,24700.0,1,0,False,False
76130|Caña de azúcar,2020,2752360.0,21172.0,24700.0,1,0,False,False
76130|Caña de azúcar,2021,2604120.0,21701.0,24701.0,1,0,False,False
76130|Caña de azúcar,2022,2961720.0,24681.0,24691.0,1,0,False,False
76130|Caña de azúcar,2023,3012302.0,24691.0,25391.0,1,0,False,False
76130|Caña de azúcar,2024,3097702.0,25391.0,25391.0,1,0,False,False
76130|Caña de azúcar,2025,3097702.0,25391.0,25391.0,1,0,False,False
76130|Caña panelera,2019,74425.0,1145.0,1272.0,1,0,False,False
76130|Caña panelera,2020,74425.0,1145.0,1272.0,1,0,False,False
76130|Caña panelera,2021,65000.0,1000.0,1272.0,1,0,False,False
76130|Caña panelera,2022,82647.5,1271.5,1271.5,1,0,False,False
76130|Caña panelera,2023,82647.5,1271.5,1281.5,1,0,False,False
76130|Caña panelera,2024,83297.5,1281.5,1281.5,1,0,False,False
76130|Caña panelera,2025,89705.0,1281.5,1281.5,1,0,False,False
76130|Cilantro,2019,188.0,23.5,23.5,2,2,True,False
76130|Cilantro,2020,20.0,17.0,17.0,2,2,True,False
76130|Cilantro,2021,38.0,18.0,18.0,2,2,True,False
76130|Cilantro,2022,23.0,11.5,11.5,2,2,True,False
76130|Cilantro,2023,32.0,16.0,16.0,2,2,True,False
76130|Cilantro,2024,38.0,19.0,19.0,2,2,True,False
76130|Cilantro,2025,44.0,20.0,20.0,2,2,True,False
76130|Guayaba,2019,210.0,14.0,14.0,1,0,False,False
76130|Guayaba,2020,210.0,14.0,14.0,1,0,False,False
76130|Guayaba,2021,210.0,14.0,14.0,1,0,False,False
76130|Guayaba,2022,210.0,14.0,14.0,1,0,False,False
76130|Guayaba,2023,179.2,14.0,14.0,1,0,False,False
76130|Guayaba,2024,140.8,11.0,11.0,1,0,False,False
76130|Guayaba,2025,143.0,11.0,11.0,1,0,False,False
76130|Habichuela,2019,80.5,11.5,11.5,2,2,True,False
76130|Habichuela,2020,96.0,7.0,7.0,2,2,True,False
76130|Habichuela,2021,77.0,7.0,7.0,2,2,True,False
76130|Habichuela,2022,53.0,5.0,5.0,2,2,True,False
76130|Habichuela,2023,88.0,8.0,8.0,2,2,True,False
76130|Habichuela,2024,63.0,6.0,6.0,2,2,True,False
76130|Habichuela,2025,66.0,6.0,6.0,2,2,True,False
76130|Limón Tahití,2021,40.82,2.15,2.15,1,0,False,False
76130|Limón Tahití,2022,17.0,0.85,2.35,1,0,False,False
76130|Limón Tahití,2023,11.88,0.55,3.05,1,0,False,False
76130|Limón Tahití,2024,44.28,2.05,4.05,1,0,False,False
76130|Limón Tahití,2025,67.1,3.05,4.05,1,0,False,False
76130|Mandarina Arrayana y/o Oneco,2021,130.52,3.26,3.26,1,0,False,False
76130|Mandarina Arrayana y/o Oneco,2022,65.2,3.26,3.26,1,0,False,False
76130|Mandarina Arrayana y/o Oneco,2023,58.68,3.26,3.26,1,0,False,False
76130|Mandarina Arrayana y/o Oneco,2024,58.68,3.26,3.26,1,0,False,False
76130|Mandarina Arrayana y/o Oneco,2025,58.68,3.26,3.26,1,0,False,False
76130|Maracuyá,2019,381.6,12.71,13.02,1,0,False,False
76130|Maracuyá,2020,396.6,13.22,13.52,1,0,False,False
76130|Maracuyá,2021,402.49,13.52,13.52,1,0,False,False
76130|Maracuyá,2022,240.4,12.02,14.02,1,0,False,False
76130|Maracuyá,2023,246.06,13.52,16.52,1,0,False,False
76130|Maracuyá,2024,282.46,15.52,15.52,1,0,False,False
76130|Maracuyá,2025,310.4,15.52,15.52,1,0,False,False
76130|Maíz amarillo tecnificado,2021,150.0,29.0,30.0,2,2,True,False
76130|Maíz amarillo tecnificado,2022,125.19999999999999,25.0,25.0,2,2,True,False
76130|Maíz amarillo tecnificado,2023,160.0,32.0,32.0,2,2,True,False
76130|Maíz amarillo tecnificado,2024,110.0,22.0,22.0,2,2,True,False
76130|Maíz amarillo tecnificado,2025,120.0,24.0,24.0,2,2,True,False
76130|Maíz blanco tecnificado,2021,376.0,64.0,64.0,2,2,True,False
76130|Maíz blanco tecnificado,2022,269.0,55.0,55.0,2,2,True,False
76130|Maíz blanco tecnificado,2023,176.0,44.0,44.0,2,2,True,False
76130|Maíz blanco tecnificado,2024,160.0,40.0,40.0,2,2,True,False
76130|Maíz blanco tecnificado,2025,160.0,40.0,40.0,2,2,True,False
76130|Maíz tecnificado,2019,584.0,73.0,73.0,2,2,True,False
76130|Maíz tecnificado,2020,950.0,95.0,95.0,2,2,True,False
76130|Naranja Valencia,2021,653.66,21.79,21.79,1,0,False,False
76130|Naranja Valencia,2022,374.22,20.79,20.79,1,0,False,False
76130|Naranja Valencia,2023,378.38,20.79,20.79,1,0,False,False
76130|Naranja Valencia,2024,323.78,17.79,17.79,1,0,False,False
76130|Naranja Valencia,2025,355.8,17.79,17.79,1,0,False,False
76130|Otros cítricos,2019,261.8,21.4,26.2,1,0,False,False
76130|Otros cítricos,2020,314.4,26.2,26.2,1,0,False,False
76130|Pepino cohombro,2019,390.6,12.6,12.6,2,2,True,False
76130|Pepino cohombro,2020,305.0,6.0,6.0,2,2,True,False
76130|Pepino cohombro,2021,151.0,6.0,6.0,2,2,True,False
76130|Pepino cohombro,2022,222.0,6.0,6.0,2,2,True,False
76130|Pepino cohombro,2023,165.0,6.0,6.0,2,2,True,False
76130|Pepino cohombro,2024,110.0,4.0,5.0,2,2,True,False
76130|Pepino cohombro,2025,210.0,7.0,7.0,2,2,True,False
76130|Pimentón,2019,56.4,4.7,4.7,2,2,True,False
76130|Pimentón,2020,93.0,2.0,2.0,2,2,True,False
76130|Pimentón,2021,238.0,8.0,8.0,2,2,True,False
76130|Pimentón,2022,72.0,6.0,7.0,2,2,True,False
76130|Pimentón,2023,96.0,8.0,8.0,2,2,True,False
76130|Pimentón,2024,60.0,5.0,5.0,2,2,True,False
76130|Pimentón,2025,75.0,6.0,6.0,2,2,True,False
76130|Plantas aromáticas,2019,15.0,6.0,6.0,2,2,True,False
76130|Plantas aromáticas,2020,20.0,9.0,9.0,2,2,True,False
76130|Plantas aromáticas,2021,27.0,4.5,4.5,1,0,False,False
76130|Plantas aromáticas,2022,13.5,4.5,4.5,1,0,False,False
76130|Plantas aromáticas,2023,10.5,3.5,4.5,1,0,False,False
76130|Plantas aromáticas,2024,13.5,4.5,5.5,1,0,False,False
76130|Plantas aromáticas,2025,17.6,5.5,5.5,1,0,False,False
76130|Plátano consumo interno,2019,69.0,6.9,6.9,1,0,False,False
76130|Plátano consumo interno,2020,51.8,7.4,7.4,1,0,False,False
76130|Plátano consumo interno,2021,88.8,7.4,7.4,1,0,False,False
76130|Plátano consumo interno,2022,56.8,7.1,7.6,1,0,False,False
76130|Plátano consumo interno,2023,55.48,7.3,9.3,1,0,False,False
76130|Plátano consumo interno,2024,70.68,9.3,9.3,1,0,False,False
76130|Plátano consumo interno,2025,79.05,9.3,9.3,1,0,False,False
76130|Tomate,2019,442.0,26.0,26.0,2,2,True,False
76130|Tomate,2020,350.0,7.0,7.0,2,2,True,False
76130|Tomate,2021,244.0,6.0,6.0,2,2,True,False
76130|Tomate,2022,380.0,7.5,7.5,2,2,True,False
76130|Tomate,2023,405.5,8.5,8.5,2,2,True,False
76130|Tomate,2024,174.0,4.0,4.0,2,2,True,False
76130|Tomate,2025,188.0,4.0,4.0,2,2,True,False
76147|Aguacate Papelillo,2020,160.16,20.02,21.02,1,0,False,False
76147|Aguacate Papelillo,2021,200.2,20.02,20.02,1,0,False,False
76147|Aguacate Papelillo,2022,88.16,11.02,11.02,1,0,False,False
76147|Aguacate Papelillo,2023,242.44,11.02,11.02,1,0,False,False
76147|Aguacate Papelillo,2024,4642.44,211.02,211.02,1,0,False,False
76147|Aguacate Papelillo,2025,4642.44,211.02,211.02,1,0,False,False
76147|Aguacate demás variedades,2019,202.0,20.2,21.2,1,0,False,False
76147|Ahuyama,2019,2.1,0.3,1.0,1,1,True,True
76147|Banano consumo interno,2019,306.0,34.0,35.0,1,0,False,False
76147|Banano consumo interno,2020,315.0,35.0,35.0,1,0,False,False
76147|Banano consumo interno,2021,525.0,35.0,35.0,1,0,False,False
76147|Banano consumo interno,2022,350.0,35.0,35.0,1,0,False,False
76147|Banano consumo interno,2023,700.0,35.0,35.0,1,0,False,False
76147|Banano consumo interno,2024,700.0,35.0,35.0,1,0,False,False
76147|Banano consumo interno,2025,665.0,35.0,37.0,1,0,False,False
76147|Cacao,2019,1.96,7.0,21.0,1,0,False,False
76147|Cacao,2020,16.8,21.0,21.0,1,0,False,False
76147|Cacao,2021,14.4,18.0,18.0,1,0,False,False
76147|Cacao,2022,4.2,6.0,6.0,1,0,False,False
76147|Cacao,2023,6.0,6.0,6.0,1,0,False,False
76147|Cacao,2024,6.0,6.0,6.0,1,0,False,False
76147|Cacao,2025,6.6,6.0,6.0,1,0,False,False
76147|Café,2019,354.0,275.0,318.8,1,0,False,False
76147|Café,2020,300.0,252.0,303.0,1,0,False,False
76147|Café,2021,269.57,247.31,304.48,1,0,False,False
76147|Café,2022,242.37,256.76,304.97,1,0,False,False
76147|Café,2023,80.0,263.33,305.9,1,0,False,False
76147|Café,2024,396.41,266.05,305.76,1,0,False,False
76147|Café,2025,361.11,240.38,281.23,1,0,False,False
76147|Caña de azúcar,2019,533755.6,4202.8,4302.8,1,0,False,False
76147|Caña de azúcar,2020,546455.6,4302.08,4302.8,1,0,False,False
76147|Caña de azúcar,2021,528018.1,4302.8,4322.8,1,0,False,False
76147|Caña de azúcar,2022,648420.0,4322.8,4372.8,1,0,False,False
76147|Caña de azúcar,2023,655920.0,4372.8,4372.8,1,0,False,False
76147|Caña de azúcar,2024,655920.0,4372.8,4372.8,1,0,False,False
76147|Caña de azúcar,2025,655920.0,4372.8,4726.8,1,0,False,False
76147|Caña panelera,2019,960.0,12.8,12.8,1,0,False,False
76147|Caña panelera,2020,960.0,12.8,12.8,1,0,False,False
76147|Caña panelera,2021,960.0,12.8,12.8,1,0,False,False
76147|Caña panelera,2022,960.0,12.8,12.8,1,0,False,False
76147|Caña panelera,2023,960.0,12.8,12.8,1,0,False,False
76147|Caña panelera,2024,960.0,12.8,12.8,1,0,False,False
76147|Caña panelera,2025,960.0,12.8,44.8,1,0,False,False
76147|Frijol,2019,25.0,25.0,25.0,2,2,True,False
76147|Frijol,2020,25.0,25.0,25.0,2,2,True,False
76147|Frijol,2021,18.9,12.6,12.6,2,2,True,False
76147|Frijol,2022,1.0,2.0,3.0,2,2,True,False
76147|Frijol,2023,6.0,4.0,4.0,2,2,True,False
76147|Frijol,2024,3.0,2.0,6.0,2,2,True,False
76147|Frijol,2025,7.0,6.0,5.0,2,2,True,False
76147|Guanábana,2019,90.0,15.0,15.0,1,0,False,False
76147|Guanábana,2020,60.0,10.0,10.0,1,0,False,False
76147|Guanábana,2021,80.0,10.0,10.0,1,0,False,False
76147|Guanábana,2022,250.0,10.0,10.0,1,0,False,False
76147|Guanábana,2023,180.0,10.0,10.0,1,0,False,False
76147|Guanábana,2024,180.0,10.0,10.0,1,0,False,False
76147|Guanábana,2025,220.0,10.0,10.0,1,0,False,False
76147|Guayaba,2019,30.0,3.0,3.0,1,0,False,False
76147|Guayaba,2020,30.0,3.0,3.0,1,0,False,False
76147|Guayaba,2021,30.0,3.0,3.0,1,0,False,False
76147|Guayaba,2022,105.0,3.0,3.0,1,0,False,False
76147|Guayaba,2023,78.0,3.0,3.0,1,0,False,False
76147|Guayaba,2024,78.0,3.0,3.0,1,0,False,False
76147|Guayaba,2025,78.0,3.0,3.0,1,0,False,False
76147|Limón Tahití,2020,138.0,9.2,10.2,1,0,False,False
76147|Limón Tahití,2021,143.06,9.54,18.54,1,0,False,False
76147|Limón Tahití,2022,463.5,18.54,18.54,1,0,False,False
76147|Limón Tahití,2023,389.34,18.54,18.54,1,0,False,False
76147|Limón Tahití,2024,389.34,18.54,18.54,1,0,False,False
76147|Limón Tahití,2025,389.34,18.54,18.54,1,0,False,False
76147|Mandarina Arrayana y/o Oneco,2020,860.0,43.0,44.0,1,0,False,False
76147|Mandarina Arrayana y/o Oneco,2021,859.95,43.0,67.69,1,0,False,False
76147|Mandarina Arrayana y/o Oneco,2022,2707.6,67.69,67.69,1,0,False,False
76147|Mandarina Arrayana y/o Oneco,2023,2030.7,67.69,67.69,1,0,False,False
76147|Mandarina Arrayana y/o Oneco,2024,2030.7,67.69,67.69,1,0,False,False
76147|Mandarina Arrayana y/o Oneco,2025,2030.7,67.69,67.69,1,0,False,False
76147|Maracuyá,2021,40.0,4.0,4.0,1,0,False,False
76147|Maracuyá,2022,80.0,4.0,4.0,1,0,False,False
76147|Maracuyá,2023,102.0,4.0,4.0,1,0,False,False
76147|Maracuyá,2024,102.0,4.0,4.0,1,0,False,False
76147|Maracuyá,2025,102.0,4.0,4.0,1,0,False,False
76147|Maíz amarillo tecnificado,2021,4063.5,541.8,541.8,2,2,True,False
76147|Maíz amarillo tecnificado,2022,3397.5,453.0,334.6,2,2,True,False
76147|Maíz amarillo tecnificado,2023,1936.0,242.0,357.0,2,2,True,False
76147|Maíz amarillo tecnificado,2024,933.0,131.0,121.0,2,2,True,False
76147|Maíz amarillo tecnificado,2025,3336.0,417.0,373.0,2,2,True,False
76147|Maíz amarillo tradicional,2021,34.5,10.5,10.5,2,2,True,False
76147|Maíz amarillo tradicional,2022,2.0,2.0,3.0,2,2,True,False
76147|Maíz amarillo tradicional,2023,15.0,5.0,5.0,2,2,True,False
76147|Maíz amarillo tradicional,2024,15.0,5.0,13.0,2,2,True,False
76147|Maíz amarillo tradicional,2025,36.0,12.0,9.0,2,2,True,False
76147|Maíz blanco tecnificado,2021,6962.9,921.0,921.0,2,2,True,False
76147|Maíz blanco tecnificado,2022,4522.5,603.0,942.8,2,2,True,False
76147|Maíz blanco tecnificado,2023,6202.5,827.0,827.0,2,2,True,False
76147|Maíz blanco tecnificado,2024,8175.0,1090.0,1135.0,2,2,True,False
76147|Maíz blanco tecnificado,2025,8149.0,1060.0,1219.0,2,2,True,False
76147|Maíz tecnificado,2019,14742.75,1965.7,1965.7,2,2,True,False
76147|Maíz tecnificado,2020,14084.48,1890.4,1890.4,2,2,True,False
76147|Maíz tradicional,2019,45.0,30.0,30.0,2,2,True,False
76147|Maíz tradicional,2020,45.0,30.0,30.0,2,2,True,False
76147|Naranja Valencia,2020,5425.0,155.0,156.0,1,0,False,False
76147|Naranja Valencia,2021,5586.3,155.17,314.17,1,0,False,False
76147|Naranja Valencia,2022,12566.8,314.17,314.17,1,0,False,False
76147|Naranja Valencia,2023,10053.44,314.17,314.17,1,0,False,False
76147|Naranja Valencia,2024,10053.44,314.17,314.17,1,0,False,False
76147|Naranja Valencia,2025,10053.44,314.17,314.17,1,0,False,False
76147|Otros cítricos,2019,6345.0,201.0,210.2,1,0,False,False
76147|Otros cítricos,2020,0.0,0.0,190.2,1,0,False,False
76147|Plátano consumo interno,2019,1548.0,172.0,174.0,1,0,False,False
76147|Plátano consumo interno,2020,1548.0,172.0,174.0,1,0,False,False
76147|Plátano consumo interno,2021,1841.4,180.0,180.0,1,0,False,False
76147|Plátano consumo interno,2022,2550.0,170.0,170.0,1,0,False,False
76147|Plátano consumo interno,2023,1870.0,170.0,170.0,1,0,False,False
76147|Plátano consumo interno,2024,1870.0,170.0,170.0,1,0,False,False
76147|Plátano consumo interno,2025,2550.0,170.0,170.0,1,0,False,False
76147|Sorgo,2022,0.0,0.0,10.0,1,1,True,True
76147|Soya,2019,767.52,245.74,245.74,2,2,True,False
76147|Soya,2020,791.4000000000001,253.7,253.7,2,2,True,False
76147|Soya,2021,2180.15,622.9,622.9,2,2,True,False
76147|Soya,2022,1560.6,520.2,412.2,2,2,True,False
76147|Soya,2023,1509.0,503.0,503.0,2,2,True,False
76147|Soya,2024,3360.0,1120.0,1203.0,2,2,True,False
76147|Soya,2025,1941.0,647.0,342.0,2,2,True,False
76233|Aguacate demás variedades,2019,960.0,120.0,200.0,1,0,False,False
76233|Aguacate demás variedades,2020,1400.0,140.0,200.0,1,0,False,False
76233|Aguacate demás variedades,2021,1800.0,200.0,200.0,1,0,False,False
76233|Aguacate demás variedades,2022,2000.0,200.0,220.0,1,0,False,False
76233|Aguacate demás variedades,2023,2000.0,200.0,220.0,1,0,False,False
76233|Aguacate demás variedades,2024,2200.0,220.0,220.0,1,0,False,False
76233|Aguacate demás variedades,2025,2420.0,220.0,220.0,1,0,False,False
76233|Ahuyama,2019,760.0,65.0,135.0,2,2,True,False
76233|Ahuyama,2020,1232.0,66.0,110.0,2,2,True,False
76233|Ahuyama,2021,2400.0,80.0,110.0,2,2,True,False
76233|Ahuyama,2022,2368.0,80.0,80.0,2,2,True,False
76233|Ahuyama,2023,3780.0,130.0,130.0,2,2,True,False
76233|Ahuyama,2024,3716.0,127.0,130.0,2,2,True,False
76233|Ahuyama,2025,3660.0,125.0,130.0,2,2,True,False
76233|Ají,2020,180.0,12.0,15.0,1,1,True,True
76233|Ají,2021,200.0,10.0,15.0,1,1,True,True
76233|Ají,2022,300.0,15.0,15.0,1,1,True,True
76233|Ají,2023,300.0,15.0,15.0,1,1,True,True
76233|Ají,2024,200.0,10.0,15.0,1,1,True,True
76233|Ají,2025,200.0,10.0,10.0,1,1,True,True
76233|Arracacha,2019,238.0,28.0,35.0,2,2,True,False
76233|Banano consumo interno,2019,1020.0,85.0,135.0,1,0,False,False
76233|Banano consumo interno,2020,1040.0,130.0,130.0,1,0,False,False
76233|Banano consumo interno,2021,650.0,130.0,130.0,1,0,False,False
76233|Banano consumo interno,2022,1820.0,130.0,142.0,1,0,False,False
76233|Banano consumo interno,2023,1988.0,142.0,142.0,1,0,False,False
76233|Banano consumo interno,2024,1148.0,82.0,162.0,1,0,False,False
76233|Banano consumo interno,2025,2349.0,162.0,162.0,1,0,False,False
76233|Cacao,2019,99.4,355.0,405.0,1,0,False,False
76233|Cacao,2020,35.0,100.0,125.0,1,0,False,False
76233|Cacao,2021,40.0,100.0,125.0,1,0,False,False
76233|Cacao,2022,37.5,125.0,150.0,1,0,False,False
76233|Cacao,2023,50.0,125.0,150.0,1,0,False,False
76233|Cacao,2024,32.0,80.0,80.0,1,0,False,False
76233|Cacao,2025,40.0,80.0,80.0,1,0,False,False
76233|Café,2019,1045.0,807.0,925.0,1,0,False,False
76233|Café,2020,946.0,790.0,894.0,1,0,False,False
76233|Café,2021,845.22,782.61,898.33,1,0,False,False
76233|Café,2022,678.28,784.63,889.68,1,0,False,False
76233|Café,2023,778.02,784.97,867.2,1,0,False,False
76233|Café,2024,963.62,783.43,870.31,1,0,False,False
76233|Café,2025,998.35,797.48,921.98,1,0,False,False
"76233|Calabacín, calabaza",2019,496.0,22.0,85.0,2,2,True,False
"76233|Calabacín, calabaza",2020,400.0,25.0,33.0,2,2,True,False
"76233|Calabacín, calabaza",2021,310.0,28.0,33.0,2,2,True,False
"76233|Calabacín, calabaza",2022,340.0,34.0,34.0,2,2,True,False
"76233|Calabacín, calabaza",2023,340.0,34.0,34.0,2,2,True,False
"76233|Calabacín, calabaza",2024,290.0,29.0,32.0,2,2,True,False
"76233|Calabacín, calabaza",2025,354.0,32.0,32.0,2,2,True,False
76233|Caña panelera,2019,6540.0,327.0,347.0,1,0,False,False
76233|Caña panelera,2020,5000.0,250.0,275.0,1,0,False,False
76233|Caña panelera,2021,6875.0,275.0,275.0,1,0,False,False
76233|Caña panelera,2022,6875.0,275.0,300.0,1,0,False,False
76233|Caña panelera,2023,7500.0,300.0,300.0,1,0,False,False
76233|Caña panelera,2024,2500.0,100.0,100.0,1,0,False,False
76233|Caña panelera,2025,3000.0,100.0,100.0,1,0,False,False
76233|Chontaduro,2019,126.0,18.0,28.0,1,0,False,False
76233|Chontaduro,2020,196.0,28.0,28.0,1,0,False,False
76233|Chontaduro,2021,196.0,28.0,28.0,1,0,False,False
76233|Chontaduro,2022,280.0,28.0,30.0,1,0,False,False
76233|Chontaduro,2023,280.0,28.0,30.0,1,0,False,False
76233|Chontaduro,2024,300.0,30.0,30.0,1,0,False,False
76233|Chontaduro,2025,300.0,30.0,30.0,1,0,False,False
76233|Cilantro,2019,481.0,85.0,105.0,2,2,True,False
76233|Cilantro,2020,286.0,43.0,50.0,2,2,True,False
76233|Cilantro,2021,330.0,50.0,50.0,2,2,True,False
76233|Cilantro,2022,318.0,53.0,53.0,2,2,True,False
76233|Cilantro,2023,450.0,65.0,65.0,2,2,True,False
76233|Cilantro,2024,204.0,28.0,32.5,2,2,True,False
76233|Cilantro,2025,320.0,40.0,40.0,2,2,True,False
76233|Cimarrón,2019,280.0,35.0,45.0,1,1,True,True
76233|Cimarrón,2020,34.0,17.0,25.0,1,1,True,True
76233|Cimarrón,2021,168.0,28.0,30.0,1,1,True,True
76233|Cimarrón,2022,192.5,35.0,35.0,1,1,True,True
76233|Cimarrón,2023,192.5,35.0,35.0,1,1,True,True
76233|Cimarrón,2024,198.0,36.0,40.0,1,1,True,True
76233|Cimarrón,2025,288.0,48.0,48.0,1,1,True,True
76233|Frijol,2019,207.4,78.0,160.0,2,2,True,False
76233|Frijol,2020,139.86,50.0,70.0,2,2,True,False
76233|Frijol,2021,65.0,65.0,70.0,2,2,True,False
76233|Frijol,2022,77.0,77.0,77.0,2,2,True,False
76233|Frijol,2023,70.0,70.0,70.0,2,2,True,False
76233|Frijol,2024,52.480000000000004,60.0,65.0,2,2,True,False
76233|Frijol,2025,73.98,68.0,68.0,2,2,True,False
76233|Guanábana,2019,525.0,35.0,35.0,1,0,False,False
76233|Guanábana,2020,300.0,20.0,35.0,1,0,False,False
76233|Guanábana,2021,350.0,35.0,35.0,1,0,False,False
76233|Guanábana,2022,490.0,35.0,38.0,1,0,False,False
76233|Guanábana,2023,490.0,35.0,38.0,1,0,False,False
76233|Guanábana,2024,280.0,20.0,20.0,1,0,False,False
76233|Guanábana,2025,300.0,20.0,20.0,1,0,False,False
76233|Guayaba,2019,120.0,15.0,17.0,1,0,False,False
76233|Guayaba,2020,136.0,17.0,17.0,1,0,False,False
76233|Guayaba,2021,136.0,17.0,17.0,1,0,False,False
76233|Guayaba,2022,306.0,17.0,18.5,1,0,False,False
76233|Guayaba,2023,306.0,17.0,18.5,1,0,False,False
76233|Guayaba,2024,333.0,18.5,18.5,1,0,False,False
76233|Guayaba,2025,333.0,18.5,18.5,1,0,False,False
76233|Habichuela,2019,967.5,100.0,140.0,2,2,True,False
76233|Habichuela,2020,559.0,57.0,85.0,2,2,True,False
76233|Habichuela,2021,746.0,82.0,85.0,2,2,True,False
76233|Habichuela,2022,830.0,92.0,92.0,2,2,True,False
76233|Habichuela,2023,810.0,90.0,90.0,2,2,True,False
76233|Habichuela,2024,786.0,87.0,90.0,2,2,True,False
76233|Habichuela,2025,832.5,90.0,90.0,2,2,True,False
76233|Lechuga,2019,2690.0,145.0,155.0,2,2,True,False
76233|Lechuga,2020,940.0,60.0,80.0,2,2,True,False
76233|Lechuga,2021,1850.0,80.0,80.0,2,2,True,False
76233|Lechuga,2022,1500.0,75.0,75.0,2,2,True,False
76233|Lechuga,2023,1920.0,80.0,80.0,2,2,True,False
76233|Lechuga,2024,1872.0,78.0,90.0,2,2,True,False
76233|Lechuga,2025,2328.0,97.0,97.0,2,2,True,False
76233|Limón Tahití,2021,379.94,19.82,19.82,1,0,False,False
76233|Limón Tahití,2022,317.12,19.82,22.82,1,0,False,False
76233|Limón Tahití,2023,317.12,19.82,22.82,1,0,False,False
76233|Limón Tahití,2024,365.12,22.82,112.82,1,0,False,False
76233|Limón Tahití,2025,387.94,22.82,116.82,1,0,False,False
76233|Lulo,2019,1356.0,113.0,133.0,1,0,False,False
76233|Lulo,2020,1463.0,133.0,173.0,1,0,False,False
76233|Lulo,2021,3460.0,173.0,173.0,1,0,False,False
76233|Lulo,2022,2249.0,173.0,188.0,1,0,False,False
76233|Lulo,2023,2444.0,188.0,188.0,1,0,False,False
76233|Lulo,2024,2444.0,188.0,200.0,1,0,False,False
76233|Lulo,2025,2800.0,200.0,200.0,1,0,False,False
76233|Mandarina Arrayana y/o Oneco,2021,809.01,27.9,27.9,1,0,False,False
76233|Mandarina Arrayana y/o Oneco,2022,697.5,27.9,31.9,1,0,False,False
76233|Mandarina Arrayana y/o Oneco,2023,697.5,27.9,31.9,1,0,False,False
76233|Mandarina Arrayana y/o Oneco,2024,797.5,31.9,41.9,1,0,False,False
76233|Mandarina Arrayana y/o Oneco,2025,861.3,31.9,41.9,1,0,False,False
76233|Maracuyá,2019,1584.0,88.0,103.0,1,0,False,False
76233|Maracuyá,2020,2075.0,83.0,93.0,1,0,False,False
76233|Maracuyá,2021,2325.0,93.0,93.0,1,0,False,False
76233|Maracuyá,2022,1488.0,93.0,103.0,1,0,False,False
76233|Maracuyá,2023,1648.0,103.0,103.0,1,0,False,False
76233|Maracuyá,2024,400.0,25.0,25.0,1,0,False,False
76233|Maracuyá,2025,400.0,25.0,25.0,1,0,False,False
76233|Maíz amarillo tradicional,2021,240.0,48.0,49.0,2,2,True,False
76233|Maíz amarillo tradicional,2022,261.0,58.0,58.0,2,2,True,False
76233|Maíz amarillo tradicional,2023,306.0,68.0,68.0,2,2,True,False
76233|Maíz amarillo tradicional,2024,270.91999999999996,60.0,65.0,2,2,True,False
76233|Maíz amarillo tradicional,2025,361.53,80.0,80.0,2,2,True,False
76233|Maíz blanco tradicional,2021,165.0,33.0,33.0,2,2,True,False
76233|Maíz blanco tradicional,2022,180.0,40.0,40.0,2,2,True,False
76233|Maíz blanco tradicional,2023,180.0,40.0,40.0,2,2,True,False
76233|Maíz blanco tradicional,2024,162.94,36.0,40.0,2,2,True,False
76233|Maíz blanco tradicional,2025,190.29000000000002,42.0,42.0,2,2,True,False
76233|Maíz tradicional,2019,260.1,113.0,171.0,2,2,True,False
76233|Maíz tradicional,2020,456.0,50.0,80.0,2,2,True,False
76233|Naranja Valencia,2021,3898.92,186.28,186.28,1,0,False,False
76233|Naranja Valencia,2022,5029.56,186.28,198.28,1,0,False,False
76233|Naranja Valencia,2023,5029.56,186.28,198.28,1,0,False,False
76233|Naranja Valencia,2024,5353.56,198.28,198.28,1,0,False,False
76233|Naranja Valencia,2025,5551.84,198.28,198.28,1,0,False,False
76233|Otros cítricos,2019,3680.0,184.0,214.0,1,0,False,False
76233|Otros cítricos,2020,3680.0,184.0,224.0,1,0,False,False
76233|Pepino cohombro,2019,900.0,45.0,55.0,1,1,True,True
76233|Pepino cohombro,2020,161.0,7.0,13.0,1,1,True,True
76233|Pepino cohombro,2021,520.0,13.0,13.0,1,1,True,True
76233|Pepino cohombro,2022,480.0,15.0,15.0,1,1,True,True
76233|Pepino cohombro,2023,480.0,15.0,15.0,1,1,True,True
76233|Pepino cohombro,2024,256.0,8.0,8.0,1,1,True,True
76233|Pepino cohombro,2025,280.0,8.0,8.0,1,1,True,True
76233|Pimentón,2019,1032.0,70.0,120.0,2,2,True,False
76233|Pimentón,2020,688.0,44.0,60.0,2,2,True,False
76233|Pimentón,2021,986.0,58.0,60.0,2,2,True,False
76233|Pimentón,2022,1022.0,62.0,62.0,2,2,True,False
76233|Pimentón,2023,990.0,60.0,60.0,2,2,True,False
76233|Pimentón,2024,1024.0,62.0,67.5,2,2,True,False
76233|Pimentón,2025,1222.0,70.0,70.0,2,2,True,False
76233|Pitahaya,2019,133.0,19.0,21.0,1,0,False,False
76233|Pitahaya,2020,133.0,19.0,21.0,1,0,False,False
76233|Pitahaya,2021,84.0,21.0,21.0,1,0,False,False
76233|Pitahaya,2022,252.0,21.0,22.8,1,0,False,False
76233|Pitahaya,2023,273.6,22.8,22.8,1,0,False,False
76233|Pitahaya,2024,273.6,22.8,32.8,1,0,False,False
76233|Pitahaya,2025,426.4,32.8,32.8,1,0,False,False
"76233|Piña Cayena, Gold, Manzana y/o Perolera",2020,55418.4,923.64,923.64,1,0,False,False
"76233|Piña Cayena, Gold, Manzana y/o Perolera",2021,55418.4,923.64,923.64,1,0,False,False
"76233|Piña Cayena, Gold, Manzana y/o Perolera",2022,55418.4,923.64,1013.64,1,0,False,False
"76233|Piña Cayena, Gold, Manzana y/o Perolera",2023,42818.4,713.64,713.64,1,0,False,False
"76233|Piña Cayena, Gold, Manzana y/o Perolera",2024,42818.4,713.64,1500.64,1,0,False,False
"76233|Piña Cayena, Gold, Manzana y/o Perolera",2025,97541.6,1500.64,1500.64,1,0,False,False
76233|Piña demás variedades,2019,69180.0,1153.0,1333.0,1,0,False,False
76233|Piña demás variedades,2020,21.48,0.36,0.36,1,0,False,False
76233|Piña demás variedades,2021,19.69,0.36,0.36,1,0,False,False
76233|Piña demás variedades,2022,19.8,0.36,0.36,1,0,False,False
76233|Plantas aromáticas,2019,170.0,30.0,35.0,2,2,True,False
76233|Plantas aromáticas,2020,17.0,19.0,31.0,2,2,True,False
76233|Plantas aromáticas,2021,15.5,15.5,15.5,1,0,False,False
76233|Plantas aromáticas,2022,15.5,15.5,17.0,1,0,False,False
76233|Plantas aromáticas,2023,17.0,17.0,17.0,1,0,False,False
76233|Plantas aromáticas,2024,17.0,17.0,17.0,1,0,False,False
76233|Plantas aromáticas,2025,20.4,17.0,17.0,1,0,False,False
76233|Plátano consumo interno,2019,16560.0,1104.0,1149.0,1,0,False,False
76233|Plátano consumo interno,2020,20322.0,1129.0,1174.0,1,0,False,False
76233|Plátano consumo interno,2021,7044.0,1174.0,1174.0,1,0,False,False
76233|Plátano consumo interno,2022,14088.0,1174.0,1264.0,1,0,False,False
76233|Plátano consumo interno,2023,15168.0,1264.0,1264.0,1,0,False,False
76233|Plátano consumo interno,2024,9600.0,800.0,800.0,1,0,False,False
76233|Plátano consumo interno,2025,10800.0,800.0,800.0,1,0,False,False
76233|Sacha inchi,2019,117.5,23.5,23.5,1,0,False,False
76233|Sacha inchi,2020,52.5,10.5,10.5,1,0,False,False
76233|Sacha inchi,2021,52.5,10.5,10.5,1,0,False,False
76233|Sacha inchi,2022,31.5,10.5,11.0,1,0,False,False
76233|Sacha inchi,2023,33.0,11.0,11.0,1,0,False,False
76233|Sacha inchi,2024,6.0,2.0,2.0,1,0,False,False
76233|Sacha inchi,2025,6.0,2.0,2.0,1,0,False,False
76233|Sábila,2019,1250.0,125.0,125.0,1,0,False,False
76233|Sábila,2020,5000.0,125.0,125.0,1,0,False,False
76233|Sábila,2021,1900.0,95.0,95.0,1,0,False,False
76233|Sábila,2022,2660.0,95.0,100.0,1,0,False,False
76233|Sábila,2023,2800.0,100.0,100.0,1,0,False,False
76233|Sábila,2024,840.0,30.0,30.0,1,0,False,False
76233|Sábila,2025,840.0,30.0,30.0,1,0,False,False
76233|Tomate,2019,475.0,25.0,33.0,2,2,True,False
76233|Tomate,2020,1820.0,28.0,44.0,2,2,True,False
76233|Tomate,2021,1684.0,42.0,44.0,2,2,True,False
76233|Tomate,2022,1995.0,63.0,63.0,2,2,True,False
76233|Tomate,2023,250.0,10.0,10.0,2,2,True,False
76233|Tomate,2024,175.0,7.0,10.0,2,2,True,False
76233|Tomate,2025,255.0,10.0,10.0,2,2,True,False
76233|Tomate invernadero,2019,2360.0,88.0,120.0,2,2,True,False
76233|Tomate invernadero,2020,9030.0,97.0,145.0,2,2,True,False
76233|Tomate invernadero,2021,5895.0,138.0,145.0,2,2,True,False
76233|Tomate invernadero,2022,9500.0,190.0,190.0,2,2,True,False
76233|Tomate invernadero,2023,19200.0,240.0,240.0,2,2,True,False
76233|Tomate invernadero,2024,20000.0,250.0,250.0,2,2,True,False
76233|Tomate invernadero,2025,24650.0,300.0,300.0,2,2,True,False
76233|Yuca consumo en fresco,2019,2000.0,80.0,120.0,2,2,True,False
76233|Yuca consumo en fresco,2020,2350.0,94.0,100.0,2,2,True,False
76233|Yuca consumo en fresco,2021,680.0,65.0,100.0,2,2,True,False
76233|Yuca consumo en fresco,2022,580.0,50.0,50.0,2,2,True,False
76233|Yuca consumo en fresco,2023,660.0,55.0,70.0,2,2,True,False
76233|Yuca consumo en fresco,2024,830.0,75.0,75.0,2,2,True,False
76233|Yuca consumo en fresco,2025,810.0,65.0,65.0,2,2,True,False
76243|Aguacate Hass,2020,250.0,25.0,55.0,1,0,False,False
76243|Aguacate Hass,2021,300.0,60.0,60.0,1,0,False,False
76243|Aguacate Hass,2022,480.0,60.0,60.0,1,0,False,False
76243|Aguacate Hass,2023,175.0,50.0,50.0,1,0,False,False
76243|Aguacate Hass,2024,140.0,40.0,40.0,1,0,False,False
76243|Aguacate Hass,2025,180.0,40.0,40.0,1,0,False,False
76243|Aguacate demás variedades,2019,96.0,8.0,38.0,1,0,False,False
76243|Aguacate demás variedades,2020,156.0,13.0,13.0,1,0,False,False
76243|Aguacate demás variedades,2021,72.0,12.0,12.0,1,0,False,False
76243|Aguacate demás variedades,2022,96.0,12.0,12.0,1,0,False,False
76243|Aguacate demás variedades,2023,24.0,6.0,6.0,1,0,False,False
76243|Aguacate demás variedades,2024,24.0,6.0,6.0,1,0,False,False
76243|Aguacate demás variedades,2025,30.0,6.0,6.0,1,0,False,False
76243|Ahuyama,2019,40.0,4.0,4.0,2,2,True,False
76243|Arveja,2019,1.76,1.0,1.0,2,2,True,False
76243|Banano consumo interno,2019,144.0,16.0,20.0,1,0,False,False
76243|Banano consumo interno,2020,180.0,20.0,21.0,1,0,False,False
76243|Banano consumo interno,2021,210.0,21.0,21.0,1,0,False,False
76243|Banano consumo interno,2022,210.0,21.0,21.0,1,0,False,False
76243|Banano consumo interno,2023,210.0,21.0,21.0,1,0,False,False
76243|Banano consumo interno,2024,210.0,21.0,21.0,1,0,False,False
76243|Banano consumo interno,2025,252.0,21.0,21.0,1,0,False,False
76243|Cacao,2019,5.6,20.0,20.0,1,0,False,False
76243|Cacao,2020,7.0,20.0,21.0,1,0,False,False
76243|Cacao,2021,10.5,15.0,15.0,1,0,False,False
76243|Cacao,2022,10.5,15.0,15.0,1,0,False,False
76243|Cacao,2023,10.5,15.0,15.0,1,0,False,False
76243|Cacao,2024,10.5,15.0,15.0,1,0,False,False
76243|Cacao,2025,12.0,15.0,15.0,1,0,False,False
76243|Café,2019,4872.0,3722.0,4804.0,1,0,False,False
76243|Café,2020,4632.0,3828.0,4782.0,1,0,False,False
76243|Café,2021,3423.37,3980.66,4842.66,1,0,False,False
76243|Café,2022,3290.76,4071.75,4907.74,1,0,False,False
76243|Café,2023,3862.6,4047.68,4929.77,1,0,False,False
76243|Café,2024,4619.5,3914.83,4959.64,1,0,False,False
76243|Café,2025,4448.79,3764.51,4823.02,1,0,False,False
76243|Caña panelera,2019,2400.0,48.0,63.0,1,0,False,False
76243|Caña panelera,2020,1500.0,30.0,35.0,1,0,False,False
76243|Caña panelera,2021,450.0,30.0,30.0,1,0,False,False
76243|Caña panelera,2022,1500.0,30.0,30.0,1,0,False,False
76243|Caña panelera,2023,1500.0,30.0,30.0,1,0,False,False
76243|Caña panelera,2024,1500.0,30.0,30.0,1,0,False,False
76243|Caña panelera,2025,1800.0,30.0,30.0,1,0,False,False
76243|Cebolla de rama,2021,5.0,1.0,1.0,2,2,True,False
76243|Cebolla de rama,2022,4.5,0.9,1.0,2,2,True,False
76243|Cebolla de rama,2023,5.5,1.1,1.1,2,2,True,False
76243|Cebolla de rama,2024,6.25,1.25,1.25,2,2,True,False
76243|Cebolla de rama,2025,12.0,2.0,2.0,2,2,True,False
76243|Cilantro,2021,3.0,1.0,1.0,2,2,True,False
76243|Cilantro,2022,2.4,0.8,0.8,2,2,True,False
76243|Cilantro,2023,2.7,0.9,0.9,2,2,True,False
76243|Cilantro,2024,2.85,0.95,0.95,2,2,True,False
76243|Cilantro,2025,10.8,3.6,3.6,2,2,True,False
76243|Durazno o albaricoque,2019,10.0,2.0,2.0,1,0,False,False
76243|Durazno o albaricoque,2020,0.0,0.0,2.0,1,0,False,False
76243|Durazno o albaricoque,2021,12.0,1.0,1.0,1,0,False,False
76243|Durazno o albaricoque,2022,12.0,1.0,1.0,1,0,False,False
76243|Durazno o albaricoque,2023,3.0,0.5,0.5,1,0,False,False
76243|Fresa,2019,1.6,0.4,1.0,1,0,False,False
76243|Fresa,2020,0.0,0.0,1.0,1,0,False,False
76243|Fresa,2021,10.0,1.0,1.0,1,0,False,False
76243|Fresa,2022,10.0,1.0,1.0,1,0,False,False
76243|Fresa,2023,5.0,0.5,0.5,1,0,False,False
76243|Fresa,2024,5.0,0.5,0.5,1,0,False,False
76243|Fresa,2025,5.0,0.5,0.5,1,0,False,False
76243|Frijol,2019,22.4,16.0,16.0,2,2,True,False
76243|Frijol,2021,4.0,2.0,2.0,2,2,True,False
76243|Frijol,2022,2.7,1.8,2.5,2,2,True,False
76243|Frijol,2023,2.4,3.0,3.0,2,2,True,False
76243|Frijol,2024,2.5999999999999996,3.25,3.25,2,2,True,False
76243|Frijol,2025,2.4,3.0,3.0,2,2,True,False
76243|Granadilla,2019,242.0,22.0,24.0,1,0,False,False
76243|Granadilla,2020,216.0,24.0,32.0,1,0,False,False
76243|Granadilla,2021,100.0,25.0,32.0,1,0,False,False
76243|Granadilla,2022,288.0,32.0,32.0,1,0,False,False
76243|Granadilla,2023,180.0,20.0,20.0,1,0,False,False
76243|Granadilla,2024,180.0,20.0,20.0,1,0,False,False
76243|Granadilla,2025,162.0,18.0,18.0,1,0,False,False
76243|Habichuela,2019,3.5,0.5,0.5,1,1,True,True
76243|Limón Tahití,2021,0.35,0.35,0.35,1,0,False,False
76243|Limón Tahití,2022,4.2,0.35,0.35,1,0,False,False
76243|Limón Tahití,2023,4.2,0.35,0.35,1,0,False,False
76243|Limón Tahití,2024,4.2,0.35,0.35,1,0,False,False
76243|Limón Tahití,2025,4.2,0.35,0.35,1,0,False,False
76243|Limón demás variedades,2021,0.35,0.35,0.35,1,0,False,False
76243|Limón demás variedades,2022,3.5,0.35,0.35,1,0,False,False
76243|Limón demás variedades,2023,3.5,0.35,0.35,1,0,False,False
76243|Limón demás variedades,2024,3.5,0.35,0.35,1,0,False,False
76243|Limón demás variedades,2025,3.5,0.35,0.5,1,0,False,False
76243|Lulo,2019,225.0,15.0,17.0,1,0,False,False
76243|Lulo,2020,91.0,7.0,10.0,1,0,False,False
76243|Lulo,2021,120.0,8.0,10.0,1,0,False,False
76243|Lulo,2022,150.0,10.0,10.0,1,0,False,False
76243|Lulo,2023,150.0,10.0,10.0,1,0,False,False
76243|Lulo,2024,150.0,10.0,10.0,1,0,False,False
76243|Lulo,2025,150.0,10.0,10.0,1,0,False,False
76243|Mandarina Arrayana y/o Oneco,2021,3.32,1.0,1.0,1,0,False,False
76243|Mandarina Arrayana y/o Oneco,2022,7.0,1.0,1.0,1,0,False,False
76243|Mandarina Arrayana y/o Oneco,2023,7.0,1.0,1.0,1,0,False,False
76243|Mandarina Arrayana y/o Oneco,2024,7.0,1.0,1.0,1,0,False,False
76243|Mandarina Arrayana y/o Oneco,2025,8.0,1.0,1.0,1,0,False,False
76243|Maracuyá,2019,80.0,4.0,5.0,1,0,False,False
76243|Maracuyá,2020,0.0,0.0,2.0,1,0,False,False
76243|Maracuyá,2021,24.0,3.0,3.0,1,0,False,False
76243|Maracuyá,2022,24.0,3.0,3.0,1,0,False,False
76243|Maracuyá,2023,16.0,2.0,2.0,1,0,False,False
76243|Maracuyá,2024,16.0,2.0,2.0,1,0,False,False
76243|Maracuyá,2025,20.0,2.0,2.0,1,0,False,False
76243|Maíz amarillo tradicional,2021,3.92,2.0,2.0,2,2,True,False
76243|Maíz amarillo tradicional,2022,3.04,1.6,1.8,2,2,True,False
76243|Maíz amarillo tradicional,2023,3.23,1.9,1.9,2,2,True,False
76243|Maíz amarillo tradicional,2024,3.4,2.0,2.0,2,2,True,False
76243|Maíz amarillo tradicional,2025,3.4,2.0,2.0,2,2,True,False
76243|Maíz tradicional,2019,35.0,25.0,25.0,2,2,True,False
76243|Mora,2019,36.0,6.0,6.0,1,0,False,False
76243|Mora,2020,24.0,4.0,4.0,1,0,False,False
76243|Mora,2021,36.0,4.0,4.0,1,0,False,False
76243|Mora,2022,36.0,4.0,4.0,1,0,False,False
76243|Mora,2023,36.0,4.0,4.0,1,0,False,False
76243|Mora,2024,36.0,4.0,4.0,1,0,False,False
76243|Mora,2025,36.0,4.0,4.5,1,0,False,False
76243|Naranja Valencia,2021,93.14,6.65,6.65,1,0,False,False
76243|Naranja Valencia,2022,93.1,6.65,6.65,1,0,False,False
76243|Naranja Valencia,2023,93.1,6.65,6.65,1,0,False,False
76243|Naranja Valencia,2024,93.1,6.65,6.65,1,0,False,False
76243|Naranja Valencia,2025,42.0,3.0,3.0,1,0,False,False
76243|Otras hortalizas,2019,27.0,9.0,9.0,2,2,True,False
76243|Otros cítricos,2019,75.0,5.0,7.0,1,0,False,False
76243|Otros cítricos,2020,98.0,7.0,8.0,1,0,False,False
76243|Pitahaya,2019,40.0,5.0,5.0,1,0,False,False
76243|Pitahaya,2020,40.0,5.0,5.0,1,0,False,False
76243|Pitahaya,2021,70.0,5.0,5.0,1,0,False,False
76243|Pitahaya,2022,70.0,5.0,5.0,1,0,False,False
76243|Pitahaya,2023,40.0,5.0,5.0,1,0,False,False
76243|Pitahaya,2024,40.0,5.0,5.0,1,0,False,False
76243|Pitahaya,2025,40.0,5.0,5.0,1,0,False,False
76243|Piña demás variedades,2020,30.0,1.0,1.0,1,0,False,False
76243|Plátano consumo interno,2019,16170.0,1617.0,1625.0,1,0,False,False
76243|Plátano consumo interno,2020,16250.0,1625.0,1787.0,1,0,False,False
76243|Plátano consumo interno,2021,26000.0,2000.0,2000.0,1,0,False,False
76243|Plátano consumo interno,2022,26000.0,2000.0,2100.0,1,0,False,False
76243|Plátano consumo interno,2023,27300.0,2100.0,2100.0,1,0,False,False
76243|Plátano consumo interno,2024,27300.0,2100.0,2110.0,1,0,False,False
76243|Plátano consumo interno,2025,27430.0,2110.0,2990.0,1,0,False,False
76243|Repollo,2021,2.5,0.5,0.5,2,2,True,False
76243|Repollo,2022,2.75,0.55,0.55,2,2,True,False
76243|Repollo,2023,3.0,0.6,0.6,2,2,True,False
76243|Repollo,2024,3.5,0.7,0.7,2,2,True,False
76243|Repollo,2025,3.5,0.7,0.7,2,2,True,False
76243|Sábila,2019,60.0,3.0,3.0,1,0,False,False
76243|Sábila,2020,45.0,3.0,3.0,1,0,False,False
76243|Sábila,2021,30.0,3.0,3.0,1,0,False,False
76243|Sábila,2022,20.0,2.0,2.0,1,0,False,False
76243|Sábila,2023,20.0,2.0,2.0,1,0,False,False
76243|Sábila,2024,20.0,2.0,2.0,1,0,False,False
76243|Sábila,2025,20.0,2.0,2.0,1,0,False,False
76243|Tomate,2021,15.0,1.0,1.0,2,2,True,False
76243|Tomate,2022,22.5,1.5,2.0,2,2,True,False
76243|Tomate,2023,121.5,2.7,2.7,2,2,True,False
76243|Tomate,2024,157.5,3.5,3.5,2,2,True,False
76243|Tomate,2025,135.0,3.0,3.0,2,2,True,False
76243|Tomate de árbol,2019,96.0,8.0,8.0,1,0,False,False
76243|Tomate de árbol,2020,20.0,2.0,2.0,1,0,False,False
76243|Tomate de árbol,2021,16.0,2.0,2.0,1,0,False,False
76243|Tomate de árbol,2022,16.0,2.0,2.0,1,0,False,False
76243|Tomate de árbol,2023,16.0,2.0,2.0,1,0,False,False
76243|Tomate de árbol,2024,16.0,2.0,2.0,1,0,False,False
76243|Tomate de árbol,2025,16.0,2.0,2.0,1,0,False,False
76243|Yuca consumo en fresco,2019,18.0,3.0,3.0,2,2,True,False
76243|Yuca consumo en fresco,2021,30.0,2.0,2.0,2,2,True,False
76243|Yuca consumo en fresco,2022,30.0,2.0,2.0,2,2,True,False
76243|Yuca consumo en fresco,2023,37.5,2.5,3.0,2,2,True,False
76243|Yuca consumo en fresco,2024,45.0,3.0,3.0,2,2,True,False
76243|Yuca consumo en fresco,2025,45.0,3.0,3.0,2,2,True,False
76243|Zanahoria,2021,3.0,0.5,0.5,2,2,True,False
76243|Zanahoria,2022,3.0,0.5,0.5,2,2,True,False
76243|Zanahoria,2023,2.88,0.5,0.5,2,2,True,False
76243|Zanahoria,2024,3.1799999999999997,0.55,0.55,2,2,True,False
76243|Zanahoria,2025,3.3,0.55,0.55,2,2,True,False
76246|Aguacate Hass,2020,256.0,16.0,38.0,1,0,False,False
76246|Aguacate Hass,2021,684.0,38.0,41.0,1,0,False,False
76246|Aguacate Hass,2022,765.0,42.5,45.5,1,0,False,False
76246|Aguacate Hass,2023,722.5,42.5,45.5,1,0,False,False
76246|Aguacate Hass,2024,773.5,45.5,45.5,1,0,False,False
76246|Aguacate Hass,2025,510.0,42.5,42.5,1,0,False,False
76246|Aguacate Papelillo,2020,280.0,23.75,28.75,1,0,False,False
76246|Aguacate Papelillo,2021,305.25,27.75,29.75,1,0,False,False
76246|Aguacate Papelillo,2022,517.5,28.75,33.75,1,0,False,False
76246|Aguacate Papelillo,2023,488.75,28.75,33.75,1,0,False,False
76246|Aguacate Papelillo,2024,573.75,33.75,33.75,1,0,False,False
76246|Aguacate Papelillo,2025,573.75,33.75,33.75,1,0,False,False
76246|Aguacate demás variedades,2019,5108.0,617.5,624.3,1,0,False,False
76246|Aguacate demás variedades,2020,6796.9,594.55,609.55,1,0,False,False
76246|Aguacate demás variedades,2021,3042.75,608.55,612.55,1,0,False,False
76246|Aguacate demás variedades,2022,3060.25,612.05,615.05,1,0,False,False
76246|Aguacate demás variedades,2023,2754.22,612.05,615.05,1,0,False,False
76246|Aguacate demás variedades,2024,2767.72,615.05,615.05,1,0,False,False
76246|Aguacate demás variedades,2025,2460.2,615.05,615.05,1,0,False,False
76246|Banano consumo interno,2019,255.0,17.0,17.0,1,0,False,False
76246|Banano consumo interno,2020,255.0,17.0,19.0,1,0,False,False
76246|Banano consumo interno,2021,70.0,14.0,19.0,1,0,False,False
76246|Banano consumo interno,2022,97.5,19.5,22.5,1,0,False,False
76246|Banano consumo interno,2023,112.5,22.5,22.5,1,0,False,False
76246|Banano consumo interno,2024,157.5,22.5,25.5,1,0,False,False
76246|Banano consumo interno,2025,204.0,25.5,28.5,1,0,False,False
76246|Berenjena,2020,8.0,0.35,0.35,1,1,True,True
76246|Café,2019,2968.56,2394.0,2812.0,1,0,False,False
76246|Café,2020,2662.0,2331.0,2726.0,1,0,False,False
76246|Café,2021,2959.32,2367.46,2742.17,1,0,False,False
76246|Café,2022,1195.4,2426.38,2764.68,1,0,False,False
76246|Café,2023,1184.66,2398.1,2727.25,1,0,False,False
76246|Café,2024,1407.41,2307.23,2723.04,1,0,False,False
76246|Café,2025,1451.65,2300.74,2730.58,1,0,False,False
76246|Caña panelera,2019,6000.0,120.0,120.0,1,0,False,False
76246|Caña panelera,2020,4600.0,92.0,95.0,1,0,False,False
76246|Caña panelera,2021,1860.0,93.0,98.0,1,0,False,False
76246|Caña panelera,2022,2004.0,100.2,100.5,1,0,False,False
76246|Caña panelera,2023,2010.0,100.5,100.5,1,0,False,False
76246|Caña panelera,2024,2010.0,100.5,100.5,1,0,False,False
76246|Caña panelera,2025,2010.0,100.5,101.5,1,0,False,False
76246|Fresa,2019,40.0,2.0,2.0,1,0,False,False
76246|Fresa,2020,5.0,1.0,2.0,1,0,False,False
76246|Frijol,2019,6.0,6.0,6.0,2,2,True,False
76246|Frijol,2020,5.0,4.0,4.0,1,1,True,True
76246|Frijol,2021,4.4,4.0,5.0,2,2,True,False
76246|Frijol,2022,0.2,0.2,0.2,2,2,True,False
76246|Frijol,2023,0.2,0.2,0.2,2,2,True,False
76246|Frijol,2024,0.4,0.4,0.4,2,2,True,False
76246|Frijol,2025,2.0,2.0,2.0,2,2,True,False
76246|Guayaba,2019,81.0,13.5,13.5,1,0,False,False
76246|Guayaba,2020,81.0,13.5,13.5,1,0,False,False
76246|Guayaba,2021,67.5,13.5,13.5,1,0,False,False
76246|Guayaba,2022,67.5,13.5,13.5,1,0,False,False
76246|Guayaba,2023,67.5,13.5,13.5,1,0,False,False
76246|Guayaba,2024,67.5,13.5,13.5,1,0,False,False
76246|Guayaba,2025,67.5,13.5,13.5,1,0,False,False
76246|Limón Tahití,2021,6.12,0.5,0.5,1,0,False,False
76246|Limón Tahití,2022,6.12,0.5,0.5,1,0,False,False
76246|Limón Tahití,2023,6.0,0.5,0.5,1,0,False,False
76246|Limón Tahití,2024,6.0,0.5,0.5,1,0,False,False
76246|Limón Tahití,2025,5.5,0.5,0.5,1,0,False,False
76246|Lulo,2019,62.0,6.2,6.2,1,0,False,False
76246|Lulo,2020,58.9,6.2,8.2,1,0,False,False
76246|Lulo,2021,24.6,8.2,9.2,1,0,False,False
76246|Lulo,2022,28.5,9.5,9.7,1,0,False,False
76246|Lulo,2023,28.5,9.5,9.7,1,0,False,False
76246|Lulo,2024,67.9,9.7,14.0,1,0,False,False
76246|Lulo,2025,50.0,10.0,10.0,1,0,False,False
76246|Mandarina Arrayana y/o Oneco,2021,7.1,1.42,1.42,1,0,False,False
76246|Mandarina Arrayana y/o Oneco,2022,7.1,1.42,1.42,1,0,False,False
76246|Mandarina Arrayana y/o Oneco,2023,7.1,1.42,1.42,1,0,False,False
76246|Mandarina Arrayana y/o Oneco,2024,7.1,1.42,1.42,1,0,False,False
76246|Mandarina Arrayana y/o Oneco,2025,7.1,1.42,1.42,1,0,False,False
76246|Maracuyá,2019,20.0,2.0,2.0,1,0,False,False
76246|Maracuyá,2020,15.0,2.0,2.0,1,0,False,False
76246|Maíz amarillo tradicional,2021,12.79,8.0,8.0,2,2,True,False
76246|Maíz amarillo tradicional,2022,12.0,8.0,10.0,2,2,True,False
76246|Maíz amarillo tradicional,2023,16.5,11.0,10.0,2,2,True,False
76246|Maíz amarillo tradicional,2024,10.5,7.0,7.0,2,2,True,False
76246|Maíz amarillo tradicional,2025,15.25,10.0,10.0,2,2,True,False
76246|Maíz tradicional,2019,6.0,6.0,6.0,2,2,True,False
76246|Maíz tradicional,2020,4.0,1.0,5.0,1,1,True,True
76246|Mora,2020,2.0,1.0,1.0,1,0,False,False
76246|Mora,2021,0.5,0.5,0.5,1,0,False,False
76246|Mora,2022,0.8,0.8,0.8,1,0,False,False
76246|Mora,2023,0.8,0.8,0.8,1,0,False,False
76246|Mora,2024,0.8,0.8,0.8,1,0,False,False
76246|Mora,2025,0.8,0.8,0.8,1,0,False,False
76246|Naranja Valencia,2021,94.81,9.48,10.48,1,0,False,False
76246|Naranja Valencia,2022,104.8,10.48,10.48,1,0,False,False
76246|Naranja Valencia,2023,99.56,10.48,10.48,1,0,False,False
76246|Naranja Valencia,2024,99.56,10.48,10.98,1,0,False,False
76246|Naranja Valencia,2025,87.84,10.98,10.98,1,0,False,False
76246|Otros cítricos,2019,29.04,2.2,11.4,1,0,False,False
76246|Otros cítricos,2020,119.6,9.2,11.4,1,0,False,False
76246|Pimentón,2020,35.0,1.0,1.0,1,1,True,True
76246|Plátano consumo interno,2019,23745.0,2367.0,2373.0,1,0,False,False
76246|Plátano consumo interno,2020,10460.81,2353.0,2373.0,1,0,False,False
76246|Plátano consumo interno,2021,23730.0,2373.0,2373.0,1,0,False,False
76246|Plátano consumo interno,2022,23700.0,2370.0,2378.0,1,0,False,False
76246|Plátano consumo interno,2023,23304.4,2378.0,2378.0,1,0,False,False
76246|Plátano consumo interno,2024,26158.0,2378.0,2408.0,1,0,False,False
76246|Plátano consumo interno,2025,24060.0,2406.0,2411.0,1,0,False,False
76246|Tomate,2019,160.0,4.0,4.0,2,2,True,False
76246|Tomate,2020,25.0,0.7,0.7,1,1,True,True
76246|Tomate,2021,80.0,3.0,5.0,2,2,True,False
76246|Tomate,2022,220.0,5.0,5.0,2,2,True,False
76246|Tomate,2023,360.0,6.0,6.0,2,2,True,False
76246|Tomate,2024,360.0,6.0,6.0,2,2,True,False
76246|Tomate,2025,220.0,5.0,5.0,2,2,True,False
76246|Yuca consumo en fresco,2019,20.0,1.0,4.0,1,1,True,True
76246|Yuca consumo en fresco,2020,35.0,5.0,14.0,1,1,True,True
76246|Yuca consumo en fresco,2021,160.0,17.0,18.0,2,2,True,False
76246|Yuca consumo en fresco,2022,144.0,18.0,18.0,2,2,True,False
76246|Yuca consumo en fresco,2023,144.0,18.0,18.0,2,2,True,False
76246|Yuca consumo en fresco,2024,144.0,18.0,18.0,2,2,True,False
76246|Yuca consumo en fresco,2025,108.0,17.0,6.0,2,2,True,False
76248|Aguacate demás variedades,2019,123.0,41.0,48.0,1,0,False,False
76248|Aguacate demás variedades,2020,123.0,41.0,41.0,1,0,False,False
76248|Aguacate demás variedades,2021,328.0,41.0,41.0,1,0,False,False
76248|Aguacate demás variedades,2022,328.0,41.0,41.0,1,0,False,False
76248|Aguacate demás variedades,2023,328.0,41.0,41.0,1,0,False,False
76248|Aguacate demás variedades,2024,328.0,41.0,41.0,1,0,False,False
76248|Aguacate demás variedades,2025,328.0,41.0,41.0,1,0,False,False
76248|Banano consumo interno,2019,126.0,18.0,18.0,1,0,False,False
76248|Banano consumo interno,2020,126.0,18.0,18.0,1,0,False,False
76248|Banano consumo interno,2021,126.0,18.0,18.0,1,0,False,False
76248|Banano consumo interno,2022,126.0,18.0,18.0,1,0,False,False
76248|Banano consumo interno,2023,126.0,18.0,18.0,1,0,False,False
76248|Banano consumo interno,2024,126.0,18.0,18.0,1,0,False,False
76248|Banano consumo interno,2025,126.0,18.0,18.0,1,0,False,False
76248|Café,2019,196.0,162.0,175.0,1,0,False,False
76248|Café,2020,175.5,157.0,168.0,1,0,False,False
76248|Café,2021,141.87,155.9,169.4,1,0,False,False
76248|Café,2022,116.39,151.48,165.25,1,0,False,False
76248|Café,2023,130.05,62.42,76.71,1,0,False,False
76248|Café,2024,140.28,66.8,78.37,1,0,False,False
76248|Café,2025,147.03,69.91,79.33,1,0,False,False
76248|Caña de azúcar,2019,2035800.0,16965.0,16965.0,1,0,False,False
76248|Caña de azúcar,2020,2035800.0,16965.0,16965.0,1,0,False,False
76248|Caña de azúcar,2021,2035800.0,16965.0,16965.0,1,0,False,False
76248|Caña de azúcar,2022,2035800.0,16965.0,16965.0,1,0,False,False
76248|Caña de azúcar,2023,2035800.0,16965.0,16965.0,1,0,False,False
76248|Caña de azúcar,2024,2035800.0,16965.0,16965.0,1,0,False,False
76248|Caña de azúcar,2025,2035800.0,16965.0,16965.0,1,0,False,False
76248|Cebolla de bulbo,2019,900.0,60.0,60.0,2,2,True,False
76248|Cebolla de bulbo,2020,900.0,60.0,60.0,2,2,True,False
76248|Cebolla de bulbo,2021,523.8,63.92,63.92,2,2,True,False
76248|Cebolla de bulbo,2022,708.8,53.92,63.92,2,2,True,False
76248|Cebolla de bulbo,2023,1395.0,63.0,63.0,2,2,True,False
76248|Cebolla de bulbo,2024,1395.0,63.0,63.0,2,2,True,False
76248|Cebolla de bulbo,2025,1296.0,63.0,63.0,2,2,True,False
76248|Cebolla de rama,2019,6500.0,500.0,500.0,1,1,True,True
76248|Cebolla de rama,2020,3380.0,500.0,500.0,2,2,True,False
76248|Cebolla de rama,2021,2600.0,200.0,200.0,1,1,True,True
76248|Cebolla de rama,2022,5280.0,480.0,500.0,2,2,True,False
76248|Cebolla de rama,2023,20000.0,400.0,500.0,2,2,True,False
76248|Cebolla de rama,2024,25000.0,500.0,500.0,2,2,True,False
76248|Cebolla de rama,2025,25000.0,500.0,500.0,2,2,True,False
76248|Cilantro,2019,384.0,48.0,48.0,2,2,True,False
76248|Cilantro,2020,384.0,48.0,48.0,2,2,True,False
76248|Cilantro,2021,326.96000000000004,40.870000000000005,40.870000000000005,2,2,True,False
76248|Cilantro,2022,204.96,30.87,40.870000000000005,2,2,True,False
76248|Cilantro,2023,227.51999999999998,40.0,40.0,2,2,True,False
76248|Cilantro,2024,227.51999999999998,40.0,40.0,2,2,True,False
76248|Cilantro,2025,227.51999999999998,40.0,40.0,2,2,True,False
76248|Fresa,2019,72.0,4.0,4.0,1,0,False,False
76248|Fresa,2020,72.0,4.0,4.0,1,0,False,False
76248|Fresa,2021,72.0,4.0,4.0,1,0,False,False
76248|Fresa,2022,60.0,4.0,4.0,1,0,False,False
76248|Fresa,2023,60.0,4.0,4.0,1,0,False,False
76248|Fresa,2024,60.0,4.0,4.0,1,0,False,False
76248|Fresa,2025,60.0,4.0,4.0,1,0,False,False
76248|Frijol,2019,78.0,32.0,32.0,2,2,True,False
76248|Frijol,2020,78.0,32.0,32.0,2,2,True,False
76248|Frijol,2021,86.09,17.72,17.72,2,2,True,False
76248|Frijol,2022,17.83,15.72,17.72,2,2,True,False
76248|Frijol,2023,203.54,17.7,17.7,2,2,True,False
76248|Frijol,2024,22.28,17.7,17.7,2,2,True,False
76248|Frijol,2025,22.28,17.7,17.7,2,2,True,False
76248|Limón Tahití,2021,21.04,1.05,1.05,1,0,False,False
76248|Limón Tahití,2022,21.0,1.05,1.05,1,0,False,False
76248|Limón Tahití,2023,21.0,1.05,1.05,1,0,False,False
76248|Limón Tahití,2024,21.0,1.05,1.05,1,0,False,False
76248|Limón Tahití,2025,21.0,1.05,1.05,1,0,False,False
76248|Mandarina Arrayana y/o Oneco,2021,59.78,2.99,2.99,1,0,False,False
76248|Mandarina Arrayana y/o Oneco,2022,59.8,2.99,2.99,1,0,False,False
76248|Mandarina Arrayana y/o Oneco,2023,59.8,2.99,2.99,1,0,False,False
76248|Mandarina Arrayana y/o Oneco,2024,59.8,2.99,2.99,1,0,False,False
76248|Mandarina Arrayana y/o Oneco,2025,59.8,2.99,2.99,1,0,False,False
76248|Maracuyá,2019,80.0,4.0,40.0,1,0,False,False
76248|Maracuyá,2020,800.0,40.0,41.2,1,0,False,False
76248|Maracuyá,2021,824.0,41.2,41.2,1,0,False,False
76248|Maracuyá,2022,700.4,41.2,41.2,1,0,False,False
76248|Maracuyá,2023,700.4,41.2,41.2,1,0,False,False
76248|Maracuyá,2024,700.4,41.2,41.2,1,0,False,False
76248|Maracuyá,2025,700.4,41.2,41.2,1,0,False,False
76248|Maíz amarillo tecnificado,2021,455.0,65.0,65.05,1,1,True,True
76248|Maíz amarillo tecnificado,2022,455.0,65.0,65.0,1,1,True,True
76248|Maíz blanco tecnificado,2021,871.0,134.0,134.95,1,1,True,True
76248|Maíz blanco tecnificado,2022,845.0,130.0,130.0,1,1,True,True
76248|Maíz blanco tecnificado,2023,1803.36,204.0,204.0,1,1,True,True
76248|Maíz blanco tecnificado,2024,1632.0,204.0,204.0,1,1,True,True
76248|Maíz blanco tecnificado,2025,1632.0,204.0,204.0,1,1,True,True
76248|Maíz tecnificado,2019,2800.0,400.0,400.0,2,2,True,False
76248|Maíz tecnificado,2020,2800.0,400.0,400.0,2,2,True,False
76248|Mora,2019,8.0,2.0,2.0,1,0,False,False
76248|Mora,2020,8.0,2.0,2.0,1,0,False,False
76248|Mora,2021,8.0,2.0,2.0,1,0,False,False
76248|Mora,2022,8.0,2.0,2.0,1,0,False,False
76248|Mora,2023,8.0,2.0,2.0,1,0,False,False
76248|Mora,2024,8.0,2.0,2.0,1,0,False,False
76248|Mora,2025,8.0,2.0,2.0,1,0,False,False
76248|Naranja Valencia,2021,399.18,19.96,19.96,1,0,False,False
76248|Naranja Valencia,2022,399.2,19.96,19.96,1,0,False,False
76248|Naranja Valencia,2023,399.2,19.96,19.96,1,0,False,False
76248|Naranja Valencia,2024,399.2,19.96,19.96,1,0,False,False
76248|Naranja Valencia,2025,399.2,19.96,19.96,1,0,False,False
76248|Otros cítricos,2019,480.0,24.0,24.0,1,0,False,False
76248|Otros cítricos,2020,480.0,24.0,24.0,1,0,False,False
76248|Repollo,2019,2000.0,50.0,50.0,2,2,True,False
76248|Repollo,2020,2000.0,50.0,50.0,2,2,True,False
76248|Repollo,2021,1068.8,26.72,26.72,2,2,True,False
76248|Repollo,2022,651.6,21.72,26.72,2,2,True,False
76248|Repollo,2023,801.0,26.7,26.7,2,2,True,False
76248|Repollo,2024,801.0,26.7,26.7,2,2,True,False
76248|Repollo,2025,351.0,11.7,11.7,2,2,True,False
76248|Tomate,2019,500.0,20.0,20.0,2,2,True,False
76248|Tomate,2020,500.0,20.0,20.0,2,2,True,False
76248|Tomate,2021,398.25,15.93,15.93,2,2,True,False
76248|Tomate,2022,300.25,13.93,15.93,2,2,True,False
76248|Tomate,2023,372.40999999999997,20.72,20.08,2,2,True,False
76248|Tomate,2024,360.86,20.04,20.08,2,2,True,False
76248|Tomate,2025,361.53999999999996,20.08,20.08,2,2,True,False
76248|Tomate de árbol,2019,77.0,5.5,5.5,1,0,False,False
76248|Tomate de árbol,2020,77.0,5.5,5.5,1,0,False,False
76248|Tomate de árbol,2021,77.0,5.5,5.5,1,0,False,False
76248|Tomate de árbol,2022,60.5,5.5,5.5,1,0,False,False
76248|Tomate de árbol,2023,60.5,5.5,5.5,1,0,False,False
76248|Tomate de árbol,2024,60.5,5.5,5.5,1,0,False,False
76248|Tomate de árbol,2025,60.5,5.5,5.5,1,0,False,False
76248|Uva,2019,3168.0,264.0,264.0,1,0,False,False
76248|Uva,2020,3168.0,264.0,264.0,1,0,False,False
76248|Uva,2021,3168.0,264.0,264.0,1,0,False,False
76248|Uva,2022,2376.0,264.0,264.0,1,0,False,False
76248|Uva,2023,2376.0,264.0,264.0,1,0,False,False
76248|Uva,2024,2376.0,264.0,264.0,1,0,False,False
76248|Uva,2025,2376.0,264.0,264.0,1,0,False,False
76250|Aguacate Hass,2020,113.92,5.94,14.24,1,0,False,False
76250|Aguacate Hass,2021,114.0,14.25,86.5,1,0,False,False
76250|Aguacate Hass,2022,572.0,71.5,142.5,1,0,False,False
76250|Aguacate Hass,2023,643.5,71.5,167.5,1,0,False,False
76250|Aguacate Hass,2024,1282.5,142.5,167.5,1,0,False,False
76250|Aguacate Hass,2025,1282.5,142.5,167.5,1,0,False,False
76250|Aguacate demás variedades,2019,192.0,24.0,124.0,1,0,False,False
76250|Aguacate demás variedades,2020,944.48,118.06,137.86,1,0,False,False
76250|Aguacate demás variedades,2021,378.88,47.36,51.56,1,0,False,False
76250|Aguacate demás variedades,2022,212.48,26.56,48.56,1,0,False,False
76250|Aguacate demás variedades,2023,212.48,26.56,60.06,1,0,False,False
76250|Aguacate demás variedades,2024,388.48,48.56,60.06,1,0,False,False
76250|Aguacate demás variedades,2025,388.48,48.56,60.06,1,0,False,False
76250|Ahuyama,2019,522.0,29.0,29.2,2,2,True,False
76250|Ahuyama,2020,342.0,19.0,19.6,2,2,True,False
76250|Ahuyama,2021,176.39999999999998,9.8,10.6,2,2,True,False
76250|Ahuyama,2022,170.5,9.7,8.3,2,2,True,False
76250|Ahuyama,2023,214.39999999999998,16.0,11.8,2,2,True,False
76250|Ahuyama,2024,115.2,12.8,10.0,2,2,True,False
76250|Ahuyama,2025,45.0,5.0,11.0,2,2,True,False
76250|Arracacha,2019,1129.96,75.33,83.7,2,2,True,False
76250|Arracacha,2020,2292.0,152.8,167.8,2,2,True,False
76250|Arracacha,2021,2860.6,204.2,205.4,2,2,True,False
76250|Arracacha,2022,2698.5,179.9,154.5,2,2,True,False
76250|Arracacha,2023,2450.0,158.0,165.0,2,2,True,False
76250|Arracacha,2024,2490.0,166.0,159.0,2,2,True,False
76250|Arracacha,2025,1770.0,118.0,80.0,2,2,True,False
76250|Banano consumo interno,2019,630.0,45.0,45.0,1,0,False,False
76250|Banano consumo interno,2020,1372.0,98.0,98.0,1,0,False,False
76250|Banano consumo interno,2021,452.2,32.3,37.6,1,0,False,False
76250|Banano consumo interno,2022,498.4,35.6,38.6,1,0,False,False
76250|Banano consumo interno,2023,540.4,38.6,80.6,1,0,False,False
76250|Banano consumo interno,2024,1128.4,80.6,80.6,1,0,False,False
76250|Banano consumo interno,2025,1128.4,80.6,90.6,1,0,False,False
76250|Berenjena,2019,200.0,8.0,8.0,2,2,True,False
76250|Berenjena,2020,257.5,10.3,14.5,2,2,True,False
76250|Berenjena,2021,577.5,23.1,24.1,2,2,True,False
76250|Berenjena,2022,481.0,21.1,10.8,2,2,True,False
76250|Berenjena,2023,111.0,6.0,10.5,2,2,True,False
76250|Berenjena,2024,63.0,3.5,12.899999999999999,2,2,True,False
76250|Berenjena,2025,153.0,8.5,8.5,2,2,True,False
76250|Cacao,2019,9.8,35.0,40.0,1,0,False,False
76250|Cacao,2020,22.4,80.0,85.0,1,0,False,False
76250|Cacao,2021,6.4,16.0,21.0,1,0,False,False
76250|Cacao,2022,8.4,21.0,37.0,1,0,False,False
76250|Cacao,2023,8.4,21.0,38.5,1,0,False,False
76250|Cacao,2024,14.8,37.0,38.5,1,0,False,False
76250|Cacao,2025,14.8,37.0,40.5,1,0,False,False
76250|Café,2019,633.0,511.0,601.0,1,0,False,False
76250|Café,2020,604.0,528.0,569.0,1,0,False,False
76250|Café,2021,563.33,516.82,573.57,1,0,False,False
76250|Café,2022,389.76,519.98,574.27,1,0,False,False
76250|Café,2023,595.39,514.94,558.28,1,0,False,False
76250|Café,2024,721.09,500.76,554.23,1,0,False,False
76250|Café,2025,661.88,458.95,520.17,1,0,False,False
76250|Caña panelera,2019,4170.0,278.0,278.0,1,0,False,False
76250|Caña panelera,2020,4170.0,278.0,278.0,1,0,False,False
76250|Caña panelera,2021,3916.0,195.8,220.6,1,0,False,False
76250|Caña panelera,2022,4412.0,220.6,240.1,1,0,False,False
76250|Caña panelera,2023,4370.0,218.5,230.0,1,0,False,False
76250|Caña panelera,2024,4600.0,230.0,230.0,1,0,False,False
76250|Caña panelera,2025,4600.0,230.0,230.0,1,0,False,False
76250|Frijol,2019,114.0,114.0,116.1,2,2,True,False
76250|Frijol,2020,126.0,126.0,129.9,2,2,True,False
76250|Frijol,2021,134.4,134.4,135.4,2,2,True,False
76250|Frijol,2022,105.0,105.0,115.0,2,2,True,False
76250|Frijol,2023,40.0,40.0,82.0,2,2,True,False
76250|Frijol,2024,87.0,87.0,54.0,2,2,True,False
76250|Frijol,2025,41.96,60.0,60.0,2,2,True,False
76250|Granadilla,2019,225.0,22.5,22.5,1,0,False,False
76250|Granadilla,2020,452.0,45.2,45.2,1,0,False,False
76250|Granadilla,2021,156.0,15.6,22.2,1,0,False,False
76250|Granadilla,2022,162.0,16.2,25.2,1,0,False,False
76250|Granadilla,2023,252.0,25.2,40.0,1,0,False,False
76250|Granadilla,2024,400.0,40.0,40.0,1,0,False,False
76250|Granadilla,2025,150.0,15.0,15.0,1,0,False,False
76250|Habichuela,2019,804.0,67.0,69.08000000000001,2,2,True,False
76250|Habichuela,2020,907.2,75.6,81.9,2,2,True,False
76250|Habichuela,2021,902.4000000000001,75.19999999999999,76.7,2,2,True,False
76250|Habichuela,2022,672.0,58.5,65.5,2,2,True,False
76250|Habichuela,2023,640.0,55.0,55.0,2,2,True,False
76250|Habichuela,2024,500.0,50.0,52.0,2,2,True,False
76250|Habichuela,2025,520.0,52.0,52.0,2,2,True,False
76250|Lulo,2019,1180.0,59.0,70.8,1,0,False,False
76250|Lulo,2020,2644.0,132.2,144.4,1,0,False,False
76250|Lulo,2021,1556.0,77.8,90.1,1,0,False,False
76250|Lulo,2022,1711.9,90.1,180.1,1,0,False,False
76250|Lulo,2023,3602.0,180.1,215.1,1,0,False,False
76250|Lulo,2024,4302.0,215.1,215.1,1,0,False,False
76250|Lulo,2025,4102.0,205.1,215.1,1,0,False,False
76250|Maracuyá,2019,600.0,40.0,55.0,1,0,False,False
76250|Maracuyá,2020,825.0,55.0,71.3,1,0,False,False
76250|Maracuyá,2021,445.5,29.7,39.5,1,0,False,False
76250|Maracuyá,2022,367.5,24.5,38.5,1,0,False,False
76250|Maracuyá,2023,654.5,38.5,61.0,1,0,False,False
76250|Maracuyá,2024,1037.0,61.0,61.0,1,0,False,False
76250|Maracuyá,2025,736.0,46.0,46.0,1,0,False,False
76250|Maíz amarillo tradicional,2021,44.4,29.6,30.4,2,2,True,False
76250|Maíz amarillo tradicional,2022,41.1,27.4,24.5,2,2,True,False
76250|Maíz amarillo tradicional,2023,36.86,24.5,22.0,2,2,True,False
76250|Maíz amarillo tradicional,2024,36.89,24.5,28.5,2,2,True,False
76250|Maíz amarillo tradicional,2025,37.5,30.0,30.0,2,2,True,False
76250|Maíz blanco tradicional,2021,17.5,17.5,18.2,2,2,True,False
76250|Maíz blanco tradicional,2022,16.2,16.2,10.0,2,2,True,False
76250|Maíz blanco tradicional,2023,10.04,10.0,9.0,2,2,True,False
76250|Maíz blanco tradicional,2024,7.5,7.5,4.5,2,2,True,False
76250|Maíz tradicional,2019,69.0,57.0,60.0,2,2,True,False
76250|Maíz tradicional,2020,76.8,51.2,81.2,2,2,True,False
76250|Pepino cohombro,2019,2232.0,186.0,188.3,2,2,True,False
76250|Pepino cohombro,2020,2272.8,189.39999999999998,192.8,2,2,True,False
76250|Pepino cohombro,2021,2452.8,204.39999999999998,205.6,2,2,True,False
76250|Pepino cohombro,2022,1364.0,117.0,117.0,2,2,True,False
76250|Pepino cohombro,2023,1560.0,130.0,130.0,2,2,True,False
76250|Pepino cohombro,2024,1056.0,88.0,97.6,2,2,True,False
76250|Pepino cohombro,2025,840.0,80.0,80.0,2,2,True,False
76250|Pimentón,2019,1335.0,89.0,89.8,2,2,True,False
76250|Pimentón,2020,1141.5,76.1,77.80000000000001,2,2,True,False
76250|Pimentón,2021,1839.0,122.6,122.80000000000001,2,2,True,False
76250|Pimentón,2022,2271.0,151.4,151.4,2,2,True,False
76250|Pimentón,2023,2618.0,154.0,154.0,2,2,True,False
76250|Pimentón,2024,2907.0,171.0,170.0,2,2,True,False
76250|Pimentón,2025,2890.0,170.0,170.0,2,2,True,False
76250|Pitahaya,2019,48.0,6.0,6.0,1,0,False,False
76250|Pitahaya,2020,88.0,11.0,11.0,1,0,False,False
76250|Pitahaya,2021,25.6,3.2,4.7,1,0,False,False
76250|Pitahaya,2022,34.4,4.3,7.1,1,0,False,False
76250|Pitahaya,2023,16.0,2.0,2.0,1,0,False,False
76250|Pitahaya,2024,16.0,2.0,2.0,1,0,False,False
76250|Plátano consumo interno,2019,1045.0,113.0,118.6,1,0,False,False
76250|Plátano consumo interno,2020,2142.9,238.1,238.1,1,0,False,False
76250|Plátano consumo interno,2021,1925.0,192.5,195.7,1,0,False,False
76250|Plátano consumo interno,2022,1957.0,195.7,200.7,1,0,False,False
76250|Plátano consumo interno,2023,2007.0,200.7,206.0,1,0,False,False
76250|Plátano consumo interno,2024,2060.0,206.0,206.0,1,0,False,False
76250|Plátano consumo interno,2025,2060.0,206.0,216.0,1,0,False,False
76250|Repollo,2019,4434.5,90.5,90.5,2,2,True,False
76250|Repollo,2020,5272.4,107.6,107.6,2,2,True,False
76250|Repollo,2021,5409.6,110.4,111.1,2,2,True,False
76250|Repollo,2022,2179.8,58.2,71.5,2,2,True,False
76250|Repollo,2023,1915.0,65.0,65.0,2,2,True,False
76250|Repollo,2024,1914.0,66.0,68.0,2,2,True,False
76250|Repollo,2025,1653.0,57.0,64.0,2,2,True,False
76250|Sábila,2019,540.0,6.0,7.0,1,0,False,False
76250|Sábila,2020,1233.0,13.7,15.5,1,0,False,False
76250|Sábila,2021,65.7,7.3,8.8,1,0,False,False
76250|Sábila,2022,57.6,6.4,12.4,1,0,False,False
76250|Sábila,2023,31.5,3.5,5.0,1,0,False,False
76250|Sábila,2024,45.0,5.0,5.0,1,0,False,False
76250|Tomate,2019,3169.4,137.8,137.8,2,2,True,False
76250|Tomate,2020,2325.3,101.1,102.69999999999999,2,2,True,False
76250|Tomate,2021,2983.1,128.7,130.60000000000002,2,2,True,False
76250|Tomate,2022,4649.98,123.8,126.3,2,2,True,False
76250|Tomate,2023,3370.0,130.0,130.0,2,2,True,False
76250|Tomate,2024,2435.0,97.4,108.0,2,2,True,False
76250|Tomate,2025,1650.0,75.0,90.0,2,2,True,False
76250|Tomate invernadero,2023,6660.0,60.0,60.0,2,2,True,False
76250|Tomate invernadero,2024,7425.0,67.5,77.5,2,2,True,False
76250|Tomate invernadero,2025,9900.0,90.0,90.0,2,2,True,False
76250|Yuca consumo en fresco,2019,342.0,17.1,18.9,2,2,True,False
76250|Yuca consumo en fresco,2020,728.0,36.4,38.2,2,2,True,False
76250|Yuca consumo en fresco,2021,1030.0,51.5,52.7,2,2,True,False
76250|Yuca consumo en fresco,2022,961.5,49.2,45.5,2,2,True,False
76250|Yuca consumo en fresco,2023,680.0,34.0,31.0,2,2,True,False
76250|Yuca consumo en fresco,2024,674.0,33.7,22.7,2,2,True,False
76250|Yuca consumo en fresco,2025,280.0,14.0,10.0,2,2,True,False
76275|Aguacate demás variedades,2019,80.0,10.0,11.0,1,0,False,False
76275|Aguacate demás variedades,2020,80.0,10.0,10.0,1,0,False,False
76275|Aguacate demás variedades,2021,90.0,9.0,14.0,1,0,False,False
76275|Aguacate demás variedades,2022,119.07,13.23,14.63,1,0,False,False
76275|Aguacate demás variedades,2023,119.07,13.23,16.13,1,0,False,False
76275|Aguacate demás variedades,2024,131.67,14.63,17.13,1,0,False,False
76275|Aguacate demás variedades,2025,131.67,14.63,17.13,1,0,False,False
76275|Arracacha,2019,8.0,1.0,2.0,2,2,True,False
76275|Arracacha,2020,18.0,2.0,2.0,2,2,True,False
76275|Arracacha,2021,22.0,2.0,2.0,2,2,True,False
76275|Arracacha,2022,21.299999999999997,2.0,2.0,2,2,True,False
76275|Arracacha,2023,41.0,4.0,4.0,2,2,True,False
76275|Arracacha,2024,20.6,2.0,2.0,2,2,True,False
76275|Arracacha,2025,20.6,2.0,2.0,2,2,True,False
76275|Arveja,2019,42.0,15.0,17.5,2,2,True,False
76275|Arveja,2020,63.550000000000004,17.0,20.0,2,2,True,False
76275|Arveja,2021,67.28,17.0,20.0,2,2,True,False
76275|Arveja,2022,36.16,22.0,22.0,2,2,True,False
76275|Arveja,2023,52.34,32.0,32.0,2,2,True,False
76275|Arveja,2024,55.61,34.0,34.0,2,2,True,False
76275|Arveja,2025,55.61,34.0,36.5,2,2,True,False
76275|Banano consumo interno,2019,2760.0,138.0,138.0,1,0,False,False
76275|Banano consumo interno,2020,2760.0,138.0,138.0,1,0,False,False
76275|Banano consumo interno,2021,2560.0,128.0,148.0,1,0,False,False
76275|Banano consumo interno,2022,2657.34,139.86,154.66,1,0,False,False
76275|Banano consumo interno,2023,2767.54,145.66,160.66,1,0,False,False
76275|Banano consumo interno,2024,3052.54,160.66,175.66,1,0,False,False
76275|Banano consumo interno,2025,3280.54,172.66,182.66,1,0,False,False
76275|Cacao,2019,5.6,16.0,16.0,1,0,False,False
76275|Cacao,2020,5.6,16.0,16.0,1,0,False,False
76275|Cacao,2021,8.0,16.0,21.0,1,0,False,False
76275|Cacao,2022,9.93,19.85,21.95,1,0,False,False
76275|Cacao,2023,9.93,19.85,23.95,1,0,False,False
76275|Cacao,2024,10.98,21.95,26.95,1,0,False,False
76275|Cacao,2025,10.48,20.95,30.95,1,0,False,False
76275|Café,2019,1419.0,1132.0,1324.0,1,0,False,False
76275|Café,2020,1330.0,1147.0,1309.0,1,0,False,False
76275|Café,2021,1091.4,1199.34,1326.64,1,0,False,False
76275|Café,2022,856.9,1219.5,1338.18,1,0,False,False
76275|Café,2023,1053.2,1234.03,1333.16,1,0,False,False
76275|Café,2024,1220.55,1162.43,1336.11,1,0,False,False
76275|Café,2025,1186.55,1128.35,1318.14,1,0,False,False
76275|Caña de azúcar,2019,1315600.0,10120.0,10120.0,1,0,False,False
76275|Caña de azúcar,2020,1315600.0,10120.0,10120.0,1,0,False,False
76275|Caña de azúcar,2021,1265000.0,10120.0,10120.0,1,0,False,False
76275|Caña de azúcar,2022,1254811.8,10119.45,11131.45,1,0,False,False
76275|Caña de azúcar,2023,1362319.8,10986.45,12181.45,1,0,False,False
76275|Caña de azúcar,2024,1510499.8,12181.45,12911.45,1,0,False,False
76275|Caña de azúcar,2025,1601019.8,12911.45,12911.45,1,0,False,False
76275|Cilantro,2019,432.5,58.5,60.0,2,2,True,False
76275|Cilantro,2020,399.0,57.0,57.0,2,2,True,False
76275|Cilantro,2021,90.0,17.0,20.0,2,2,True,False
76275|Cilantro,2022,72.5,14.5,16.0,2,2,True,False
76275|Cilantro,2023,200.0,20.0,20.0,2,2,True,False
76275|Cilantro,2024,200.0,20.0,20.0,2,2,True,False
76275|Cilantro,2025,195.0,19.5,19.5,2,2,True,False
76275|Curuba,2019,8.0,4.0,4.0,1,0,False,False
76275|Curuba,2020,8.0,4.0,4.0,1,0,False,False
76275|Curuba,2021,40.0,4.0,4.0,1,0,False,False
76275|Curuba,2022,34.02,3.78,3.78,1,0,False,False
76275|Curuba,2023,34.02,3.78,3.78,1,0,False,False
76275|Curuba,2024,34.02,3.78,3.78,1,0,False,False
76275|Curuba,2025,34.02,3.78,3.78,1,0,False,False
76275|Fresa,2019,52.5,1.5,1.5,1,0,False,False
76275|Fresa,2020,35.0,1.0,1.0,1,0,False,False
76275|Fresa,2021,5.0,1.0,1.0,1,0,False,False
76275|Fresa,2022,4.75,0.95,0.95,1,0,False,False
76275|Fresa,2023,4.75,0.95,0.95,1,0,False,False
76275|Fresa,2024,4.75,0.95,1.25,1,0,False,False
76275|Fresa,2025,6.25,1.25,1.25,1,0,False,False
76275|Frijol,2019,78.0,78.0,82.0,2,2,True,False
76275|Frijol,2020,88.0,88.0,90.0,2,2,True,False
76275|Frijol,2021,79.2,64.0,78.0,2,2,True,False
76275|Frijol,2022,96.84,80.7,82.9,2,2,True,False
76275|Frijol,2023,110.4,92.0,92.0,2,2,True,False
76275|Frijol,2024,108.0,90.0,90.0,2,2,True,False
76275|Frijol,2025,76.36,91.0,92.0,2,2,True,False
76275|Granadilla,2019,210.0,21.0,21.0,1,0,False,False
76275|Granadilla,2020,210.0,21.0,21.0,1,0,False,False
76275|Granadilla,2021,210.0,21.0,25.0,1,0,False,False
76275|Granadilla,2022,212.67,23.63,26.13,1,0,False,False
76275|Granadilla,2023,235.17,26.13,26.39,1,0,False,False
76275|Granadilla,2024,237.51,26.39,26.59,1,0,False,False
76275|Granadilla,2025,239.31,26.59,28.59,1,0,False,False
76275|Guanábana,2019,50.0,5.0,5.0,1,0,False,False
76275|Guanábana,2020,50.0,5.0,5.0,1,0,False,False
76275|Guanábana,2021,100.0,5.0,5.0,1,0,False,False
76275|Guanábana,2022,94.6,4.73,4.73,1,0,False,False
76275|Guanábana,2023,94.6,4.73,4.73,1,0,False,False
76275|Guanábana,2024,94.6,4.73,4.73,1,0,False,False
76275|Guanábana,2025,94.6,4.73,4.73,1,0,False,False
76275|Guayaba,2019,140.0,14.0,14.0,1,0,False,False
76275|Guayaba,2020,140.0,14.0,14.0,1,0,False,False
76275|Guayaba,2021,84.0,14.0,17.0,1,0,False,False
76275|Guayaba,2022,112.49,16.07,17.77,1,0,False,False
76275|Guayaba,2023,112.49,16.07,17.94,1,0,False,False
76275|Guayaba,2024,125.58,17.94,17.94,1,0,False,False
76275|Guayaba,2025,125.58,17.94,18.94,1,0,False,False
76275|Habichuela,2019,231.0,20.5,21.0,2,2,True,False
76275|Habichuela,2020,300.0,25.0,25.0,2,2,True,False
76275|Habichuela,2021,198.0,21.0,26.0,2,2,True,False
76275|Habichuela,2022,260.1,28.5,29.3,2,2,True,False
76275|Habichuela,2023,291.2,32.0,32.0,2,2,True,False
76275|Habichuela,2024,270.0,30.0,30.0,2,2,True,False
76275|Habichuela,2025,257.4,28.6,29.0,2,2,True,False
76275|Limón Tahití,2021,99.07,4.95,6.95,1,0,False,False
76275|Limón Tahití,2022,131.4,6.57,7.22,1,0,False,False
76275|Limón Tahití,2023,131.4,6.57,7.92,1,0,False,False
76275|Limón Tahití,2024,144.4,7.22,8.62,1,0,False,False
76275|Limón Tahití,2025,144.4,7.22,9.12,1,0,False,False
76275|Macadamia,2019,21.0,7.0,7.0,1,0,False,False
76275|Macadamia,2020,21.0,7.0,7.0,1,0,False,False
76275|Macadamia,2021,14.0,7.0,7.0,1,0,False,False
76275|Macadamia,2022,13.24,6.62,6.62,1,0,False,False
76275|Macadamia,2023,13.24,6.62,6.62,1,0,False,False
76275|Mandarina Arrayana y/o Oneco,2021,281.46,14.07,18.07,1,0,False,False
76275|Mandarina Arrayana y/o Oneco,2022,324.52,17.08,18.81,1,0,False,False
76275|Mandarina Arrayana y/o Oneco,2023,324.52,17.08,20.69,1,0,False,False
76275|Mandarina Arrayana y/o Oneco,2024,358.91,18.89,22.19,1,0,False,False
76275|Mandarina Arrayana y/o Oneco,2025,358.91,18.89,24.19,1,0,False,False
76275|Mango demás variedades,2019,64.5,6.5,6.5,1,0,False,False
76275|Mango demás variedades,2020,60.5,5.5,5.5,1,0,False,False
76275|Mango demás variedades,2021,49.5,5.5,6.5,1,0,False,False
76275|Mango demás variedades,2022,55.35,6.15,6.8,1,0,False,False
76275|Mango demás variedades,2023,55.35,6.15,7.48,1,0,False,False
76275|Mango demás variedades,2024,61.92,6.88,8.18,1,0,False,False
76275|Mango demás variedades,2025,61.92,6.88,9.18,1,0,False,False
76275|Maracuyá,2019,120.0,8.0,8.0,1,0,False,False
76275|Maracuyá,2020,120.0,8.0,8.0,1,0,False,False
76275|Maracuyá,2021,112.0,8.0,13.0,1,0,False,False
76275|Maracuyá,2022,159.77,12.29,13.59,1,0,False,False
76275|Maracuyá,2023,176.67,13.59,13.72,1,0,False,False
76275|Maracuyá,2024,178.36,13.72,13.82,1,0,False,False
76275|Maracuyá,2025,179.66,13.82,13.82,1,0,False,False
76275|Maíz amarillo tecnificado,2021,186.0,34.0,40.0,2,2,True,False
76275|Maíz amarillo tecnificado,2022,210.0,40.0,42.0,2,2,True,False
76275|Maíz amarillo tecnificado,2023,240.0,40.0,40.0,2,2,True,False
76275|Maíz amarillo tecnificado,2024,240.0,40.0,40.0,2,2,True,False
76275|Maíz amarillo tecnificado,2025,161.24,42.0,44.0,2,2,True,False
76275|Maíz amarillo tradicional,2021,65.33,42.0,50.0,2,2,True,False
76275|Maíz amarillo tradicional,2022,75.55,53.5,57.5,2,2,True,False
76275|Maíz amarillo tradicional,2023,83.5,59.0,59.0,2,2,True,False
76275|Maíz amarillo tradicional,2024,84.0,60.0,60.0,2,2,True,False
76275|Maíz amarillo tradicional,2025,90.0,60.0,60.0,2,2,True,False
76275|Maíz blanco tecnificado,2021,174.97,55.0,64.0,2,2,True,False
76275|Maíz blanco tecnificado,2022,269.4,63.6,65.2,2,2,True,False
76275|Maíz blanco tecnificado,2023,313.5,63.0,63.0,2,2,True,False
76275|Maíz blanco tecnificado,2024,300.0,60.0,60.0,2,2,True,False
76275|Maíz blanco tecnificado,2025,330.0,60.0,60.0,2,2,True,False
76275|Maíz blanco tradicional,2021,30.2,18.0,22.0,2,2,True,False
76275|Maíz blanco tradicional,2022,41.46,26.4,27.1,2,2,True,False
76275|Maíz blanco tradicional,2023,40.9,26.0,26.0,2,2,True,False
76275|Maíz blanco tradicional,2024,46.5,30.0,30.0,2,2,True,False
76275|Maíz blanco tradicional,2025,43.5,29.0,30.0,2,2,True,False
76275|Maíz tecnificado,2019,721.5,89.5,91.0,2,2,True,False
76275|Maíz tecnificado,2020,672.0,84.0,85.0,2,2,True,False
76275|Maíz tradicional,2019,246.0,82.0,84.0,2,2,True,False
76275|Maíz tradicional,2020,249.0,83.0,85.0,2,2,True,False
76275|Mora,2019,650.0,65.0,67.0,1,0,False,False
76275|Mora,2020,670.0,67.0,67.0,1,0,False,False
76275|Mora,2021,469.0,67.0,87.0,1,0,False,False
76275|Mora,2022,575.54,82.22,90.92,1,0,False,False
76275|Mora,2023,636.44,90.92,91.82,1,0,False,False
76275|Mora,2024,642.74,91.82,92.62,1,0,False,False
76275|Mora,2025,648.34,92.62,93.12,1,0,False,False
76275|Naranja Valencia,2021,1879.47,93.97,98.97,1,0,False,False
76275|Naranja Valencia,2022,1870.6,93.53,103.42,1,0,False,False
76275|Naranja Valencia,2023,1870.6,93.53,113.72,1,0,False,False
76275|Naranja Valencia,2024,2068.4,103.42,124.72,1,0,False,False
76275|Naranja Valencia,2025,2068.4,103.42,134.72,1,0,False,False
76275|Otras hortalizas,2019,280.0,14.0,17.0,2,2,True,False
76275|Otras hortalizas,2020,400.0,20.0,21.0,2,2,True,False
76275|Otras hortalizas,2021,66.0,20.0,22.0,2,2,True,False
76275|Otras hortalizas,2022,92.5,26.0,26.0,2,2,True,False
76275|Otras hortalizas,2023,120.0,30.0,30.0,2,2,True,False
76275|Otras hortalizas,2024,80.0,20.0,20.0,2,2,True,False
76275|Otras hortalizas,2025,80.0,20.0,20.0,2,2,True,False
76275|Otros cítricos,2019,2200.0,110.0,111.0,1,0,False,False
76275|Otros cítricos,2020,2240.0,112.0,113.0,1,0,False,False
76275|Papa todas las variedades,2019,80.0,4.0,4.5,2,2,True,False
76275|Papa todas las variedades,2020,101.5,7.0,7.0,2,2,True,False
76275|Papaya demás variedades,2019,330.0,11.0,11.0,1,0,False,False
76275|Papaya demás variedades,2020,330.0,11.0,11.0,1,0,False,False
76275|Papaya demás variedades,2021,275.0,11.0,13.0,1,0,False,False
76275|Papaya demás variedades,2022,307.25,12.29,13.72,1,0,False,False
76275|Papaya demás variedades,2023,388.0,15.52,15.52,1,0,False,False
76275|Papaya demás variedades,2024,388.0,15.52,17.02,1,0,False,False
76275|Papaya demás variedades,2025,425.5,17.02,17.52,1,0,False,False
76275|Pepino cohombro,2019,500.0,12.5,12.5,2,2,True,False
76275|Pepino cohombro,2020,600.0,15.0,15.0,2,2,True,False
76275|Pepino cohombro,2021,133.5,13.0,16.0,2,2,True,False
76275|Pepino cohombro,2022,156.4,15.6,16.08,2,2,True,False
76275|Pepino cohombro,2023,182.0,18.0,18.0,2,2,True,False
76275|Pepino cohombro,2024,160.0,16.0,16.0,2,2,True,False
76275|Pepino cohombro,2025,176.0,16.0,17.0,2,2,True,False
76275|Pitahaya,2019,5.0,1.0,1.0,1,0,False,False
76275|Pitahaya,2020,5.0,1.0,1.0,1,0,False,False
76275|Pitahaya,2021,6.0,1.0,1.0,1,0,False,False
76275|Pitahaya,2022,5.64,0.94,0.94,1,0,False,False
76275|Pitahaya,2023,5.64,0.94,0.94,1,0,False,False
76275|Pitahaya,2024,5.64,0.94,0.94,1,0,False,False
76275|Pitahaya,2025,5.64,0.94,0.94,1,0,False,False
"76275|Piña Cayena, Gold, Manzana y/o Perolera",2020,4200.0,60.0,60.0,1,0,False,False
"76275|Piña Cayena, Gold, Manzana y/o Perolera",2021,4200.0,60.0,75.0,1,0,False,False
"76275|Piña Cayena, Gold, Manzana y/o Perolera",2022,4961.6,70.88,78.38,1,0,False,False
"76275|Piña Cayena, Gold, Manzana y/o Perolera",2023,5486.6,78.38,79.17,1,0,False,False
"76275|Piña Cayena, Gold, Manzana y/o Perolera",2024,5541.9,79.17,79.77,1,0,False,False
"76275|Piña Cayena, Gold, Manzana y/o Perolera",2025,5583.9,79.77,79.77,1,0,False,False
76275|Piña demás variedades,2019,6685.0,95.5,95.5,1,0,False,False
76275|Piña demás variedades,2020,6685.0,95.5,95.5,1,0,False,False
76275|Piña demás variedades,2021,6685.0,95.5,105.5,1,0,False,False
76275|Piña demás variedades,2022,6879.3,99.7,110.25,1,0,False,False
76275|Piña demás variedades,2023,7607.25,110.25,110.37,1,0,False,False
76275|Piña demás variedades,2024,7615.53,110.37,110.47,1,0,False,False
76275|Piña demás variedades,2025,7622.43,110.47,110.47,1,0,False,False
76275|Plátano consumo interno,2019,3252.0,271.0,271.0,1,0,False,False
76275|Plátano consumo interno,2020,3252.0,271.0,271.0,1,0,False,False
76275|Plátano consumo interno,2021,2224.0,278.0,281.0,1,0,False,False
76275|Plátano consumo interno,2022,2124.4,265.55,293.65,1,0,False,False
76275|Plátano consumo interno,2023,2349.2,293.65,322.95,1,0,False,False
76275|Plátano consumo interno,2024,2583.6,322.95,352.95,1,0,False,False
76275|Plátano consumo interno,2025,2783.6,347.95,367.95,1,0,False,False
76275|Sacha inchi,2019,36.0,18.0,18.0,1,0,False,False
76275|Sacha inchi,2020,32.0,16.0,16.0,1,0,False,False
76275|Sacha inchi,2021,48.0,16.0,16.0,1,0,False,False
76275|Sacha inchi,2022,45.36,15.12,15.12,1,0,False,False
76275|Sacha inchi,2023,45.36,15.12,15.12,1,0,False,False
76275|Tomate,2019,1610.0,46.0,49.0,2,2,True,False
76275|Tomate,2020,1785.0,51.0,51.0,2,2,True,False
76275|Tomate,2021,1976.0,47.0,60.0,2,2,True,False
76275|Tomate,2022,2598.1,61.3,63.0,2,2,True,False
76275|Tomate,2023,3168.0,66.0,66.0,2,2,True,False
76275|Tomate,2024,2688.0,56.0,56.0,2,2,True,False
76275|Tomate,2025,2496.0,52.0,54.0,2,2,True,False
76275|Tomate de árbol,2019,54.0,4.5,4.5,1,0,False,False
76275|Tomate de árbol,2020,36.0,3.0,3.0,1,0,False,False
76275|Tomate de árbol,2021,30.0,3.0,3.0,1,0,False,False
76275|Tomate de árbol,2022,28.4,2.84,2.84,1,0,False,False
76275|Tomate de árbol,2023,28.4,2.84,2.84,1,0,False,False
76275|Tomate de árbol,2024,28.4,2.84,2.84,1,0,False,False
76275|Tomate de árbol,2025,28.4,2.84,2.84,1,0,False,False
76275|Yuca consumo en fresco,2019,540.0,27.0,30.0,2,2,True,False
76275|Yuca consumo en fresco,2020,616.0,28.0,28.0,2,2,True,False
76275|Yuca consumo en fresco,2021,420.0,26.0,30.0,2,2,True,False
76275|Yuca consumo en fresco,2022,465.0,30.0,31.5,2,2,True,False
76275|Yuca consumo en fresco,2023,580.5,36.5,35.0,2,2,True,False
76275|Yuca consumo en fresco,2024,480.0,30.0,30.0,2,2,True,False
76275|Yuca consumo en fresco,2025,480.0,30.0,30.5,2,2,True,False
76306|Aguacate Hass,2020,6.36,3.17,5.18,1,0,False,False
76306|Aguacate Hass,2021,24.0,4.0,5.18,1,0,False,False
76306|Aguacate Hass,2022,6.36,3.18,3.18,1,0,False,False
76306|Aguacate Hass,2023,6.36,3.18,3.18,1,0,False,False
76306|Aguacate Hass,2024,0.36,0.18,0.18,1,0,False,False
76306|Aguacate Hass,2025,0.0,0.0,0.0,1,0,False,False
76306|Arveja,2019,15.96,7.6,8.0,2,2,True,False
76306|Arveja,2020,1.4,4.0,4.0,1,1,True,True
76306|Banano consumo interno,2019,2952.0,164.0,167.0,1,0,False,False
76306|Banano consumo interno,2020,800.0,97.0,137.0,1,0,False,False
76306|Banano consumo interno,2021,261.0,87.0,97.0,1,0,False,False
76306|Banano consumo interno,2022,1440.0,80.0,90.0,1,0,False,False
76306|Banano consumo interno,2023,1440.0,90.0,90.0,1,0,False,False
76306|Banano consumo interno,2024,1440.0,90.0,90.0,1,0,False,False
76306|Banano consumo interno,2025,480.0,30.0,30.0,1,0,False,False
76306|Café,2019,880.0,729.0,841.0,1,0,False,False
76306|Café,2020,326.4,731.0,828.0,1,0,False,False
76306|Café,2021,817.59,750.08,839.81,1,0,False,False
76306|Café,2022,634.09,772.76,857.15,1,0,False,False
76306|Café,2023,732.08,716.1,807.98,1,0,False,False
76306|Café,2024,875.46,694.81,807.57,1,0,False,False
76306|Café,2025,872.4,691.34,803.43,1,0,False,False
76306|Caña de azúcar,2019,356400.0,3300.0,3300.0,1,0,False,False
76306|Caña de azúcar,2020,356400.0,3300.0,3300.0,1,0,False,False
76306|Caña de azúcar,2021,494950.5,3300.0,3300.0,1,0,False,False
76306|Caña de azúcar,2022,180000.0,2000.0,3200.0,1,0,False,False
76306|Caña de azúcar,2023,276000.0,3000.0,3200.0,1,0,False,False
76306|Caña de azúcar,2024,294400.0,3200.0,3200.0,1,0,False,False
76306|Caña de azúcar,2025,384000.0,3200.0,3200.0,1,0,False,False
76306|Caña panelera,2019,1600.0,20.0,20.0,1,0,False,False
76306|Caña panelera,2020,1000.0,17.0,22.0,1,0,False,False
76306|Caña panelera,2021,1320.0,22.0,22.0,1,0,False,False
76306|Caña panelera,2022,120.0,12.0,12.0,1,0,False,False
76306|Caña panelera,2023,120.0,12.0,12.0,1,0,False,False
76306|Caña panelera,2024,1200.0,12.0,12.0,1,0,False,False
76306|Caña panelera,2025,1200.0,12.0,12.0,1,0,False,False
76306|Frijol,2019,7.95,5.3,33.0,2,2,True,False
76306|Frijol,2020,57.2,44.0,44.0,2,2,True,False
76306|Frijol,2021,110.0,44.0,44.0,2,2,True,False
76306|Frijol,2022,60.0,30.0,30.0,2,2,True,False
76306|Frijol,2023,53.7,25.0,25.0,2,2,True,False
76306|Frijol,2024,64.5,30.0,30.0,2,2,True,False
76306|Frijol,2025,64.5,30.0,30.0,2,2,True,False
76306|Granadilla,2019,99.0,11.0,11.0,1,0,False,False
76306|Granadilla,2020,80.5,7.0,7.0,1,0,False,False
76306|Granadilla,2021,42.0,7.0,7.0,1,0,False,False
76306|Granadilla,2022,54.0,3.0,3.0,1,0,False,False
76306|Granadilla,2023,54.0,3.0,3.0,1,0,False,False
76306|Granadilla,2024,54.0,3.0,4.0,1,0,False,False
76306|Granadilla,2025,72.0,4.0,54.0,1,0,False,False
76306|Guayaba,2024,0.0,0.0,10.0,1,0,False,False
76306|Guayaba,2025,80.0,10.0,10.0,1,0,False,False
76306|Habichuela,2019,58.4,7.3,8.0,2,2,True,False
76306|Habichuela,2020,7.0,8.0,8.0,2,2,True,False
76306|Habichuela,2021,35.0,8.0,8.0,2,2,True,False
76306|Habichuela,2022,120.0,30.0,30.0,2,2,True,False
76306|Habichuela,2023,200.0,25.0,25.0,2,2,True,False
76306|Habichuela,2024,240.0,30.0,30.0,2,2,True,False
76306|Habichuela,2025,240.0,30.0,30.0,2,2,True,False
76306|Limón Pajarito,2024,120.0,12.0,12.0,1,0,False,False
76306|Limón Pajarito,2025,0.0,0.0,12.0,1,0,False,False
76306|Limón Tahití,2024,300.0,20.0,20.0,1,0,False,False
76306|Limón Tahití,2025,0.0,0.0,20.0,1,0,False,False
76306|Lulo,2019,10.0,2.0,4.0,1,0,False,False
76306|Lulo,2020,32.0,4.0,11.0,1,0,False,False
76306|Lulo,2021,44.0,11.0,11.0,1,0,False,False
76306|Lulo,2022,75.0,5.0,5.0,1,0,False,False
76306|Lulo,2023,70.0,5.0,5.0,1,0,False,False
76306|Lulo,2024,70.0,5.0,6.0,1,0,False,False
76306|Lulo,2025,56.0,4.0,4.0,1,0,False,False
76306|Maracuyá,2019,60.0,4.0,6.0,1,0,False,False
76306|Maracuyá,2020,90.0,6.0,6.0,1,0,False,False
76306|Maracuyá,2021,875.0,25.0,25.0,1,0,False,False
76306|Maracuyá,2022,625.0,25.0,29.0,1,0,False,False
76306|Maracuyá,2023,725.0,29.0,29.0,1,0,False,False
76306|Maracuyá,2024,725.0,29.0,39.0,1,0,False,False
76306|Maracuyá,2025,780.0,39.0,49.0,1,0,False,False
76306|Maíz amarillo tecnificado,2021,134.96,45.0,45.0,2,2,True,False
76306|Maíz amarillo tecnificado,2022,225.0,45.0,40.0,2,2,True,False
76306|Maíz amarillo tecnificado,2023,200.0,40.0,40.0,2,2,True,False
76306|Maíz amarillo tecnificado,2024,250.0,50.0,70.0,2,2,True,False
76306|Maíz amarillo tecnificado,2025,450.0,90.0,80.0,2,2,True,False
76306|Maíz amarillo tradicional,2021,26.990000000000002,20.0,20.0,2,2,True,False
76306|Maíz amarillo tradicional,2022,21.0,20.0,20.0,2,2,True,False
76306|Maíz amarillo tradicional,2023,31.25,30.0,20.0,2,2,True,False
76306|Maíz amarillo tradicional,2024,25.060000000000002,23.0,23.0,2,2,True,False
76306|Maíz amarillo tradicional,2025,21.54,20.0,20.0,2,2,True,False
76306|Maíz blanco tecnificado,2021,113.26,80.0,80.0,2,2,True,False
76306|Maíz blanco tecnificado,2022,425.0,85.0,70.0,2,2,True,False
76306|Maíz blanco tecnificado,2023,457.25,100.0,65.0,2,2,True,False
76306|Maíz blanco tecnificado,2024,215.0,50.0,100.0,2,2,True,False
76306|Maíz blanco tecnificado,2025,344.0,80.0,60.0,2,2,True,False
76306|Maíz blanco tradicional,2021,12.58,20.0,20.0,2,2,True,False
76306|Maíz blanco tradicional,2022,22.0,22.0,24.0,2,2,True,False
76306|Maíz blanco tradicional,2023,40.32,38.0,26.0,2,2,True,False
76306|Maíz blanco tradicional,2024,32.83,29.0,29.0,2,2,True,False
76306|Maíz blanco tradicional,2025,33.980000000000004,30.0,30.0,2,2,True,False
76306|Maíz tecnificado,2019,197.25,26.3,50.0,2,2,True,False
76306|Maíz tecnificado,2020,412.5,55.0,55.0,2,2,True,False
76306|Maíz tradicional,2019,6.66,3.8,4.5,2,2,True,False
76306|Maíz tradicional,2020,17.5,10.0,10.0,2,2,True,False
76306|Mora,2019,1104.0,92.0,92.0,1,0,False,False
76306|Mora,2020,828.0,92.0,92.0,1,0,False,False
76306|Mora,2021,410.0,82.0,82.0,1,0,False,False
76306|Mora,2022,536.0,67.0,67.0,1,0,False,False
76306|Mora,2023,536.0,67.0,67.0,1,0,False,False
76306|Mora,2024,376.0,47.0,47.0,1,0,False,False
76306|Mora,2025,216.0,27.0,27.0,1,0,False,False
76306|Otras hortalizas,2024,22.0,2.0,2.0,1,1,True,True
76306|Papaya demás variedades,2019,80.0,8.0,8.0,1,0,False,False
76306|Papaya demás variedades,2020,80.0,8.0,8.0,1,0,False,False
76306|Papaya demás variedades,2021,300.0,8.0,18.0,1,0,False,False
76306|Papaya demás variedades,2022,684.0,18.0,23.0,1,0,False,False
76306|Papaya demás variedades,2023,874.0,23.0,23.0,1,0,False,False
76306|Papaya demás variedades,2024,874.0,23.0,25.0,1,0,False,False
76306|Papaya demás variedades,2025,570.0,15.0,15.0,1,0,False,False
76306|Pepino cohombro,2019,159.0,5.3,6.0,2,2,True,False
76306|Pepino cohombro,2020,1.0,2.0,3.0,1,1,True,True
76306|Pimentón,2019,43.2,3.6,4.0,2,2,True,False
76306|Plátano consumo interno,2019,392.0,49.0,54.0,1,0,False,False
76306|Plátano consumo interno,2020,432.0,54.0,74.0,1,0,False,False
76306|Plátano consumo interno,2021,261.24,84.0,84.0,1,0,False,False
76306|Plátano consumo interno,2022,1110.0,74.0,74.0,1,0,False,False
76306|Plátano consumo interno,2023,1258.0,74.0,74.0,1,0,False,False
76306|Plátano consumo interno,2024,1258.0,74.0,74.0,1,0,False,False
76306|Plátano consumo interno,2025,1258.0,74.0,84.0,1,0,False,False
76306|Tomate,2019,107.5,4.3,5.0,2,2,True,False
76306|Tomate,2020,95.0,6.0,6.0,2,2,True,False
76306|Tomate,2021,404.0,30.0,30.0,2,2,True,False
76306|Tomate,2022,2208.0,46.0,46.0,2,2,True,False
76306|Tomate,2023,2160.0,45.0,45.0,2,2,True,False
76306|Tomate,2024,940.0,33.0,33.0,2,2,True,False
76306|Tomate,2025,91.0,7.0,8.0,2,2,True,False
76306|Tomate de árbol,2024,0.0,0.0,1.0,1,0,False,False
76306|Tomate de árbol,2025,8.0,1.0,1.0,1,0,False,False
76306|Tomate invernadero,2024,180.0,3.0,3.0,1,1,True,True
76306|Uva,2019,2312.0,135.0,145.0,1,0,False,False
76306|Uva,2020,1885.0,145.0,145.0,1,0,False,False
76306|Uva,2021,2610.4,260.0,260.0,1,0,False,False
76306|Uva,2022,1800.0,180.0,180.0,1,0,False,False
76306|Uva,2023,1800.0,180.0,180.0,1,0,False,False
76306|Uva,2024,1550.0,155.0,155.0,1,0,False,False
76306|Uva,2025,1250.0,125.0,125.0,1,0,False,False
76306|Zapote,2020,0.0,0.0,2.0,1,0,False,False
76318|Aguacate demás variedades,2019,636.0,53.0,58.0,1,0,False,False
76318|Aguacate demás variedades,2020,660.0,55.0,60.0,1,0,False,False
76318|Aguacate demás variedades,2021,611.9,58.0,63.0,1,0,False,False
76318|Aguacate demás variedades,2022,756.0,63.0,63.0,1,0,False,False
76318|Aguacate demás variedades,2023,720.0,60.0,60.0,1,0,False,False
76318|Aguacate demás variedades,2024,720.0,60.0,60.0,1,0,False,False
76318|Aguacate demás variedades,2025,720.0,60.0,60.0,1,0,False,False
76318|Ají,2019,18.0,3.0,4.0,1,1,True,True
76318|Ají,2020,12.0,2.0,2.0,1,1,True,True
76318|Ají,2021,12.0,2.0,2.0,1,1,True,True
76318|Ají,2022,12.0,2.0,2.0,2,2,True,False
76318|Ají,2023,11.0,2.0,2.0,2,2,True,False
76318|Ají,2024,90.0,15.0,32.0,2,2,True,False
76318|Ají,2025,246.0,41.0,50.0,2,2,True,False
76318|Arracacha,2019,48.0,8.0,8.0,1,1,True,True
76318|Arracacha,2020,12.0,3.0,3.0,1,1,True,True
76318|Arracacha,2021,24.0,3.0,3.0,1,1,True,True
76318|Arracacha,2022,24.0,3.0,3.0,1,1,True,True
76318|Arracacha,2023,24.0,3.0,3.0,1,1,True,True
76318|Arracacha,2024,16.0,2.0,2.0,2,2,True,False
76318|Arracacha,2025,16.0,2.0,2.0,2,2,True,False
76318|Banano consumo interno,2019,4212.0,234.0,239.0,1,0,False,False
76318|Banano consumo interno,2020,4086.0,227.0,232.0,1,0,False,False
76318|Banano consumo interno,2021,231.0,231.0,251.0,1,0,False,False
76318|Banano consumo interno,2022,462.0,231.0,251.0,1,0,False,False
76318|Banano consumo interno,2023,498.0,249.0,253.0,1,0,False,False
76318|Banano consumo interno,2024,504.0,252.0,252.0,1,0,False,False
76318|Banano consumo interno,2025,504.0,252.0,252.0,1,0,False,False
76318|Cacao,2019,1.2,4.0,7.0,1,0,False,False
76318|Cacao,2020,1.8,6.0,9.0,1,0,False,False
76318|Cacao,2021,3.5,7.0,10.0,1,0,False,False
76318|Cacao,2022,5.0,10.0,12.0,1,0,False,False
76318|Cacao,2023,5.0,10.0,12.0,1,0,False,False
76318|Cacao,2024,6.0,12.0,12.0,1,0,False,False
76318|Cacao,2025,6.0,12.0,12.0,1,0,False,False
76318|Café,2019,524.0,404.0,545.0,1,0,False,False
76318|Café,2020,255.5,427.0,540.0,1,0,False,False
76318|Café,2021,459.27,459.27,541.34,1,0,False,False
76318|Café,2022,408.73,496.83,544.16,1,0,False,False
76318|Café,2023,432.14,498.37,548.9,1,0,False,False
76318|Café,2024,532.54,493.09,553.54,1,0,False,False
76318|Café,2025,537.13,496.59,564.72,1,0,False,False
76318|Caña de azúcar,2019,1683968.0,13156.0,13234.0,1,0,False,False
76318|Caña de azúcar,2020,1688704.0,13193.0,13271.0,1,0,False,False
76318|Caña de azúcar,2021,1683649.8,13230.0,13308.0,1,0,False,False
76318|Caña de azúcar,2022,1730040.0,13308.0,13308.0,1,0,False,False
76318|Caña de azúcar,2023,1703424.0,13308.0,13308.0,1,0,False,False
76318|Caña de azúcar,2024,1703424.0,13308.0,13311.0,1,0,False,False
76318|Caña de azúcar,2025,1703808.0,13311.0,13316.0,1,0,False,False
76318|Caña panelera,2019,3780.0,54.0,60.0,1,0,False,False
76318|Caña panelera,2020,3990.0,57.0,63.0,1,0,False,False
76318|Caña panelera,2021,3000.0,60.0,66.0,1,0,False,False
76318|Caña panelera,2022,3300.0,66.0,66.0,1,0,False,False
76318|Caña panelera,2023,3000.0,60.0,66.0,1,0,False,False
76318|Caña panelera,2024,3300.0,66.0,66.0,1,0,False,False
76318|Caña panelera,2025,3000.0,60.0,60.0,1,0,False,False
76318|Cilantro,2019,224.0,28.0,30.0,2,2,True,False
76318|Cilantro,2020,192.0,24.0,27.0,2,2,True,False
76318|Cilantro,2021,255.0,27.0,28.0,2,2,True,False
76318|Cilantro,2022,243.0,27.0,27.0,2,2,True,False
76318|Cilantro,2023,270.0,30.0,30.0,2,2,True,False
76318|Cilantro,2024,198.0,22.0,22.0,2,2,True,False
76318|Cilantro,2025,229.5,25.5,27.0,2,2,True,False
76318|Frijol,2019,61.5,41.0,48.0,2,2,True,False
76318|Frijol,2020,85.0,23.0,47.0,2,2,True,False
76318|Frijol,2021,89.6,47.0,47.0,2,2,True,False
76318|Frijol,2022,70.5,47.0,47.0,2,2,True,False
76318|Frijol,2023,65.0,45.0,45.0,2,2,True,False
76318|Frijol,2024,52.0,35.0,35.0,2,2,True,False
76318|Frijol,2025,44.1,31.5,33.0,2,2,True,False
76318|Guanábana,2019,480.0,24.0,29.0,1,0,False,False
76318|Guanábana,2020,1060.0,53.0,58.0,1,0,False,False
76318|Guanábana,2021,979.99,59.0,61.0,1,0,False,False
76318|Guanábana,2022,957.7,61.0,61.0,1,0,False,False
76318|Guanábana,2023,643.7,41.0,41.0,1,0,False,False
76318|Guanábana,2024,596.6,38.0,41.0,1,0,False,False
76318|Guanábana,2025,643.7,41.0,41.0,1,0,False,False
76318|Guayaba,2021,0.0,0.0,1.0,1,0,False,False
76318|Guayaba,2022,8.0,1.0,1.0,1,0,False,False
76318|Guayaba,2023,8.0,1.0,4.0,1,0,False,False
76318|Guayaba,2024,32.0,4.0,4.0,1,0,False,False
76318|Guayaba,2025,32.0,4.0,4.0,1,0,False,False
76318|Habichuela,2019,176.0,22.0,26.0,2,2,True,False
76318|Habichuela,2020,168.0,21.0,25.0,2,2,True,False
76318|Habichuela,2021,140.0,22.0,25.0,2,2,True,False
76318|Habichuela,2022,168.0,24.0,24.0,2,2,True,False
76318|Habichuela,2023,192.0,24.0,24.0,2,2,True,False
76318|Habichuela,2024,155.0,20.0,20.0,2,2,True,False
76318|Habichuela,2025,143.25,18.5,20.0,2,2,True,False
76318|Limón Tahití,2021,41.48,3.38,3.38,1,0,False,False
76318|Limón Tahití,2022,40.56,3.38,3.38,1,0,False,False
76318|Limón Tahití,2023,40.56,3.38,4.38,1,0,False,False
76318|Limón Tahití,2024,40.56,3.38,4.38,1,0,False,False
76318|Limón Tahití,2025,40.56,3.38,5.0,1,0,False,False
76318|Lulo,2019,1107.0,41.0,43.0,1,0,False,False
76318|Lulo,2020,1053.0,39.0,41.0,1,0,False,False
76318|Lulo,2021,54.0,45.0,47.0,1,0,False,False
76318|Lulo,2022,235.0,47.0,57.0,1,0,False,False
76318|Lulo,2023,280.0,56.0,60.0,1,0,False,False
76318|Lulo,2024,300.0,60.0,60.0,1,0,False,False
76318|Lulo,2025,300.0,60.0,60.0,1,0,False,False
76318|Mandarina Arrayana y/o Oneco,2021,143.84,9.59,9.59,1,0,False,False
76318|Mandarina Arrayana y/o Oneco,2022,134.26,9.59,9.59,1,0,False,False
76318|Mandarina Arrayana y/o Oneco,2023,78.26,5.59,5.59,1,0,False,False
76318|Mandarina Arrayana y/o Oneco,2024,78.26,5.59,5.59,1,0,False,False
76318|Mandarina Arrayana y/o Oneco,2025,78.26,5.59,5.59,1,0,False,False
76318|Maracuyá,2019,2520.0,84.0,88.0,1,0,False,False
76318|Maracuyá,2020,2550.0,85.0,89.0,1,0,False,False
76318|Maracuyá,2021,510.0,85.0,90.0,1,0,False,False
76318|Maracuyá,2022,540.0,90.0,90.0,1,0,False,False
76318|Maracuyá,2023,360.0,60.0,60.0,1,0,False,False
76318|Maracuyá,2024,360.0,60.0,60.0,1,0,False,False
76318|Maracuyá,2025,360.0,60.0,60.0,1,0,False,False
76318|Maíz amarillo tecnificado,2021,1695.0,339.0,349.0,2,2,True,False
76318|Maíz amarillo tecnificado,2022,1720.0,344.0,340.0,2,2,True,False
76318|Maíz amarillo tecnificado,2023,1715.0,343.0,353.0,2,2,True,False
76318|Maíz amarillo tecnificado,2024,1500.0,300.0,340.0,2,2,True,False
76318|Maíz amarillo tecnificado,2025,1575.0,315.0,320.0,2,2,True,False
76318|Maíz amarillo tradicional,2021,65.9,30.0,30.0,2,2,True,False
76318|Maíz amarillo tradicional,2022,56.0,28.0,28.0,2,2,True,False
76318|Maíz amarillo tradicional,2023,76.0,38.0,40.0,2,2,True,False
76318|Maíz amarillo tradicional,2024,70.0,35.0,45.0,2,2,True,False
76318|Maíz amarillo tradicional,2025,83.0,41.5,48.0,2,2,True,False
76318|Maíz blanco tecnificado,2021,1555.0,340.0,340.0,2,2,True,False
76318|Maíz blanco tecnificado,2022,1725.0,345.0,340.0,2,2,True,False
76318|Maíz blanco tradicional,2021,75.5,33.0,37.0,2,2,True,False
76318|Maíz blanco tradicional,2022,70.0,35.0,35.0,2,2,True,False
76318|Maíz tecnificado,2019,4167.0,551.0,563.0,2,2,True,False
76318|Maíz tecnificado,2020,3114.0,519.0,543.0,2,2,True,False
76318|Maíz tradicional,2019,127.5,46.0,50.0,2,2,True,False
76318|Maíz tradicional,2020,102.5,41.0,49.0,2,2,True,False
76318|Mora,2019,392.0,28.0,41.0,1,0,False,False
76318|Mora,2020,378.0,27.0,40.0,1,0,False,False
76318|Mora,2021,300.04,26.0,39.0,1,0,False,False
76318|Mora,2022,336.6,51.0,51.0,1,0,False,False
76318|Mora,2023,310.2,47.0,47.0,1,0,False,False
76318|Mora,2024,310.2,47.0,47.0,1,0,False,False
76318|Mora,2025,310.2,47.0,47.0,1,0,False,False
76318|Naranja Valencia,2021,1152.63,64.04,64.04,1,0,False,False
76318|Naranja Valencia,2022,1280.8,64.04,64.04,1,0,False,False
76318|Naranja Valencia,2023,1000.8,50.04,50.04,1,0,False,False
76318|Naranja Valencia,2024,1000.8,50.04,50.04,1,0,False,False
76318|Naranja Valencia,2025,1000.8,50.04,50.04,1,0,False,False
76318|Otros cítricos,2019,1380.0,69.0,74.0,1,0,False,False
76318|Otros cítricos,2020,1440.0,72.0,77.0,1,0,False,False
76318|Papaya demás variedades,2019,320.0,32.0,462.0,1,0,False,False
76318|Papaya demás variedades,2020,330.0,33.0,463.0,1,0,False,False
76318|Papaya demás variedades,2021,310.08,34.0,464.0,1,0,False,False
76318|Papaya demás variedades,2022,4140.0,414.0,464.0,1,0,False,False
76318|Papaya demás variedades,2023,3000.0,300.0,300.0,1,0,False,False
76318|Papaya demás variedades,2024,3000.0,300.0,300.0,1,0,False,False
76318|Papaya demás variedades,2025,3000.0,300.0,300.0,1,0,False,False
76318|Pepino cohombro,2019,270.0,9.0,10.0,2,2,True,False
76318|Pepino cohombro,2020,300.0,10.0,10.0,2,2,True,False
76318|Pepino cohombro,2021,250.0,11.0,11.0,2,2,True,False
76318|Pepino cohombro,2022,275.0,11.0,11.0,2,2,True,False
76318|Pepino cohombro,2023,240.0,10.0,10.0,2,2,True,False
76318|Pepino cohombro,2024,250.0,10.0,10.0,2,2,True,False
76318|Pepino cohombro,2025,250.0,10.0,10.0,2,2,True,False
76318|Pimentón,2019,180.0,15.0,17.0,2,2,True,False
76318|Pimentón,2020,144.0,16.0,16.0,2,2,True,False
76318|Pimentón,2021,174.0,17.0,17.0,2,2,True,False
76318|Pimentón,2022,168.0,18.0,18.0,2,2,True,False
76318|Pimentón,2023,192.0,16.0,16.0,2,2,True,False
76318|Pimentón,2024,192.0,16.0,16.0,2,2,True,False
76318|Pimentón,2025,192.0,16.0,16.0,2,2,True,False
76318|Plantas aromáticas,2019,78.75,16.5,18.0,2,2,True,False
76318|Plantas aromáticas,2020,85.0,17.0,18.0,2,2,True,False
76318|Plantas aromáticas,2021,33.01,25.2,26.2,1,0,False,False
76318|Plantas aromáticas,2022,31.44,26.2,26.2,1,0,False,False
76318|Plantas aromáticas,2023,30.24,25.2,25.2,1,0,False,False
76318|Plantas aromáticas,2024,29.04,24.2,25.2,1,0,False,False
76318|Plantas aromáticas,2025,30.0,25.0,25.0,1,0,False,False
76318|Plátano consumo interno,2019,420.0,28.0,168.0,1,0,False,False
76318|Plátano consumo interno,2020,570.0,38.0,178.0,1,0,False,False
76318|Plátano consumo interno,2021,2136.0,178.0,178.0,1,0,False,False
76318|Plátano consumo interno,2022,1848.0,168.0,198.0,1,0,False,False
76318|Plátano consumo interno,2023,2178.0,198.0,208.0,1,0,False,False
76318|Plátano consumo interno,2024,2288.0,208.0,208.0,1,0,False,False
76318|Plátano consumo interno,2025,2288.0,208.0,208.0,1,0,False,False
76318|Tomate,2019,1040.0,52.0,57.0,2,2,True,False
76318|Tomate,2020,960.0,48.0,54.0,2,2,True,False
76318|Tomate,2021,980.0,49.0,52.0,2,2,True,False
76318|Tomate,2022,1020.0,51.0,51.0,2,2,True,False
76318|Tomate,2023,1160.0,58.0,59.0,2,2,True,False
76318|Tomate,2024,1200.0,60.0,60.0,2,2,True,False
76318|Tomate,2025,720.0,36.0,40.0,2,2,True,False
76318|Tomate de árbol,2019,132.0,11.0,44.0,1,0,False,False
76318|Tomate de árbol,2020,180.0,15.0,48.0,1,0,False,False
76318|Tomate de árbol,2021,190.0,19.0,52.0,1,0,False,False
76318|Tomate de árbol,2022,520.0,52.0,62.0,1,0,False,False
76318|Tomate de árbol,2023,520.0,52.0,52.0,1,0,False,False
76318|Tomate de árbol,2024,520.0,52.0,52.0,1,0,False,False
76318|Tomate de árbol,2025,500.0,50.0,50.0,1,0,False,False
76318|Tomate invernadero,2025,1600.0,20.0,20.0,2,2,True,False
76318|Uva,2019,190.0,19.0,228.0,1,0,False,False
76318|Uva,2020,270.0,27.0,236.0,1,0,False,False
76318|Uva,2021,350.0,35.0,244.0,1,0,False,False
76318|Uva,2022,2440.0,244.0,244.0,1,0,False,False
76318|Uva,2023,2440.0,244.0,244.0,1,0,False,False
76318|Uva,2024,2440.0,244.0,244.0,1,0,False,False
76318|Uva,2025,2440.0,244.0,244.0,1,0,False,False
76318|Yuca consumo en fresco,2019,72.0,3.6,3.7,1,1,True,True
76318|Yuca consumo en fresco,2020,15.0,3.0,3.0,1,1,True,True
76318|Yuca consumo en fresco,2021,30.0,3.0,3.0,1,1,True,True
76318|Yuca consumo en fresco,2022,30.0,3.0,3.0,1,1,True,True
76318|Yuca consumo en fresco,2023,30.0,3.0,3.0,1,1,True,True
76318|Yuca consumo en fresco,2024,70.0,7.0,4.0,2,2,True,False
76318|Yuca consumo en fresco,2025,40.0,4.0,4.0,1,1,True,True
76364|Aguacate demás variedades,2019,35.0,5.0,5.5,1,0,False,False
76364|Aguacate demás variedades,2020,38.5,5.5,5.5,1,0,False,False
76364|Aguacate demás variedades,2021,38.5,5.5,6.0,1,0,False,False
76364|Aguacate demás variedades,2022,44.0,5.5,5.5,1,0,False,False
76364|Aguacate demás variedades,2023,45.0,4.5,4.5,1,0,False,False
76364|Aguacate demás variedades,2024,45.0,4.5,5.5,1,0,False,False
76364|Aguacate demás variedades,2025,45.0,4.5,8.0,1,0,False,False
76364|Ahuyama,2019,24.0,2.0,2.0,2,2,True,False
76364|Ahuyama,2020,62.5,5.0,5.0,2,2,True,False
76364|Ahuyama,2021,92.0,7.0,7.0,2,2,True,False
76364|Ahuyama,2022,75.0,5.0,5.0,2,2,True,False
76364|Ahuyama,2023,42.0,3.5,3.5,2,2,True,False
76364|Ahuyama,2024,62.5,5.5,5.5,2,2,True,False
76364|Ahuyama,2025,59.75,4.5,4.5,2,2,True,False
76364|Arazá,2019,2.1,3.0,3.0,1,0,False,False
76364|Arazá,2020,2.1,3.0,3.0,1,0,False,False
76364|Arazá,2021,1.5,3.0,3.0,1,0,False,False
76364|Arazá,2022,1.5,3.0,3.0,1,0,False,False
76364|Arazá,2023,1.2,3.0,3.0,1,0,False,False
76364|Arazá,2024,0.75,2.5,2.5,1,0,False,False
76364|Arazá,2025,1.25,2.5,2.5,1,0,False,False
76364|Arroz riego,2019,17215.0,3130.0,3130.0,2,2,True,False
76364|Arroz riego,2020,16995.0,3090.0,3090.0,2,2,True,False
76364|Arroz riego,2021,18651.16,3096.0,3096.0,2,2,True,False
76364|Arroz riego,2022,16918.0,3076.0,3076.0,2,2,True,False
76364|Arroz riego,2023,18468.0,3078.0,3078.0,2,2,True,False
76364|Arroz riego,2024,16951.0,3082.0,3082.0,2,2,True,False
76364|Arroz riego,2025,16923.5,3077.0,3077.0,2,2,True,False
76364|Banano consumo interno,2019,82.5,5.5,5.5,1,0,False,False
76364|Banano consumo interno,2020,77.0,5.5,5.5,1,0,False,False
76364|Banano consumo interno,2021,82.5,5.5,11.0,1,0,False,False
76364|Banano consumo interno,2022,165.0,11.0,11.0,1,0,False,False
76364|Banano consumo interno,2023,105.0,7.0,8.0,1,0,False,False
76364|Banano consumo interno,2024,140.0,7.0,8.0,1,0,False,False
76364|Banano consumo interno,2025,160.0,8.0,8.5,1,0,False,False
76364|Cacao,2019,141.75,260.5,260.5,1,0,False,False
76364|Cacao,2020,155.4,259.0,260.5,1,0,False,False
76364|Cacao,2021,157.5,262.5,262.5,1,0,False,False
76364|Cacao,2022,131.25,262.5,262.5,1,0,False,False
76364|Cacao,2023,156.3,260.5,262.0,1,0,False,False
76364|Cacao,2024,156.3,260.5,267.0,1,0,False,False
76364|Cacao,2025,197.1,328.5,395.0,1,0,False,False
76364|Café,2019,1224.0,934.0,1256.0,1,0,False,False
76364|Café,2020,519.5,857.0,1179.0,1,0,False,False
76364|Café,2021,745.21,908.79,1194.17,1,0,False,False
76364|Café,2022,721.32,950.14,1217.85,1,0,False,False
76364|Café,2023,1043.42,964.34,1233.85,1,0,False,False
76364|Café,2024,1230.46,918.25,1218.2,1,0,False,False
76364|Café,2025,1231.72,917.81,1191.58,1,0,False,False
76364|Caña de azúcar,2019,828630.0,9207.0,9217.0,1,0,False,False
76364|Caña de azúcar,2020,829530.0,9217.0,9237.0,1,0,False,False
76364|Caña de azúcar,2021,1016070.0,9237.0,9237.0,1,0,False,False
76364|Caña de azúcar,2022,1016070.0,9237.0,9237.0,1,0,False,False
76364|Caña de azúcar,2023,1016070.0,9237.0,9237.0,1,0,False,False
76364|Caña de azúcar,2024,1016070.0,9237.0,9240.0,1,0,False,False
76364|Caña de azúcar,2025,1016400.0,9240.0,9240.0,1,0,False,False
76364|Caña panelera,2019,3060.0,51.0,51.0,1,0,False,False
76364|Caña panelera,2020,3030.0,50.5,54.5,1,0,False,False
76364|Caña panelera,2021,3270.0,54.5,54.5,1,0,False,False
76364|Caña panelera,2022,3360.0,56.0,56.0,1,0,False,False
76364|Caña panelera,2023,3270.0,54.5,59.0,1,0,False,False
76364|Caña panelera,2024,3300.0,55.0,58.0,1,0,False,False
76364|Caña panelera,2025,3480.0,58.0,58.0,1,0,False,False
76364|Cilantro,2019,17.5,3.5,3.5,2,2,True,False
76364|Cilantro,2020,18.0,4.0,4.0,2,2,True,False
76364|Cilantro,2021,26.0,5.5,5.5,2,2,True,False
76364|Cilantro,2022,14.25,2.5,2.5,2,2,True,False
76364|Cilantro,2023,12.0,2.0,2.0,2,2,True,False
76364|Cilantro,2024,15.0,2.5,2.5,2,2,True,False
76364|Cilantro,2025,18.75,3.0,3.0,2,2,True,False
76364|Frijol,2019,3.0,3.0,3.0,2,2,True,False
76364|Frijol,2020,10.0,10.0,10.0,2,2,True,False
76364|Frijol,2021,10.0,11.0,11.0,2,2,True,False
76364|Frijol,2022,8.0,8.0,8.0,2,2,True,False
76364|Frijol,2023,12.75,8.5,8.5,2,2,True,False
76364|Frijol,2024,10.649999999999999,8.5,8.5,2,2,True,False
76364|Frijol,2025,11.7,9.0,9.0,2,2,True,False
76364|Guanábana,2019,48.0,4.0,4.0,1,0,False,False
76364|Guanábana,2020,36.0,3.0,3.0,1,0,False,False
76364|Guanábana,2021,36.0,3.0,3.0,1,0,False,False
76364|Guanábana,2022,30.0,2.5,2.5,1,0,False,False
76364|Guanábana,2023,22.5,1.5,1.5,1,0,False,False
76364|Guanábana,2024,22.5,1.5,1.5,1,0,False,False
76364|Guanábana,2025,22.5,1.5,1.5,1,0,False,False
76364|Guayaba,2019,85.5,9.0,11.0,1,0,False,False
76364|Guayaba,2020,110.0,11.0,11.0,1,0,False,False
76364|Guayaba,2021,140.0,14.0,14.0,1,0,False,False
76364|Guayaba,2022,145.0,14.5,14.5,1,0,False,False
76364|Guayaba,2023,217.5,14.5,14.5,1,0,False,False
76364|Guayaba,2024,174.0,14.5,15.5,1,0,False,False
76364|Guayaba,2025,174.0,14.5,17.5,1,0,False,False
76364|Habichuela,2019,67.5,7.5,7.5,2,2,True,False
76364|Habichuela,2020,72.0,8.0,8.0,2,2,True,False
76364|Habichuela,2021,99.75,10.5,10.5,2,2,True,False
76364|Habichuela,2022,97.0,10.5,10.5,2,2,True,False
76364|Habichuela,2023,83.5,9.0,9.0,2,2,True,False
76364|Habichuela,2024,80.5,9.0,9.0,2,2,True,False
76364|Habichuela,2025,90.0,9.0,9.0,2,2,True,False
76364|Limón Tahití,2021,389.26,19.46,21.46,1,0,False,False
76364|Limón Tahití,2022,429.2,21.46,21.46,1,0,False,False
76364|Limón Tahití,2023,369.2,18.46,19.46,1,0,False,False
76364|Limón Tahití,2024,369.2,18.46,22.46,1,0,False,False
76364|Limón Tahití,2025,332.28,18.46,22.46,1,0,False,False
76364|Lulo,2019,36.0,4.0,4.0,1,0,False,False
76364|Lulo,2020,18.0,2.0,2.0,1,0,False,False
76364|Lulo,2021,20.0,2.0,2.0,1,0,False,False
76364|Lulo,2022,22.0,2.0,2.0,1,0,False,False
76364|Lulo,2023,20.0,2.0,2.5,1,0,False,False
76364|Lulo,2024,20.0,2.0,2.0,1,0,False,False
76364|Lulo,2025,18.0,2.0,2.0,1,0,False,False
76364|Mandarina Arrayana y/o Oneco,2021,1216.5,55.3,56.3,1,0,False,False
76364|Mandarina Arrayana y/o Oneco,2022,1194.6,54.3,54.3,1,0,False,False
76364|Mandarina Arrayana y/o Oneco,2023,1086.0,54.3,56.3,1,0,False,False
76364|Mandarina Arrayana y/o Oneco,2024,1086.0,54.3,58.3,1,0,False,False
76364|Mandarina Arrayana y/o Oneco,2025,1086.0,54.3,60.3,1,0,False,False
76364|Mango demás variedades,2019,380.0,19.0,19.0,1,0,False,False
76364|Mango demás variedades,2020,285.0,19.0,19.0,1,0,False,False
76364|Mango demás variedades,2021,380.0,19.0,19.0,1,0,False,False
76364|Mango demás variedades,2022,380.0,19.0,19.0,1,0,False,False
76364|Mango demás variedades,2023,210.0,14.0,14.0,1,0,False,False
76364|Mango demás variedades,2024,210.0,14.0,14.0,1,0,False,False
76364|Mango demás variedades,2025,210.0,14.0,14.0,1,0,False,False
76364|Maracuyá,2019,100.0,5.0,18.5,1,0,False,False
76364|Maracuyá,2020,370.0,18.5,18.5,1,0,False,False
76364|Maracuyá,2021,307.5,20.5,20.5,1,0,False,False
76364|Maracuyá,2022,142.5,9.5,9.5,1,0,False,False
76364|Maracuyá,2023,130.0,6.5,6.5,1,0,False,False
76364|Maracuyá,2024,100.0,5.0,5.0,1,0,False,False
76364|Maracuyá,2025,60.0,4.0,4.0,1,0,False,False
76364|Maíz amarillo tradicional,2021,28.0,14.0,14.0,2,2,True,False
76364|Maíz amarillo tradicional,2022,28.0,14.0,12.0,2,2,True,False
76364|Maíz amarillo tradicional,2023,16.5,10.5,11.0,2,2,True,False
76364|Maíz amarillo tradicional,2024,16.6,12.0,7.0,2,2,True,False
76364|Maíz amarillo tradicional,2025,16.5,11.0,11.0,2,2,True,False
76364|Maíz tradicional,2019,18.0,12.0,12.0,2,2,True,False
76364|Maíz tradicional,2020,18.0,12.0,12.0,2,2,True,False
76364|Mora,2019,17.5,2.5,3.0,1,0,False,False
76364|Mora,2020,21.0,3.0,3.0,1,0,False,False
76364|Mora,2021,18.0,3.0,3.0,1,0,False,False
76364|Mora,2022,24.0,3.0,3.0,1,0,False,False
76364|Mora,2023,21.0,3.0,3.0,1,0,False,False
76364|Mora,2024,17.5,2.5,2.5,1,0,False,False
76364|Mora,2025,17.5,2.5,2.5,1,0,False,False
76364|Naranja Valencia,2021,14769.65,369.24,370.74,1,0,False,False
76364|Naranja Valencia,2022,12625.9,360.74,360.74,1,0,False,False
76364|Naranja Valencia,2023,12345.9,352.74,354.74,1,0,False,False
76364|Naranja Valencia,2024,12345.9,352.74,355.74,1,0,False,False
76364|Naranja Valencia,2025,8768.5,350.74,353.74,1,0,False,False
76364|Otras hortalizas,2020,30.0,2.0,2.0,2,2,True,False
76364|Otras hortalizas,2021,51.0,6.0,6.0,2,2,True,False
76364|Otras hortalizas,2022,22.0,4.5,4.5,2,2,True,False
76364|Otras hortalizas,2023,16.5,5.5,5.5,2,2,True,False
76364|Otras hortalizas,2024,21.5,6.5,6.5,2,2,True,False
76364|Otras hortalizas,2025,22.75,6.5,6.5,2,2,True,False
76364|Otros cítricos,2019,14125.0,440.0,443.0,1,0,False,False
76364|Otros cítricos,2020,13230.0,441.0,444.0,1,0,False,False
76364|Papaya demás variedades,2019,70.0,2.0,2.5,1,0,False,False
76364|Papaya demás variedades,2020,87.5,2.5,4.0,1,0,False,False
76364|Papaya demás variedades,2021,35.0,1.0,1.0,1,0,False,False
76364|Papaya demás variedades,2022,15.0,0.5,0.5,1,0,False,False
76364|Papaya demás variedades,2023,15.0,0.5,1.5,1,0,False,False
76364|Papaya demás variedades,2024,45.0,1.5,2.0,1,0,False,False
76364|Papaya demás variedades,2025,40.0,2.0,2.0,1,0,False,False
76364|Piña demás variedades,2019,1860.0,31.0,36.0,1,0,False,False
76364|Piña demás variedades,2020,4290.0,66.0,66.0,1,0,False,False
76364|Piña demás variedades,2021,4745.0,73.0,73.0,1,0,False,False
76364|Piña demás variedades,2022,4745.0,73.0,73.0,1,0,False,False
76364|Piña demás variedades,2023,4550.0,70.0,75.0,1,0,False,False
76364|Piña demás variedades,2024,4420.0,68.0,73.0,1,0,False,False
76364|Piña demás variedades,2025,4550.0,70.0,73.0,1,0,False,False
76364|Plátano consumo interno,2019,476.5,52.0,56.0,1,0,False,False
76364|Plátano consumo interno,2020,495.0,55.0,60.0,1,0,False,False
76364|Plátano consumo interno,2021,750.0,62.5,62.5,1,0,False,False
76364|Plátano consumo interno,2022,625.0,62.5,62.5,1,0,False,False
76364|Plátano consumo interno,2023,630.0,52.5,53.5,1,0,False,False
76364|Plátano consumo interno,2024,630.0,52.5,55.5,1,0,False,False
76364|Plátano consumo interno,2025,546.0,45.5,47.5,1,0,False,False
76364|Sacha inchi,2019,7.5,5.0,5.0,1,0,False,False
76364|Sacha inchi,2020,4.5,3.0,3.0,1,0,False,False
76364|Tomate,2019,187.5,7.5,7.5,2,2,True,False
76364|Tomate,2020,150.0,6.0,6.0,2,2,True,False
76364|Tomate,2021,195.0,7.0,7.0,2,2,True,False
76364|Tomate,2022,40.0,1.5,1.5,2,2,True,False
76364|Tomate,2023,45.0,1.5,1.5,2,2,True,False
76364|Tomate,2024,95.0,3.5,3.5,2,2,True,False
76364|Tomate,2025,95.0,3.5,3.5,2,2,True,False
76364|Tomate de árbol,2019,15.0,1.0,1.0,1,0,False,False
76364|Tomate de árbol,2020,15.0,1.0,1.0,1,0,False,False
76364|Tomate de árbol,2021,22.5,1.5,1.5,1,0,False,False
76364|Tomate de árbol,2022,22.5,1.5,1.5,1,0,False,False
76364|Tomate de árbol,2023,15.0,1.0,1.0,1,0,False,False
76364|Tomate de árbol,2024,15.0,1.0,1.0,1,0,False,False
76364|Tomate de árbol,2025,10.0,1.0,1.0,1,0,False,False
76364|Yuca consumo en fresco,2019,70.0,4.0,4.0,1,1,True,True
76364|Yuca consumo en fresco,2020,81.0,4.5,4.5,1,1,True,True
76364|Yuca consumo en fresco,2021,162.5,6.5,6.5,1,1,True,True
76364|Yuca consumo en fresco,2022,37.5,1.5,1.5,2,2,True,False
76364|Yuca consumo en fresco,2023,40.0,2.0,2.0,2,2,True,False
76364|Yuca consumo en fresco,2024,70.0,3.5,8.5,2,2,True,False
76364|Yuca consumo en fresco,2025,170.0,8.5,7.5,2,2,True,False
76364|Zapote,2019,22.5,4.5,4.5,1,0,False,False
76364|Zapote,2020,17.5,3.5,3.5,1,0,False,False
76364|Zapote,2021,7.5,1.5,1.5,1,0,False,False
76364|Zapote,2022,5.0,1.0,1.0,1,0,False,False
76364|Zapote,2023,5.0,1.0,1.0,1,0,False,False
76364|Zapote,2024,5.0,1.0,1.0,1,0,False,False
76364|Zapote,2025,5.0,1.0,1.0,1,0,False,False
76377|Aguacate Hass,2020,0.0,0.0,6.0,1,0,False,False
76377|Aguacate Hass,2021,56.0,7.0,7.0,1,0,False,False
76377|Aguacate Hass,2022,56.0,7.0,7.0,1,0,False,False
76377|Aguacate Hass,2023,56.0,7.0,7.0,1,0,False,False
76377|Aguacate Hass,2024,56.0,7.0,7.0,1,0,False,False
76377|Aguacate Hass,2025,56.0,7.0,7.0,1,0,False,False
76377|Ahuyama,2019,1351.0,77.2,79.0,2,2,True,False
76377|Ahuyama,2020,1207.0,69.0,78.0,2,2,True,False
76377|Ahuyama,2021,838.0,79.0,83.0,2,2,True,False
76377|Ahuyama,2022,751.04,75.8,78.0,2,2,True,False
76377|Ahuyama,2023,1000.0,80.0,80.0,2,2,True,False
76377|Ahuyama,2024,1150.0,92.0,101.0,2,2,True,False
76377|Ahuyama,2025,1080.0,95.0,120.0,2,2,True,False
76377|Ají,2019,140.0,4.0,4.0,1,1,True,True
76377|Ají,2020,16.0,0.5,1.5,1,1,True,True
76377|Ají,2021,18.0,1.5,1.5,1,1,True,True
76377|Ají,2022,36.0,1.8,1.8,1,1,True,True
76377|Ají,2023,36.0,1.8,1.8,1,1,True,True
76377|Ají,2024,80.0,4.0,4.0,1,1,True,True
76377|Ají,2025,160.0,8.0,8.0,1,1,True,True
76377|Banano consumo interno,2019,627.0,62.7,67.7,1,0,False,False
76377|Banano consumo interno,2020,982.0,98.2,100.7,1,0,False,False
76377|Banano consumo interno,2021,1352.4,112.7,113.7,1,0,False,False
76377|Banano consumo interno,2022,1356.0,113.0,115.0,1,0,False,False
76377|Banano consumo interno,2023,1380.0,115.0,115.0,1,0,False,False
76377|Banano consumo interno,2024,48.0,4.0,116.0,1,0,False,False
76377|Banano consumo interno,2025,1392.0,116.0,116.0,1,0,False,False
76377|Café,2019,646.0,507.0,597.0,1,0,False,False
76377|Café,2020,633.0,538.0,602.0,1,0,False,False
76377|Café,2021,679.1,499.34,597.74,1,0,False,False
76377|Café,2022,613.79,484.24,593.56,1,0,False,False
76377|Café,2023,674.78,519.97,593.09,1,0,False,False
76377|Café,2024,843.87,524.14,592.56,1,0,False,False
76377|Café,2025,809.35,501.95,585.3,1,0,False,False
76377|Caña panelera,2019,332.5,13.3,13.3,1,0,False,False
76377|Caña panelera,2020,420.0,16.8,16.8,1,0,False,False
76377|Caña panelera,2021,495.0,19.8,20.8,1,0,False,False
76377|Caña panelera,2022,520.0,20.8,21.8,1,0,False,False
76377|Caña panelera,2023,545.0,21.8,21.8,1,0,False,False
76377|Caña panelera,2024,470.0,18.8,19.8,1,0,False,False
76377|Caña panelera,2025,95.0,3.8,4.8,1,0,False,False
76377|Cilantro,2019,51.2,6.4,6.4,2,2,True,False
76377|Cilantro,2020,51.6,6.5,6.5,2,2,True,False
76377|Cilantro,2021,40.5,6.0,6.0,2,2,True,False
76377|Cilantro,2022,39.9,6.0,6.5,2,2,True,False
76377|Cilantro,2023,67.55,10.5,10.5,2,2,True,False
76377|Cilantro,2024,77.2,12.0,12.0,2,2,True,False
76377|Cilantro,2025,90.2,14.0,14.0,2,2,True,False
76377|Frijol,2019,31.2,15.6,15.899999999999999,2,2,True,False
76377|Frijol,2020,37.120000000000005,23.8,24.2,2,2,True,False
76377|Frijol,2021,22.0,10.5,20.0,2,2,True,False
76377|Frijol,2022,30.979999999999997,18.4,20.0,2,2,True,False
76377|Frijol,2023,32.86,20.0,20.0,2,2,True,False
76377|Frijol,2024,47.0,20.0,20.0,2,2,True,False
76377|Frijol,2025,40.08,20.0,20.0,2,2,True,False
76377|Granadilla,2019,101.2,9.2,10.2,1,0,False,False
76377|Granadilla,2020,8.39,7.3,11.2,1,0,False,False
76377|Granadilla,2021,73.6,9.2,9.2,1,0,False,False
76377|Granadilla,2022,73.6,9.2,9.2,1,0,False,False
76377|Granadilla,2023,82.8,9.2,9.2,1,0,False,False
76377|Granadilla,2024,73.8,8.2,8.2,1,0,False,False
76377|Granadilla,2025,73.8,8.2,8.2,1,0,False,False
76377|Habichuela,2019,945.0,94.5,96.0,2,2,True,False
76377|Habichuela,2020,1027.0,102.7,105.0,2,2,True,False
76377|Habichuela,2021,480.0,48.0,95.0,2,2,True,False
76377|Habichuela,2022,800.0,80.0,83.0,2,2,True,False
76377|Habichuela,2023,1210.0,108.0,108.0,2,2,True,False
76377|Habichuela,2024,1230.0,110.0,110.0,2,2,True,False
76377|Habichuela,2025,1380.0,115.0,115.0,2,2,True,False
76377|Lechuga,2019,1100.0,55.0,56.0,2,2,True,False
76377|Lechuga,2020,828.2,46.6,47.0,2,2,True,False
76377|Lechuga,2021,948.0,44.0,47.0,2,2,True,False
76377|Lechuga,2022,1423.5,64.5,70.0,2,2,True,False
76377|Lechuga,2023,1910.0,80.0,80.0,2,2,True,False
76377|Lechuga,2024,1910.0,80.0,80.0,2,2,True,False
76377|Lechuga,2025,2091.0,87.0,87.0,2,2,True,False
76377|Lulo,2019,147.2,18.4,19.4,1,0,False,False
76377|Lulo,2020,135.2,16.9,18.9,1,0,False,False
76377|Lulo,2021,175.2,21.9,21.9,1,0,False,False
76377|Lulo,2022,167.2,20.9,21.9,1,0,False,False
76377|Lulo,2023,175.2,21.9,21.9,1,0,False,False
76377|Lulo,2024,207.2,25.9,28.9,1,0,False,False
76377|Lulo,2025,289.0,28.9,28.9,1,0,False,False
76377|Maíz amarillo tradicional,2021,48.0,18.0,25.0,2,2,True,False
76377|Maíz amarillo tradicional,2022,31.6,11.0,24.0,2,2,True,False
76377|Maíz amarillo tradicional,2023,102.55000000000001,42.5,27.5,2,2,True,False
76377|Maíz amarillo tradicional,2024,77.02000000000001,36.0,41.0,2,2,True,False
76377|Maíz amarillo tradicional,2025,82.22,49.0,49.0,2,2,True,False
76377|Maíz blanco tradicional,2021,14.0,5.5,16.0,2,2,True,False
76377|Maíz blanco tradicional,2022,23.0,9.0,13.0,2,2,True,False
76377|Maíz blanco tradicional,2023,50.2,17.0,8.0,2,2,True,False
76377|Maíz tradicional,2019,53.7,35.8,37.5,2,2,True,False
76377|Maíz tradicional,2020,54.0,42.0,50.0,2,2,True,False
76377|Papaya demás variedades,2019,244.0,6.1,6.1,1,0,False,False
76377|Papaya demás variedades,2020,204.0,5.1,7.4,1,0,False,False
76377|Papaya demás variedades,2021,42.0,8.4,8.4,1,0,False,False
76377|Papaya demás variedades,2022,40.0,8.0,16.4,1,0,False,False
76377|Papaya demás variedades,2023,82.0,16.4,16.4,1,0,False,False
76377|Papaya demás variedades,2024,57.0,11.4,12.4,1,0,False,False
76377|Papaya demás variedades,2025,16.2,5.4,5.4,1,0,False,False
76377|Pepino cohombro,2019,200.0,4.0,4.0,2,2,True,False
76377|Pepino cohombro,2020,432.0,9.0,9.0,2,2,True,False
76377|Pepino cohombro,2021,80.0,3.0,8.0,2,2,True,False
76377|Pepino cohombro,2022,97.0,4.5,5.0,2,2,True,False
76377|Pepino cohombro,2023,150.0,7.0,7.0,2,2,True,False
76377|Pepino cohombro,2024,150.0,7.0,7.0,2,2,True,False
76377|Pepino cohombro,2025,94.5,4.5,5.0,2,2,True,False
76377|Piña demás variedades,2019,12584.0,157.3,168.9,1,0,False,False
76377|Piña demás variedades,2020,12040.0,150.5,182.1,1,0,False,False
76377|Piña demás variedades,2021,17528.0,219.1,220.1,1,0,False,False
76377|Piña demás variedades,2022,17528.0,219.1,243.1,1,0,False,False
76377|Piña demás variedades,2023,19448.0,243.1,259.1,1,0,False,False
76377|Piña demás variedades,2024,20088.0,251.1,273.1,1,0,False,False
76377|Piña demás variedades,2025,20088.0,251.1,283.1,1,0,False,False
76377|Plantas aromáticas,2019,345.6,19.2,20.0,2,2,True,False
76377|Plantas aromáticas,2020,191.0,21.0,21.0,2,2,True,False
76377|Plantas aromáticas,2021,25.0,12.5,12.5,1,0,False,False
76377|Plantas aromáticas,2022,25.0,12.5,12.5,1,0,False,False
76377|Plantas aromáticas,2023,25.0,12.5,12.5,1,0,False,False
76377|Plantas aromáticas,2024,25.0,12.5,14.5,1,0,False,False
76377|Plantas aromáticas,2025,36.0,36.0,36.0,2,2,True,False
76377|Plátano consumo interno,2019,2262.65,348.1,353.1,1,0,False,False
76377|Plátano consumo interno,2020,2070.6,345.1,356.1,1,0,False,False
76377|Plátano consumo interno,2021,2976.8,372.1,373.1,1,0,False,False
76377|Plátano consumo interno,2022,2984.8,373.1,373.1,1,0,False,False
76377|Plátano consumo interno,2023,3731.0,373.1,373.1,1,0,False,False
76377|Plátano consumo interno,2024,3731.0,373.1,379.1,1,0,False,False
76377|Plátano consumo interno,2025,3791.0,379.1,379.1,1,0,False,False
76377|Repollo,2019,483.0,13.8,14.0,2,2,True,False
76377|Repollo,2020,472.7,13.9,14.0,2,2,True,False
76377|Repollo,2021,192.5,5.0,12.0,2,2,True,False
76377|Repollo,2022,612.0,16.9,13.5,2,2,True,False
76377|Repollo,2023,736.0,19.0,19.0,2,2,True,False
76377|Repollo,2024,736.0,19.0,19.0,2,2,True,False
76377|Repollo,2025,860.0,22.0,22.0,2,2,True,False
76377|Tomate,2019,5199.6,185.7,187.0,2,2,True,False
76377|Tomate,2020,4684.0,194.6,200.0,2,2,True,False
76377|Tomate,2021,6072.0,166.0,225.0,2,2,True,False
76377|Tomate,2022,11110.0,220.0,224.0,2,2,True,False
76377|Tomate,2023,13584.0,232.0,232.0,2,2,True,False
76377|Tomate,2024,14040.0,240.0,240.0,2,2,True,False
76377|Tomate,2025,14400.0,240.0,240.0,2,2,True,False
76377|Té,2019,163.92,68.3,69.3,1,0,False,False
76377|Té,2020,170.1,69.3,72.3,1,0,False,False
76377|Té,2021,223.25,89.3,90.3,1,0,False,False
76377|Té,2022,225.75,90.3,90.3,1,0,False,False
76377|Té,2023,225.75,90.3,90.3,1,0,False,False
76377|Té,2024,225.75,90.3,90.3,1,0,False,False
76377|Té,2025,270.9,90.3,114.6,1,0,False,False
76377|Yuca consumo en fresco,2019,54.9,3.0,7.0,2,2,True,False
76377|Yuca consumo en fresco,2020,229.45,13.9,14.0,2,2,True,False
76377|Yuca consumo en fresco,2021,108.0,6.0,13.0,2,2,True,False
76377|Yuca consumo en fresco,2022,112.0,10.5,10.0,2,2,True,False
76377|Yuca consumo en fresco,2023,105.0,10.0,8.5,2,2,True,False
76377|Yuca consumo en fresco,2024,90.0,8.5,11.0,2,2,True,False
76377|Yuca consumo en fresco,2025,132.0,12.0,11.0,2,2,True,False
76400|Aguacate Hass,2020,408.0,42.6,48.6,1,0,False,False
76400|Aguacate Hass,2021,333.06,36.6,48.6,1,0,False,False
76400|Aguacate Hass,2022,568.4,40.6,40.6,1,0,False,False
76400|Aguacate Hass,2023,106.4,7.6,7.6,1,0,False,False
76400|Aguacate Hass,2024,106.4,7.6,7.6,1,0,False,False
76400|Aguacate Hass,2025,106.4,7.6,7.6,1,0,False,False
76400|Aguacate demás variedades,2019,415.2,34.6,47.6,1,0,False,False
76400|Ají,2019,512.5,41.0,42.3,1,1,True,True
76400|Ají,2020,18.0,81.0,81.0,1,1,True,True
76400|Ají,2021,164.0,82.0,82.0,1,1,True,True
76400|Ají,2022,164.0,82.0,82.0,1,1,True,True
76400|Ají,2023,190.0,95.0,95.0,1,1,True,True
76400|Ají,2024,214.0,107.0,114.0,2,2,True,False
76400|Ají,2025,268.0,134.0,129.0,2,2,True,False
76400|Algodón,2019,99.2,31.0,31.0,1,1,True,True
76400|Arracacha,2019,47.7,5.3,5.8,1,1,True,True
76400|Arracacha,2020,15.7,8.0,8.0,1,1,True,True
76400|Arracacha,2021,48.0,8.0,8.0,1,1,True,True
76400|Arracacha,2022,63.6,10.6,11.0,2,2,True,False
76400|Arracacha,2023,66.0,11.0,11.0,2,2,True,False
76400|Arracacha,2024,78.0,13.0,25.0,2,2,True,False
76400|Arracacha,2025,162.0,27.0,25.0,2,2,True,False
76400|Banano consumo interno,2019,277.73,37.03,39.03,1,0,False,False
76400|Banano consumo interno,2020,233.2,35.03,35.03,1,0,False,False
76400|Banano consumo interno,2021,92.35,23.03,35.03,1,0,False,False
76400|Banano consumo interno,2022,350.3,35.03,35.03,1,0,False,False
76400|Banano consumo interno,2023,240.3,24.03,27.03,1,0,False,False
76400|Banano consumo interno,2024,40.3,4.03,36.03,1,0,False,False
76400|Banano consumo interno,2025,360.3,36.03,36.03,1,0,False,False
76400|Berenjena,2019,395.0,15.8,15.8,2,2,True,False
76400|Berenjena,2020,450.0,18.0,18.0,2,2,True,False
76400|Berenjena,2021,156.0,17.0,17.0,2,2,True,False
76400|Berenjena,2022,168.0,14.0,12.0,2,2,True,False
76400|Berenjena,2023,130.8,10.9,11.0,2,2,True,False
76400|Berenjena,2024,141.6,11.8,11.8,2,2,True,False
76400|Berenjena,2025,115.0,10.0,10.0,2,2,True,False
76400|Cacao,2019,2.31,3.3,3.3,1,0,False,False
76400|Cacao,2020,2.0,3.3,5.3,1,0,False,False
76400|Cacao,2021,3.18,5.3,5.3,1,0,False,False
76400|Cacao,2022,4.77,5.3,6.3,1,0,False,False
76400|Cacao,2023,5.3,5.3,11.3,1,0,False,False
76400|Cacao,2024,6.3,6.3,11.3,1,0,False,False
76400|Cacao,2025,6.3,6.3,11.3,1,0,False,False
76400|Café,2019,540.0,475.0,540.0,1,0,False,False
76400|Café,2020,429.0,380.0,423.0,1,0,False,False
76400|Café,2021,358.39,393.83,424.08,1,0,False,False
76400|Café,2022,372.46,396.81,431.89,1,0,False,False
76400|Café,2023,245.44,373.51,418.68,1,0,False,False
76400|Café,2024,300.72,366.73,416.98,1,0,False,False
76400|Café,2025,310.37,377.93,419.8,1,0,False,False
76400|Caña de azúcar,2019,229120.0,1790.0,1790.0,1,0,False,False
76400|Caña de azúcar,2020,25060.0,1790.0,1790.0,1,0,False,False
76400|Caña de azúcar,2021,208270.08,1790.0,1790.0,1,0,False,False
76400|Caña de azúcar,2022,206642.97,1790.0,1790.0,1,0,False,False
76400|Caña de azúcar,2023,214800.0,1790.0,1790.0,1,0,False,False
76400|Caña de azúcar,2024,216840.0,1807.0,1916.0,1,0,False,False
76400|Caña de azúcar,2025,229920.0,1916.0,1941.0,1,0,False,False
76400|Cilantro,2019,6.6,1.1,1.1,2,2,True,False
76400|Cilantro,2020,10.0,8.0,8.0,2,2,True,False
76400|Cilantro,2021,6.4,8.0,8.0,2,2,True,False
76400|Cilantro,2022,23.0,11.5,12.0,2,2,True,False
76400|Cilantro,2023,24.0,12.0,12.0,2,2,True,False
76400|Cilantro,2024,34.0,17.0,17.0,2,2,True,False
76400|Cilantro,2025,33.0,16.5,17.0,2,2,True,False
76400|Guanábana,2019,87.6,7.3,7.3,1,0,False,False
76400|Guanábana,2020,2.0,5.0,5.0,1,0,False,False
76400|Guanábana,2021,60.0,5.0,5.0,1,0,False,False
76400|Guanábana,2022,60.0,5.0,5.0,1,0,False,False
76400|Guanábana,2023,60.0,5.0,8.0,1,0,False,False
76400|Guanábana,2024,60.0,5.0,8.0,1,0,False,False
76400|Guanábana,2025,60.0,5.0,8.0,1,0,False,False
76400|Guayaba,2019,2570.0,257.0,257.0,1,0,False,False
76400|Guayaba,2020,2654.0,253.0,255.0,1,0,False,False
76400|Guayaba,2021,3060.0,255.0,255.0,1,0,False,False
76400|Guayaba,2022,3060.0,255.0,258.0,1,0,False,False
76400|Guayaba,2023,4590.0,255.0,263.0,1,0,False,False
76400|Guayaba,2024,4644.0,258.0,263.0,1,0,False,False
76400|Guayaba,2025,4644.0,258.0,263.0,1,0,False,False
76400|Limón Tahití,2021,0.0,0.0,14.19,1,0,False,False
76400|Limón Tahití,2022,184.66,13.19,19.19,1,0,False,False
76400|Limón Tahití,2023,128.66,9.19,31.19,1,0,False,False
76400|Limón Tahití,2024,205.66,14.69,42.69,1,0,False,False
76400|Limón Tahití,2025,205.66,14.69,42.69,1,0,False,False
76400|Lulo,2019,69.24,5.77,7.77,1,0,False,False
76400|Lulo,2020,47.86,5.47,7.47,1,0,False,False
76400|Lulo,2021,89.64,7.47,7.47,1,0,False,False
76400|Lulo,2022,97.05,6.47,6.47,1,0,False,False
76400|Lulo,2023,97.05,6.47,10.47,1,0,False,False
76400|Lulo,2024,157.05,10.47,10.47,1,0,False,False
76400|Lulo,2025,157.05,10.47,10.47,1,0,False,False
76400|Mandarina Arrayana y/o Oneco,2021,84.06,6.23,6.23,1,0,False,False
76400|Mandarina Arrayana y/o Oneco,2022,87.22,6.23,6.23,1,0,False,False
76400|Mandarina Arrayana y/o Oneco,2023,87.22,6.23,10.23,1,0,False,False
76400|Mandarina Arrayana y/o Oneco,2024,87.22,6.23,14.23,1,0,False,False
76400|Mandarina Arrayana y/o Oneco,2025,87.22,6.23,14.23,1,0,False,False
76400|Mango demás variedades,2019,558.0,31.0,31.0,1,0,False,False
76400|Mango demás variedades,2020,288.0,31.0,33.0,1,0,False,False
76400|Mango demás variedades,2021,0.0,0.0,52.0,1,0,False,False
76400|Mango demás variedades,2022,884.0,52.0,52.0,1,0,False,False
76400|Mango demás variedades,2023,765.0,45.0,45.0,1,0,False,False
76400|Mango demás variedades,2024,731.0,43.0,53.0,1,0,False,False
76400|Mango demás variedades,2025,731.0,43.0,53.0,1,0,False,False
76400|Maracuyá,2019,349.35,23.29,23.29,1,0,False,False
76400|Maracuyá,2020,291.85,19.29,19.29,1,0,False,False
76400|Maracuyá,2021,154.32,19.29,19.29,1,0,False,False
76400|Maracuyá,2022,90.32,11.29,11.29,1,0,False,False
76400|Maracuyá,2023,65.61,7.29,12.29,1,0,False,False
76400|Maracuyá,2024,110.61,12.29,12.29,1,0,False,False
76400|Maracuyá,2025,110.61,12.29,17.29,1,0,False,False
76400|Maíz amarillo tecnificado,2021,2025.0,405.0,405.0,2,2,True,False
76400|Maíz amarillo tecnificado,2022,2256.0,376.0,368.0,2,2,True,False
76400|Maíz amarillo tecnificado,2023,3113.46,538.0,370.0,2,2,True,False
76400|Maíz amarillo tecnificado,2024,2163.1800000000003,377.0,377.0,2,2,True,False
76400|Maíz amarillo tecnificado,2025,1723.27,324.0,324.0,2,2,True,False
76400|Maíz amarillo tradicional,2021,74.91,24.97,24.97,2,2,True,False
76400|Maíz amarillo tradicional,2022,50.0,25.0,25.0,2,2,True,False
76400|Maíz amarillo tradicional,2023,76.01,38.0,30.0,2,2,True,False
76400|Maíz amarillo tradicional,2024,57.839999999999996,29.0,31.0,2,2,True,False
76400|Maíz amarillo tradicional,2025,56.709999999999994,28.5,29.0,2,2,True,False
76400|Maíz blanco tecnificado,2021,3484.0,639.0,639.0,2,2,True,False
76400|Maíz blanco tecnificado,2022,3726.0,621.0,600.0,2,2,True,False
76400|Maíz blanco tecnificado,2023,3600.0,600.0,591.0,2,2,True,False
76400|Maíz blanco tecnificado,2024,1716.0,286.0,530.0,2,2,True,False
76400|Maíz blanco tecnificado,2025,4380.0,730.0,490.0,2,2,True,False
76400|Maíz blanco tradicional,2021,30.06,15.03,15.03,2,2,True,False
76400|Maíz blanco tradicional,2022,29.0,14.5,13.0,2,2,True,False
76400|Maíz blanco tradicional,2023,26.0,13.0,15.0,2,2,True,False
76400|Maíz blanco tradicional,2024,38.0,19.0,19.0,2,2,True,False
76400|Maíz blanco tradicional,2025,42.0,21.0,21.0,2,2,True,False
76400|Maíz tecnificado,2019,5095.0,1019.0,1019.0,2,2,True,False
76400|Maíz tecnificado,2020,5205.0,1041.0,1041.0,2,2,True,False
76400|Maíz tradicional,2019,125.0,50.0,50.0,2,2,True,False
76400|Maíz tradicional,2020,100.0,40.0,40.0,2,2,True,False
76400|Melón,2019,506.0,23.0,23.0,2,2,True,False
76400|Melón,2020,814.0,37.0,37.0,2,2,True,False
76400|Melón,2021,186.0,31.0,31.0,2,2,True,False
76400|Melón,2022,168.0,28.0,28.0,2,2,True,False
76400|Melón,2023,144.0,24.0,26.0,2,2,True,False
76400|Melón,2024,147.6,24.6,24.6,2,2,True,False
76400|Melón,2025,162.0,27.0,28.0,2,2,True,False
76400|Naranja Valencia,2021,561.35,41.58,41.58,1,0,False,False
76400|Naranja Valencia,2022,582.12,41.58,41.58,1,0,False,False
76400|Naranja Valencia,2023,582.12,41.58,41.58,1,0,False,False
76400|Naranja Valencia,2024,64.12,4.58,54.58,1,0,False,False
76400|Naranja Valencia,2025,64.12,4.58,54.58,1,0,False,False
76400|Otros cítricos,2019,567.0,42.0,44.0,1,0,False,False
76400|Otros cítricos,2020,567.0,44.0,50.0,1,0,False,False
76400|Papaya demás variedades,2019,3570.0,71.4,71.4,1,0,False,False
76400|Papaya demás variedades,2020,1675.0,65.4,67.7,1,0,False,False
76400|Papaya demás variedades,2021,2385.0,47.7,47.7,1,0,False,False
76400|Papaya demás variedades,2022,1251.6,44.7,52.7,1,0,False,False
76400|Papaya demás variedades,2023,1363.6,48.7,72.7,1,0,False,False
76400|Papaya demás variedades,2024,726.88,25.96,93.96,1,0,False,False
76400|Papaya demás variedades,2025,2518.88,89.96,89.96,1,0,False,False
76400|Patilla,2020,62.0,17.0,17.0,2,2,True,False
76400|Patilla,2021,70.0,17.0,17.0,2,2,True,False
76400|Patilla,2022,192.0,24.0,24.0,2,2,True,False
76400|Patilla,2023,182.8,22.85,24.85,2,2,True,False
76400|Patilla,2024,246.4,30.8,30.8,2,2,True,False
76400|Patilla,2025,224.0,28.0,29.8,2,2,True,False
76400|Pimentón,2019,225.60000000000002,14.100000000000001,14.100000000000001,2,2,True,False
76400|Pimentón,2020,98.0,9.7,9.7,2,2,True,False
76400|Pimentón,2021,90.3,10.5,10.5,2,2,True,False
76400|Pimentón,2022,92.0,11.5,12.0,2,2,True,False
76400|Pimentón,2023,96.0,12.0,12.0,2,2,True,False
76400|Pimentón,2024,88.0,11.0,11.0,2,2,True,False
76400|Pimentón,2025,120.0,15.0,15.0,2,2,True,False
76400|Pitahaya,2019,59.0,5.9,5.9,1,0,False,False
76400|Pitahaya,2020,19.0,1.9,3.9,1,0,False,False
76400|Pitahaya,2021,39.0,3.9,3.9,1,0,False,False
76400|Pitahaya,2022,39.0,3.9,3.9,1,0,False,False
76400|Pitahaya,2023,17.0,1.7,2.7,1,0,False,False
76400|Pitahaya,2024,7.0,0.7,2.7,1,0,False,False
76400|Pitahaya,2025,27.0,2.7,2.7,1,0,False,False
76400|Piña demás variedades,2019,312.0,5.2,5.2,1,0,False,False
76400|Piña demás variedades,2020,65.0,1.4,1.4,1,0,False,False
76400|Piña demás variedades,2021,12.6,1.4,1.4,1,0,False,False
76400|Piña demás variedades,2022,3.6,0.4,0.4,1,0,False,False
76400|Piña demás variedades,2023,3.6,0.4,0.4,1,0,False,False
76400|Piña demás variedades,2024,3.6,0.4,0.4,1,0,False,False
76400|Piña demás variedades,2025,3.6,0.4,0.4,1,0,False,False
76400|Plátano consumo interno,2019,308.8,38.6,38.6,1,0,False,False
76400|Plátano consumo interno,2020,104.0,38.6,41.6,1,0,False,False
76400|Plátano consumo interno,2021,332.8,41.6,41.6,1,0,False,False
76400|Plátano consumo interno,2022,416.0,41.6,41.6,1,0,False,False
76400|Plátano consumo interno,2023,416.0,41.6,41.6,1,0,False,False
76400|Plátano consumo interno,2024,56.0,5.6,46.6,1,0,False,False
76400|Plátano consumo interno,2025,466.0,46.6,46.6,1,0,False,False
76400|Tomate,2019,89.9,2.9,2.9,2,2,True,False
76400|Tomate,2020,93.0,2.5,2.5,2,2,True,False
76400|Tomate,2021,64.0,4.0,4.0,2,2,True,False
76400|Tomate,2022,56.0,3.5,3.5,2,2,True,False
76400|Tomate,2023,287.0,5.5,5.5,2,2,True,False
76400|Tomate,2024,256.0,4.8,5.0,2,2,True,False
76400|Tomate,2025,266.0,5.0,5.5,2,2,True,False
76400|Tomate invernadero,2019,140.0,3.5,3.5,2,2,True,False
76400|Tomate invernadero,2020,103.0,4.0,4.0,2,2,True,False
76400|Tomate invernadero,2021,100.0,4.0,4.0,2,2,True,False
76400|Tomate invernadero,2022,140.0,3.5,3.8,2,2,True,False
76400|Tomate invernadero,2023,440.0,4.0,4.0,2,2,True,False
76400|Tomate invernadero,2024,440.0,4.0,4.0,2,2,True,False
76400|Tomate invernadero,2025,660.0,6.0,6.0,2,2,True,False
76400|Uva,2019,6704.72,609.52,609.52,1,0,False,False
76400|Uva,2020,6682.72,607.52,613.52,1,0,False,False
76400|Uva,2021,6748.72,613.52,613.52,1,0,False,False
76400|Uva,2022,6055.2,605.52,615.52,1,0,False,False
76400|Uva,2023,5755.2,575.52,596.52,1,0,False,False
76400|Uva,2024,5855.2,585.52,596.52,1,0,False,False
76400|Uva,2025,5855.2,585.52,596.52,1,0,False,False
76400|Yuca consumo en fresco,2019,75.0,7.5,8.0,2,2,True,False
76400|Yuca consumo en fresco,2020,120.0,12.0,12.0,2,2,True,False
76400|Yuca consumo en fresco,2021,53.0,10.0,10.0,2,2,True,False
76400|Yuca consumo en fresco,2022,100.0,10.0,10.0,2,2,True,False
76400|Yuca consumo en fresco,2023,100.0,10.0,10.0,2,2,True,False
76400|Yuca consumo en fresco,2024,60.0,6.0,10.6,2,2,True,False
76400|Yuca consumo en fresco,2025,90.0,9.0,13.0,2,2,True,False
76403|Aguacate Papelillo,2020,120.0,12.0,12.0,1,0,False,False
76403|Aguacate Papelillo,2021,120.0,12.0,12.0,1,0,False,False
76403|Aguacate Papelillo,2022,66.0,12.0,12.0,1,0,False,False
76403|Aguacate Papelillo,2023,66.0,12.0,12.0,1,0,False,False
76403|Aguacate Papelillo,2024,66.0,12.0,13.3,1,0,False,False
76403|Aguacate Papelillo,2025,66.0,12.0,13.3,1,0,False,False
76403|Aguacate demás variedades,2019,120.0,12.0,12.0,1,0,False,False
76403|Ahuyama,2022,2.5,0.5,0.5,1,1,True,True
76403|Ají,2020,12.0,1.0,1.0,1,1,True,True
76403|Banano consumo interno,2019,270.0,27.0,27.0,1,0,False,False
76403|Banano consumo interno,2020,270.0,27.0,27.0,1,0,False,False
76403|Banano consumo interno,2021,162.0,27.0,27.0,1,0,False,False
76403|Banano consumo interno,2022,270.0,27.0,27.0,1,0,False,False
76403|Banano consumo interno,2023,270.0,27.0,27.0,1,0,False,False
76403|Banano consumo interno,2024,270.0,27.0,28.0,1,0,False,False
76403|Banano consumo interno,2025,280.0,28.0,28.0,1,0,False,False
76403|Berenjena,2019,150.0,5.0,5.0,1,1,True,True
76403|Berenjena,2020,15.0,0.5,0.5,1,1,True,True
76403|Berenjena,2021,15.0,0.5,0.5,1,1,True,True
76403|Berenjena,2022,10.0,0.5,0.5,1,1,True,True
76403|Berenjena,2023,40.0,2.0,2.0,1,1,True,True
76403|Berenjena,2024,60.0,3.0,3.0,2,2,True,False
76403|Berenjena,2025,10.0,0.5,0.5,2,2,True,False
76403|Cacao,2019,8.05,23.0,23.0,1,0,False,False
76403|Cacao,2020,8.05,23.0,23.0,1,0,False,False
76403|Cacao,2021,23.0,23.0,23.0,1,0,False,False
76403|Cacao,2022,10.0,20.0,20.0,1,0,False,False
76403|Cacao,2023,9.0,20.0,20.0,1,0,False,False
76403|Cacao,2024,9.0,20.0,29.0,1,0,False,False
76403|Cacao,2025,9.0,20.0,29.0,1,0,False,False
76403|Café,2019,506.0,506.0,559.0,1,0,False,False
76403|Café,2020,491.0,467.0,522.0,1,0,False,False
76403|Café,2021,214.03,475.63,523.92,1,0,False,False
76403|Café,2022,178.01,457.38,525.5,1,0,False,False
76403|Café,2023,40.02,432.75,538.3,1,0,False,False
76403|Café,2024,470.48,423.86,542.98,1,0,False,False
76403|Café,2025,486.29,437.44,545.86,1,0,False,False
76403|Caña de azúcar,2019,170100.0,1575.0,1575.0,1,0,False,False
76403|Caña de azúcar,2020,170110.23,1575.0,1575.0,1,0,False,False
76403|Caña de azúcar,2021,170100.0,1575.0,1575.0,1,0,False,False
76403|Caña de azúcar,2022,196875.0,1575.0,1575.0,1,0,False,False
76403|Caña de azúcar,2023,189000.0,1575.0,1575.0,1,0,False,False
76403|Caña de azúcar,2024,189000.0,1575.0,1725.0,1,0,False,False
76403|Caña de azúcar,2025,207000.0,1725.0,1925.0,1,0,False,False
76403|Caña panelera,2019,1600.0,32.0,32.0,1,0,False,False
76403|Caña panelera,2020,1600.0,32.0,32.0,1,0,False,False
76403|Caña panelera,2021,50.0,5.0,5.0,1,0,False,False
76403|Caña panelera,2022,75.0,5.0,5.0,1,0,False,False
76403|Caña panelera,2023,75.0,5.0,5.0,1,0,False,False
76403|Caña panelera,2024,75.0,5.0,5.0,1,0,False,False
76403|Caña panelera,2025,75.0,5.0,5.0,1,0,False,False
76403|Frijol,2019,4.0,4.0,4.0,2,2,True,False
76403|Frijol,2020,3.0,3.0,3.0,2,2,True,False
76403|Frijol,2021,3.5,3.5,3.5,2,2,True,False
76403|Frijol,2022,3.5,3.5,3.5,2,2,True,False
76403|Frijol,2023,3.0,3.0,3.0,2,2,True,False
76403|Frijol,2024,1.0,1.0,2.0,2,2,True,False
76403|Frijol,2025,2.0,2.0,2.0,2,2,True,False
76403|Guanábana,2019,56.0,4.0,4.0,1,0,False,False
76403|Guanábana,2020,160.0,4.0,5.0,1,0,False,False
76403|Guanábana,2021,70.0,5.0,5.0,1,0,False,False
76403|Guanábana,2022,10.0,5.0,5.0,1,0,False,False
76403|Guanábana,2023,10.0,5.0,5.0,1,0,False,False
76403|Guanábana,2024,10.0,5.0,5.0,1,0,False,False
76403|Guanábana,2025,10.0,5.0,5.0,1,0,False,False
76403|Guayaba,2019,270.0,27.0,27.0,1,0,False,False
76403|Guayaba,2020,270.0,27.0,27.0,1,0,False,False
76403|Guayaba,2021,270.0,27.0,27.0,1,0,False,False
76403|Guayaba,2022,810.0,27.0,27.0,1,0,False,False
76403|Guayaba,2023,756.0,27.0,31.0,1,0,False,False
76403|Guayaba,2024,868.0,31.0,31.0,1,0,False,False
76403|Guayaba,2025,840.0,30.0,31.0,1,0,False,False
76403|Habichuela,2022,2.5,0.5,0.5,1,1,True,True
76403|Lechuga,2022,2.5,0.5,0.5,1,1,True,True
76403|Limón Tahití,2021,21.66,33.85,59.85,1,0,False,False
76403|Limón Tahití,2022,1795.5,59.85,60.85,1,0,False,False
76403|Limón Tahití,2023,1795.5,59.85,70.85,1,0,False,False
76403|Limón Tahití,2024,1825.5,60.85,70.85,1,0,False,False
76403|Limón Tahití,2025,2125.5,70.85,70.85,1,0,False,False
76403|Mandarina Arrayana y/o Oneco,2021,1250.01,96.15,96.15,1,0,False,False
76403|Mandarina Arrayana y/o Oneco,2022,3846.0,96.15,96.15,1,0,False,False
76403|Mandarina Arrayana y/o Oneco,2023,3846.0,96.15,96.15,1,0,False,False
76403|Mandarina Arrayana y/o Oneco,2024,3846.0,96.15,96.15,1,0,False,False
76403|Mandarina Arrayana y/o Oneco,2025,3846.0,96.15,96.15,1,0,False,False
76403|Mango demás variedades,2019,615.0,41.0,41.0,1,0,False,False
76403|Mango demás variedades,2020,615.0,41.0,41.0,1,0,False,False
76403|Mango demás variedades,2021,615.0,41.0,41.0,1,0,False,False
76403|Mango demás variedades,2022,410.0,41.0,41.0,1,0,False,False
76403|Mango demás variedades,2023,410.0,41.0,41.0,1,0,False,False
76403|Mango demás variedades,2024,410.0,41.0,41.0,1,0,False,False
76403|Mango demás variedades,2025,410.0,41.0,41.0,1,0,False,False
76403|Maracuyá,2019,264.0,12.0,22.0,1,0,False,False
76403|Maracuyá,2020,120.0,4.0,4.0,1,0,False,False
76403|Maracuyá,2021,16.84,4.0,10.24,1,0,False,False
76403|Maracuyá,2022,183.6,12.24,12.24,1,0,False,False
76403|Maracuyá,2023,159.12,12.24,15.24,1,0,False,False
76403|Maracuyá,2024,198.12,15.24,18.24,1,0,False,False
76403|Maracuyá,2025,237.12,18.24,18.24,1,0,False,False
76403|Maíz amarillo tecnificado,2021,2446.5,349.5,349.5,2,2,True,False
76403|Maíz amarillo tecnificado,2022,1830.0,305.0,305.0,2,2,True,False
76403|Maíz amarillo tecnificado,2023,2007.5,305.0,60.0,2,2,True,False
76403|Maíz amarillo tecnificado,2024,135.0,20.0,20.0,2,2,True,False
76403|Maíz amarillo tecnificado,2025,150.0,25.0,25.0,2,2,True,False
76403|Maíz amarillo tradicional,2021,2.72,1.36,1.36,1,1,True,True
76403|Maíz amarillo tradicional,2022,2.72,1.36,1.36,1,1,True,True
76403|Maíz amarillo tradicional,2023,10.0,5.0,5.0,1,1,True,True
76403|Maíz amarillo tradicional,2024,10.0,5.0,10.0,2,2,True,False
76403|Maíz amarillo tradicional,2025,0.0,0.0,2.0,1,1,True,True
76403|Maíz blanco tecnificado,2021,661.5,94.5,94.5,1,1,True,True
76403|Maíz blanco tecnificado,2022,300.0,50.0,50.0,2,2,True,False
76403|Maíz blanco tecnificado,2023,350.0,50.0,140.0,2,2,True,False
76403|Maíz blanco tecnificado,2024,1680.0,240.0,300.0,2,2,True,False
76403|Maíz blanco tecnificado,2025,2160.0,330.0,330.0,2,2,True,False
76403|Maíz tecnificado,2019,5880.0,840.0,840.0,2,2,True,False
76403|Maíz tecnificado,2020,5599.0,800.0,800.0,2,2,True,False
76403|Maíz tradicional,2019,8.0,4.0,4.0,2,2,True,False
76403|Maíz tradicional,2020,4.0,2.0,2.0,1,1,True,True
76403|Melón,2020,6.6,1.1,1.1,2,2,True,False
76403|Melón,2022,5.0,0.5,0.5,1,1,True,True
76403|Naranja Valencia,2020,1500.0,60.0,60.0,1,0,False,False
76403|Naranja Valencia,2021,780.0,60.0,60.0,1,0,False,False
76403|Naranja Valencia,2022,780.0,60.0,60.0,1,0,False,False
76403|Naranja Valencia,2023,780.0,60.0,60.0,1,0,False,False
76403|Naranja Valencia,2024,780.0,60.0,60.0,1,0,False,False
76403|Naranja Valencia,2025,780.0,60.0,60.0,1,0,False,False
76403|Otros cítricos,2019,4235.0,121.0,130.0,1,0,False,False
76403|Otros cítricos,2020,4270.0,121.0,130.0,1,0,False,False
76403|Papaya demás variedades,2019,50.0,2.0,2.0,1,0,False,False
76403|Papaya demás variedades,2020,75.0,3.0,3.0,1,0,False,False
76403|Papaya demás variedades,2021,24.98,4.3,4.3,1,0,False,False
76403|Papaya demás variedades,2022,52.2,1.8,1.8,1,0,False,False
76403|Papaya demás variedades,2023,54.0,1.8,21.8,1,0,False,False
76403|Papaya demás variedades,2024,654.0,21.8,31.8,1,0,False,False
76403|Papaya demás variedades,2025,594.0,19.8,19.8,1,0,False,False
76403|Patilla,2020,33.0,1.1,1.1,2,2,True,False
76403|Patilla,2021,15.0,0.5,0.5,1,1,True,True
76403|Patilla,2022,15.0,0.5,0.5,1,1,True,True
76403|Pepino cohombro,2022,0.4,0.2,0.2,1,1,True,True
76403|Pimentón,2020,45.0,1.5,1.5,1,1,True,True
76403|Pimentón,2021,45.0,1.5,1.5,1,1,True,True
76403|Pimentón,2022,75.0,2.5,2.5,1,1,True,True
76403|Pimentón,2023,100.0,5.0,5.0,1,1,True,True
76403|Pimentón,2024,50.0,2.5,2.5,2,2,True,False
76403|Pimentón,2025,10.0,0.5,0.5,1,1,True,True
76403|Plátano consumo interno,2019,640.0,80.0,80.0,1,0,False,False
76403|Plátano consumo interno,2020,640.0,80.0,80.0,1,0,False,False
76403|Plátano consumo interno,2021,800.0,80.0,80.0,1,0,False,False
76403|Plátano consumo interno,2022,1176.0,98.0,98.0,1,0,False,False
76403|Plátano consumo interno,2023,980.0,98.0,108.0,1,0,False,False
76403|Plátano consumo interno,2024,1080.0,108.0,108.0,1,0,False,False
76403|Plátano consumo interno,2025,1080.0,108.0,108.0,1,0,False,False
76403|Romero,2020,0.16,0.06,0.32999999999999996,2,2,True,False
76403|Romero,2021,0.75,0.03,0.03,1,0,False,False
76403|Romero,2022,0.08,0.03,0.03,1,0,False,False
76403|Romero,2023,0.07,0.03,0.03,1,0,False,False
76403|Romero,2024,0.07,0.03,0.03,1,0,False,False
76403|Romero,2025,0.07,0.03,0.03,1,0,False,False
76403|Sorgo,2021,525.0,210.0,210.0,1,1,True,True
76403|Soya,2019,126.0,42.0,42.0,2,2,True,False
76403|Soya,2021,10.0,5.0,5.0,1,1,True,True
76403|Soya,2022,2.0,1.0,1.0,1,1,True,True
76403|Soya,2023,640.0,200.0,200.0,1,1,True,True
76403|Soya,2024,416.0,130.0,134.0,2,2,True,False
76403|Soya,2025,12.8,4.0,0.0,1,1,True,True
76403|Tomate invernadero,2020,54.0,1.8,1.8,2,2,True,False
76403|Tomate invernadero,2021,69.0,2.3,2.3,2,2,True,False
76403|Tomate invernadero,2022,324.0,2.7,2.7,2,2,True,False
76403|Tomate invernadero,2023,386.1,3.3,3.3,2,2,True,False
76403|Tomate invernadero,2024,58.5,0.5,1.0,2,2,True,False
76403|Tomate invernadero,2025,108.5,1.0,1.0,2,2,True,False
76403|Uva,2019,60.0,5.0,6.0,1,0,False,False
76403|Uva,2020,60.0,5.0,6.0,1,0,False,False
76403|Uva,2021,11.0,5.5,5.5,1,0,False,False
76403|Uva,2022,43.5,5.0,5.0,1,0,False,False
76403|Uva,2023,36.0,4.0,4.0,1,0,False,False
76403|Uva,2024,36.0,4.0,4.0,1,0,False,False
76403|Uva,2025,36.0,4.0,4.0,1,0,False,False
76403|Yuca consumo en fresco,2019,180.0,9.0,9.0,1,1,True,True
76403|Yuca consumo en fresco,2020,10.0,0.5,0.5,1,1,True,True
76403|Yuca consumo en fresco,2021,7.5,0.5,0.5,1,1,True,True
76403|Yuca consumo en fresco,2022,7.5,0.5,0.5,2,2,True,False
76403|Yuca consumo en fresco,2023,40.0,2.0,2.0,2,2,True,False
76403|Yuca consumo en fresco,2024,40.0,2.0,4.0,2,2,True,False
76403|Yuca consumo en fresco,2025,140.0,7.0,7.0,2,2,True,False
76497|Aguacate demás variedades,2019,154.0,14.0,44.0,1,0,False,False
76497|Aguacate demás variedades,2020,160.0,32.0,32.0,1,0,False,False
76497|Aguacate demás variedades,2021,96.0,32.0,32.0,1,0,False,False
76497|Aguacate demás variedades,2022,90.0,30.0,32.0,1,0,False,False
76497|Aguacate demás variedades,2023,90.0,30.0,30.0,1,0,False,False
76497|Aguacate demás variedades,2024,84.0,28.0,28.0,1,0,False,False
76497|Aguacate demás variedades,2025,84.0,28.0,28.0,1,0,False,False
76497|Banano consumo interno,2019,9360.0,468.0,468.0,1,0,False,False
76497|Banano consumo interno,2020,2340.0,468.0,468.0,1,0,False,False
76497|Banano consumo interno,2021,2700.0,450.0,470.0,1,0,False,False
76497|Banano consumo interno,2022,2820.0,470.0,500.0,1,0,False,False
76497|Banano consumo interno,2023,3000.0,500.0,500.0,1,0,False,False
76497|Banano consumo interno,2024,3000.0,500.0,500.0,1,0,False,False
76497|Banano consumo interno,2025,2940.0,490.0,490.0,1,0,False,False
76497|Cacao,2020,5.6,16.0,16.0,1,0,False,False
76497|Café,2019,901.0,755.0,876.0,1,0,False,False
76497|Café,2020,827.0,749.0,856.0,1,0,False,False
76497|Café,2021,688.67,756.78,862.99,1,0,False,False
76497|Café,2022,651.59,777.38,875.66,1,0,False,False
76497|Café,2023,765.76,778.21,888.98,1,0,False,False
76497|Café,2024,949.0,784.3,895.84,1,0,False,False
76497|Café,2025,907.0,748.46,870.95,1,0,False,False
76497|Caña de azúcar,2019,643550.0,5275.0,8283.0,1,0,False,False
76497|Caña de azúcar,2020,1010526.0,8283.0,8283.0,1,0,False,False
76497|Caña de azúcar,2021,1021099.7,8383.0,8463.0,1,0,False,False
76497|Caña de azúcar,2022,782023.0,6463.0,8463.0,1,0,False,False
76497|Caña de azúcar,2023,979560.0,8163.0,8463.0,1,0,False,False
76497|Caña de azúcar,2024,1015560.0,8463.0,8463.0,1,0,False,False
76497|Caña de azúcar,2025,1015560.0,8463.0,8463.0,1,0,False,False
76497|Caña panelera,2019,31590.0,506.0,635.0,1,0,False,False
76497|Caña panelera,2020,38100.0,635.0,635.0,1,0,False,False
76497|Caña panelera,2021,31750.0,635.0,645.0,1,0,False,False
76497|Caña panelera,2022,32250.0,645.0,645.5,1,0,False,False
76497|Caña panelera,2023,35502.5,645.5,645.5,1,0,False,False
76497|Caña panelera,2024,35227.5,640.5,640.5,1,0,False,False
76497|Caña panelera,2025,35227.5,640.5,640.5,1,0,False,False
76497|Frijol,2019,53.0,30.0,30.0,2,2,True,False
76497|Frijol,2020,68.0,40.0,40.0,2,2,True,False
76497|Frijol,2021,108.0,36.0,36.0,2,2,True,False
76497|Frijol,2022,108.0,36.0,36.0,2,2,True,False
76497|Frijol,2023,153.0,51.0,35.0,2,2,True,False
76497|Frijol,2024,96.0,32.0,32.0,2,2,True,False
76497|Frijol,2025,62.94,30.0,30.0,2,2,True,False
76497|Guanábana,2019,0.0,0.0,16.0,1,0,False,False
76497|Guanábana,2020,3.0,6.0,6.0,1,0,False,False
76497|Guanábana,2021,36.0,6.0,7.0,1,0,False,False
76497|Guanábana,2022,42.0,7.0,7.0,1,0,False,False
76497|Guanábana,2023,42.0,7.0,7.0,1,0,False,False
76497|Guanábana,2024,30.0,5.0,5.0,1,0,False,False
76497|Guanábana,2025,27.0,4.5,4.5,1,0,False,False
76497|Guayaba,2019,78.0,6.0,16.0,1,0,False,False
76497|Guayaba,2020,288.0,16.0,16.0,1,0,False,False
76497|Guayaba,2021,200.0,16.0,18.0,1,0,False,False
76497|Guayaba,2022,180.0,18.0,18.0,1,0,False,False
76497|Guayaba,2023,189.0,18.0,18.0,1,0,False,False
76497|Guayaba,2024,183.75,17.5,17.5,1,0,False,False
76497|Guayaba,2025,178.5,17.0,17.0,1,0,False,False
76497|Limón Tahití,2021,15.43,0.96,0.96,1,0,False,False
76497|Limón Tahití,2022,5.76,0.96,0.96,1,0,False,False
76497|Limón Tahití,2023,5.76,0.96,0.96,1,0,False,False
76497|Limón Tahití,2024,5.76,0.96,0.96,1,0,False,False
76497|Limón Tahití,2025,5.76,0.96,1.36,1,0,False,False
76497|Mango demás variedades,2019,482.5,20.0,20.0,1,0,False,False
76497|Mango demás variedades,2020,80.0,20.0,20.0,1,0,False,False
76497|Mango demás variedades,2021,120.0,20.0,20.0,1,0,False,False
76497|Mango demás variedades,2022,120.0,20.0,20.0,1,0,False,False
76497|Mango demás variedades,2023,120.0,20.0,20.0,1,0,False,False
76497|Mango demás variedades,2024,120.0,20.0,20.0,1,0,False,False
76497|Mango demás variedades,2025,120.0,20.0,20.0,1,0,False,False
76497|Maracuyá,2020,1.0,4.0,4.0,1,0,False,False
76497|Maracuyá,2021,32.0,4.0,5.0,1,0,False,False
76497|Maracuyá,2022,40.0,5.0,6.0,1,0,False,False
76497|Maracuyá,2023,48.0,6.0,6.0,1,0,False,False
76497|Maracuyá,2024,40.0,5.0,5.0,1,0,False,False
76497|Maracuyá,2025,33.6,4.2,4.2,1,0,False,False
76497|Maíz amarillo tecnificado,2021,5635.0,890.0,890.0,2,2,True,False
76497|Maíz amarillo tecnificado,2022,5731.0,891.0,896.0,2,2,True,False
76497|Maíz amarillo tecnificado,2023,5376.0,896.0,906.0,2,2,True,False
76497|Maíz amarillo tecnificado,2024,4680.0,780.0,782.0,2,2,True,False
76497|Maíz amarillo tecnificado,2025,4668.0,778.0,780.0,2,2,True,False
76497|Maíz amarillo tradicional,2021,117.46,60.0,60.0,2,2,True,False
76497|Maíz amarillo tradicional,2022,122.0,61.0,63.0,2,2,True,False
76497|Maíz amarillo tradicional,2023,126.0,63.0,66.0,2,2,True,False
76497|Maíz amarillo tradicional,2024,120.0,60.0,60.0,2,2,True,False
76497|Maíz amarillo tradicional,2025,120.0,60.0,59.5,2,2,True,False
76497|Maíz blanco tecnificado,2021,14296.0,1478.0,1478.0,2,2,True,False
76497|Maíz blanco tecnificado,2022,9965.0,1480.0,1478.0,2,2,True,False
76497|Maíz blanco tecnificado,2023,10346.0,1478.0,1375.0,2,2,True,False
76497|Maíz blanco tecnificado,2024,9555.0,1365.0,1362.0,2,2,True,False
76497|Maíz blanco tecnificado,2025,9485.0,1355.0,1352.0,2,2,True,False
76497|Maíz blanco tradicional,2021,70.47,36.0,36.0,2,2,True,False
76497|Maíz blanco tradicional,2022,73.0,36.5,34.5,2,2,True,False
76497|Maíz blanco tradicional,2023,67.6,33.8,31.8,2,2,True,False
76497|Maíz blanco tradicional,2024,62.0,31.0,31.0,2,2,True,False
76497|Maíz blanco tradicional,2025,58.0,29.0,30.0,2,2,True,False
76497|Maíz tecnificado,2019,18400.0,2300.0,2300.0,2,2,True,False
76497|Maíz tecnificado,2020,19200.0,2400.0,2400.0,2,2,True,False
76497|Maíz tradicional,2019,198.8,71.0,71.0,2,2,True,False
76497|Maíz tradicional,2020,800.0,100.0,100.0,2,2,True,False
76497|Naranja Valencia,2021,219.55,18.3,18.3,1,0,False,False
76497|Naranja Valencia,2022,164.7,18.3,18.3,1,0,False,False
76497|Naranja Valencia,2023,164.7,18.3,18.3,1,0,False,False
76497|Naranja Valencia,2024,137.7,15.3,15.3,1,0,False,False
76497|Naranja Valencia,2025,137.7,15.3,15.8,1,0,False,False
76497|Otras hortalizas,2019,90.0,18.0,18.0,2,2,True,False
76497|Otras hortalizas,2020,100.0,20.0,20.0,2,2,True,False
76497|Otras hortalizas,2021,10.0,17.0,17.0,2,2,True,False
76497|Otras hortalizas,2022,7.28,9.1,9.1,1,1,True,True
76497|Otras hortalizas,2023,8.9,8.9,8.9,1,1,True,True
76497|Otros cítricos,2019,660.0,22.0,22.0,1,0,False,False
76497|Otros cítricos,2020,270.0,18.0,22.0,1,0,False,False
76497|Papaya demás variedades,2019,400.0,8.0,8.0,1,0,False,False
76497|Papaya demás variedades,2020,80.0,8.0,8.0,1,0,False,False
76497|Papaya demás variedades,2021,24.0,8.0,9.0,1,0,False,False
76497|Papaya demás variedades,2022,27.0,9.0,9.0,1,0,False,False
76497|Papaya demás variedades,2023,27.0,9.0,9.0,1,0,False,False
76497|Papaya demás variedades,2024,24.0,8.0,8.0,1,0,False,False
76497|Papaya demás variedades,2025,24.0,8.0,8.0,1,0,False,False
76497|Plátano consumo interno,2019,1582.0,133.0,453.0,1,0,False,False
76497|Plátano consumo interno,2020,2265.0,453.0,453.0,1,0,False,False
76497|Plátano consumo interno,2021,898.93,373.0,410.0,1,0,False,False
76497|Plátano consumo interno,2022,984.0,410.0,412.0,1,0,False,False
76497|Plátano consumo interno,2023,1236.0,412.0,412.0,1,0,False,False
76497|Plátano consumo interno,2024,1236.0,412.0,414.0,1,0,False,False
76497|Plátano consumo interno,2025,1236.0,412.0,412.0,1,0,False,False
76497|Sorgo,2020,210.0,7.0,7.0,1,1,True,True
76497|Sorgo,2021,30.0,6.0,6.0,1,1,True,True
76497|Sorgo,2022,25.0,5.0,5.0,1,1,True,True
76497|Soya,2019,40.8,16.0,16.0,2,2,True,False
76497|Soya,2020,60.0,20.0,20.0,2,2,True,False
76497|Soya,2021,88.0,16.0,16.0,2,2,True,False
76497|Soya,2022,37.0,15.0,15.0,2,2,True,False
76497|Soya,2023,37.0,15.0,15.0,2,2,True,False
76497|Soya,2024,35.0,14.0,14.0,2,2,True,False
76497|Soya,2025,32.4,10.8,12.0,2,2,True,False
76497|Tomate,2019,360.0,18.0,18.0,2,2,True,False
76497|Tomate,2020,420.0,20.0,20.0,2,2,True,False
76497|Tomate,2021,71.0,18.0,18.0,2,2,True,False
76497|Tomate,2022,90.0,18.0,18.5,2,2,True,False
76497|Tomate,2023,290.0,14.5,14.5,2,2,True,False
76497|Tomate,2024,180.0,9.0,9.0,2,2,True,False
76497|Tomate,2025,164.0,8.0,8.0,2,2,True,False
76497|Yuca consumo en fresco,2019,190.0,9.5,10.0,2,2,True,False
76497|Yuca consumo en fresco,2020,64.0,8.0,8.0,2,2,True,False
76497|Yuca consumo en fresco,2021,6.0,8.0,8.0,2,2,True,False
76497|Yuca consumo en fresco,2022,84.0,7.0,7.0,2,2,True,False
76497|Yuca consumo en fresco,2023,84.0,7.0,7.1,2,2,True,False
76497|Yuca consumo en fresco,2024,78.0,6.5,6.5,2,2,True,False
76497|Yuca consumo en fresco,2025,54.0,4.5,4.5,2,2,True,False
76520|Aguacate demás variedades,2019,1520.0,152.0,184.0,1,0,False,False
76520|Aguacate demás variedades,2020,1840.0,184.0,209.1,1,0,False,False
76520|Aguacate demás variedades,2021,2300.1,209.1,209.1,1,0,False,False
76520|Aguacate demás variedades,2022,2300.1,209.1,215.3,1,0,False,False
76520|Aguacate demás variedades,2023,2300.1,209.1,225.3,1,0,False,False
76520|Aguacate demás variedades,2024,2368.3,215.3,225.3,1,0,False,False
76520|Aguacate demás variedades,2025,2368.3,215.3,225.3,1,0,False,False
76520|Ahuyama,2019,30.0,2.0,2.0,2,2,True,False
76520|Ahuyama,2020,150.5,9.7,9.7,2,2,True,False
76520|Ahuyama,2021,8.0,2.0,2.0,2,2,True,False
76520|Ahuyama,2022,8.0,2.0,2.0,2,2,True,False
76520|Ahuyama,2023,8.5,2.0,2.0,2,2,True,False
76520|Ahuyama,2024,12.75,3.0,3.0,2,2,True,False
76520|Ahuyama,2025,25.5,6.0,6.0,2,2,True,False
76520|Algodón,2020,222.0,74.0,74.0,1,1,True,True
76520|Algodón,2022,166.43,151.3,151.3,2,2,True,False
76520|Arracacha,2019,48.0,6.0,8.0,2,2,True,False
76520|Arracacha,2020,48.0,6.0,6.0,2,2,True,False
76520|Arracacha,2021,60.0,6.0,6.0,2,2,True,False
76520|Arracacha,2022,30.0,3.0,3.0,2,2,True,False
76520|Arracacha,2023,30.0,3.0,6.0,2,2,True,False
76520|Arracacha,2024,60.0,6.0,6.0,2,2,True,False
76520|Arracacha,2025,60.0,6.0,6.0,2,2,True,False
76520|Arveja,2019,39.6,18.0,18.0,2,2,True,False
76520|Arveja,2020,9.06,9.8,9.8,2,2,True,False
76520|Arveja,2021,19.2,16.0,16.0,2,2,True,False
76520|Arveja,2022,10.37,8.64,8.64,2,2,True,False
76520|Arveja,2023,20.0,16.0,16.0,2,2,True,False
76520|Arveja,2024,22.71,18.0,18.0,2,2,True,False
76520|Arveja,2025,27.48,21.0,22.0,2,2,True,False
76520|Banano consumo interno,2019,1177.0,107.0,112.0,1,0,False,False
76520|Banano consumo interno,2020,1120.0,112.0,137.8,1,0,False,False
76520|Banano consumo interno,2021,1515.8,137.8,137.8,1,0,False,False
76520|Banano consumo interno,2022,1509.75,137.25,149.25,1,0,False,False
76520|Banano consumo interno,2023,1641.75,149.25,149.25,1,0,False,False
76520|Banano consumo interno,2024,1641.75,149.25,149.25,1,0,False,False
76520|Banano consumo interno,2025,1641.75,149.25,149.25,1,0,False,False
76520|Cacao,2020,6.72,19.2,19.2,1,0,False,False
76520|Cacao,2021,8.64,19.2,19.2,1,0,False,False
76520|Cacao,2022,8.64,19.2,19.2,1,0,False,False
76520|Cacao,2023,9.6,19.2,19.2,1,0,False,False
76520|Cacao,2024,9.6,19.2,19.2,1,0,False,False
76520|Cacao,2025,9.6,19.2,19.2,1,0,False,False
76520|Café,2019,297.0,238.0,291.0,1,0,False,False
76520|Café,2020,284.0,247.0,290.0,1,0,False,False
76520|Café,2021,284.49,261.0,299.93,1,0,False,False
76520|Café,2022,246.84,271.68,310.9,1,0,False,False
76520|Café,2023,282.49,144.49,174.36,1,0,False,False
76520|Café,2024,225.25,145.32,181.3,1,0,False,False
76520|Café,2025,220.63,142.13,189.16,1,0,False,False
76520|Caña de azúcar,2019,4407000.0,33900.0,33900.0,1,0,False,False
76520|Caña de azúcar,2020,4402306.84,33900.0,33900.0,1,0,False,False
76520|Caña de azúcar,2021,4776340.5,33900.0,33900.0,1,0,False,False
76520|Caña de azúcar,2022,4746000.0,33900.0,33900.0,1,0,False,False
76520|Caña de azúcar,2023,4746000.0,33900.0,33900.0,1,0,False,False
76520|Caña de azúcar,2024,4746000.0,33900.0,33990.0,1,0,False,False
76520|Caña de azúcar,2025,4758600.0,33990.0,33990.0,1,0,False,False
76520|Caña panelera,2019,12460.0,178.0,178.0,1,0,False,False
76520|Caña panelera,2020,12282.0,178.0,178.0,1,0,False,False
76520|Caña panelera,2021,10680.0,178.0,178.0,1,0,False,False
76520|Caña panelera,2022,10680.0,178.0,178.0,1,0,False,False
76520|Caña panelera,2023,10680.0,178.0,178.0,1,0,False,False
76520|Caña panelera,2024,10680.0,178.0,178.0,1,0,False,False
76520|Caña panelera,2025,10680.0,178.0,178.0,1,0,False,False
76520|Cebolla de bulbo,2019,460.0,46.0,46.0,2,2,True,False
76520|Cebolla de bulbo,2020,333.95,36.5,36.5,2,2,True,False
76520|Cebolla de bulbo,2021,460.0,46.0,46.0,2,2,True,False
76520|Cebolla de bulbo,2022,236.0,23.75,23.75,2,2,True,False
76520|Cebolla de bulbo,2023,391.0,46.0,46.0,2,2,True,False
76520|Cebolla de bulbo,2024,408.0,48.0,48.0,2,2,True,False
76520|Cebolla de bulbo,2025,502.0,59.0,59.0,2,2,True,False
76520|Cebolla de rama,2019,70.0,7.0,7.0,1,1,True,True
76520|Cebolla de rama,2020,140.0,7.0,7.0,1,1,True,True
76520|Cebolla de rama,2021,12.5,7.0,7.0,1,1,True,True
76520|Cebolla de rama,2022,2.95,1.64,1.64,1,1,True,True
76520|Cebolla de rama,2023,14.0,7.0,7.0,1,1,True,True
76520|Cebolla de rama,2024,14.0,7.0,7.0,1,1,True,True
76520|Cebolla de rama,2025,12.0,6.0,6.0,1,1,True,True
76520|Cilantro,2019,2400.0,240.0,240.0,2,2,True,False
76520|Cilantro,2020,1440.0,150.0,150.0,2,2,True,False
76520|Cilantro,2021,2400.0,240.0,240.0,2,2,True,False
76520|Cilantro,2022,1248.0,124.8,124.8,2,2,True,False
76520|Cilantro,2023,1800.0,180.0,180.0,2,2,True,False
76520|Cilantro,2024,1950.0,195.0,195.0,2,2,True,False
76520|Cilantro,2025,2370.0,237.0,239.0,2,2,True,False
76520|Curuba,2020,13.2,1.1,1.1,1,0,False,False
76520|Curuba,2021,13.2,1.1,1.1,1,0,False,False
76520|Curuba,2022,13.2,1.1,1.1,1,0,False,False
76520|Curuba,2023,12.1,1.1,1.1,1,0,False,False
76520|Curuba,2024,12.1,1.1,1.1,1,0,False,False
76520|Curuba,2025,12.1,1.1,1.1,1,0,False,False
76520|Fresa,2020,0.0,0.0,4.0,1,0,False,False
76520|Frijol,2019,110.0,100.0,100.0,2,2,True,False
76520|Frijol,2020,107.22,89.4,89.4,2,2,True,False
76520|Frijol,2021,103.5,90.0,90.0,2,2,True,False
76520|Frijol,2022,64.4,53.67,53.67,2,2,True,False
76520|Frijol,2023,112.8,94.0,94.0,2,2,True,False
76520|Frijol,2024,121.25999999999999,102.0,102.0,2,2,True,False
76520|Frijol,2025,339.15,199.5,204.0,2,2,True,False
76520|Granadilla,2019,280.0,8.0,8.0,1,0,False,False
76520|Granadilla,2020,280.0,8.0,16.0,1,0,False,False
76520|Granadilla,2021,160.0,16.0,16.0,1,0,False,False
76520|Granadilla,2022,160.0,16.0,16.0,1,0,False,False
76520|Granadilla,2023,160.0,16.0,16.0,1,0,False,False
76520|Granadilla,2024,130.0,13.0,13.0,1,0,False,False
76520|Granadilla,2025,130.0,13.0,13.0,1,0,False,False
76520|Guayaba,2019,125.4,11.4,11.4,1,0,False,False
76520|Guayaba,2020,125.4,11.4,13.8,1,0,False,False
76520|Guayaba,2021,276.0,13.8,13.8,1,0,False,False
76520|Guayaba,2022,276.0,13.8,15.92,1,0,False,False
76520|Guayaba,2023,274.4,13.72,15.92,1,0,False,False
76520|Guayaba,2024,318.4,15.92,15.92,1,0,False,False
76520|Guayaba,2025,318.4,15.92,15.92,1,0,False,False
76520|Habichuela,2019,375.0,30.0,30.0,2,2,True,False
76520|Habichuela,2020,169.44,16.8,16.8,2,2,True,False
76520|Habichuela,2021,192.0,24.0,24.0,2,2,True,False
76520|Habichuela,2022,98.0,12.25,12.25,2,2,True,False
76520|Habichuela,2023,192.0,24.0,24.0,2,2,True,False
76520|Habichuela,2024,208.0,26.0,26.0,2,2,True,False
76520|Habichuela,2025,272.0,34.0,36.0,2,2,True,False
76520|Limón Tahití,2021,87.56,3.5,3.5,1,0,False,False
76520|Limón Tahití,2022,87.5,3.5,4.1,1,0,False,False
76520|Limón Tahití,2023,87.5,3.5,4.1,1,0,False,False
76520|Limón Tahití,2024,102.5,4.1,4.1,1,0,False,False
76520|Limón Tahití,2025,102.5,4.1,4.1,1,0,False,False
76520|Lulo,2019,52.5,7.5,7.5,1,0,False,False
76520|Lulo,2020,91.0,13.0,13.0,1,0,False,False
76520|Lulo,2021,91.0,13.0,13.0,1,0,False,False
76520|Lulo,2022,91.0,13.0,13.0,1,0,False,False
76520|Lulo,2023,117.0,13.0,13.0,1,0,False,False
76520|Lulo,2024,117.0,13.0,13.0,1,0,False,False
76520|Lulo,2025,117.0,13.0,13.0,1,0,False,False
76520|Mandarina Arrayana y/o Oneco,2021,149.26,9.95,9.95,1,0,False,False
76520|Mandarina Arrayana y/o Oneco,2022,149.25,9.95,9.95,1,0,False,False
76520|Mandarina Arrayana y/o Oneco,2023,149.25,9.95,9.95,1,0,False,False
76520|Mandarina Arrayana y/o Oneco,2024,149.25,9.95,9.95,1,0,False,False
76520|Mandarina Arrayana y/o Oneco,2025,149.25,9.95,9.95,1,0,False,False
76520|Maracuyá,2019,331.2,13.8,13.8,1,0,False,False
76520|Maracuyá,2020,331.2,13.8,19.1,1,0,False,False
76520|Maracuyá,2021,229.2,19.1,19.1,1,0,False,False
76520|Maracuyá,2022,229.2,19.1,19.85,1,0,False,False
76520|Maracuyá,2023,218.35,19.85,21.85,1,0,False,False
76520|Maracuyá,2024,240.35,21.85,24.85,1,0,False,False
76520|Maracuyá,2025,273.35,24.85,27.85,1,0,False,False
76520|Maíz amarillo tecnificado,2021,63.57000000000001,66.33,66.33,2,2,True,False
76520|Maíz amarillo tecnificado,2022,349.02,86.24,84.12,2,2,True,False
76520|Maíz amarillo tecnificado,2023,352.48,88.12,99.62,2,2,True,False
76520|Maíz amarillo tecnificado,2024,400.0,100.0,100.0,2,2,True,False
76520|Maíz amarillo tecnificado,2025,441.0,105.0,112.0,2,2,True,False
76520|Maíz blanco tecnificado,2021,3155.4300000000003,382.44,382.44,2,2,True,False
76520|Maíz blanco tecnificado,2022,1512.1999999999998,216.6,366.3,2,2,True,False
76520|Maíz blanco tecnificado,2023,4019.2,512.0,516.0,2,2,True,False
76520|Maíz blanco tecnificado,2024,3389.0,430.0,340.0,2,2,True,False
76520|Maíz blanco tecnificado,2025,2513.0,359.0,384.0,2,2,True,False
76520|Maíz tecnificado,2019,2700.0,300.0,300.0,2,2,True,False
76520|Maíz tecnificado,2020,3150.0,450.0,450.0,2,2,True,False
76520|Maíz tradicional,2019,315.0,200.0,200.0,2,2,True,False
76520|Maíz tradicional,2020,550.0,200.0,200.0,2,2,True,False
76520|Mora,2019,5.5,1.1,1.1,1,0,False,False
76520|Mora,2020,6.0,1.2,1.2,1,0,False,False
76520|Mora,2021,9.6,1.2,1.2,1,0,False,False
76520|Mora,2022,9.6,1.2,1.2,1,0,False,False
76520|Mora,2023,9.6,1.2,1.2,1,0,False,False
76520|Mora,2024,9.6,1.2,1.2,1,0,False,False
76520|Naranja Valencia,2021,1727.62,66.45,66.45,1,0,False,False
76520|Naranja Valencia,2022,1727.7,66.45,66.75,1,0,False,False
76520|Naranja Valencia,2023,1727.7,66.45,66.75,1,0,False,False
76520|Naranja Valencia,2024,1735.5,66.75,66.75,1,0,False,False
76520|Naranja Valencia,2025,1735.5,66.75,66.75,1,0,False,False
76520|Otros cítricos,2019,1500.0,75.0,77.0,1,0,False,False
76520|Otros cítricos,2020,1540.0,77.0,79.9,1,0,False,False
76520|Pepino cohombro,2019,118.8,6.0,6.0,2,2,True,False
76520|Pepino cohombro,2020,116.4,6.0,6.0,2,2,True,False
76520|Pepino cohombro,2021,114.0,6.0,6.0,2,2,True,False
76520|Pepino cohombro,2022,57.0,3.0,3.0,1,1,True,True
76520|Pepino cohombro,2023,60.0,3.0,3.0,1,1,True,True
76520|Pepino cohombro,2024,60.0,3.0,3.0,1,1,True,True
76520|Pepino cohombro,2025,60.0,3.0,3.0,1,1,True,True
76520|Perejil,2020,150.0,6.0,6.0,1,1,True,True
76520|Perejil,2022,3.4,1.7,1.7,1,1,True,True
76520|Pimentón,2019,102.0,6.0,6.0,2,2,True,False
76520|Pimentón,2020,98.4,5.7,5.7,2,2,True,False
76520|Pimentón,2021,105.0,6.0,6.0,2,2,True,False
76520|Pimentón,2022,53.27,3.13,3.13,2,2,True,False
76520|Pimentón,2023,105.0,6.0,6.0,2,2,True,False
76520|Pimentón,2024,105.0,6.0,6.0,2,2,True,False
76520|Pimentón,2025,306.0,17.0,17.0,2,2,True,False
76520|Plantas aromáticas,2019,28.8,3.6,3.6,2,2,True,False
76520|Plantas aromáticas,2020,45.92,12.1,12.1,2,2,True,False
76520|Plantas aromáticas,2021,30.25,6.05,6.05,1,0,False,False
76520|Plantas aromáticas,2022,33.15,6.63,6.63,1,0,False,False
76520|Plantas aromáticas,2023,33.15,6.63,7.63,1,0,False,False
76520|Plantas aromáticas,2024,38.15,7.63,9.63,1,0,False,False
76520|Plantas aromáticas,2025,48.15,9.63,9.63,1,0,False,False
76520|Plátano consumo interno,2019,1416.0,118.0,143.0,1,0,False,False
76520|Plátano consumo interno,2020,1920.0,160.0,160.0,1,0,False,False
76520|Plátano consumo interno,2021,1600.0,160.0,160.0,1,0,False,False
76520|Plátano consumo interno,2022,1590.25,159.02,178.02,1,0,False,False
76520|Plátano consumo interno,2023,1780.2,178.02,188.02,1,0,False,False
76520|Plátano consumo interno,2024,1880.2,188.02,193.02,1,0,False,False
76520|Plátano consumo interno,2025,2244.24,187.02,206.02,1,0,False,False
76520|Repollo,2019,800.0,40.0,40.0,2,2,True,False
76520|Repollo,2020,767.2,35.3,35.3,2,2,True,False
76520|Repollo,2021,800.0,40.0,40.0,2,2,True,False
76520|Repollo,2022,500.8,25.04,25.04,2,2,True,False
76520|Repollo,2023,880.0,42.0,42.0,2,2,True,False
76520|Repollo,2024,1050.0,50.0,50.0,2,2,True,False
76520|Repollo,2025,1177.0,53.5,56.0,2,2,True,False
76520|Soya,2021,225.0,90.0,90.0,1,1,True,True
76520|Tomate,2020,156.6,8.7,8.7,1,1,True,True
76520|Tomate,2021,160.95,8.7,8.7,1,1,True,True
76520|Tomate,2022,160.95,8.7,8.7,1,1,True,True
76520|Tomate,2023,180.0,9.0,9.0,1,1,True,True
76520|Tomate,2024,200.0,10.0,10.0,1,1,True,True
76520|Tomate de árbol,2019,33.6,2.4,2.4,1,0,False,False
76520|Tomate de árbol,2020,33.6,2.4,2.7,1,0,False,False
76520|Tomate de árbol,2021,44.55,2.7,2.7,1,0,False,False
76520|Tomate de árbol,2022,43.2,2.7,2.7,1,0,False,False
76520|Tomate de árbol,2023,43.2,2.7,2.7,1,0,False,False
76520|Tomate de árbol,2024,43.2,2.7,2.7,1,0,False,False
76520|Tomate de árbol,2025,43.2,2.7,2.7,1,0,False,False
76520|Tomate invernadero,2019,185.0,10.0,10.0,2,2,True,False
76520|Tomate invernadero,2020,92.5,5.0,5.0,1,1,True,True
76520|Tomate invernadero,2021,92.5,5.0,5.0,1,1,True,True
76520|Tomate invernadero,2022,90.0,5.0,5.0,1,1,True,True
76520|Tomate invernadero,2023,910.0,10.0,10.0,2,2,True,False
76520|Tomate invernadero,2024,1094.0,12.0,12.0,2,2,True,False
76520|Tomate invernadero,2025,2140.0,23.5,24.0,2,2,True,False
76520|Uva,2019,28.0,2.0,2.0,1,0,False,False
76520|Uva,2020,28.0,2.0,2.0,1,0,False,False
76520|Uva,2021,16.0,2.0,2.0,1,0,False,False
76520|Uva,2022,16.0,2.0,2.0,1,0,False,False
76520|Uva,2023,16.0,2.0,2.0,1,0,False,False
76520|Uva,2024,16.0,2.0,2.0,1,0,False,False
76520|Uva,2025,16.0,2.0,2.0,1,0,False,False
76520|Yuca consumo en fresco,2019,288.0,18.0,22.0,2,2,True,False
76520|Yuca consumo en fresco,2020,330.0,22.0,22.0,2,2,True,False
76520|Yuca consumo en fresco,2021,297.0,22.0,22.0,2,2,True,False
76520|Yuca consumo en fresco,2022,144.0,12.0,12.0,2,2,True,False
76520|Yuca consumo en fresco,2023,264.0,22.0,22.0,2,2,True,False
76520|Yuca consumo en fresco,2024,264.0,22.0,22.0,2,2,True,False
76520|Yuca consumo en fresco,2025,276.0,23.0,24.0,2,2,True,False
76520|Zapote,2019,16.1,2.3,2.3,1,0,False,False
76520|Zapote,2020,16.1,2.3,4.6,1,0,False,False
76520|Zapote,2021,27.6,4.6,4.6,1,0,False,False
76520|Zapote,2022,27.6,4.6,4.6,1,0,False,False
76520|Zapote,2023,27.6,4.6,4.6,1,0,False,False
76520|Zapote,2024,27.6,4.6,4.6,1,0,False,False
76563|Aguacate demás variedades,2019,12.0,4.0,44.0,1,0,False,False
76563|Aguacate demás variedades,2020,440.0,44.0,44.0,1,0,False,False
76563|Aguacate demás variedades,2021,165.0,44.0,69.0,1,0,False,False
76563|Aguacate demás variedades,2022,196.0,49.0,49.0,1,0,False,False
76563|Aguacate demás variedades,2023,196.0,49.0,49.0,1,0,False,False
76563|Aguacate demás variedades,2024,196.0,49.0,49.0,1,0,False,False
76563|Aguacate demás variedades,2025,196.0,49.0,49.0,1,0,False,False
76563|Ají,2019,350.0,7.0,11.0,1,1,True,True
76563|Ají,2020,400.0,8.0,10.0,1,1,True,True
76563|Ají,2021,60.0,3.0,3.0,1,1,True,True
76563|Ají,2022,60.0,3.0,3.0,1,1,True,True
76563|Arveja,2019,90.0,30.0,30.0,2,2,True,False
76563|Arveja,2020,6.0,30.0,30.0,2,2,True,False
76563|Arveja,2021,25.7,20.0,20.0,2,2,True,False
76563|Arveja,2022,31.0,20.0,20.0,2,2,True,False
76563|Arveja,2023,37.5,25.0,25.0,2,2,True,False
76563|Arveja,2024,30.0,20.0,25.0,2,2,True,False
76563|Arveja,2025,72.0,24.0,24.0,2,2,True,False
76563|Banano consumo interno,2019,450.0,30.0,30.0,1,0,False,False
76563|Banano consumo interno,2020,450.0,30.0,30.0,1,0,False,False
76563|Banano consumo interno,2021,150.0,30.0,30.0,1,0,False,False
76563|Banano consumo interno,2022,135.0,30.0,30.0,1,0,False,False
76563|Banano consumo interno,2023,135.0,30.0,37.67,1,0,False,False
76563|Banano consumo interno,2024,169.52,37.67,37.67,1,0,False,False
76563|Banano consumo interno,2025,169.52,37.67,37.67,1,0,False,False
76563|Brócoli,2020,10.0,1.0,1.0,1,1,True,True
76563|Brócoli,2021,10.0,1.0,1.0,1,1,True,True
76563|Brócoli,2022,20.0,2.0,2.0,1,1,True,True
76563|Brócoli,2023,20.0,2.0,2.0,1,1,True,True
76563|Brócoli,2024,20.0,2.0,2.0,1,1,True,True
76563|Cacao,2019,1.0,2.0,2.0,1,0,False,False
76563|Cacao,2020,1.0,2.0,2.0,1,0,False,False
76563|Cacao,2021,2.0,2.0,2.0,1,0,False,False
76563|Cacao,2022,2.0,2.0,2.0,1,0,False,False
76563|Cacao,2023,2.0,2.0,2.0,1,0,False,False
76563|Cacao,2024,2.0,2.0,2.0,1,0,False,False
76563|Café,2019,475.0,384.0,436.0,1,0,False,False
76563|Café,2020,522.0,435.0,435.0,1,0,False,False
76563|Café,2021,550.51,404.79,447.53,1,0,False,False
76563|Café,2022,405.49,415.35,454.04,1,0,False,False
76563|Café,2023,516.17,174.31,211.46,1,0,False,False
76563|Café,2024,269.85,167.61,222.37,1,0,False,False
76563|Café,2025,306.46,190.06,235.17,1,0,False,False
76563|Caña de azúcar,2019,1157750.0,10525.0,10525.0,1,0,False,False
76563|Caña de azúcar,2020,1157750.0,10525.0,10525.0,1,0,False,False
76563|Caña de azúcar,2021,1150794.0,10550.0,10550.0,1,0,False,False
76563|Caña de azúcar,2022,1159400.0,10540.0,10540.0,1,0,False,False
76563|Caña de azúcar,2023,1264800.0,10540.0,10540.0,1,0,False,False
76563|Caña de azúcar,2024,1264800.0,10540.0,10540.0,1,0,False,False
76563|Caña de azúcar,2025,1264800.0,10540.0,10540.0,1,0,False,False
76563|Caña panelera,2020,3200.0,40.0,40.0,1,0,False,False
76563|Caña panelera,2021,3200.0,40.0,40.0,1,0,False,False
76563|Caña panelera,2022,3200.0,40.0,40.0,1,0,False,False
76563|Caña panelera,2023,3200.0,40.0,40.0,1,0,False,False
76563|Caña panelera,2024,3200.0,40.0,40.0,1,0,False,False
76563|Caña panelera,2025,3200.0,40.0,40.0,1,0,False,False
76563|Cebolla de rama,2019,600.0,12.0,15.0,1,1,True,True
76563|Cebolla de rama,2020,250.0,5.0,10.0,1,1,True,True
76563|Cebolla de rama,2021,200.0,8.0,10.0,1,1,True,True
76563|Cebolla de rama,2022,375.0,15.0,20.0,1,1,True,True
76563|Cebolla de rama,2023,200.0,10.0,20.0,1,1,True,True
76563|Cebolla de rama,2025,75.0,3.0,3.0,1,1,True,True
76563|Cilantro,2019,12.0,1.5,1.5,1,1,True,True
76563|Cilantro,2020,8.0,1.0,1.0,1,1,True,True
76563|Cilantro,2021,16.0,2.0,2.0,1,1,True,True
76563|Cilantro,2022,16.0,2.0,2.0,1,1,True,True
76563|Cilantro,2023,27.0,3.0,3.0,1,1,True,True
76563|Cilantro,2024,27.0,3.0,3.0,1,1,True,True
76563|Cilantro,2025,40.0,4.0,4.0,1,1,True,True
76563|Coliflor,2020,10.0,1.0,1.0,1,1,True,True
76563|Coliflor,2021,10.0,1.0,1.0,1,1,True,True
76563|Coliflor,2022,10.0,1.0,1.0,1,1,True,True
76563|Coliflor,2023,20.0,2.0,2.0,1,1,True,True
76563|Coliflor,2024,20.0,2.0,2.0,1,1,True,True
76563|Frijol,2019,40.0,20.0,20.0,2,2,True,False
76563|Frijol,2020,40.0,20.0,20.0,2,2,True,False
76563|Frijol,2021,43.0,19.0,20.0,2,2,True,False
76563|Frijol,2022,43.0,20.0,20.0,2,2,True,False
76563|Frijol,2023,77.06,30.0,30.0,2,2,True,False
76563|Frijol,2024,62.370000000000005,25.0,30.0,2,2,True,False
76563|Frijol,2025,51.870000000000005,25.0,25.0,2,2,True,False
76563|Guanábana,2019,288.3,30.0,30.0,1,0,False,False
76563|Guanábana,2020,180.0,30.0,30.0,1,0,False,False
76563|Guanábana,2021,167.1,30.0,30.0,1,0,False,False
76563|Guanábana,2022,180.0,30.0,80.0,1,0,False,False
76563|Guanábana,2023,180.0,30.0,80.0,1,0,False,False
76563|Guanábana,2024,480.0,80.0,80.0,1,0,False,False
76563|Guanábana,2025,480.0,80.0,80.0,1,0,False,False
76563|Guayaba,2019,24.0,3.0,3.0,1,0,False,False
76563|Guayaba,2020,24.0,3.0,3.0,1,0,False,False
76563|Guayaba,2021,60.0,3.0,3.0,1,0,False,False
76563|Guayaba,2022,60.0,3.0,3.0,1,0,False,False
76563|Guayaba,2023,60.0,3.0,3.0,1,0,False,False
76563|Guayaba,2024,60.0,3.0,3.0,1,0,False,False
76563|Guayaba,2025,60.0,3.0,3.0,1,0,False,False
76563|Habichuela,2019,406.0,58.0,60.0,2,2,True,False
76563|Habichuela,2020,14.0,58.0,60.0,2,2,True,False
76563|Habichuela,2021,273.0,48.0,50.0,2,2,True,False
76563|Habichuela,2022,275.0,50.0,50.0,2,2,True,False
76563|Habichuela,2023,300.0,50.0,50.0,2,2,True,False
76563|Habichuela,2024,258.0,43.0,50.0,2,2,True,False
76563|Habichuela,2025,360.0,40.0,40.0,2,2,True,False
76563|Limón Tahití,2021,79.98,6.1,6.1,1,0,False,False
76563|Limón Tahití,2022,73.2,6.1,36.1,1,0,False,False
76563|Limón Tahití,2023,73.2,6.1,36.1,1,0,False,False
76563|Limón Tahití,2024,433.2,36.1,36.1,1,0,False,False
76563|Limón Tahití,2025,433.2,36.1,36.1,1,0,False,False
76563|Lulo,2020,140.0,14.0,14.0,1,0,False,False
76563|Lulo,2021,48.0,12.0,14.0,1,0,False,False
76563|Lulo,2022,56.0,14.0,14.0,1,0,False,False
76563|Lulo,2023,56.0,14.0,14.0,1,0,False,False
76563|Lulo,2024,56.0,14.0,14.0,1,0,False,False
76563|Lulo,2025,56.0,14.0,14.0,1,0,False,False
76563|Mandarina Arrayana y/o Oneco,2021,15.01,3.11,3.11,1,0,False,False
76563|Mandarina Arrayana y/o Oneco,2022,14.0,3.11,3.11,1,0,False,False
76563|Mandarina Arrayana y/o Oneco,2023,14.0,3.11,3.11,1,0,False,False
76563|Mandarina Arrayana y/o Oneco,2024,14.0,3.11,3.11,1,0,False,False
76563|Mandarina Arrayana y/o Oneco,2025,14.0,3.11,3.11,1,0,False,False
"76563|Mango Kent, Keitt, Hilacha o Nam Doc",2022,1000.0,100.0,100.0,1,0,False,False
"76563|Mango Kent, Keitt, Hilacha o Nam Doc",2023,1000.0,100.0,100.0,1,0,False,False
"76563|Mango Kent, Keitt, Hilacha o Nam Doc",2024,1000.0,100.0,100.0,1,0,False,False
"76563|Mango Kent, Keitt, Hilacha o Nam Doc",2025,1000.0,100.0,100.0,1,0,False,False
76563|Maíz amarillo tradicional,2021,77.62,39.0,40.0,2,2,True,False
76563|Maíz blanco tradicional,2021,28.88,20.0,20.0,2,2,True,False
76563|Maíz tradicional,2019,105.0,60.0,60.0,2,2,True,False
76563|Maíz tradicional,2020,16.0,53.0,60.0,2,2,True,False
76563|Mora,2019,218.0,27.0,27.0,1,0,False,False
76563|Mora,2020,320.0,32.0,32.0,1,0,False,False
76563|Mora,2021,50.0,10.0,10.0,1,0,False,False
76563|Mora,2022,20.0,5.0,5.0,1,0,False,False
76563|Mora,2023,20.0,5.0,5.0,1,0,False,False
76563|Mora,2024,20.0,5.0,5.0,1,0,False,False
76563|Mora,2025,20.0,5.0,5.0,1,0,False,False
76563|Naranja Valencia,2021,119.96,20.79,20.79,1,0,False,False
76563|Naranja Valencia,2022,83.16,20.79,20.79,1,0,False,False
76563|Naranja Valencia,2023,83.16,20.79,20.79,1,0,False,False
76563|Naranja Valencia,2024,83.16,20.79,20.79,1,0,False,False
76563|Naranja Valencia,2025,83.16,20.79,20.79,1,0,False,False
76563|Otros cítricos,2019,250.0,25.0,25.0,1,0,False,False
76563|Otros cítricos,2020,250.0,25.0,25.0,1,0,False,False
76563|Pepino cohombro,2019,800.0,20.0,20.0,2,2,True,False
76563|Pepino cohombro,2020,800.0,20.0,20.0,2,2,True,False
76563|Pepino cohombro,2021,360.0,18.0,19.0,2,2,True,False
76563|Pepino cohombro,2022,400.0,20.0,20.0,2,2,True,False
76563|Pepino cohombro,2023,530.0,25.0,25.0,2,2,True,False
76563|Pepino cohombro,2024,450.0,21.0,25.0,2,2,True,False
76563|Pepino cohombro,2025,528.0,24.0,24.0,2,2,True,False
76563|Pimentón,2019,22.5,1.5,1.5,1,1,True,True
76563|Pimentón,2020,15.0,2.0,2.0,1,1,True,True
76563|Pimentón,2021,15.0,2.0,2.0,1,1,True,True
76563|Pimentón,2022,15.0,2.0,2.0,1,1,True,True
76563|Pimentón,2023,30.0,2.0,2.0,1,1,True,True
76563|Pimentón,2024,15.0,1.0,2.0,1,1,True,True
76563|Pimentón,2025,75.0,3.0,3.0,1,1,True,True
76563|Piña demás variedades,2019,1600.0,20.0,20.0,1,0,False,False
76563|Piña demás variedades,2020,1600.0,20.0,20.0,1,0,False,False
76563|Piña demás variedades,2021,1600.0,20.0,20.0,1,0,False,False
76563|Piña demás variedades,2022,1600.0,20.0,20.0,1,0,False,False
76563|Piña demás variedades,2023,1200.0,20.0,20.0,1,0,False,False
76563|Piña demás variedades,2024,1200.0,20.0,20.0,1,0,False,False
76563|Piña demás variedades,2025,1200.0,20.0,20.0,1,0,False,False
76563|Plátano consumo interno,2019,100.0,10.0,10.0,1,0,False,False
76563|Plátano consumo interno,2020,150.0,15.0,15.0,1,0,False,False
76563|Plátano consumo interno,2021,90.0,15.0,15.0,1,0,False,False
76563|Plátano consumo interno,2022,120.0,15.0,15.0,1,0,False,False
76563|Plátano consumo interno,2023,120.0,15.0,15.0,1,0,False,False
76563|Plátano consumo interno,2024,120.0,15.0,15.0,1,0,False,False
76563|Plátano consumo interno,2025,120.0,15.0,15.0,1,0,False,False
76563|Tomate,2019,350.0,14.0,14.0,2,2,True,False
76563|Tomate,2020,450.0,18.0,20.0,2,2,True,False
76563|Tomate,2021,457.0,18.0,18.0,2,2,True,False
76563|Tomate,2022,500.0,20.0,20.0,2,2,True,False
76563|Tomate,2023,860.0,22.0,25.0,2,2,True,False
76563|Tomate,2024,708.0,18.0,25.0,2,2,True,False
76563|Tomate,2025,880.0,22.0,22.0,2,2,True,False
76563|Tomate de árbol,2019,30.0,5.0,5.0,1,0,False,False
76563|Tomate de árbol,2020,40.0,5.0,5.0,1,0,False,False
76563|Tomate de árbol,2021,40.0,5.0,5.0,1,0,False,False
76563|Tomate de árbol,2022,100.0,5.0,5.0,1,0,False,False
76563|Tomate de árbol,2023,90.0,5.0,5.0,1,0,False,False
76563|Tomate de árbol,2024,90.0,5.0,5.0,1,0,False,False
76563|Tomate de árbol,2025,90.0,5.0,5.0,1,0,False,False
76606|Aguacate Hass,2020,45.0,5.0,5.0,1,0,False,False
76606|Aguacate Hass,2021,45.0,5.0,5.0,1,0,False,False
76606|Aguacate Hass,2022,36.0,4.0,8.0,1,0,False,False
76606|Aguacate Hass,2023,36.0,4.0,8.0,1,0,False,False
76606|Aguacate Hass,2024,72.0,8.0,11.0,1,0,False,False
76606|Aguacate Hass,2025,72.0,8.0,11.0,1,0,False,False
76606|Aguacate Papelillo,2020,27.0,3.0,3.0,1,0,False,False
76606|Aguacate Papelillo,2021,27.0,3.0,3.0,1,0,False,False
76606|Aguacate Papelillo,2022,27.0,3.0,5.0,1,0,False,False
76606|Aguacate Papelillo,2023,27.0,3.0,4.0,1,0,False,False
76606|Aguacate Papelillo,2024,18.0,2.0,5.0,1,0,False,False
76606|Aguacate Papelillo,2025,18.0,2.0,5.0,1,0,False,False
76606|Aguacate demás variedades,2019,649.8,72.2,72.2,1,0,False,False
76606|Aguacate demás variedades,2020,577.8,64.2,64.2,1,0,False,False
76606|Aguacate demás variedades,2021,577.8,64.2,64.2,1,0,False,False
76606|Aguacate demás variedades,2022,577.8,64.2,69.0,1,0,False,False
76606|Aguacate demás variedades,2023,603.0,67.0,68.0,1,0,False,False
76606|Aguacate demás variedades,2024,567.0,63.0,65.0,1,0,False,False
76606|Aguacate demás variedades,2025,567.0,63.0,65.0,1,0,False,False
76606|Ahuyama,2019,1430.0,110.0,110.0,2,2,True,False
76606|Ahuyama,2020,1430.0,110.0,110.0,2,2,True,False
76606|Ahuyama,2021,1469.0,113.0,113.0,2,2,True,False
76606|Ahuyama,2022,1742.0,134.0,107.0,2,2,True,False
76606|Ahuyama,2023,1322.1,101.7,115.0,2,2,True,False
76606|Ahuyama,2024,1602.9,123.3,122.0,2,2,True,False
76606|Ahuyama,2025,1586.0,122.0,110.0,2,2,True,False
76606|Ají,2019,320.0,8.0,8.0,1,1,True,True
76606|Ají,2020,200.0,5.0,5.0,1,1,True,True
76606|Ají,2021,240.0,6.0,6.0,1,1,True,True
76606|Ají,2022,240.0,6.0,6.0,1,1,True,True
76606|Ají,2023,220.0,5.5,10.0,2,2,True,False
76606|Ají,2024,400.0,10.0,10.0,2,2,True,False
76606|Ají,2025,480.0,12.0,10.0,2,2,True,False
76606|Banano consumo interno,2019,942.0,82.0,84.0,1,0,False,False
76606|Banano consumo interno,2020,1173.0,81.0,81.0,1,0,False,False
76606|Banano consumo interno,2021,810.0,81.0,81.0,1,0,False,False
76606|Banano consumo interno,2022,810.0,81.0,85.0,1,0,False,False
76606|Banano consumo interno,2023,1020.0,85.0,88.0,1,0,False,False
76606|Banano consumo interno,2024,1056.0,88.0,98.0,1,0,False,False
76606|Banano consumo interno,2025,1176.0,98.0,98.0,1,0,False,False
76606|Café,2019,532.0,406.0,495.0,1,0,False,False
76606|Café,2020,482.0,398.0,479.0,1,0,False,False
76606|Café,2021,369.75,406.32,485.69,1,0,False,False
76606|Café,2022,366.72,403.75,493.2,1,0,False,False
76606|Café,2023,415.56,403.42,503.5,1,0,False,False
76606|Café,2024,509.75,401.38,506.49,1,0,False,False
76606|Café,2025,441.26,346.93,422.26,1,0,False,False
76606|Caña panelera,2019,22425.0,345.0,345.0,1,0,False,False
76606|Caña panelera,2020,22425.0,345.0,345.0,1,0,False,False
76606|Caña panelera,2021,22425.0,345.0,345.0,1,0,False,False
76606|Caña panelera,2022,27600.0,345.0,350.0,1,0,False,False
76606|Caña panelera,2023,28000.0,350.0,350.0,1,0,False,False
76606|Caña panelera,2024,28000.0,350.0,350.0,1,0,False,False
76606|Caña panelera,2025,28000.0,350.0,350.0,1,0,False,False
76606|Cilantro,2024,4.0,0.5,0.5,1,1,True,True
76606|Cilantro,2025,4.0,0.5,0.5,1,1,True,True
76606|Cimarrón,2019,112.0,14.0,14.0,2,2,True,False
76606|Cimarrón,2020,64.0,8.0,8.0,1,1,True,True
76606|Cimarrón,2021,72.0,9.0,9.0,1,1,True,True
76606|Cimarrón,2022,72.0,9.0,9.0,1,1,True,True
76606|Cimarrón,2023,72.0,9.0,9.0,1,1,True,True
76606|Cimarrón,2024,72.0,9.0,9.0,1,1,True,True
76606|Cimarrón,2025,72.0,9.0,9.0,1,1,True,True
76606|Frijol,2019,301.0,176.0,185.0,2,2,True,False
76606|Frijol,2020,363.4,190.0,190.0,2,2,True,False
76606|Frijol,2021,409.8,196.0,196.0,2,2,True,False
76606|Frijol,2022,336.0,198.5,195.0,2,2,True,False
76606|Frijol,2023,373.5,211.0,201.0,2,2,True,False
76606|Frijol,2024,328.6,186.0,172.0,2,2,True,False
76606|Frijol,2025,386.0,193.0,157.0,2,2,True,False
76606|Granadilla,2019,8.0,1.0,2.0,1,0,False,False
76606|Granadilla,2020,16.0,2.0,5.0,1,0,False,False
76606|Granadilla,2021,40.0,5.0,5.0,1,0,False,False
76606|Granadilla,2022,24.0,3.0,3.0,1,0,False,False
76606|Granadilla,2023,24.0,3.0,3.0,1,0,False,False
76606|Granadilla,2024,8.0,1.0,2.0,1,0,False,False
76606|Guayaba,2019,96.0,12.0,12.0,1,0,False,False
76606|Guayaba,2020,96.0,12.0,13.0,1,0,False,False
76606|Guayaba,2021,104.0,13.0,13.0,1,0,False,False
76606|Guayaba,2022,80.0,10.0,11.0,1,0,False,False
76606|Guayaba,2023,88.0,11.0,11.0,1,0,False,False
76606|Guayaba,2024,72.0,9.0,10.0,1,0,False,False
76606|Guayaba,2025,72.0,9.0,10.0,1,0,False,False
76606|Habichuela,2019,86.0,12.0,12.0,2,2,True,False
76606|Habichuela,2020,82.0,12.0,12.0,2,2,True,False
76606|Habichuela,2021,90.0,13.0,13.0,2,2,True,False
76606|Habichuela,2022,132.0,18.0,18.0,2,2,True,False
76606|Habichuela,2023,128.0,18.0,18.0,2,2,True,False
76606|Habichuela,2024,116.0,16.0,18.0,2,2,True,False
76606|Habichuela,2025,146.0,21.0,19.0,2,2,True,False
76606|Limón Tahití,2021,19.29,0.96,0.96,1,0,False,False
76606|Limón Tahití,2022,19.2,0.96,1.96,1,0,False,False
76606|Limón Tahití,2023,39.2,1.96,3.96,1,0,False,False
76606|Limón Tahití,2024,39.2,1.96,3.96,1,0,False,False
76606|Limón Tahití,2025,39.2,1.96,3.96,1,0,False,False
76606|Lulo,2019,1650.0,110.0,115.0,1,0,False,False
76606|Lulo,2020,1350.0,90.0,110.0,1,0,False,False
76606|Lulo,2021,1590.0,106.0,116.0,1,0,False,False
76606|Lulo,2022,1665.0,111.0,131.0,1,0,False,False
76606|Lulo,2023,1965.0,131.0,136.0,1,0,False,False
76606|Lulo,2024,2040.0,136.0,146.0,1,0,False,False
76606|Lulo,2025,2190.0,146.0,152.0,1,0,False,False
76606|Macadamia,2019,81.0,18.0,18.0,1,0,False,False
76606|Macadamia,2020,81.0,18.0,20.0,1,0,False,False
76606|Macadamia,2021,100.0,20.0,20.0,1,0,False,False
76606|Macadamia,2022,90.0,20.0,20.0,1,0,False,False
76606|Macadamia,2023,90.0,20.0,20.0,1,0,False,False
76606|Macadamia,2024,90.0,20.0,20.0,1,0,False,False
76606|Macadamia,2025,90.0,20.0,20.0,1,0,False,False
76606|Mandarina Arrayana y/o Oneco,2021,54.8,2.74,2.74,1,0,False,False
76606|Mandarina Arrayana y/o Oneco,2022,54.8,2.74,3.24,1,0,False,False
76606|Mandarina Arrayana y/o Oneco,2023,64.8,3.24,3.24,1,0,False,False
76606|Mandarina Arrayana y/o Oneco,2024,64.8,3.24,3.24,1,0,False,False
76606|Mandarina Arrayana y/o Oneco,2025,64.8,3.24,3.24,1,0,False,False
76606|Mango demás variedades,2020,0.0,0.0,2.0,1,0,False,False
76606|Mango demás variedades,2021,0.0,0.0,2.0,1,0,False,False
76606|Maracuyá,2019,180.0,15.0,15.0,1,0,False,False
76606|Maracuyá,2020,36.0,3.0,5.0,1,0,False,False
76606|Maracuyá,2021,90.0,7.5,8.5,1,0,False,False
76606|Maracuyá,2022,66.0,5.5,7.5,1,0,False,False
76606|Maracuyá,2023,78.0,6.5,6.5,1,0,False,False
76606|Maracuyá,2024,66.0,5.5,7.5,1,0,False,False
76606|Maracuyá,2025,90.0,7.5,7.5,1,0,False,False
76606|Maíz amarillo tecnificado,2022,2.24,2.0,6.0,1,1,True,True
76606|Maíz amarillo tecnificado,2023,6.71,6.0,6.0,1,1,True,True
76606|Maíz amarillo tecnificado,2024,5.59,5.0,5.0,1,1,True,True
76606|Maíz amarillo tecnificado,2025,5.59,5.0,5.0,1,1,True,True
76606|Maíz amarillo tradicional,2021,768.0,128.0,128.0,1,1,True,True
76606|Maíz amarillo tradicional,2022,258.0,129.0,130.0,2,2,True,False
76606|Maíz amarillo tradicional,2023,444.4,222.2,198.0,2,2,True,False
76606|Maíz amarillo tradicional,2024,324.6,162.3,230.0,2,2,True,False
76606|Maíz amarillo tradicional,2025,613.0,306.5,185.0,2,2,True,False
76606|Maíz tecnificado,2019,48.0,12.0,12.0,2,2,True,False
76606|Maíz tecnificado,2020,44.0,11.0,11.0,2,2,True,False
76606|Maíz tradicional,2019,414.5,233.0,233.0,2,2,True,False
76606|Maíz tradicional,2020,408.5,223.0,223.0,2,2,True,False
76606|Mora,2019,16.0,2.0,2.0,1,0,False,False
76606|Mora,2020,16.0,2.0,3.0,1,0,False,False
76606|Mora,2021,24.0,3.0,3.0,1,0,False,False
76606|Mora,2022,24.0,3.0,3.0,1,0,False,False
76606|Mora,2023,16.0,2.0,2.0,1,0,False,False
76606|Mora,2024,8.0,1.0,1.0,1,0,False,False
76606|Mora,2025,8.0,1.0,1.0,1,0,False,False
76606|Naranja Valencia,2021,365.91,18.3,18.3,1,0,False,False
76606|Naranja Valencia,2022,346.0,17.3,21.3,1,0,False,False
76606|Naranja Valencia,2023,311.4,17.3,21.3,1,0,False,False
76606|Naranja Valencia,2024,293.4,16.3,17.3,1,0,False,False
76606|Naranja Valencia,2025,293.4,16.3,17.3,1,0,False,False
76606|Otros cítricos,2019,630.0,18.0,19.0,1,0,False,False
76606|Otros cítricos,2020,630.0,18.0,22.0,1,0,False,False
76606|Pepino cohombro,2019,140.0,4.0,4.0,2,2,True,False
76606|Pepino cohombro,2020,105.0,3.0,3.0,2,2,True,False
76606|Pepino cohombro,2021,140.0,4.0,4.0,2,2,True,False
76606|Pepino cohombro,2022,175.0,5.0,5.0,2,2,True,False
76606|Pepino cohombro,2023,140.0,4.0,5.0,2,2,True,False
76606|Pepino cohombro,2024,227.5,6.5,6.5,2,2,True,False
76606|Pepino cohombro,2025,350.0,10.0,9.0,2,2,True,False
76606|Pimentón,2019,984.0,82.0,82.0,2,2,True,False
76606|Pimentón,2020,1044.0,87.0,87.0,2,2,True,False
76606|Pimentón,2021,660.0,55.0,85.0,2,2,True,False
76606|Pimentón,2022,1044.0,87.0,105.0,2,2,True,False
76606|Pimentón,2023,1140.0,95.0,95.0,2,2,True,False
76606|Pimentón,2024,1084.8,90.4,102.0,2,2,True,False
76606|Pimentón,2025,1495.2,124.6,92.0,2,2,True,False
76606|Pitahaya,2019,80.0,10.0,10.0,1,0,False,False
76606|Pitahaya,2020,56.0,7.0,7.0,1,0,False,False
76606|Pitahaya,2021,56.0,7.0,7.0,1,0,False,False
76606|Pitahaya,2022,56.0,7.0,7.0,1,0,False,False
76606|Pitahaya,2023,40.0,5.0,5.0,1,0,False,False
76606|Pitahaya,2024,32.0,4.0,4.0,1,0,False,False
76606|Pitahaya,2025,32.0,4.0,4.0,1,0,False,False
"76606|Piña Cayena, Gold, Manzana y/o Perolera",2020,1002.0,16.7,16.7,1,0,False,False
"76606|Piña Cayena, Gold, Manzana y/o Perolera",2021,918.5,16.7,16.7,1,0,False,False
"76606|Piña Cayena, Gold, Manzana y/o Perolera",2022,643.5,11.7,26.7,1,0,False,False
"76606|Piña Cayena, Gold, Manzana y/o Perolera",2023,1002.0,16.7,16.7,1,0,False,False
"76606|Piña Cayena, Gold, Manzana y/o Perolera",2024,762.0,12.7,12.7,1,0,False,False
"76606|Piña Cayena, Gold, Manzana y/o Perolera",2025,360.0,6.0,6.0,1,0,False,False
76606|Piña demás variedades,2019,26700.0,445.0,470.0,1,0,False,False
76606|Piña demás variedades,2020,27198.0,453.3,453.3,1,0,False,False
76606|Piña demás variedades,2021,29464.5,453.3,468.3,1,0,False,False
76606|Piña demás variedades,2022,29984.5,461.3,481.3,1,0,False,False
76606|Piña demás variedades,2023,30309.5,466.3,474.3,1,0,False,False
76606|Piña demás variedades,2024,27904.5,429.3,449.3,1,0,False,False
76606|Piña demás variedades,2025,27885.0,429.0,429.0,1,0,False,False
76606|Plátano consumo interno,2019,3941.5,693.0,700.0,1,0,False,False
76606|Plátano consumo interno,2020,5176.0,647.0,685.0,1,0,False,False
76606|Plátano consumo interno,2024,5800.0,725.0,750.0,1,0,False,False
76606|Plátano consumo interno,2025,6000.0,750.0,810.0,1,0,False,False
76606|Sacha inchi,2019,37.76,47.2,47.2,1,0,False,False
76606|Sábila,2019,15.0,1.0,1.0,1,0,False,False
76606|Tomate,2019,2500.0,125.0,125.0,2,2,True,False
76606|Tomate,2020,2200.0,110.0,110.0,2,2,True,False
76606|Tomate,2021,2000.0,100.0,100.0,2,2,True,False
76606|Tomate,2022,2020.0,101.0,88.0,2,2,True,False
76606|Tomate,2023,1540.0,77.0,76.0,2,2,True,False
76606|Tomate,2024,1174.0,58.7,55.0,2,2,True,False
76606|Tomate,2025,1450.0,72.5,60.0,2,2,True,False
76606|Tomate de árbol,2019,15.0,1.0,1.0,1,0,False,False
76606|Tomate de árbol,2020,15.0,1.0,1.0,1,0,False,False
76606|Tomate de árbol,2021,15.0,1.0,1.0,1,0,False,False
76606|Tomate de árbol,2022,15.0,1.0,1.0,1,0,False,False
76606|Tomate de árbol,2023,16.0,1.0,1.0,1,0,False,False
76606|Tomate de árbol,2024,16.0,1.0,1.0,1,0,False,False
76606|Tomate de árbol,2025,16.0,1.0,1.0,1,0,False,False
76606|Tomate invernadero,2019,330.0,11.0,11.0,2,2,True,False
76606|Tomate invernadero,2020,600.0,20.0,20.0,2,2,True,False
76606|Tomate invernadero,2021,750.0,25.0,25.0,2,2,True,False
76606|Tomate invernadero,2022,1132.5,37.75,42.0,2,2,True,False
76606|Tomate invernadero,2023,1452.0,48.4,53.0,2,2,True,False
76606|Tomate invernadero,2024,1737.0,57.9,56.0,2,2,True,False
76606|Tomate invernadero,2025,3675.0,73.5,60.0,2,2,True,False
76606|Yuca consumo en fresco,2019,168.0,14.0,14.0,2,2,True,False
76606|Yuca consumo en fresco,2020,168.0,14.0,14.0,1,1,True,True
76606|Yuca consumo en fresco,2021,192.0,16.0,16.0,1,1,True,True
76606|Yuca consumo en fresco,2022,164.16,13.68,12.0,2,2,True,False
76606|Yuca consumo en fresco,2023,168.0,14.0,15.0,2,2,True,False
76606|Yuca consumo en fresco,2024,120.0,10.0,18.0,2,2,True,False
76606|Yuca consumo en fresco,2025,240.0,20.0,22.0,2,2,True,False
76616|Aguacate Hass,2020,358.0,40.0,65.0,1,0,False,False
76616|Aguacate Hass,2021,385.0,55.0,65.0,1,0,False,False
76616|Aguacate Hass,2022,455.0,65.0,71.0,1,0,False,False
76616|Aguacate Hass,2023,455.0,65.0,71.0,1,0,False,False
76616|Aguacate Hass,2024,350.0,50.0,56.0,1,0,False,False
76616|Aguacate Hass,2025,280.0,40.0,46.0,1,0,False,False
76616|Aguacate demás variedades,2019,400.0,50.0,70.0,1,0,False,False
76616|Banano consumo interno,2019,7658.0,547.0,552.0,1,0,False,False
76616|Banano consumo interno,2020,7658.0,547.0,552.0,1,0,False,False
76616|Banano consumo interno,2021,4336.0,542.0,592.0,1,0,False,False
76616|Banano consumo interno,2022,4736.0,592.0,602.0,1,0,False,False
76616|Banano consumo interno,2023,4336.0,542.0,652.0,1,0,False,False
76616|Banano consumo interno,2024,5176.0,647.0,647.0,1,0,False,False
76616|Banano consumo interno,2025,5970.0,597.0,597.0,1,0,False,False
76616|Cacao,2019,27.65,79.0,121.0,1,0,False,False
76616|Cacao,2020,34.0,41.0,120.0,1,0,False,False
76616|Cacao,2021,12.6,60.0,110.0,1,0,False,False
76616|Cacao,2022,66.0,110.0,110.5,1,0,False,False
76616|Cacao,2023,66.0,110.0,115.5,1,0,False,False
76616|Cacao,2024,66.0,110.0,120.5,1,0,False,False
76616|Cacao,2025,66.0,110.0,120.5,1,0,False,False
76616|Café,2019,2627.0,1996.0,2572.0,1,0,False,False
76616|Café,2020,2306.4,1922.0,2222.0,1,0,False,False
76616|Café,2021,1789.5,1688.21,2160.5,1,0,False,False
76616|Café,2022,1631.26,1800.26,2202.76,1,0,False,False
76616|Café,2023,1283.25,1841.5,2210.18,1,0,False,False
76616|Café,2024,1575.39,1810.79,2219.55,1,0,False,False
76616|Café,2025,1740.53,1737.92,2230.4,1,0,False,False
76616|Caña de azúcar,2019,252000.0,2520.0,2870.0,1,0,False,False
76616|Caña de azúcar,2020,252000.0,2520.0,2870.0,1,0,False,False
76616|Caña de azúcar,2021,359800.0,2570.0,2870.0,1,0,False,False
76616|Caña de azúcar,2022,401800.0,2870.0,2870.0,1,0,False,False
76616|Caña de azúcar,2023,401800.0,2870.0,2870.0,1,0,False,False
76616|Caña de azúcar,2024,401800.0,2870.0,2930.0,1,0,False,False
76616|Caña de azúcar,2025,401800.0,2870.0,2930.0,1,0,False,False
76616|Caña panelera,2019,9680.0,121.0,126.0,1,0,False,False
76616|Caña panelera,2020,9680.0,121.0,126.0,1,0,False,False
76616|Caña panelera,2021,7420.0,106.0,106.0,1,0,False,False
76616|Caña panelera,2022,6360.0,106.0,118.0,1,0,False,False
76616|Caña panelera,2023,6360.0,106.0,118.0,1,0,False,False
76616|Caña panelera,2024,7080.0,118.0,118.0,1,0,False,False
76616|Caña panelera,2025,2280.0,38.0,38.0,1,0,False,False
76616|Cilantro,2019,66.0,12.0,12.0,2,2,True,False
76616|Cilantro,2020,35.0,6.0,6.0,2,2,True,False
76616|Cilantro,2021,6.0,2.0,2.0,2,2,True,False
76616|Frijol,2019,65.0,25.0,28.0,2,2,True,False
76616|Frijol,2020,27.0,13.0,15.0,2,2,True,False
76616|Frijol,2021,12.0,12.0,16.0,2,2,True,False
76616|Frijol,2022,9.0,9.0,2.0,2,2,True,False
76616|Frijol,2023,1.9,1.9,2.0,2,2,True,False
76616|Frijol,2024,3.0,3.0,5.0,2,2,True,False
76616|Frijol,2025,6.0,6.0,7.0,2,2,True,False
76616|Guanábana,2019,48.0,4.0,5.0,1,0,False,False
76616|Guanábana,2020,36.0,3.0,4.0,1,0,False,False
76616|Guanábana,2021,7.5,3.0,3.0,1,0,False,False
76616|Guanábana,2022,7.5,3.0,3.0,1,0,False,False
76616|Guanábana,2023,7.5,3.0,3.0,1,0,False,False
76616|Guanábana,2024,7.5,3.0,3.0,1,0,False,False
76616|Guanábana,2025,7.5,3.0,3.0,1,0,False,False
76616|Guayaba,2019,49.0,7.0,7.0,1,0,False,False
76616|Guayaba,2020,49.0,7.0,7.0,1,0,False,False
76616|Guayaba,2021,6.02,7.0,7.0,1,0,False,False
76616|Guayaba,2022,7.0,7.0,7.0,1,0,False,False
76616|Guayaba,2023,6.5,6.5,7.0,1,0,False,False
76616|Guayaba,2024,6.5,6.5,7.0,1,0,False,False
76616|Guayaba,2025,13.0,6.5,7.0,1,0,False,False
76616|Habichuela,2023,1.75,0.25,0.25,1,1,True,True
76616|Habichuela,2024,5.25,0.75,0.75,1,1,True,True
76616|Habichuela,2025,5.25,0.75,0.75,1,1,True,True
76616|Limón Tahití,2021,44.59,2.97,2.97,1,0,False,False
76616|Limón Tahití,2022,44.55,2.97,3.47,1,0,False,False
76616|Limón Tahití,2023,44.55,2.97,3.47,1,0,False,False
76616|Limón Tahití,2024,44.55,2.97,4.97,1,0,False,False
76616|Limón Tahití,2025,44.55,2.97,5.47,1,0,False,False
76616|Lulo,2019,349.8,33.0,38.0,1,0,False,False
76616|Lulo,2020,256.0,32.0,39.0,1,0,False,False
76616|Lulo,2021,192.0,24.0,24.0,1,0,False,False
76616|Lulo,2022,192.0,24.0,24.0,1,0,False,False
76616|Lulo,2023,192.0,24.0,24.0,1,0,False,False
76616|Lulo,2024,192.0,24.0,24.0,1,0,False,False
76616|Lulo,2025,192.0,24.0,24.0,1,0,False,False
76616|Mandarina Arrayana y/o Oneco,2021,111.97,5.6,5.6,1,0,False,False
76616|Mandarina Arrayana y/o Oneco,2022,106.4,5.6,5.6,1,0,False,False
76616|Mandarina Arrayana y/o Oneco,2023,106.4,5.6,5.6,1,0,False,False
76616|Mandarina Arrayana y/o Oneco,2024,106.4,5.6,6.6,1,0,False,False
76616|Mandarina Arrayana y/o Oneco,2025,106.4,5.6,7.6,1,0,False,False
76616|Mango demás variedades,2019,45.0,9.0,9.0,1,0,False,False
76616|Mango demás variedades,2020,15.0,3.0,8.0,1,0,False,False
76616|Mango demás variedades,2021,64.0,8.0,8.0,1,0,False,False
76616|Mango demás variedades,2022,64.0,8.0,8.5,1,0,False,False
76616|Mango demás variedades,2023,64.0,8.0,8.5,1,0,False,False
76616|Mango demás variedades,2024,64.0,8.0,8.5,1,0,False,False
76616|Mango demás variedades,2025,64.0,8.0,8.5,1,0,False,False
76616|Maracuyá,2019,150.0,10.0,12.0,1,0,False,False
76616|Maracuyá,2020,105.0,7.0,12.0,1,0,False,False
76616|Maracuyá,2021,180.0,12.0,12.0,1,0,False,False
76616|Maracuyá,2022,180.0,12.0,12.0,1,0,False,False
76616|Maracuyá,2023,180.0,12.0,12.0,1,0,False,False
76616|Maracuyá,2024,180.0,12.0,13.0,1,0,False,False
76616|Maracuyá,2025,195.0,13.0,13.0,1,0,False,False
76616|Maíz amarillo tecnificado,2021,35.0,7.0,8.0,2,2,True,False
76616|Maíz amarillo tecnificado,2022,20.0,4.0,0.0,1,1,True,True
76616|Maíz amarillo tecnificado,2023,45.0,9.0,10.0,1,1,True,True
76616|Maíz amarillo tecnificado,2024,0.0,0.0,13.0,1,1,True,True
76616|Maíz amarillo tecnificado,2025,28.6,13.0,19.0,2,2,True,False
76616|Maíz amarillo tradicional,2021,8.0,8.0,10.0,2,2,True,False
76616|Maíz amarillo tradicional,2022,5.0,5.0,0.0,1,1,True,True
76616|Maíz amarillo tradicional,2023,4.9,4.9,10.0,2,2,True,False
76616|Maíz amarillo tradicional,2024,12.0,12.0,13.0,2,2,True,False
76616|Maíz amarillo tradicional,2025,16.0,16.0,20.0,2,2,True,False
76616|Maíz blanco tecnificado,2021,32.0,10.0,12.0,2,2,True,False
76616|Maíz blanco tecnificado,2022,30.0,6.0,0.0,1,1,True,True
76616|Maíz blanco tecnificado,2023,13.5,2.7,3.0,1,1,True,True
76616|Maíz blanco tecnificado,2024,0.0,0.0,4.0,1,1,True,True
76616|Maíz blanco tecnificado,2025,0.0,0.0,4.0,1,1,True,True
76616|Maíz blanco tradicional,2021,8.0,6.0,6.0,2,2,True,False
76616|Maíz blanco tradicional,2022,4.9,4.0,1.5,2,2,True,False
76616|Maíz blanco tradicional,2023,1.5,1.5,1.5,2,2,True,False
76616|Maíz blanco tradicional,2024,0.5,0.5,2.0,2,2,True,False
76616|Maíz blanco tradicional,2025,2.0,2.0,1.5,2,2,True,False
76616|Maíz tecnificado,2019,162.5,25.0,27.0,2,2,True,False
76616|Maíz tecnificado,2020,64.0,14.0,16.0,2,2,True,False
76616|Maíz tradicional,2019,45.0,15.0,18.0,2,2,True,False
76616|Maíz tradicional,2020,36.0,11.0,13.0,2,2,True,False
76616|Mora,2020,25.0,5.0,10.0,1,0,False,False
76616|Mora,2021,15.0,5.0,5.0,1,0,False,False
76616|Mora,2022,15.0,5.0,5.0,1,0,False,False
76616|Mora,2023,15.0,5.0,5.0,1,0,False,False
76616|Mora,2024,15.0,5.0,5.0,1,0,False,False
76616|Mora,2025,25.0,5.0,5.0,1,0,False,False
76616|Naranja Valencia,2021,859.91,38.42,38.42,1,0,False,False
76616|Naranja Valencia,2022,845.24,38.42,38.42,1,0,False,False
76616|Naranja Valencia,2023,845.24,38.42,38.42,1,0,False,False
76616|Naranja Valencia,2024,845.24,38.42,38.42,1,0,False,False
76616|Naranja Valencia,2025,845.24,38.42,38.42,1,0,False,False
76616|Otros cítricos,2019,342.0,19.0,47.0,1,0,False,False
76616|Otros cítricos,2020,765.0,45.0,45.0,1,0,False,False
76616|Pitahaya,2019,56.0,7.0,7.0,1,0,False,False
76616|Pitahaya,2020,48.0,6.0,6.0,1,0,False,False
76616|Pitahaya,2021,3.74,3.5,3.5,1,0,False,False
76616|Pitahaya,2022,3.5,3.5,4.0,1,0,False,False
76616|Pitahaya,2023,3.5,3.5,4.0,1,0,False,False
76616|Pitahaya,2024,4.0,4.0,4.0,1,0,False,False
76616|Pitahaya,2025,4.0,4.0,4.0,1,0,False,False
76616|Piña demás variedades,2019,600.0,10.0,16.0,1,0,False,False
76616|Piña demás variedades,2020,98.0,7.0,10.0,1,0,False,False
76616|Piña demás variedades,2021,98.0,10.0,10.0,1,0,False,False
76616|Piña demás variedades,2022,90.0,10.0,10.0,1,0,False,False
76616|Piña demás variedades,2023,90.0,10.0,10.0,1,0,False,False
76616|Piña demás variedades,2024,90.0,10.0,10.0,1,0,False,False
76616|Piña demás variedades,2025,180.0,10.0,10.0,1,0,False,False
76616|Plátano consumo interno,2019,30152.0,3573.0,3593.0,1,0,False,False
76616|Plátano consumo interno,2020,29929.2,3563.0,3983.0,1,0,False,False
76616|Plátano consumo interno,2021,30584.0,3823.0,4023.0,1,0,False,False
76616|Plátano consumo interno,2022,32184.0,4023.0,4033.0,1,0,False,False
76616|Plátano consumo interno,2023,32184.0,4023.0,4063.0,1,0,False,False
76616|Plátano consumo interno,2024,32504.0,4063.0,4073.0,1,0,False,False
76616|Plátano consumo interno,2025,28441.0,4063.0,4083.0,1,0,False,False
76616|Stevia,2019,3.75,1.5,1.5,1,0,False,False
76616|Stevia,2020,3.75,1.5,1.5,1,0,False,False
76616|Stevia,2021,2.0,1.5,1.5,1,0,False,False
76616|Stevia,2022,1.95,1.5,1.5,1,0,False,False
76616|Stevia,2023,1.95,1.5,1.5,1,0,False,False
76616|Stevia,2024,1.95,1.5,1.5,1,0,False,False
76616|Tomate,2019,180.0,9.0,9.0,2,2,True,False
76616|Tomate,2020,100.0,5.0,5.0,2,2,True,False
76616|Tomate,2021,90.0,5.0,6.0,2,2,True,False
76616|Tomate,2022,72.0,4.0,2.0,2,2,True,False
76616|Tomate,2023,36.0,2.0,2.0,2,2,True,False
76616|Tomate,2024,36.0,2.0,2.0,2,2,True,False
76616|Tomate,2025,36.0,2.0,2.0,2,2,True,False
76616|Tomate invernadero,2019,425.0,8.0,8.0,2,2,True,False
76616|Tomate invernadero,2020,180.0,5.0,5.0,2,2,True,False
76616|Tomate invernadero,2021,100.0,4.0,4.0,2,2,True,False
76616|Tomate invernadero,2022,75.0,3.0,2.0,2,2,True,False
76616|Tomate invernadero,2023,56.0,2.0,2.0,2,2,True,False
76616|Tomate invernadero,2024,154.0,5.5,5.5,2,2,True,False
76616|Tomate invernadero,2025,256.0,8.0,8.0,2,2,True,False
76616|Yuca consumo en fresco,2019,126.0,7.0,10.0,2,2,True,False
76622|Acelga,2020,14.4,0.9,0.9,2,2,True,False
76622|Acelga,2021,6.6,0.6,0.6,2,2,True,False
76622|Aguacate Hass,2020,1720.0,172.0,472.0,1,0,False,False
76622|Aguacate Hass,2021,4880.0,305.0,395.0,1,0,False,False
76622|Aguacate Hass,2022,7900.0,395.0,491.45,1,0,False,False
76622|Aguacate Hass,2023,7420.0,371.0,467.45,1,0,False,False
76622|Aguacate Hass,2024,6794.1,377.45,467.45,1,0,False,False
76622|Aguacate Hass,2025,6794.1,377.45,474.45,1,0,False,False
76622|Aguacate demás variedades,2019,1360.0,136.0,241.0,1,0,False,False
76622|Ahuyama,2019,136.0,8.0,8.0,2,2,True,False
76622|Ahuyama,2020,255.0,15.0,15.0,2,2,True,False
76622|Ahuyama,2021,459.6,15.32,17.7,2,2,True,False
76622|Ahuyama,2022,764.7,25.49,28.259999999999998,2,2,True,False
76622|Ahuyama,2023,914.1,30.47,30.47,2,2,True,False
76622|Ahuyama,2024,1040.7,39.04,39.04,2,2,True,False
76622|Ahuyama,2025,502.5,18.5,20.119999999999997,2,2,True,False
76622|Ají,2019,211.9,16.3,16.3,1,1,True,True
76622|Ají,2020,419.0,32.2,32.2,1,1,True,True
76622|Ají,2021,1776.0,54.9,54.9,2,2,True,False
76622|Ají,2022,1021.75,40.870000000000005,40.870000000000005,2,2,True,False
76622|Ají,2023,1507.75,60.31,60.31,2,2,True,False
76622|Ají,2024,1770.5,70.82000000000001,70.82000000000001,2,2,True,False
76622|Ají,2025,950.0,38.0,39.94,2,2,True,False
76622|Algodón,2019,347.45,69.49,69.49,1,1,True,True
76622|Algodón,2024,0.0,0.0,70.6,1,1,True,True
76622|Algodón,2025,465.0,93.0,93.91,1,1,True,True
76622|Arracacha,2019,273.0,21.0,21.0,1,1,True,True
76622|Arracacha,2020,611.0,47.0,47.0,1,1,True,True
76622|Arracacha,2021,800.0,50.0,50.0,1,1,True,True
76622|Arracacha,2022,320.0,20.0,20.0,2,2,True,False
76622|Arracacha,2023,240.0,12.0,37.0,2,2,True,False
76622|Arracacha,2024,666.8,36.12,28.119999999999997,2,2,True,False
76622|Arracacha,2025,585.1,33.34,29.34,2,2,True,False
76622|Arroz secano mecanizado,2021,143.69,24.15,24.15,1,1,True,True
76622|Arroz secano mecanizado,2022,122.5,24.5,24.5,1,1,True,True
76622|Arroz secano mecanizado,2023,229.95,45.99,45.99,2,2,True,False
76622|Arveja,2020,2.0500000000000003,1.1,1.1,2,2,True,False
76622|Arveja,2021,1.76,0.7,0.7,2,2,True,False
76622|Arveja,2022,0.88,0.35,0.35,1,1,True,True
76622|Arveja,2023,0.88,0.35,0.35,1,1,True,True
76622|Banano consumo interno,2019,1550.0,62.0,104.0,1,0,False,False
76622|Banano consumo interno,2020,2550.0,102.0,119.0,1,0,False,False
76622|Banano consumo interno,2021,2320.0,116.0,120.5,1,0,False,False
76622|Banano consumo interno,2022,2410.0,120.5,179.5,1,0,False,False
76622|Banano consumo interno,2023,3590.0,179.5,213.88,1,0,False,False
76622|Banano consumo interno,2024,4277.6,213.88,223.88,1,0,False,False
76622|Banano consumo interno,2025,4477.6,223.88,253.5,1,0,False,False
76622|Berenjena,2019,271.25,10.85,10.85,2,2,True,False
76622|Berenjena,2020,265.0,10.6,10.6,2,2,True,False
76622|Berenjena,2021,675.0,27.0,27.0,2,2,True,False
76622|Berenjena,2022,464.5,18.58,18.58,2,2,True,False
76622|Berenjena,2023,579.0,23.16,23.16,2,2,True,False
76622|Berenjena,2024,670.0,26.8,26.8,2,2,True,False
76622|Berenjena,2025,367.75,14.71,14.71,2,2,True,False
76622|Cacao,2019,4.7,9.4,11.4,1,0,False,False
76622|Cacao,2020,3.0,8.0,8.0,1,0,False,False
76622|Cacao,2021,4.8,8.0,10.68,1,0,False,False
76622|Cacao,2022,6.41,10.68,15.39,1,0,False,False
76622|Cacao,2023,6.41,10.68,15.39,1,0,False,False
76622|Cacao,2024,9.23,15.39,15.39,1,0,False,False
76622|Cacao,2025,9.23,15.39,15.39,1,0,False,False
76622|Café,2019,721.0,559.0,682.0,1,0,False,False
76622|Café,2020,652.0,547.0,670.0,1,0,False,False
76622|Café,2021,574.62,574.62,661.97,1,0,False,False
76622|Café,2022,499.81,569.29,663.82,1,0,False,False
76622|Café,2023,579.6,530.87,616.49,1,0,False,False
76622|Café,2024,689.08,510.43,620.43,1,0,False,False
76622|Café,2025,651.18,481.63,611.75,1,0,False,False
76622|Caña de azúcar,2019,339912.5,2719.3,2885.3,1,0,False,False
76622|Caña de azúcar,2020,360562.99,2884.3,2885.3,1,0,False,False
76622|Caña de azúcar,2021,316476.0,2637.3,2887.3,1,0,False,False
76622|Caña de azúcar,2022,317603.0,2887.3,2896.63,1,0,False,False
76622|Caña de azúcar,2023,318629.3,2896.63,2938.63,1,0,False,False
76622|Caña de azúcar,2024,323249.3,2938.63,3126.21,1,0,False,False
76622|Caña de azúcar,2025,330023.1,3000.21,3000.21,1,0,False,False
76622|Caña panelera,2019,540.0,15.0,17.0,1,0,False,False
76622|Caña panelera,2020,612.0,17.0,22.6,1,0,False,False
76622|Caña panelera,2021,3390.0,22.6,89.0,1,0,False,False
76622|Caña panelera,2022,5340.0,89.0,89.0,1,0,False,False
76622|Caña panelera,2023,5340.0,89.0,89.0,1,0,False,False
76622|Caña panelera,2024,5100.0,85.0,85.0,1,0,False,False
76622|Caña panelera,2025,5100.0,85.0,241.0,1,0,False,False
76622|Cebolla de bulbo,2020,27.82,1.2999999999999998,1.2999999999999998,2,2,True,False
76622|Cebolla de bulbo,2021,17.5,0.7,0.78,2,2,True,False
76622|Cebolla de bulbo,2022,19.5,0.78,0.78,2,2,True,False
76622|Cebolla de bulbo,2023,7.04,0.32,0.32,2,2,True,False
76622|Cebolla de bulbo,2024,7.640000000000001,0.42000000000000004,0.42000000000000004,2,2,True,False
76622|Cebolla de bulbo,2025,11.0,0.5,0.5,1,1,True,True
76622|Cebolla de rama,2020,46.8,1.2,1.2,2,2,True,False
76622|Cebolla de rama,2021,15.950000000000001,0.72,0.72,2,2,True,False
76622|Cebolla de rama,2022,15.84,0.72,0.72,2,2,True,False
76622|Cebolla de rama,2023,30.8,1.4,1.4,2,2,True,False
76622|Cebolla de rama,2024,22.2,1.1,1.1,2,2,True,False
76622|Cebolla de rama,2025,22.2,1.1,1.1,2,2,True,False
76622|Cilantro,2020,60.0,2.0,2.0,2,2,True,False
76622|Cilantro,2021,12.0,1.2,1.2,2,2,True,False
76622|Cilantro,2022,20.0,2.0,2.0,2,2,True,False
76622|Cilantro,2023,20.0,2.0,2.0,2,2,True,False
76622|Cilantro,2024,39.0,3.9,3.9,2,2,True,False
76622|Cilantro,2025,43.0,4.3,4.3,2,2,True,False
76622|Espinaca,2020,15.2,0.8,0.8,2,2,True,False
76622|Espinaca,2021,11.0,0.55,0.55,2,2,True,False
76622|Espinaca,2022,32.0,2.0,2.0,2,2,True,False
76622|Espinaca,2023,18.0,1.5,1.5,2,2,True,False
76622|Espinaca,2024,28.5,2.1,2.1,2,2,True,False
76622|Espinaca,2025,12.0,1.0,1.0,1,1,True,True
76622|Fresa,2019,64.5,1.5,1.5,1,0,False,False
76622|Fresa,2020,43.33,1.0,1.0,1,0,False,False
76622|Fresa,2021,4.3,0.1,0.3,1,0,False,False
76622|Fresa,2022,0.6,0.3,0.3,1,0,False,False
76622|Fresa,2023,0.6,0.3,0.3,1,0,False,False
76622|Fresa,2024,0.6,0.3,0.3,1,0,False,False
76622|Fresa,2025,0.6,0.3,0.3,1,0,False,False
76622|Frijol,2019,13.0,26.0,31.0,2,2,True,False
76622|Frijol,2020,10.0,20.0,20.0,2,2,True,False
76622|Frijol,2021,36.0,9.0,9.0,2,2,True,False
76622|Frijol,2022,25.45,10.18,10.18,2,2,True,False
76622|Frijol,2023,38.75,15.5,15.5,2,2,True,False
76622|Frijol,2024,31.95,12.780000000000001,12.780000000000001,2,2,True,False
76622|Frijol,2025,13.25,7.58,7.58,2,2,True,False
76622|Granadilla,2019,40.0,5.0,6.0,1,0,False,False
76622|Granadilla,2020,56.0,7.0,10.0,1,0,False,False
76622|Granadilla,2021,150.0,6.0,8.0,1,0,False,False
76622|Granadilla,2022,160.0,8.0,12.5,1,0,False,False
76622|Granadilla,2023,140.0,7.0,7.0,1,0,False,False
76622|Granadilla,2024,140.0,7.0,7.0,1,0,False,False
76622|Granadilla,2025,80.0,4.0,4.0,1,0,False,False
76622|Guanábana,2019,100.1,14.3,15.3,1,0,False,False
76622|Guanábana,2020,100.0,15.3,15.3,1,0,False,False
76622|Guanábana,2021,264.0,12.0,12.0,1,0,False,False
76622|Guanábana,2022,300.0,12.0,21.4,1,0,False,False
76622|Guanábana,2023,300.0,12.0,21.4,1,0,False,False
76622|Guanábana,2024,460.0,18.4,18.4,1,0,False,False
76622|Guanábana,2025,448.75,17.95,17.95,1,0,False,False
76622|Guayaba,2019,2172.0,181.0,181.0,1,0,False,False
76622|Guayaba,2020,1933.93,161.1,188.1,1,0,False,False
76622|Guayaba,2021,3683.8,184.19,217.19,1,0,False,False
76622|Guayaba,2022,6515.7,217.19,224.61,1,0,False,False
76622|Guayaba,2023,5079.75,203.19,210.61,1,0,False,False
76622|Guayaba,2024,5265.25,210.61,212.58,1,0,False,False
76622|Guayaba,2025,5158.0,206.32,208.29,1,0,False,False
76622|Habichuela,2019,476.0,68.0,70.0,2,2,True,False
76622|Habichuela,2020,168.0,24.0,24.0,2,2,True,False
76622|Habichuela,2021,79.0,7.9,7.9,2,2,True,False
76622|Habichuela,2022,63.0,9.0,9.0,2,2,True,False
76622|Habichuela,2023,91.0,13.0,13.0,2,2,True,False
76622|Habichuela,2024,77.14,11.02,11.02,2,2,True,False
76622|Habichuela,2025,52.5,7.5,7.5,2,2,True,False
76622|Lechuga,2020,9.4,1.2,1.2,2,2,True,False
76622|Lechuga,2021,15.4,0.7,0.7,2,2,True,False
76622|Lechuga,2022,8.8,0.4,0.4,2,2,True,False
76622|Lechuga,2023,2.64,0.12000000000000001,0.12000000000000001,2,2,True,False
76622|Limón Tahití,2021,24.96,1.47,26.47,1,0,False,False
76622|Limón Tahití,2022,476.46,26.47,51.11,1,0,False,False
76622|Limón Tahití,2023,278.46,15.47,40.11,1,0,False,False
76622|Limón Tahití,2024,721.98,40.11,45.86,1,0,False,False
76622|Limón Tahití,2025,631.98,35.11,40.86,1,0,False,False
76622|Lulo,2019,105.0,10.5,12.0,1,0,False,False
76622|Lulo,2020,80.0,8.0,12.0,1,0,False,False
76622|Lulo,2021,240.0,12.0,17.0,1,0,False,False
76622|Lulo,2022,391.0,17.0,23.2,1,0,False,False
76622|Lulo,2023,303.6,13.2,13.2,1,0,False,False
76622|Lulo,2024,303.6,13.2,18.72,1,0,False,False
76622|Lulo,2025,246.56,10.72,10.72,1,0,False,False
76622|Mandarina Arrayana y/o Oneco,2021,166.88,4.17,4.17,1,0,False,False
76622|Mandarina Arrayana y/o Oneco,2022,125.1,4.17,8.34,1,0,False,False
76622|Mandarina Arrayana y/o Oneco,2023,125.1,4.17,9.0,1,0,False,False
76622|Mandarina Arrayana y/o Oneco,2024,255.0,8.5,8.5,1,0,False,False
76622|Mandarina Arrayana y/o Oneco,2025,255.0,8.5,8.5,1,0,False,False
76622|Mango demás variedades,2021,0.0,0.0,0.1,1,0,False,False
76622|Mango demás variedades,2022,1.4,0.1,0.2,1,0,False,False
76622|Mango demás variedades,2023,1.4,0.1,0.2,1,0,False,False
76622|Mango demás variedades,2024,2.8,0.2,0.2,1,0,False,False
76622|Mango demás variedades,2025,2.8,0.2,0.2,1,0,False,False
76622|Maracuyá,2019,1900.5,54.3,54.3,1,0,False,False
76622|Maracuyá,2020,884.49,25.3,35.3,1,0,False,False
76622|Maracuyá,2021,1059.0,35.3,61.56,1,0,False,False
76622|Maracuyá,2022,1539.0,61.56,97.99,1,0,False,False
76622|Maracuyá,2023,1126.31,48.97,48.97,1,0,False,False
76622|Maracuyá,2024,719.9,31.3,31.3,1,0,False,False
76622|Maracuyá,2025,719.9,31.3,43.54,1,0,False,False
76622|Maíz amarillo tecnificado,2021,13732.6,1961.8,1985.3,2,2,True,False
76622|Maíz amarillo tecnificado,2022,15167.0,2053.0,2131.0,2,2,True,False
76622|Maíz amarillo tecnificado,2023,3400.0,425.0,1545.0,2,2,True,False
76622|Maíz amarillo tecnificado,2024,9651.0,1440.0,690.0,2,2,True,False
76622|Maíz amarillo tecnificado,2025,4607.0,686.0,728.0,2,2,True,False
76622|Maíz amarillo tradicional,2021,120.0,30.0,30.0,2,2,True,False
76622|Maíz amarillo tradicional,2022,51.0,17.0,17.0,2,2,True,False
76622|Maíz amarillo tradicional,2023,21.0,7.0,25.0,2,2,True,False
76622|Maíz amarillo tradicional,2024,103.3,25.0,13.0,2,2,True,False
76622|Maíz amarillo tradicional,2025,48.5,13.0,14.18,2,2,True,False
76622|Maíz blanco tecnificado,2021,1400.0,200.0,210.0,2,2,True,False
76622|Maíz blanco tecnificado,2022,1600.0,200.0,200.0,2,2,True,False
76622|Maíz blanco tecnificado,2023,5404.0,675.5,725.5,2,2,True,False
76622|Maíz blanco tecnificado,2024,3881.0,640.0,1267.05,2,2,True,False
76622|Maíz blanco tecnificado,2025,8539.0,1262.0,1306.8200000000002,2,2,True,False
76622|Maíz blanco tradicional,2021,7.8,2.0,2.0,2,2,True,False
76622|Maíz blanco tradicional,2022,6.0,2.0,2.0,2,2,True,False
76622|Maíz blanco tradicional,2023,0.0,0.0,1.0,1,1,True,True
76622|Maíz blanco tradicional,2024,10.4,4.0,5.0,2,2,True,False
76622|Maíz blanco tradicional,2025,18.5,5.0,5.0,2,2,True,False
76622|Maíz tecnificado,2019,15612.0,2602.0,2602.0,2,2,True,False
76622|Maíz tecnificado,2020,7800.0,1300.0,2538.0,2,2,True,False
76622|Maíz tradicional,2019,106.4,56.0,58.0,2,2,True,False
76622|Maíz tradicional,2020,133.0,70.0,70.0,2,2,True,False
76622|Melón,2019,782.1,26.07,26.07,2,2,True,False
76622|Melón,2020,309.5,30.1,30.1,2,2,True,False
76622|Melón,2021,607.5,13.5,14.8,2,2,True,False
76622|Melón,2022,412.2,10.86,10.86,2,2,True,False
76622|Melón,2023,40.2,1.3399999999999999,1.3399999999999999,2,2,True,False
76622|Melón,2024,160.7,5.65,5.65,2,2,True,False
76622|Melón,2025,167.0,5.8,6.4,2,2,True,False
76622|Mora,2019,52.0,4.0,5.0,1,0,False,False
76622|Mora,2020,45.0,3.0,5.0,1,0,False,False
76622|Mora,2021,30.0,3.0,3.0,1,0,False,False
76622|Mora,2022,27.5,2.5,2.5,1,0,False,False
76622|Mora,2023,27.5,2.5,2.5,1,0,False,False
76622|Mora,2024,27.5,2.5,5.76,1,0,False,False
76622|Mora,2025,63.36,5.76,5.76,1,0,False,False
76622|Otros cítricos,2019,825.0,33.0,34.0,1,0,False,False
76622|Otros cítricos,2020,838.0,33.5,33.5,1,0,False,False
"76622|Papaya Hawaiana, Maradol, Melona, redonda y/o Tainung",2020,210.0,4.2,29.2,1,0,False,False
"76622|Papaya Hawaiana, Maradol, Melona, redonda y/o Tainung",2021,2336.0,29.2,81.2,1,0,False,False
"76622|Papaya Hawaiana, Maradol, Melona, redonda y/o Tainung",2022,2842.0,81.2,137.2,1,0,False,False
"76622|Papaya Hawaiana, Maradol, Melona, redonda y/o Tainung",2023,4802.0,137.2,181.72,1,0,False,False
"76622|Papaya Hawaiana, Maradol, Melona, redonda y/o Tainung",2024,3486.0,69.72,69.72,1,0,False,False
"76622|Papaya Hawaiana, Maradol, Melona, redonda y/o Tainung",2025,1000.0,20.0,20.0,1,0,False,False
76622|Papaya demás variedades,2019,2765.0,55.3,55.3,1,0,False,False
76622|Papaya demás variedades,2020,3045.0,60.9,85.9,1,0,False,False
76622|Patilla,2019,255.0,8.2,8.23,2,2,True,False
76622|Patilla,2020,455.0,13.0,14.4,2,2,True,False
76622|Patilla,2021,468.0,11.7,13.0,2,2,True,False
76622|Patilla,2022,811.2,27.04,27.68,2,2,True,False
76622|Patilla,2023,651.9000000000001,21.73,21.73,2,2,True,False
76622|Patilla,2024,237.6,7.92,7.92,2,2,True,False
76622|Patilla,2025,270.0,9.0,9.61,2,2,True,False
76622|Pepino cohombro,2019,252.0,12.0,12.0,2,2,True,False
76622|Pepino cohombro,2020,210.0,10.0,10.0,2,2,True,False
76622|Pepino cohombro,2021,440.0,11.0,12.0,2,2,True,False
76622|Pepino cohombro,2022,315.0,10.5,10.5,2,2,True,False
76622|Pepino cohombro,2023,195.0,6.5,6.5,1,1,True,True
76622|Pepino cohombro,2024,45.0,2.5,2.5,2,2,True,False
76622|Pepino cohombro,2025,168.0,5.6,5.800000000000001,2,2,True,False
76622|Pimentón,2019,1161.0,43.0,47.0,2,2,True,False
76622|Pimentón,2020,1890.0,70.0,70.0,2,2,True,False
76622|Pimentón,2021,1449.0,48.3,49.5,2,2,True,False
76622|Pimentón,2022,904.5,36.18,36.18,2,2,True,False
76622|Pimentón,2023,925.0,37.0,37.0,2,2,True,False
76622|Pimentón,2024,712.5,28.5,28.5,2,2,True,False
76622|Pimentón,2025,715.0,28.6,30.1,2,2,True,False
76622|Pitahaya,2019,108.0,9.0,9.0,1,0,False,False
76622|Pitahaya,2020,36.0,3.0,3.0,1,0,False,False
76622|Pitahaya,2021,18.0,2.0,2.0,1,0,False,False
76622|Pitahaya,2022,3.84,0.64,0.64,1,0,False,False
76622|Pitahaya,2023,3.84,0.64,0.64,1,0,False,False
76622|Pitahaya,2024,3.84,0.64,12.04,1,0,False,False
76622|Pitahaya,2025,3.84,0.64,12.04,1,0,False,False
76622|Piña demás variedades,2020,0.0,0.0,8.0,1,0,False,False
76622|Plátano consumo interno,2019,966.0,80.5,87.5,1,0,False,False
76622|Plátano consumo interno,2020,930.0,77.5,97.5,1,0,False,False
76622|Plátano consumo interno,2021,910.0,70.0,80.0,1,0,False,False
76622|Plátano consumo interno,2022,1440.0,80.0,125.0,1,0,False,False
76622|Plátano consumo interno,2023,2250.0,125.0,137.95,1,0,False,False
76622|Plátano consumo interno,2024,2345.15,137.95,152.95,1,0,False,False
76622|Plátano consumo interno,2025,2566.15,150.95,168.4,1,0,False,False
76622|Remolacha,2020,35.0,1.5,1.5,2,2,True,False
76622|Remolacha,2021,16.5,0.4,0.4,2,2,True,False
76622|Remolacha,2022,9.0,0.2,0.2,2,2,True,False
76622|Remolacha,2023,0.9,0.02,0.02,1,1,True,True
76622|Remolacha,2024,4.5,0.3,0.3,1,1,True,True
76622|Repollo,2019,1400.0,70.0,70.0,2,2,True,False
76622|Repollo,2020,1320.0,66.0,66.0,2,2,True,False
76622|Repollo,2021,2150.0,48.0,48.0,2,2,True,False
76622|Repollo,2022,800.0,20.0,20.0,2,2,True,False
76622|Repollo,2023,800.0,20.0,20.0,2,2,True,False
76622|Repollo,2024,1480.0,37.0,37.0,2,2,True,False
76622|Repollo,2025,950.4,23.76,23.96,2,2,True,False
76622|Rábano,2021,2.8,0.4,0.4,2,2,True,False
76622|Sacha inchi,2019,14.1,4.7,4.7,1,0,False,False
76622|Sacha inchi,2020,14.1,4.7,4.7,1,0,False,False
76622|Sorgo,2024,9.02,0.82,0.82,1,1,True,True
76622|Sorgo,2025,44.0,4.0,4.16,1,1,True,True
76622|Soya,2020,44.0,20.0,20.0,1,1,True,True
76622|Soya,2021,238.28,59.57,59.57,1,1,True,True
76622|Soya,2022,36.52,9.13,9.13,1,1,True,True
76622|Soya,2023,513.92,128.48,128.48,2,2,True,False
76622|Soya,2024,684.28,171.07,171.07,2,2,True,False
76622|Soya,2025,41.8,10.45,10.45,1,1,True,True
76622|Sábila,2019,24.0,2.0,2.0,1,0,False,False
76622|Sábila,2020,6.0,0.5,1.5,1,0,False,False
76622|Tomate,2019,439.0,31.0,31.0,2,2,True,False
76622|Tomate,2020,377.0,29.0,29.0,2,2,True,False
76622|Tomate,2021,1305.0,29.0,29.0,2,2,True,False
76622|Tomate,2022,560.0,14.0,14.0,2,2,True,False
76622|Tomate,2023,200.0,5.0,5.0,2,2,True,False
76622|Tomate,2024,562.4,14.059999999999999,14.059999999999999,2,2,True,False
76622|Tomate,2025,260.0,6.5,6.8,2,2,True,False
76622|Tomate de árbol,2022,0.0,0.0,0.64,1,0,False,False
76622|Tomate de árbol,2023,8.32,0.64,0.64,1,0,False,False
76622|Tomate de árbol,2024,8.32,0.64,0.64,1,0,False,False
76622|Tomate de árbol,2025,8.32,0.64,2.64,1,0,False,False
76622|Tomate invernadero,2023,3850.0,35.0,35.0,2,2,True,False
76622|Tomate invernadero,2024,1540.0,14.0,14.0,2,2,True,False
76622|Tomate invernadero,2025,3058.0,27.8,27.8,2,2,True,False
76622|Uva,2019,790.5,52.7,92.7,1,0,False,False
76622|Uva,2020,1106.0,73.7,78.7,1,0,False,False
76622|Uva,2021,1554.0,77.7,80.7,1,0,False,False
76622|Uva,2022,1452.6,80.7,110.7,1,0,False,False
76622|Uva,2023,1434.6,79.7,109.7,1,0,False,False
76622|Uva,2024,1686.6,93.7,93.7,1,0,False,False
76622|Uva,2025,720.0,40.0,40.0,1,0,False,False
76622|Yuca consumo en fresco,2019,144.0,12.0,12.0,1,1,True,True
76622|Yuca consumo en fresco,2020,156.0,13.0,13.0,1,1,True,True
76622|Yuca consumo en fresco,2021,345.0,15.0,17.0,1,1,True,True
76622|Yuca consumo en fresco,2022,345.0,15.0,15.0,2,2,True,False
76622|Yuca consumo en fresco,2023,195.0,13.0,49.21,2,2,True,False
76622|Yuca consumo en fresco,2024,798.0,53.2,27.0,2,2,True,False
76622|Yuca consumo en fresco,2025,267.0,17.8,17.8,2,2,True,False
76670|Aguacate demás variedades,2019,248.4,27.0,29.0,1,0,False,False
76670|Aguacate demás variedades,2020,248.4,27.0,29.0,1,0,False,False
76670|Aguacate demás variedades,2021,257.6,28.0,31.0,1,0,False,False
76670|Aguacate demás variedades,2022,90.0,9.0,29.0,1,0,False,False
76670|Aguacate demás variedades,2023,270.0,27.0,34.0,1,0,False,False
76670|Aguacate demás variedades,2024,232.0,29.0,36.0,1,0,False,False
76670|Aguacate demás variedades,2025,232.0,29.0,37.0,1,0,False,False
76670|Ahuyama,2020,480.0,35.0,35.0,2,2,True,False
76670|Ahuyama,2021,336.0,34.0,34.0,2,2,True,False
76670|Ahuyama,2022,220.0,20.0,20.0,2,2,True,False
76670|Ahuyama,2023,128.0,14.0,14.0,2,2,True,False
76670|Ahuyama,2024,63.0,7.0,7.0,2,2,True,False
76670|Ahuyama,2025,63.0,7.0,7.0,2,2,True,False
76670|Ají,2019,84.0,7.0,7.0,1,1,True,True
76670|Ají,2020,675.0,45.0,45.0,2,2,True,False
76670|Ají,2021,195.0,13.0,13.0,2,2,True,False
76670|Ají,2022,220.5,13.0,13.0,2,2,True,False
76670|Ají,2023,162.0,10.0,10.0,2,2,True,False
76670|Ají,2024,105.0,7.0,7.0,2,2,True,False
76670|Arracacha,2021,100.0,10.0,20.0,2,2,True,False
76670|Arracacha,2022,172.0,18.0,20.0,2,2,True,False
76670|Arracacha,2023,300.0,30.0,28.0,2,2,True,False
76670|Arracacha,2024,200.0,20.0,22.0,2,2,True,False
76670|Arracacha,2025,200.0,20.0,20.0,2,2,True,False
76670|Banano consumo interno,2019,497.0,71.0,71.0,1,0,False,False
76670|Banano consumo interno,2020,497.0,71.0,71.0,1,0,False,False
76670|Banano consumo interno,2021,497.0,71.0,79.0,1,0,False,False
76670|Banano consumo interno,2022,539.0,77.0,81.0,1,0,False,False
76670|Banano consumo interno,2023,648.0,81.0,81.0,1,0,False,False
76670|Banano consumo interno,2024,648.0,81.0,84.0,1,0,False,False
76670|Banano consumo interno,2025,672.0,84.0,84.0,1,0,False,False
76670|Cacao,2020,8.0,10.0,10.0,1,0,False,False
76670|Cacao,2021,5.0,10.0,13.0,1,0,False,False
76670|Cacao,2022,7.8,13.0,15.0,1,0,False,False
76670|Cacao,2023,7.8,13.0,15.0,1,0,False,False
76670|Cacao,2024,7.5,15.0,15.0,1,0,False,False
76670|Cacao,2025,6.0,12.0,12.0,1,0,False,False
76670|Café,2019,471.0,383.0,471.0,1,0,False,False
76670|Café,2020,220.0,387.0,463.0,1,0,False,False
76670|Café,2021,302.11,413.85,467.49,1,0,False,False
76670|Café,2022,138.78,425.62,465.76,1,0,False,False
76670|Café,2023,91.64,425.45,470.38,1,0,False,False
76670|Café,2024,108.87,403.24,470.2,1,0,False,False
76670|Café,2025,109.21,403.89,472.77,1,0,False,False
76670|Caña de azúcar,2019,599440.0,4720.0,4970.0,1,0,False,False
76670|Caña de azúcar,2020,599440.0,4720.0,5524.7,1,0,False,False
76670|Caña de azúcar,2021,570000.0,4750.0,5524.7,1,0,False,False
76670|Caña de azúcar,2022,524846.5,5524.7,5544.7,1,0,False,False
76670|Caña de azúcar,2023,526746.5,5544.7,5544.7,1,0,False,False
76670|Caña de azúcar,2024,526746.5,5544.7,5694.7,1,0,False,False
76670|Caña de azúcar,2025,540996.5,5694.7,5709.7,1,0,False,False
76670|Caña panelera,2019,32330.0,530.0,545.0,1,0,False,False
76670|Caña panelera,2020,1159.0,19.0,19.0,1,0,False,False
76670|Caña panelera,2021,1159.0,19.0,31.0,1,0,False,False
76670|Caña panelera,2022,2170.0,31.0,33.0,1,0,False,False
76670|Caña panelera,2023,2310.0,33.0,33.0,1,0,False,False
76670|Caña panelera,2024,2310.0,33.0,38.0,1,0,False,False
76670|Caña panelera,2025,2660.0,38.0,38.0,1,0,False,False
76670|Cilantro,2019,297.5,35.0,35.0,2,2,True,False
76670|Cilantro,2020,374.0,44.0,44.0,2,2,True,False
76670|Cilantro,2021,378.0,33.0,33.0,2,2,True,False
76670|Cilantro,2022,182.0,22.0,22.0,2,2,True,False
76670|Cilantro,2023,192.0,24.0,24.0,2,2,True,False
76670|Cilantro,2024,160.0,20.0,20.0,2,2,True,False
76670|Cilantro,2025,160.0,20.0,20.0,2,2,True,False
76670|Frijol,2019,48.0,60.0,60.0,2,2,True,False
76670|Frijol,2020,224.6,132.0,132.0,2,2,True,False
76670|Frijol,2021,156.73,116.0,116.0,2,2,True,False
76670|Frijol,2022,100.0,60.0,67.0,2,2,True,False
76670|Frijol,2023,97.91,50.0,50.0,2,2,True,False
76670|Frijol,2024,78.68,45.0,45.0,2,2,True,False
76670|Frijol,2025,78.68,45.0,45.0,2,2,True,False
76670|Granadilla,2019,240.0,16.0,16.0,1,0,False,False
76670|Granadilla,2020,240.0,16.0,16.0,1,0,False,False
76670|Granadilla,2023,0.0,0.0,4.0,1,0,False,False
76670|Granadilla,2024,16.0,4.0,4.0,1,0,False,False
76670|Granadilla,2025,8.0,2.0,4.0,1,0,False,False
76670|Guanábana,2019,144.5,17.0,22.0,1,0,False,False
76670|Guanábana,2020,187.0,22.0,22.0,1,0,False,False
76670|Guanábana,2021,187.0,22.0,26.0,1,0,False,False
76670|Guanábana,2022,144.0,18.0,19.0,1,0,False,False
76670|Guanábana,2023,144.0,18.0,23.0,1,0,False,False
76670|Guanábana,2024,95.0,19.0,23.0,1,0,False,False
76670|Guanábana,2025,115.0,23.0,23.0,1,0,False,False
76670|Habichuela,2019,336.0,42.0,42.0,2,2,True,False
76670|Habichuela,2020,200.0,25.0,25.0,2,2,True,False
76670|Habichuela,2021,160.0,20.0,20.0,2,2,True,False
76670|Habichuela,2022,83.0,11.0,11.0,2,2,True,False
76670|Habichuela,2023,75.0,10.0,10.0,2,2,True,False
76670|Limón Mandarino,2021,364.0,26.0,26.0,1,0,False,False
76670|Limón Mandarino,2022,312.0,26.0,28.0,1,0,False,False
76670|Limón Mandarino,2023,312.0,26.0,29.0,1,0,False,False
76670|Limón Mandarino,2024,312.0,26.0,27.0,1,0,False,False
76670|Limón Mandarino,2025,324.0,27.0,28.0,1,0,False,False
76670|Lulo,2019,108.65,26.5,29.5,1,0,False,False
76670|Lulo,2020,94.3,23.0,23.0,1,0,False,False
76670|Lulo,2021,82.0,20.0,20.0,1,0,False,False
76670|Lulo,2022,300.0,20.0,23.0,1,0,False,False
76670|Lulo,2023,322.0,23.0,23.0,1,0,False,False
76670|Lulo,2024,322.0,23.0,25.0,1,0,False,False
76670|Lulo,2025,350.0,25.0,25.0,1,0,False,False
76670|Mandarina Arrayana y/o Oneco,2021,171.86,14.32,16.32,1,0,False,False
76670|Mandarina Arrayana y/o Oneco,2022,212.16,16.32,17.32,1,0,False,False
76670|Mandarina Arrayana y/o Oneco,2023,212.16,16.32,17.32,1,0,False,False
76670|Mandarina Arrayana y/o Oneco,2024,173.2,17.32,17.32,1,0,False,False
76670|Mandarina Arrayana y/o Oneco,2025,173.2,17.32,17.32,1,0,False,False
76670|Mango demás variedades,2019,105.0,7.0,17.0,1,0,False,False
76670|Mango demás variedades,2020,172.5,11.5,11.5,1,0,False,False
76670|Mango demás variedades,2021,150.0,10.0,10.0,1,0,False,False
76670|Mango demás variedades,2022,135.0,9.0,10.0,1,0,False,False
76670|Mango demás variedades,2023,135.0,9.0,10.0,1,0,False,False
76670|Mango demás variedades,2024,120.0,8.0,8.0,1,0,False,False
76670|Mango demás variedades,2025,120.0,8.0,8.0,1,0,False,False
76670|Maracuyá,2019,462.0,33.0,38.0,1,0,False,False
76670|Maracuyá,2020,462.0,33.0,38.0,1,0,False,False
76670|Maracuyá,2021,168.0,12.0,12.0,1,0,False,False
76670|Maracuyá,2022,180.0,12.0,16.0,1,0,False,False
76670|Maracuyá,2023,224.0,16.0,16.0,1,0,False,False
76670|Maracuyá,2025,0.0,0.0,4.0,1,0,False,False
76670|Maíz amarillo tecnificado,2021,297.0,54.0,54.0,2,2,True,False
76670|Maíz amarillo tecnificado,2022,282.0,47.0,40.0,2,2,True,False
76670|Maíz amarillo tecnificado,2023,258.0,43.0,43.0,2,2,True,False
76670|Maíz amarillo tecnificado,2024,185.0,37.0,24.0,2,2,True,False
76670|Maíz amarillo tecnificado,2025,110.0,22.0,22.0,2,2,True,False
76670|Maíz amarillo tradicional,2021,45.44,65.0,65.0,2,2,True,False
76670|Maíz amarillo tradicional,2022,32.86,47.0,47.0,2,2,True,False
76670|Maíz amarillo tradicional,2023,34.120000000000005,42.0,42.0,2,2,True,False
76670|Maíz amarillo tradicional,2024,15.66,28.0,28.0,2,2,True,False
76670|Maíz amarillo tradicional,2025,12.86,23.0,23.0,2,2,True,False
76670|Maíz blanco tecnificado,2021,125.0,25.0,25.0,2,2,True,False
76670|Maíz blanco tecnificado,2022,123.0,23.0,16.0,2,2,True,False
76670|Maíz blanco tecnificado,2023,84.0,14.0,14.0,2,2,True,False
76670|Maíz blanco tecnificado,2024,60.0,12.0,8.0,2,2,True,False
76670|Maíz blanco tecnificado,2025,40.0,8.0,8.0,2,2,True,False
76670|Maíz blanco tradicional,2021,10.059999999999999,18.0,18.0,2,2,True,False
76670|Maíz blanco tradicional,2022,12.58,18.0,18.0,2,2,True,False
76670|Maíz blanco tradicional,2023,9.780000000000001,14.0,14.0,2,2,True,False
76670|Maíz blanco tradicional,2024,7.83,12.0,12.0,2,2,True,False
76670|Maíz blanco tradicional,2025,7.83,14.0,14.0,2,2,True,False
76670|Maíz tecnificado,2019,917.5,135.0,135.0,2,2,True,False
76670|Maíz tecnificado,2020,836.0,152.0,152.0,2,2,True,False
76670|Maíz tradicional,2019,205.0,100.0,100.0,2,2,True,False
76670|Maíz tradicional,2020,312.5,125.0,125.0,2,2,True,False
76670|Mora,2019,217.0,31.0,36.0,1,0,False,False
76670|Mora,2020,217.0,31.0,36.0,1,0,False,False
76670|Mora,2021,112.0,16.0,16.0,1,0,False,False
76670|Mora,2022,112.0,16.0,19.0,1,0,False,False
76670|Mora,2023,152.0,19.0,19.0,1,0,False,False
76670|Mora,2024,152.0,19.0,22.0,1,0,False,False
76670|Mora,2025,152.0,19.0,23.0,1,0,False,False
76670|Naranja demás variedades,2021,0.0,0.0,82.0,1,0,False,False
76670|Naranja demás variedades,2022,1066.0,82.0,84.0,1,0,False,False
76670|Naranja demás variedades,2023,1066.0,82.0,84.0,1,0,False,False
76670|Naranja demás variedades,2024,1053.0,81.0,81.0,1,0,False,False
76670|Naranja demás variedades,2025,1053.0,81.0,81.0,1,0,False,False
76670|Otros cítricos,2019,1505.0,107.5,115.0,1,0,False,False
76670|Otros cítricos,2020,1397.5,107.5,115.0,1,0,False,False
76670|Papaya demás variedades,2019,1500.0,50.0,55.0,1,0,False,False
76670|Papaya demás variedades,2020,1500.0,50.0,55.0,1,0,False,False
76670|Papaya demás variedades,2021,600.0,20.0,20.0,1,0,False,False
76670|Papaya demás variedades,2022,336.0,12.0,14.0,1,0,False,False
76670|Papaya demás variedades,2023,392.0,14.0,17.0,1,0,False,False
76670|Papaya demás variedades,2024,364.0,13.0,13.0,1,0,False,False
76670|Papaya demás variedades,2025,364.0,13.0,14.0,1,0,False,False
76670|Pepino cohombro,2019,515.0,29.0,29.0,2,2,True,False
76670|Pepino cohombro,2020,270.0,27.0,27.0,2,2,True,False
76670|Pepino cohombro,2021,200.0,20.0,20.0,2,2,True,False
76670|Pepino cohombro,2022,44.0,5.0,5.0,2,2,True,False
76670|Pepino cohombro,2023,34.0,4.0,4.0,2,2,True,False
76670|Pimentón,2019,330.0,33.0,33.0,2,2,True,False
76670|Pimentón,2020,350.0,35.0,35.0,2,2,True,False
76670|Pimentón,2021,290.0,29.0,29.0,2,2,True,False
76670|Pimentón,2022,100.0,10.0,10.0,2,2,True,False
76670|Pimentón,2023,80.0,8.0,8.0,2,2,True,False
76670|Pimentón,2024,52.5,6.0,6.0,2,2,True,False
76670|Pimentón,2025,40.0,5.0,5.0,2,2,True,False
76670|Plátano consumo interno,2020,300.0,50.0,50.0,1,0,False,False
76670|Plátano consumo interno,2021,300.0,50.0,53.0,1,0,False,False
76670|Plátano consumo interno,2022,265.0,53.0,58.0,1,0,False,False
76670|Plátano consumo interno,2023,290.0,58.0,58.0,1,0,False,False
76670|Plátano consumo interno,2024,290.0,58.0,63.0,1,0,False,False
76670|Plátano consumo interno,2025,300.0,60.0,61.0,1,0,False,False
76670|Repollo,2019,188.0,8.0,8.0,2,2,True,False
76670|Repollo,2020,120.0,8.0,8.0,2,2,True,False
76670|Repollo,2021,60.0,4.0,4.0,2,2,True,False
76670|Repollo,2022,77.0,5.0,5.0,2,2,True,False
76670|Repollo,2023,58.0,4.0,4.0,2,2,True,False
76670|Repollo,2024,50.0,4.0,4.0,2,2,True,False
76670|Repollo,2025,50.0,4.0,4.0,2,2,True,False
76670|Tomate,2019,1550.0,80.0,80.0,2,2,True,False
76670|Tomate,2020,1350.0,90.0,90.0,2,2,True,False
76670|Tomate,2021,1305.0,87.0,87.0,2,2,True,False
76670|Tomate,2022,600.0,30.0,20.0,2,2,True,False
76670|Tomate,2023,631.0,31.0,21.0,2,2,True,False
76670|Tomate,2024,288.0,16.0,16.0,2,2,True,False
76670|Tomate,2025,342.0,19.0,19.0,2,2,True,False
76670|Tomate de árbol,2019,199.5,28.5,32.5,1,0,False,False
76670|Tomate de árbol,2020,199.5,28.5,62.5,1,0,False,False
76670|Tomate de árbol,2021,283.5,40.5,40.5,1,0,False,False
76670|Tomate de árbol,2022,185.5,26.5,28.5,1,0,False,False
76670|Tomate de árbol,2023,143.5,20.5,20.5,1,0,False,False
76670|Tomate de árbol,2024,122.5,17.5,17.5,1,0,False,False
76670|Tomate de árbol,2025,122.5,17.5,17.5,1,0,False,False
76670|Uva,2020,40.0,10.0,10.0,1,0,False,False
76670|Uva,2021,40.0,10.0,10.0,1,0,False,False
76670|Uva,2022,16.0,4.0,5.0,1,0,False,False
76670|Uva,2023,20.0,5.0,6.0,1,0,False,False
76670|Yuca consumo en fresco,2019,450.0,45.0,45.0,2,2,True,False
76670|Yuca consumo en fresco,2020,500.0,50.0,50.0,2,2,True,False
76670|Yuca consumo en fresco,2021,580.0,58.0,87.0,2,2,True,False
76670|Yuca consumo en fresco,2022,480.0,48.0,60.0,2,2,True,False
76670|Yuca consumo en fresco,2023,470.0,50.0,46.0,2,2,True,False
76670|Yuca consumo en fresco,2024,395.0,41.0,27.0,2,2,True,False
76670|Yuca consumo en fresco,2025,255.0,27.0,27.0,2,2,True,False
76736|Aguacate Hass,2020,5004.0,333.6,333.6,1,0,False,False
76736|Aguacate Hass,2021,2668.8,333.6,383.6,1,0,False,False
76736|Aguacate Hass,2022,11472.0,573.6,603.6,1,0,False,False
76736|Aguacate Hass,2023,10324.8,573.6,603.6,1,0,False,False
76736|Aguacate Hass,2024,11472.0,573.6,633.6,1,0,False,False
76736|Aguacate Hass,2025,10324.8,573.6,648.6,1,0,False,False
76736|Aguacate demás variedades,2019,14400.0,800.0,864.0,1,0,False,False
76736|Aguacate demás variedades,2020,4363.2,545.4,545.4,1,0,False,False
76736|Aguacate demás variedades,2021,5434.0,543.4,553.4,1,0,False,False
76736|Aguacate demás variedades,2022,7994.8,363.4,363.4,1,0,False,False
76736|Aguacate demás variedades,2023,3000.6,333.4,333.4,1,0,False,False
76736|Aguacate demás variedades,2024,3988.8,332.4,349.07,1,0,False,False
76736|Aguacate demás variedades,2025,4321.2,332.4,354.07,1,0,False,False
76736|Ahuyama,2022,25.0,1.0,1.0,1,1,True,True
76736|Ahuyama,2023,22.0,1.0,1.0,1,1,True,True
76736|Ahuyama,2024,44.0,2.0,2.0,1,1,True,True
76736|Ahuyama,2025,50.0,2.5,2.5,1,1,True,True
76736|Ají,2021,450.0,30.0,30.0,1,1,True,True
76736|Ají,2022,225.0,15.0,15.0,1,1,True,True
76736|Ají,2023,150.0,10.0,10.0,1,1,True,True
76736|Ají,2024,150.0,10.0,10.0,1,1,True,True
76736|Ají,2025,130.0,10.0,10.0,1,1,True,True
76736|Arracacha,2022,11.0,1.0,1.0,1,1,True,True
76736|Arracacha,2023,11.0,1.0,3.0,1,1,True,True
76736|Arracacha,2024,33.0,3.0,2.0,1,1,True,True
76736|Arracacha,2025,22.0,2.0,2.0,1,1,True,True
76736|Arveja,2020,88.79,38.0,38.0,1,1,True,True
76736|Arveja,2021,53.27,38.0,38.0,1,1,True,True
76736|Arveja,2022,46.26,33.0,33.0,1,1,True,True
76736|Arveja,2023,42.06,30.0,30.0,1,1,True,True
76736|Arveja,2024,75.0,25.0,25.0,1,1,True,True
76736|Arveja,2025,35.05,25.0,25.0,1,1,True,True
76736|Banano consumo interno,2019,11000.0,1000.0,1100.0,1,0,False,False
76736|Banano consumo interno,2020,6624.0,1104.0,1104.0,1,0,False,False
76736|Banano consumo interno,2021,6624.0,1104.0,1124.0,1,0,False,False
76736|Banano consumo interno,2022,24728.0,1124.0,1124.0,1,0,False,False
76736|Banano consumo interno,2023,24728.0,1124.0,1124.0,1,0,False,False
76736|Banano consumo interno,2024,24508.0,1114.0,1314.0,1,0,False,False
76736|Banano consumo interno,2025,19635.0,1309.0,1384.0,1,0,False,False
76736|Cacao,2019,6.3,18.0,20.0,1,0,False,False
76736|Cacao,2020,14.0,20.0,20.0,1,0,False,False
76736|Cacao,2021,12.0,20.0,20.0,1,0,False,False
76736|Cacao,2022,7.0,20.0,20.0,1,0,False,False
76736|Cacao,2023,9.8,20.0,20.0,1,0,False,False
76736|Cacao,2024,18.0,20.0,22.0,1,0,False,False
76736|Cacao,2025,20.0,20.0,25.0,1,0,False,False
76736|Café,2019,5346.0,4037.0,5320.0,1,0,False,False
76736|Café,2020,6291.6,5243.0,5243.0,1,0,False,False
76736|Café,2021,4034.49,4034.49,5259.49,1,0,False,False
76736|Café,2022,6353.8,4071.57,5259.98,1,0,False,False
76736|Café,2023,5340.83,4031.14,5253.18,1,0,False,False
76736|Café,2024,7972.98,4026.76,5203.28,1,0,False,False
76736|Café,2025,6064.21,3784.45,4930.41,1,0,False,False
76736|Caña de azúcar,2019,8000.0,100.0,100.0,1,0,False,False
76736|Caña de azúcar,2020,4200.0,105.0,105.0,1,0,False,False
76736|Caña de azúcar,2021,5726.7,105.0,105.0,1,0,False,False
76736|Caña de azúcar,2022,2625.0,75.0,75.0,1,0,False,False
76736|Caña de azúcar,2023,2625.0,75.0,75.0,1,0,False,False
76736|Caña de azúcar,2024,2700.0,75.0,78.75,1,0,False,False
76736|Caña de azúcar,2025,2700.0,75.0,88.75,1,0,False,False
76736|Caña panelera,2019,4750.0,95.0,105.0,1,0,False,False
76736|Caña panelera,2020,1199.0,109.0,109.0,1,0,False,False
76736|Caña panelera,2021,6440.0,92.0,100.0,1,0,False,False
76736|Caña panelera,2022,15000.0,100.0,100.0,1,0,False,False
76736|Caña panelera,2023,15000.0,100.0,100.0,1,0,False,False
76736|Caña panelera,2024,1200.0,100.0,105.0,1,0,False,False
76736|Caña panelera,2025,12000.0,100.0,108.0,1,0,False,False
76736|Cebolla de bulbo,2023,11.0,0.5,0.5,1,1,True,True
76736|Cebolla de bulbo,2024,11.0,0.5,0.5,1,1,True,True
76736|Cebolla de rama,2021,40.0,4.0,4.0,2,2,True,False
76736|Cebolla de rama,2022,40.0,4.0,4.0,2,2,True,False
76736|Cebolla de rama,2023,40.0,4.0,4.0,2,2,True,False
76736|Cebolla de rama,2024,20.0,2.0,4.0,2,2,True,False
76736|Cebolla de rama,2025,45.0,4.5,5.0,2,2,True,False
76736|Cilantro,2019,32.0,4.0,4.0,1,1,True,True
76736|Cilantro,2020,40.0,8.0,8.0,2,2,True,False
76736|Cilantro,2021,54.0,12.0,12.0,2,2,True,False
76736|Cilantro,2022,66.0,12.0,12.0,2,2,True,False
76736|Cilantro,2023,70.8,12.0,12.0,2,2,True,False
76736|Cilantro,2024,84.0,12.0,12.0,2,2,True,False
76736|Cilantro,2025,100.8,12.0,12.0,2,2,True,False
76736|Cimarrón,2019,32.0,4.0,4.0,1,1,True,True
76736|Cúrcuma o azafrán,2022,20.0,1.0,1.0,1,0,False,False
76736|Fresa,2020,180.0,10.0,10.0,1,0,False,False
76736|Fresa,2021,180.0,10.0,10.0,1,0,False,False
76736|Fresa,2022,40.0,2.0,2.0,1,0,False,False
76736|Fresa,2023,40.0,2.0,2.0,1,0,False,False
76736|Fresa,2024,40.0,2.0,2.1,1,0,False,False
76736|Fresa,2025,42.0,2.1,2.4,1,0,False,False
76736|Frijol,2020,142.66,36.0,36.0,2,2,True,False
76736|Frijol,2021,125.96000000000001,36.0,36.0,2,2,True,False
76736|Frijol,2022,118.0,36.0,36.0,2,2,True,False
76736|Frijol,2023,78.0,39.0,39.0,2,2,True,False
76736|Frijol,2024,80.5,38.0,38.0,2,2,True,False
76736|Frijol,2025,44.05,28.0,33.0,2,2,True,False
76736|Granadilla,2020,150.0,15.0,15.0,1,0,False,False
76736|Granadilla,2021,150.0,15.0,15.0,1,0,False,False
76736|Granadilla,2022,330.0,15.0,15.0,1,0,False,False
76736|Granadilla,2023,330.0,15.0,15.0,1,0,False,False
76736|Granadilla,2024,313.5,14.25,16.25,1,0,False,False
76736|Granadilla,2025,357.5,16.25,17.25,1,0,False,False
76736|Guanábana,2020,112.0,7.0,15.0,1,0,False,False
76736|Guanábana,2021,240.0,15.0,15.0,1,0,False,False
76736|Guanábana,2022,330.0,15.0,15.0,1,0,False,False
76736|Guanábana,2023,195.0,15.0,15.0,1,0,False,False
76736|Guanábana,2024,195.0,15.0,15.75,1,0,False,False
76736|Guanábana,2025,187.5,15.0,16.25,1,0,False,False
76736|Guayaba,2020,13.0,1.0,5.0,1,0,False,False
76736|Guayaba,2021,52.0,5.0,7.0,1,0,False,False
76736|Guayaba,2022,105.0,7.0,12.0,1,0,False,False
76736|Guayaba,2023,175.0,7.0,12.0,1,0,False,False
76736|Guayaba,2024,300.0,12.0,13.0,1,0,False,False
76736|Guayaba,2025,294.0,12.0,13.0,1,0,False,False
76736|Habichuela,2019,436.0,58.0,58.0,2,2,True,False
76736|Habichuela,2020,473.0,43.0,43.0,2,2,True,False
76736|Habichuela,2021,461.0,43.0,43.0,2,2,True,False
76736|Habichuela,2022,406.0,43.0,43.0,2,2,True,False
76736|Habichuela,2023,396.0,42.0,42.0,2,2,True,False
76736|Habichuela,2024,367.0,38.0,38.0,2,2,True,False
76736|Habichuela,2025,264.0,22.0,25.0,2,2,True,False
76736|Limón Pajarito,2022,352.0,16.0,16.0,1,0,False,False
76736|Limón Pajarito,2023,320.0,16.0,16.0,1,0,False,False
76736|Limón Pajarito,2024,263.5,15.5,17.0,1,0,False,False
76736|Limón Pajarito,2025,263.5,15.5,17.0,1,0,False,False
76736|Limón Tahití,2020,270.0,15.0,40.0,1,0,False,False
76736|Limón Tahití,2021,1302.38,72.35,112.35,1,0,False,False
76736|Limón Tahití,2022,3370.5,112.35,112.35,1,0,False,False
76736|Limón Tahití,2023,3370.5,112.35,112.35,1,0,False,False
76736|Limón Tahití,2024,3370.5,112.35,117.35,1,0,False,False
76736|Limón Tahití,2025,3370.5,112.35,119.35,1,0,False,False
76736|Lulo,2020,477.0,53.0,53.0,1,0,False,False
76736|Lulo,2021,739.88,53.0,53.0,1,0,False,False
76736|Lulo,2022,1113.0,53.0,53.0,1,0,False,False
76736|Lulo,2023,1060.0,53.0,53.0,1,0,False,False
76736|Lulo,2024,1060.0,53.0,55.65,1,0,False,False
76736|Lulo,2025,1060.0,53.0,56.15,1,0,False,False
76736|Macadamia,2022,48.0,6.0,12.0,1,0,False,False
76736|Macadamia,2023,120.0,12.0,12.0,1,0,False,False
76736|Macadamia,2024,120.0,12.0,12.6,1,0,False,False
76736|Macadamia,2025,120.0,12.0,12.6,1,0,False,False
76736|Mandarina Arrayana y/o Oneco,2020,427.96,32.92,32.92,1,0,False,False
76736|Mandarina Arrayana y/o Oneco,2021,2299.55,124.84,124.84,1,0,False,False
76736|Mandarina Arrayana y/o Oneco,2022,2746.48,124.84,124.84,1,0,False,False
76736|Mandarina Arrayana y/o Oneco,2023,2247.12,124.84,124.84,1,0,False,False
76736|Mandarina Arrayana y/o Oneco,2024,2456.8,122.84,128.84,1,0,False,False
76736|Mandarina Arrayana y/o Oneco,2025,2456.8,122.84,128.84,1,0,False,False
76736|Maracuyá,2020,120.0,8.0,10.0,1,0,False,False
76736|Maracuyá,2021,150.0,10.0,10.0,1,0,False,False
76736|Maracuyá,2022,210.0,10.0,10.0,1,0,False,False
76736|Maracuyá,2023,190.0,10.0,10.0,1,0,False,False
76736|Maracuyá,2024,250.0,10.0,12.0,1,0,False,False
76736|Maracuyá,2025,200.0,10.0,12.0,1,0,False,False
76736|Maíz amarillo tradicional,2021,85.0,34.0,34.0,1,1,True,True
76736|Maíz amarillo tradicional,2022,90.0,30.0,30.0,2,2,True,False
76736|Maíz amarillo tradicional,2023,96.0,32.0,32.0,2,2,True,False
76736|Maíz amarillo tradicional,2024,110.0,40.0,80.0,2,2,True,False
76736|Maíz amarillo tradicional,2025,240.0,80.0,80.0,2,2,True,False
76736|Maíz blanco tradicional,2021,40.0,16.0,16.0,1,1,True,True
76736|Maíz blanco tradicional,2022,36.0,12.0,12.0,2,2,True,False
76736|Maíz blanco tradicional,2023,36.0,12.0,12.0,2,2,True,False
76736|Maíz blanco tradicional,2024,33.0,12.0,27.0,2,2,True,False
76736|Maíz blanco tradicional,2025,81.0,27.0,27.0,2,2,True,False
76736|Maíz tradicional,2019,220.0,110.0,110.0,2,2,True,False
76736|Maíz tradicional,2020,65.0,50.0,50.0,1,1,True,True
76736|Mora,2019,240.0,20.0,40.0,1,0,False,False
76736|Mora,2020,180.0,20.0,20.0,1,0,False,False
76736|Mora,2021,180.0,20.0,20.0,1,0,False,False
76736|Mora,2022,300.0,20.0,20.0,1,0,False,False
76736|Mora,2023,260.0,20.0,20.0,1,0,False,False
76736|Mora,2024,260.0,20.0,21.0,1,0,False,False
76736|Mora,2025,273.0,21.0,22.0,1,0,False,False
76736|Naranja Valencia,2020,8610.45,574.03,574.03,1,0,False,False
76736|Naranja Valencia,2021,16629.7,1187.84,1189.84,1,0,False,False
76736|Naranja Valencia,2022,29746.0,1189.84,1209.84,1,0,False,False
76736|Naranja Valencia,2023,28556.16,1189.84,1209.84,1,0,False,False
76736|Naranja Valencia,2024,29375.84,1129.84,1209.84,1,0,False,False
76736|Naranja Valencia,2025,33345.36,1149.84,1219.84,1,0,False,False
76736|Otros cítricos,2019,19500.0,1300.0,1308.0,1,0,False,False
76736|Otros cítricos,2020,11071.2,738.08,738.08,1,0,False,False
76736|Papa todas las variedades,2020,450.0,45.0,45.0,2,2,True,False
76736|Papa todas las variedades,2021,486.0,46.0,46.0,2,2,True,False
76736|Papa todas las variedades,2022,517.0,47.0,43.0,2,2,True,False
76736|Papa todas las variedades,2023,504.0,43.0,43.0,2,2,True,False
76736|Papa todas las variedades,2024,432.0,37.0,55.0,2,2,True,False
76736|Papa todas las variedades,2025,750.0,60.0,50.0,2,2,True,False
"76736|Papaya Hawaiana, Maradol, Melona, redonda y/o Tainung",2020,56.0,4.0,6.0,1,0,False,False
"76736|Papaya Hawaiana, Maradol, Melona, redonda y/o Tainung",2021,90.0,6.0,6.0,1,0,False,False
"76736|Papaya Hawaiana, Maradol, Melona, redonda y/o Tainung",2022,150.0,6.0,6.0,1,0,False,False
"76736|Papaya Hawaiana, Maradol, Melona, redonda y/o Tainung",2023,168.0,6.0,6.0,1,0,False,False
"76736|Papaya Hawaiana, Maradol, Melona, redonda y/o Tainung",2024,154.0,5.5,5.5,1,0,False,False
"76736|Papaya Hawaiana, Maradol, Melona, redonda y/o Tainung",2025,110.0,5.5,5.5,1,0,False,False
76736|Pepino cohombro,2020,36.0,6.0,6.0,2,2,True,False
76736|Pepino cohombro,2021,102.0,10.0,10.0,2,2,True,False
76736|Pepino cohombro,2022,123.0,11.0,11.0,2,2,True,False
76736|Pepino cohombro,2023,152.0,12.0,12.0,2,2,True,False
76736|Pepino cohombro,2024,123.5,9.5,9.5,2,2,True,False
76736|Pepino cohombro,2025,70.0,7.0,7.0,2,2,True,False
76736|Pimentón,2020,130.0,12.0,20.0,2,2,True,False
76736|Pimentón,2021,2300.0,100.0,100.0,2,2,True,False
76736|Pimentón,2022,2544.0,106.0,106.0,2,2,True,False
76736|Pimentón,2023,2420.0,121.0,121.0,2,2,True,False
76736|Pimentón,2024,1700.0,85.0,85.0,2,2,True,False
76736|Pimentón,2025,1925.0,95.0,95.0,2,2,True,False
76736|Pitahaya,2020,144.0,8.0,8.0,1,0,False,False
76736|Pitahaya,2021,144.0,8.0,8.0,1,0,False,False
76736|Pitahaya,2022,160.0,8.0,8.0,1,0,False,False
76736|Pitahaya,2023,160.0,8.0,8.0,1,0,False,False
76736|Pitahaya,2024,150.0,7.5,8.5,1,0,False,False
76736|Pitahaya,2025,170.0,8.5,8.5,1,0,False,False
"76736|Piña Cayena, Gold, Manzana y/o Perolera",2020,384.0,16.0,18.0,1,0,False,False
"76736|Piña Cayena, Gold, Manzana y/o Perolera",2021,540.0,18.0,38.0,1,0,False,False
"76736|Piña Cayena, Gold, Manzana y/o Perolera",2022,950.0,38.0,38.0,1,0,False,False
"76736|Piña Cayena, Gold, Manzana y/o Perolera",2023,950.0,38.0,38.0,1,0,False,False
"76736|Piña Cayena, Gold, Manzana y/o Perolera",2024,925.0,37.0,38.9,1,0,False,False
"76736|Piña Cayena, Gold, Manzana y/o Perolera",2025,778.0,38.9,38.9,1,0,False,False
76736|Plantas aromáticas,2022,7.0,1.0,1.0,1,0,False,False
76736|Plantas aromáticas,2023,7.0,1.0,1.0,1,0,False,False
76736|Plantas aromáticas,2024,3.85,0.55,1.05,1,0,False,False
76736|Plantas aromáticas,2025,3.3,0.55,0.55,1,0,False,False
76736|Plátano consumo interno,2019,40830.0,4083.0,4283.0,1,0,False,False
76736|Plátano consumo interno,2020,30198.0,4314.0,4314.0,1,0,False,False
76736|Plátano consumo interno,2021,30100.94,4294.0,4324.0,1,0,False,False
76736|Plátano consumo interno,2022,77832.0,4324.0,4325.0,1,0,False,False
76736|Plátano consumo interno,2023,77850.0,4325.0,4325.0,1,0,False,False
76736|Plátano consumo interno,2024,77796.0,4322.0,4538.0,1,0,False,False
76736|Plátano consumo interno,2025,81630.0,4535.0,4545.0,1,0,False,False
76736|Repollo,2019,150.0,10.0,10.0,2,2,True,False
76736|Repollo,2020,30.0,10.0,10.0,2,2,True,False
76736|Repollo,2021,60.0,10.0,10.0,2,2,True,False
76736|Repollo,2022,42.0,8.0,8.0,2,2,True,False
76736|Repollo,2023,24.0,8.0,8.0,2,2,True,False
76736|Repollo,2024,18.0,6.0,6.0,2,2,True,False
76736|Repollo,2025,9.25,3.5,5.0,2,2,True,False
76736|Tomate,2019,360.0,20.0,20.0,2,2,True,False
76736|Tomate,2020,335.0,25.0,25.0,2,2,True,False
76736|Tomate,2021,1665.0,46.0,46.0,2,2,True,False
76736|Tomate,2022,2300.0,46.0,46.0,2,2,True,False
76736|Tomate,2023,2256.0,47.0,47.0,2,2,True,False
76736|Tomate,2024,1776.0,37.0,37.0,2,2,True,False
76736|Tomate,2025,1355.0,32.0,32.0,2,2,True,False
76736|Tomate de árbol,2020,240.0,12.0,12.0,1,0,False,False
76736|Tomate de árbol,2021,204.0,12.0,12.0,1,0,False,False
76736|Tomate de árbol,2022,192.0,12.0,13.0,1,0,False,False
76736|Tomate de árbol,2023,208.0,13.0,13.0,1,0,False,False
76736|Tomate de árbol,2024,184.0,11.5,13.5,1,0,False,False
76736|Tomate de árbol,2025,207.0,11.5,14.0,1,0,False,False
76736|Tomate invernadero,2020,409.0,26.0,36.0,2,2,True,False
76736|Tomate invernadero,2021,3060.0,58.0,60.0,2,2,True,False
76736|Tomate invernadero,2022,3410.0,62.0,62.0,2,2,True,False
76736|Tomate invernadero,2023,3452.0,64.0,64.0,2,2,True,False
76736|Tomate invernadero,2024,3180.0,60.0,60.0,2,2,True,False
76736|Tomate invernadero,2025,2180.0,40.0,60.0,2,2,True,False
76736|Uva,2020,40.0,2.0,2.0,1,0,False,False
76736|Uva,2021,40.0,2.0,2.0,1,0,False,False
76736|Uva,2022,36.0,2.0,2.0,1,0,False,False
76736|Uva,2023,36.0,2.0,2.0,1,0,False,False
76736|Uva,2024,36.0,2.0,2.1,1,0,False,False
76736|Uva,2025,37.8,2.1,2.1,1,0,False,False
76736|Yuca consumo en fresco,2019,400.0,20.0,30.0,2,2,True,False
76736|Yuca consumo en fresco,2020,54.0,18.0,18.0,2,2,True,False
76736|Yuca consumo en fresco,2021,280.0,18.0,18.0,2,2,True,False
76736|Yuca consumo en fresco,2022,228.0,15.0,10.0,2,2,True,False
76736|Yuca consumo en fresco,2023,106.0,9.0,14.0,2,2,True,False
76736|Yuca consumo en fresco,2024,175.0,14.0,10.0,2,2,True,False
76736|Yuca consumo en fresco,2025,152.5,10.0,11.5,2,2,True,False
76736|Zanahoria,2021,60.0,3.0,3.0,1,1,True,True
76736|Zanahoria,2022,63.0,5.0,5.0,2,2,True,False
76736|Zanahoria,2023,52.0,5.0,5.0,2,2,True,False
76736|Zanahoria,2024,31.0,2.0,4.0,2,2,True,False
76736|Zanahoria,2025,44.0,3.0,4.5,2,2,True,False
76823|Aguacate Hass,2020,720.0,80.0,90.0,1,0,False,False
76823|Aguacate Hass,2021,720.0,80.0,90.0,1,0,False,False
76823|Aguacate Hass,2022,810.0,90.0,105.0,1,0,False,False
76823|Aguacate Hass,2023,810.0,90.0,110.0,1,0,False,False
76823|Aguacate Hass,2024,945.0,105.0,110.0,1,0,False,False
76823|Aguacate Hass,2025,945.0,105.0,105.0,1,0,False,False
76823|Aguacate demás variedades,2019,675.0,75.0,80.0,1,0,False,False
76823|Ají,2019,30.0,15.0,15.0,1,1,True,True
76823|Ají,2020,40.0,20.0,20.0,1,1,True,True
76823|Ají,2021,40.0,20.0,20.0,1,1,True,True
76823|Ají,2022,24.0,12.0,12.0,1,1,True,True
76823|Ají,2024,10.0,5.0,5.0,1,1,True,True
76823|Ají,2025,5.0,2.5,2.5,1,1,True,True
76823|Banano consumo interno,2019,75.0,5.0,5.0,1,0,False,False
76823|Banano consumo interno,2020,75.0,5.0,5.0,1,0,False,False
76823|Banano consumo interno,2021,75.0,5.0,5.0,1,0,False,False
76823|Banano consumo interno,2022,75.0,5.0,5.0,1,0,False,False
76823|Banano consumo interno,2023,75.0,5.0,5.0,1,0,False,False
76823|Banano consumo interno,2024,75.0,5.0,10.0,1,0,False,False
76823|Banano consumo interno,2025,150.0,10.0,18.0,1,0,False,False
76823|Berenjena,2024,10.0,2.0,2.0,2,2,True,False
76823|Berenjena,2025,10.0,2.0,2.0,2,2,True,False
76823|Cacao,2019,2.52,9.0,11.0,1,0,False,False
76823|Cacao,2020,8.8,11.0,11.0,1,0,False,False
76823|Cacao,2021,5.4,9.0,11.0,1,0,False,False
76823|Cacao,2022,6.0,10.0,10.0,1,0,False,False
76823|Cacao,2023,5.4,9.0,9.0,1,0,False,False
76823|Cacao,2024,1.89,9.0,9.0,1,0,False,False
76823|Cacao,2025,5.4,9.0,11.0,1,0,False,False
76823|Café,2019,1108.0,841.0,1044.0,1,0,False,False
76823|Café,2020,1252.8,1044.0,1049.0,1,0,False,False
76823|Café,2021,989.11,907.44,1056.12,1,0,False,False
76823|Café,2022,869.18,919.99,1076.74,1,0,False,False
76823|Café,2023,244.67,897.01,1093.51,1,0,False,False
76823|Café,2024,292.74,887.08,1100.0,1,0,False,False
76823|Café,2025,309.34,936.01,1169.17,1,0,False,False
76823|Caña de azúcar,2019,223740.0,2034.0,2045.0,1,0,False,False
76823|Caña de azúcar,2020,24540.0,2045.0,2045.0,1,0,False,False
76823|Caña de azúcar,2021,219340.0,1994.0,1994.0,1,0,False,False
76823|Caña de azúcar,2022,219340.0,1994.0,1994.0,1,0,False,False
76823|Caña de azúcar,2023,219340.0,1994.0,1994.0,1,0,False,False
76823|Caña de azúcar,2024,219340.0,1994.0,2224.0,1,0,False,False
76823|Caña de azúcar,2025,244640.0,2224.0,2224.0,1,0,False,False
76823|Frijol,2019,9.0,6.0,6.0,2,2,True,False
76823|Frijol,2020,9.5,6.0,6.0,2,2,True,False
76823|Frijol,2021,24.0,16.0,16.0,2,2,True,False
76823|Frijol,2022,24.0,16.0,13.0,2,2,True,False
76823|Frijol,2023,15.0,10.0,10.0,2,2,True,False
76823|Frijol,2024,10.48,10.0,10.0,2,2,True,False
76823|Frijol,2025,15.73,15.0,10.0,2,2,True,False
76823|Granadilla,2019,32.0,4.0,4.0,1,0,False,False
76823|Granadilla,2020,32.0,4.0,4.0,1,0,False,False
76823|Granadilla,2021,32.0,4.0,6.0,1,0,False,False
76823|Granadilla,2022,48.0,6.0,6.0,1,0,False,False
76823|Granadilla,2023,48.0,6.0,10.0,1,0,False,False
76823|Granadilla,2024,80.0,10.0,10.0,1,0,False,False
76823|Granadilla,2025,56.0,7.0,7.0,1,0,False,False
76823|Guanábana,2019,120.0,12.0,12.0,1,0,False,False
76823|Guanábana,2020,120.0,12.0,12.0,1,0,False,False
76823|Guanábana,2021,120.0,12.0,12.0,1,0,False,False
76823|Guanábana,2022,100.0,10.0,10.0,1,0,False,False
76823|Guanábana,2023,80.0,8.0,8.0,1,0,False,False
76823|Guanábana,2024,80.0,8.0,8.0,1,0,False,False
76823|Guanábana,2025,80.0,8.0,8.0,1,0,False,False
76823|Guayaba,2019,1776.0,148.0,148.0,1,0,False,False
76823|Guayaba,2020,2664.0,148.0,148.0,1,0,False,False
76823|Guayaba,2021,2664.0,148.0,148.0,1,0,False,False
76823|Guayaba,2022,2664.0,148.0,149.0,1,0,False,False
76823|Guayaba,2023,2646.0,147.0,149.0,1,0,False,False
76823|Guayaba,2024,2664.0,148.0,149.0,1,0,False,False
76823|Guayaba,2025,2682.0,149.0,149.0,1,0,False,False
76823|Limón Tahití,2021,3.95,0.26,12.0,1,0,False,False
76823|Limón Tahití,2022,180.0,12.0,12.0,1,0,False,False
76823|Limón Tahití,2023,180.0,12.0,12.0,1,0,False,False
76823|Limón Tahití,2024,180.0,12.0,12.0,1,0,False,False
76823|Limón Tahití,2025,180.0,12.0,13.0,1,0,False,False
76823|Lulo,2019,105.0,7.0,10.0,1,0,False,False
76823|Lulo,2020,150.0,10.0,10.0,1,0,False,False
76823|Lulo,2021,90.0,6.0,6.0,1,0,False,False
76823|Lulo,2022,45.0,3.0,3.0,1,0,False,False
76823|Lulo,2023,0.0,0.0,1.0,1,0,False,False
76823|Lulo,2024,20.0,1.0,1.0,1,0,False,False
76823|Lulo,2025,20.0,1.0,3.5,1,0,False,False
"76823|Mango Kent, Keitt, Hilacha o Nam Doc",2024,0.0,0.0,1.0,1,0,False,False
"76823|Mango Kent, Keitt, Hilacha o Nam Doc",2025,0.0,0.0,1.0,1,0,False,False
76823|Mango demás variedades,2024,0.0,0.0,3.0,1,0,False,False
76823|Mango demás variedades,2025,0.0,0.0,3.0,1,0,False,False
76823|Maracuyá,2019,450.0,15.0,15.0,1,0,False,False
76823|Maracuyá,2020,450.0,15.0,15.0,1,0,False,False
76823|Maracuyá,2021,300.0,10.0,10.0,1,0,False,False
76823|Maracuyá,2022,300.0,10.0,10.0,1,0,False,False
76823|Maracuyá,2023,150.0,5.0,5.0,1,0,False,False
76823|Maracuyá,2024,150.0,5.0,5.0,1,0,False,False
76823|Maracuyá,2025,90.0,3.0,3.0,1,0,False,False
76823|Maíz amarillo tecnificado,2021,1170.0,260.0,260.0,2,2,True,False
76823|Maíz amarillo tecnificado,2022,945.0,210.0,160.0,2,2,True,False
76823|Maíz amarillo tecnificado,2023,1080.0,240.0,320.0,2,2,True,False
76823|Maíz amarillo tecnificado,2024,810.0,180.0,40.0,2,2,True,False
76823|Maíz amarillo tecnificado,2025,270.0,60.0,80.0,2,2,True,False
76823|Maíz amarillo tradicional,2022,10.07,6.0,6.0,1,1,True,True
76823|Maíz amarillo tradicional,2023,83.9,50.0,50.0,2,2,True,False
76823|Maíz amarillo tradicional,2024,134.24,80.0,80.0,2,2,True,False
76823|Maíz amarillo tradicional,2025,26.84,16.0,16.0,2,2,True,False
76823|Maíz blanco tecnificado,2021,180.0,40.0,40.0,2,2,True,False
76823|Maíz blanco tecnificado,2022,315.0,70.0,100.0,2,2,True,False
76823|Maíz blanco tecnificado,2023,225.0,50.0,0.0,1,1,True,True
76823|Maíz blanco tecnificado,2025,0.0,0.0,50.0,1,1,True,True
76823|Maíz blanco tradicional,2022,10.07,6.0,6.0,1,1,True,True
76823|Maíz blanco tradicional,2025,1.12,2.0,2.0,1,1,True,True
76823|Maíz tecnificado,2019,990.0,220.0,220.0,2,2,True,False
76823|Maíz tecnificado,2020,1350.0,300.0,300.0,2,2,True,False
76823|Melón,2019,1120.0,56.0,56.0,2,2,True,False
76823|Melón,2020,600.0,30.0,30.0,2,2,True,False
76823|Melón,2021,400.0,20.0,20.0,2,2,True,False
76823|Melón,2022,200.0,10.0,10.0,2,2,True,False
76823|Melón,2024,250.0,10.0,10.0,2,2,True,False
76823|Melón,2025,50.0,2.0,2.0,2,2,True,False
76823|Mora,2023,0.0,0.0,1.0,1,0,False,False
76823|Mora,2024,20.0,1.0,1.0,1,0,False,False
76823|Mora,2025,20.0,1.0,1.0,1,0,False,False
76823|Otros cítricos,2019,60.0,4.0,6.0,1,0,False,False
76823|Otros cítricos,2020,90.0,6.0,6.0,1,0,False,False
"76823|Papaya Hawaiana, Maradol, Melona, redonda y/o Tainung",2020,1260.0,36.0,36.0,1,0,False,False
"76823|Papaya Hawaiana, Maradol, Melona, redonda y/o Tainung",2021,1750.0,25.0,25.0,1,0,False,False
"76823|Papaya Hawaiana, Maradol, Melona, redonda y/o Tainung",2022,1050.0,15.0,15.0,1,0,False,False
"76823|Papaya Hawaiana, Maradol, Melona, redonda y/o Tainung",2023,700.0,10.0,10.0,1,0,False,False
"76823|Papaya Hawaiana, Maradol, Melona, redonda y/o Tainung",2024,350.0,5.0,5.0,1,0,False,False
"76823|Papaya Hawaiana, Maradol, Melona, redonda y/o Tainung",2025,140.0,2.0,2.0,1,0,False,False
76823|Papaya demás variedades,2019,1295.0,37.0,41.0,1,0,False,False
76823|Papaya demás variedades,2020,0.0,0.0,28.0,1,0,False,False
76823|Patilla,2025,50.0,2.0,2.0,2,2,True,False
76823|Pimentón,2019,60.0,4.0,4.0,2,2,True,False
76823|Pimentón,2020,60.0,4.0,4.0,2,2,True,False
76823|Pimentón,2021,30.0,2.0,2.0,2,2,True,False
76823|Pimentón,2022,30.0,2.0,2.0,2,2,True,False
76823|Pimentón,2023,30.0,2.0,2.0,2,2,True,False
76823|Pimentón,2024,30.0,2.0,2.0,2,2,True,False
76823|Pimentón,2025,30.0,2.0,2.0,2,2,True,False
"76823|Piña Cayena, Gold, Manzana y/o Perolera",2020,495.0,11.0,11.0,1,0,False,False
76823|Piña demás variedades,2019,495.0,11.0,11.0,1,0,False,False
76823|Piña demás variedades,2020,0.0,0.0,2.0,1,0,False,False
76823|Plátano consumo interno,2019,1280.0,128.0,136.0,1,0,False,False
76823|Plátano consumo interno,2020,1360.0,136.0,136.0,1,0,False,False
76823|Plátano consumo interno,2021,1360.0,136.0,141.0,1,0,False,False
76823|Plátano consumo interno,2022,1410.0,141.0,141.0,1,0,False,False
76823|Plátano consumo interno,2023,1410.0,141.0,150.0,1,0,False,False
76823|Plátano consumo interno,2024,1500.0,150.0,150.0,1,0,False,False
76823|Plátano consumo interno,2025,1500.0,150.0,150.0,1,0,False,False
76823|Soya,2019,480.0,160.0,160.0,2,2,True,False
76823|Soya,2020,180.0,60.0,60.0,2,2,True,False
76823|Soya,2021,90.0,30.0,30.0,2,2,True,False
76823|Soya,2023,0.0,0.0,50.0,1,1,True,True
76823|Soya,2024,300.0,100.0,100.0,2,2,True,False
76823|Soya,2025,300.0,100.0,50.0,2,2,True,False
76823|Tomate,2019,300.0,12.0,12.0,2,2,True,False
76823|Tomate,2020,300.0,12.0,12.0,2,2,True,False
76823|Tomate,2021,500.0,20.0,20.0,2,2,True,False
76823|Tomate,2022,500.0,20.0,20.0,2,2,True,False
76823|Tomate,2023,650.0,26.0,26.0,2,2,True,False
76823|Tomate,2024,700.0,28.0,28.0,2,2,True,False
76823|Tomate,2025,400.0,16.0,16.0,2,2,True,False
76823|Uva,2019,3540.0,295.0,300.0,1,0,False,False
76823|Uva,2020,3600.0,300.0,300.0,1,0,False,False
76823|Uva,2021,3600.0,300.0,300.0,1,0,False,False
76823|Uva,2022,3600.0,300.0,300.0,1,0,False,False
76823|Uva,2023,3600.0,300.0,300.0,1,0,False,False
76823|Uva,2024,3360.0,280.0,280.0,1,0,False,False
76823|Uva,2025,3360.0,280.0,284.0,1,0,False,False
76823|Yuca consumo en fresco,2023,65.0,5.0,10.0,2,2,True,False
76823|Yuca consumo en fresco,2024,130.0,10.0,10.0,2,2,True,False
76823|Yuca consumo en fresco,2025,130.0,10.0,10.0,2,2,True,False
76828|Aguacate Hass,2020,220.0,22.0,374.0,1,0,False,False
76828|Aguacate Hass,2021,172.0,21.5,405.5,1,0,False,False
76828|Aguacate Hass,2022,3244.0,405.5,425.5,1,0,False,False
76828|Aguacate Hass,2023,3156.0,394.5,434.5,1,0,False,False
76828|Aguacate Hass,2024,3300.0,412.5,442.5,1,0,False,False
76828|Aguacate Hass,2025,4345.0,434.5,452.5,1,0,False,False
76828|Aguacate Papelillo,2020,230.0,23.0,23.0,1,0,False,False
76828|Aguacate Papelillo,2021,253.0,23.0,35.0,1,0,False,False
76828|Aguacate Papelillo,2022,350.0,35.0,35.0,1,0,False,False
76828|Aguacate Papelillo,2023,350.0,35.0,35.0,1,0,False,False
76828|Aguacate Papelillo,2024,350.0,35.0,40.0,1,0,False,False
76828|Aguacate Papelillo,2025,350.0,35.0,42.0,1,0,False,False
76828|Aguacate demás variedades,2019,988.0,104.0,215.5,1,0,False,False
76828|Aguacate demás variedades,2020,1699.0,169.9,169.9,1,0,False,False
76828|Ají,2019,94.5,3.5,3.5,1,1,True,True
76828|Ají,2020,54.0,2.0,2.0,1,1,True,True
76828|Ají,2021,21.0,1.5,1.5,1,1,True,True
76828|Ají,2022,18.0,1.5,1.5,1,1,True,True
76828|Ají,2023,18.0,1.5,1.5,1,1,True,True
76828|Ají,2024,12.0,1.0,2.0,1,1,True,True
76828|Ají,2025,12.0,1.0,3.0,1,1,True,True
76828|Banano consumo interno,2019,6225.0,622.5,637.5,1,0,False,False
76828|Banano consumo interno,2020,6265.0,626.5,643.5,1,0,False,False
76828|Banano consumo interno,2021,2985.0,597.0,618.0,1,0,False,False
76828|Banano consumo interno,2022,5680.0,568.0,568.0,1,0,False,False
76828|Banano consumo interno,2023,5620.0,562.0,562.0,1,0,False,False
76828|Banano consumo interno,2024,5620.0,562.0,662.0,1,0,False,False
76828|Banano consumo interno,2025,6620.0,662.0,672.0,1,0,False,False
76828|Berenjena,2019,60.0,2.5,2.5,1,1,True,True
76828|Berenjena,2020,118.9,4.7,4.7,2,2,True,False
76828|Berenjena,2021,86.75,3.5,3.5,2,2,True,False
76828|Berenjena,2022,80.5,3.5,3.0,2,2,True,False
76828|Berenjena,2023,55.0,2.5,2.5,2,2,True,False
76828|Berenjena,2025,22.0,1.0,1.0,1,1,True,True
76828|Cacao,2019,6.14,19.5,40.5,1,0,False,False
76828|Cacao,2020,16.04,63.0,81.0,1,0,False,False
76828|Cacao,2021,13.14,21.9,81.0,1,0,False,False
76828|Cacao,2022,33.0,66.0,66.0,1,0,False,False
76828|Cacao,2023,31.75,63.5,63.5,1,0,False,False
76828|Cacao,2024,31.75,63.5,68.5,1,0,False,False
76828|Cacao,2025,38.1,63.5,83.5,1,0,False,False
76828|Café,2019,3974.0,3026.0,4044.0,1,0,False,False
76828|Café,2020,3815.0,3142.0,4011.0,1,0,False,False
76828|Café,2021,3183.94,3183.94,4034.27,1,0,False,False
76828|Café,2022,2367.48,2775.2,3605.94,1,0,False,False
76828|Café,2023,2615.69,2860.47,3647.15,1,0,False,False
76828|Café,2024,3213.6,2843.89,3674.84,1,0,False,False
76828|Café,2025,3485.43,3079.82,4022.93,1,0,False,False
76828|Caña de azúcar,2019,12701.5,95.5,123.5,1,0,False,False
76828|Caña de azúcar,2020,16372.3,123.1,253.2,1,0,False,False
76828|Caña de azúcar,2021,20784.0,173.2,277.2,1,0,False,False
76828|Caña de azúcar,2022,22000.0,200.0,200.0,1,0,False,False
76828|Caña de azúcar,2023,20492.0,188.0,216.0,1,0,False,False
76828|Caña de azúcar,2024,23544.0,216.0,246.0,1,0,False,False
76828|Caña de azúcar,2025,29520.0,246.0,248.0,1,0,False,False
76828|Caña panelera,2019,4002.0,46.0,50.0,1,0,False,False
76828|Caña panelera,2020,400.0,50.0,50.0,1,0,False,False
76828|Caña panelera,2021,2200.0,44.0,52.5,1,0,False,False
76828|Caña panelera,2022,1920.0,40.0,40.0,1,0,False,False
76828|Caña panelera,2023,1800.0,40.0,41.5,1,0,False,False
76828|Caña panelera,2024,1867.5,41.5,51.5,1,0,False,False
76828|Caña panelera,2025,2317.5,51.5,56.5,1,0,False,False
76828|Frijol,2019,27.75,25.0,25.7,2,2,True,False
76828|Frijol,2020,35.1,27.3,27.3,2,2,True,False
76828|Frijol,2021,26.0,25.5,25.5,2,2,True,False
76828|Frijol,2022,23.1,21.0,23.0,2,2,True,False
76828|Frijol,2023,30.6,25.5,25.5,2,2,True,False
76828|Frijol,2024,25.2,21.0,22.0,2,2,True,False
76828|Frijol,2025,18.46,22.0,22.0,2,2,True,False
76828|Granadilla,2020,20.0,1.36,2.0,1,0,False,False
76828|Granadilla,2021,14.0,1.0,1.6,1,0,False,False
76828|Granadilla,2022,20.8,1.6,1.6,1,0,False,False
76828|Guanábana,2019,28.0,3.5,3.5,1,0,False,False
76828|Guanábana,2020,14.31,5.76,5.76,1,0,False,False
76828|Guanábana,2021,16.48,4.12,4.76,1,0,False,False
76828|Guanábana,2022,5.88,1.96,1.96,1,0,False,False
76828|Guanábana,2023,5.88,1.96,1.96,1,0,False,False
76828|Guanábana,2024,5.88,1.96,2.46,1,0,False,False
76828|Guanábana,2025,5.88,1.96,3.46,1,0,False,False
76828|Guayaba,2020,36.0,3.0,6.0,1,0,False,False
76828|Guayaba,2021,15.0,3.0,7.0,1,0,False,False
76828|Guayaba,2022,56.0,7.0,7.0,1,0,False,False
76828|Guayaba,2023,56.0,7.0,7.0,1,0,False,False
76828|Guayaba,2024,56.0,7.0,8.0,1,0,False,False
76828|Guayaba,2025,56.0,7.0,8.0,1,0,False,False
76828|Habichuela,2019,89.5,9.2,9.5,2,2,True,False
76828|Habichuela,2020,120.5,11.2,11.7,2,2,True,False
76828|Habichuela,2021,57.0,5.5,6.0,2,2,True,False
76828|Habichuela,2022,58.0,5.8,6.0,2,2,True,False
76828|Habichuela,2023,50.25,8.0,8.0,2,2,True,False
76828|Habichuela,2024,36.2,5.8,7.0,2,2,True,False
76828|Habichuela,2025,50.0,8.0,8.0,2,2,True,False
76828|Limón Tahití,2021,16.26,1.16,23.2,1,0,False,False
76828|Limón Tahití,2022,324.8,23.2,30.0,1,0,False,False
76828|Limón Tahití,2023,313.2,23.2,32.0,1,0,False,False
76828|Limón Tahití,2024,405.0,30.0,42.0,1,0,False,False
76828|Limón Tahití,2025,420.0,30.0,42.5,1,0,False,False
76828|Lulo,2019,84.0,8.0,13.0,1,0,False,False
76828|Lulo,2020,53.31,18.0,23.2,1,0,False,False
76828|Lulo,2021,53.1,17.7,20.7,1,0,False,False
76828|Lulo,2022,165.6,20.7,20.7,1,0,False,False
76828|Lulo,2023,81.6,10.2,12.2,1,0,False,False
76828|Lulo,2024,97.6,12.2,13.2,1,0,False,False
76828|Lulo,2025,105.6,13.2,15.0,1,0,False,False
"76828|Mango Kent, Keitt, Hilacha o Nam Doc",2020,0.0,0.0,11.0,1,0,False,False
"76828|Mango Kent, Keitt, Hilacha o Nam Doc",2021,0.0,0.0,11.0,1,0,False,False
"76828|Mango Kent, Keitt, Hilacha o Nam Doc",2022,132.0,11.0,11.0,1,0,False,False
"76828|Mango Kent, Keitt, Hilacha o Nam Doc",2023,99.0,11.0,11.0,1,0,False,False
"76828|Mango Kent, Keitt, Hilacha o Nam Doc",2024,99.0,11.0,15.0,1,0,False,False
"76828|Mango Kent, Keitt, Hilacha o Nam Doc",2025,99.0,11.0,15.0,1,0,False,False
76828|Mango demás variedades,2019,0.0,0.0,11.0,1,0,False,False
76828|Mango demás variedades,2020,0.0,0.0,11.0,1,0,False,False
76828|Maracuyá,2019,140.25,8.5,12.0,1,0,False,False
76828|Maracuyá,2020,64.62,15.1,17.6,1,0,False,False
76828|Maracuyá,2021,168.0,12.0,15.6,1,0,False,False
76828|Maracuyá,2022,120.0,10.0,10.0,1,0,False,False
76828|Maracuyá,2023,77.0,7.0,9.5,1,0,False,False
76828|Maracuyá,2024,104.5,9.5,11.0,1,0,False,False
76828|Maracuyá,2025,121.0,11.0,11.0,1,0,False,False
76828|Maíz amarillo tecnificado,2021,791.0,107.0,109.0,2,2,True,False
76828|Maíz amarillo tecnificado,2022,200.0,40.0,103.0,2,2,True,False
76828|Maíz amarillo tecnificado,2023,515.0,103.0,79.0,2,2,True,False
76828|Maíz amarillo tradicional,2021,4.8,3.5,3.5,2,2,True,False
76828|Maíz amarillo tradicional,2022,2.8,2.8,4.0,2,2,True,False
76828|Maíz amarillo tradicional,2023,4.0,4.0,4.5,2,2,True,False
76828|Maíz amarillo tradicional,2024,79.0,79.0,79.0,2,2,True,False
76828|Maíz amarillo tradicional,2025,58.0,34.0,20.0,2,2,True,False
76828|Maíz tecnificado,2019,2174.0,263.5,264.0,2,2,True,False
76828|Maíz tecnificado,2020,2065.5,229.5,230.0,2,2,True,False
76828|Maíz tradicional,2020,7.3,4.5,4.5,2,2,True,False
76828|Mora,2019,443.63,42.25,47.75,1,0,False,False
76828|Mora,2020,275.98,81.15,86.75,1,0,False,False
76828|Mora,2021,215.25,43.05,81.25,1,0,False,False
76828|Mora,2022,305.0,76.25,76.25,1,0,False,False
76828|Mora,2023,269.0,67.25,67.25,1,0,False,False
76828|Mora,2024,269.0,67.25,68.25,1,0,False,False
76828|Mora,2025,273.0,68.25,68.25,1,0,False,False
76828|Otros cítricos,2019,280.0,20.0,27.0,1,0,False,False
76828|Otros cítricos,2020,662.5,26.5,26.5,1,0,False,False
76828|Papaya demás variedades,2019,319.0,5.5,15.5,1,0,False,False
76828|Papaya demás variedades,2020,252.73,10.2,13.7,1,0,False,False
76828|Papaya demás variedades,2021,246.0,8.2,8.2,1,0,False,False
76828|Papaya demás variedades,2022,119.6,5.2,5.2,1,0,False,False
76828|Papaya demás variedades,2023,0.0,0.0,4.0,1,0,False,False
76828|Papaya demás variedades,2024,76.0,4.0,4.5,1,0,False,False
76828|Papaya demás variedades,2025,85.5,4.5,5.0,1,0,False,False
76828|Pimentón,2019,207.5,13.5,13.7,2,2,True,False
76828|Pimentón,2020,233.0,14.7,14.7,2,2,True,False
76828|Pimentón,2021,183.3,11.0,11.0,2,2,True,False
76828|Pimentón,2022,256.0,16.0,16.0,2,2,True,False
76828|Pimentón,2023,144.0,9.0,9.0,2,2,True,False
76828|Pimentón,2024,176.0,11.0,11.0,2,2,True,False
76828|Pimentón,2025,256.0,16.0,16.0,2,2,True,False
76828|Pitahaya,2019,108.0,13.5,19.2,1,0,False,False
76828|Pitahaya,2020,52.45,25.7,31.4,1,0,False,False
76828|Pitahaya,2021,223.2,27.9,28.4,1,0,False,False
76828|Pitahaya,2022,160.0,20.0,20.0,1,0,False,False
76828|Pitahaya,2023,88.0,11.0,11.0,1,0,False,False
76828|Pitahaya,2024,88.0,11.0,15.0,1,0,False,False
76828|Pitahaya,2025,56.0,7.0,11.0,1,0,False,False
76828|Plátano consumo interno,2019,27816.0,3477.0,3506.5,1,0,False,False
76828|Plátano consumo interno,2020,27800.0,3475.0,3511.0,1,0,False,False
76828|Plátano consumo interno,2021,34960.0,3496.0,3526.0,1,0,False,False
76828|Plátano consumo interno,2022,38786.0,3526.0,3526.0,1,0,False,False
76828|Plátano consumo interno,2023,38703.5,3518.5,3545.5,1,0,False,False
76828|Plátano consumo interno,2024,39000.5,3545.5,3645.5,1,0,False,False
76828|Plátano consumo interno,2025,40089.5,3644.5,3654.5,1,0,False,False
76828|Sacha inchi,2019,9.0,3.0,4.0,1,0,False,False
76828|Sacha inchi,2020,2.5,3.0,3.0,1,0,False,False
76828|Sacha inchi,2021,7.5,2.5,2.5,1,0,False,False
76828|Tomate,2019,115.0,9.2,9.2,2,2,True,False
76828|Tomate,2020,114.5,9.0,9.0,2,2,True,False
76828|Tomate,2021,112.0,9.5,10.0,2,2,True,False
76828|Tomate,2022,81.9,7.8,7.8,2,2,True,False
76828|Tomate,2023,140.0,4.0,4.0,2,2,True,False
76828|Tomate,2024,122.5,3.5,4.5,2,2,True,False
76828|Tomate,2025,147.5,4.5,4.5,2,2,True,False
76828|Tomate invernadero,2019,212.2,6.2,6.2,2,2,True,False
76828|Tomate invernadero,2020,264.4,8.0,8.0,2,2,True,False
76828|Tomate invernadero,2021,191.5,10.5,10.5,2,2,True,False
76828|Tomate invernadero,2022,384.0,12.0,12.0,2,2,True,False
76828|Tomate invernadero,2023,1170.0,13.0,13.0,2,2,True,False
76828|Tomate invernadero,2024,1080.0,12.0,12.0,2,2,True,False
76828|Tomate invernadero,2025,1440.0,16.0,16.0,2,2,True,False
76828|Uva,2019,66.0,5.5,5.5,1,0,False,False
76828|Uva,2020,16.14,5.6,5.6,1,0,False,False
76828|Uva,2021,47.15,4.1,4.1,1,0,False,False
76828|Uva,2022,41.0,4.1,4.1,1,0,False,False
76828|Uva,2023,27.9,3.1,3.1,1,0,False,False
76828|Uva,2024,27.9,3.1,3.6,1,0,False,False
76828|Uva,2025,32.4,3.6,3.6,1,0,False,False
76828|Yuca consumo en fresco,2019,35.0,2.5,2.5,2,2,True,False
76828|Yuca consumo en fresco,2020,34.0,2.4,2.4,2,2,True,False
76828|Yuca consumo en fresco,2021,21.0,1.5,1.5,1,1,True,True
76828|Yuca consumo en fresco,2022,41.4,3.0,3.0,2,2,True,False
76828|Yuca consumo en fresco,2023,6.75,0.5,0.5,2,2,True,False
76828|Yuca consumo en fresco,2024,6.75,0.5,3.5,2,2,True,False
76828|Yuca consumo en fresco,2025,70.5,6.0,8.0,2,2,True,False
76834|Aguacate Hass,2020,192.0,32.0,42.0,1,0,False,False
76834|Aguacate Hass,2021,162.0,27.0,45.0,1,0,False,False
76834|Aguacate Hass,2022,270.0,45.0,50.0,1,0,False,False
76834|Aguacate Hass,2023,270.0,45.0,60.0,1,0,False,False
76834|Aguacate Hass,2024,300.0,50.0,70.0,1,0,False,False
76834|Aguacate Hass,2025,400.0,50.0,70.0,1,0,False,False
76834|Aguacate demás variedades,2019,78.0,13.0,42.0,1,0,False,False
76834|Ahuyama,2019,200.0,13.0,13.0,2,2,True,False
76834|Ahuyama,2020,112.0,7.0,7.0,2,2,True,False
76834|Ahuyama,2021,144.0,9.0,9.0,2,2,True,False
76834|Ahuyama,2022,144.0,9.0,9.0,2,2,True,False
76834|Ahuyama,2023,128.0,8.0,8.0,2,2,True,False
76834|Ahuyama,2024,128.0,8.0,8.0,2,2,True,False
76834|Ahuyama,2025,128.0,8.0,8.0,2,2,True,False
76834|Arracacha,2019,42.0,6.0,6.0,2,2,True,False
76834|Arracacha,2020,58.0,9.0,9.0,2,2,True,False
76834|Arracacha,2021,70.0,10.0,10.0,2,2,True,False
76834|Arracacha,2022,56.0,8.0,6.0,2,2,True,False
76834|Arracacha,2023,35.0,5.0,5.0,2,2,True,False
76834|Arracacha,2024,28.0,4.0,4.0,2,2,True,False
76834|Arracacha,2025,28.0,4.0,4.0,2,2,True,False
76834|Arveja,2019,115.0,46.0,47.0,2,2,True,False
76834|Arveja,2020,71.26,61.0,61.0,2,2,True,False
76834|Arveja,2021,47.900000000000006,41.0,45.0,2,2,True,False
76834|Arveja,2022,40.879999999999995,35.0,35.0,2,2,True,False
76834|Arveja,2023,35.05,30.0,30.0,2,2,True,False
76834|Arveja,2024,37.379999999999995,32.0,32.0,2,2,True,False
76834|Arveja,2025,29.82,29.0,29.0,2,2,True,False
76834|Banano consumo interno,2019,5280.0,528.0,536.0,1,0,False,False
76834|Banano consumo interno,2020,5310.0,531.0,541.0,1,0,False,False
76834|Banano consumo interno,2021,5390.0,539.0,544.0,1,0,False,False
76834|Banano consumo interno,2022,5390.0,539.0,543.0,1,0,False,False
76834|Banano consumo interno,2023,5400.0,540.0,545.0,1,0,False,False
76834|Banano consumo interno,2024,5380.0,538.0,548.0,1,0,False,False
76834|Banano consumo interno,2025,5480.0,548.0,553.0,1,0,False,False
76834|Cacao,2019,12.95,37.0,37.0,1,0,False,False
76834|Cacao,2020,12.95,37.0,37.0,1,0,False,False
76834|Cacao,2021,22.2,37.0,37.0,1,0,False,False
76834|Cacao,2022,22.2,37.0,37.0,1,0,False,False
76834|Cacao,2023,22.2,37.0,37.0,1,0,False,False
76834|Cacao,2024,22.2,37.0,37.0,1,0,False,False
76834|Cacao,2025,22.2,37.0,37.0,1,0,False,False
76834|Café,2019,3383.0,2634.0,3236.0,1,0,False,False
76834|Café,2020,3109.0,2618.0,3201.0,1,0,False,False
76834|Café,2021,2638.52,2638.52,3159.48,1,0,False,False
76834|Café,2022,2624.09,2732.09,3202.29,1,0,False,False
76834|Café,2023,2800.37,2778.57,3252.37,1,0,False,False
76834|Café,2024,3384.28,2707.42,3277.99,1,0,False,False
76834|Café,2025,3345.73,2672.57,3327.92,1,0,False,False
76834|Caña de azúcar,2019,766590.0,6969.0,8130.0,1,0,False,False
76834|Caña de azúcar,2020,804870.0,8130.0,8130.0,1,0,False,False
76834|Caña de azúcar,2021,739017.0,8130.0,8130.0,1,0,False,False
76834|Caña de azúcar,2022,731700.0,8130.0,8130.0,1,0,False,False
76834|Caña de azúcar,2023,813000.0,8130.0,8130.0,1,0,False,False
76834|Caña de azúcar,2024,813000.0,8130.0,8130.0,1,0,False,False
76834|Caña de azúcar,2025,813000.0,8130.0,8130.0,1,0,False,False
76834|Caña panelera,2019,700.0,35.0,35.0,1,0,False,False
76834|Caña panelera,2020,680.0,34.0,35.0,1,0,False,False
76834|Caña panelera,2021,660.0,33.0,33.0,1,0,False,False
76834|Caña panelera,2022,440.0,22.0,22.0,1,0,False,False
76834|Caña panelera,2023,440.0,22.0,22.0,1,0,False,False
76834|Caña panelera,2024,360.0,18.0,19.0,1,0,False,False
76834|Caña panelera,2025,280.0,14.0,15.0,1,0,False,False
76834|Cebolla de bulbo,2019,120.0,10.0,10.0,2,2,True,False
76834|Cebolla de bulbo,2020,160.0,16.0,18.0,2,2,True,False
76834|Cebolla de bulbo,2021,220.0,22.0,22.0,2,2,True,False
76834|Cebolla de bulbo,2022,170.0,17.0,18.0,2,2,True,False
76834|Cebolla de bulbo,2023,150.0,15.0,15.0,2,2,True,False
76834|Cebolla de bulbo,2024,130.0,13.0,13.0,2,2,True,False
76834|Cebolla de bulbo,2025,130.0,13.0,13.0,2,2,True,False
76834|Cebolla de rama,2019,100.0,10.0,10.0,1,1,True,True
76834|Cebolla de rama,2020,72.0,9.0,10.0,1,1,True,True
76834|Cebolla de rama,2021,80.0,10.0,10.0,1,1,True,True
76834|Cebolla de rama,2022,64.0,8.0,8.0,1,1,True,True
76834|Cebolla de rama,2023,64.0,8.0,8.0,1,1,True,True
76834|Cebolla de rama,2024,56.0,7.0,7.0,1,1,True,True
76834|Cebolla de rama,2025,48.0,6.0,6.0,1,1,True,True
76834|Cilantro,2019,96.0,16.0,16.0,2,2,True,False
76834|Cilantro,2020,90.0,15.0,15.0,2,2,True,False
76834|Cilantro,2021,54.0,9.0,9.0,2,2,True,False
76834|Cilantro,2022,42.0,7.0,7.0,2,2,True,False
76834|Cilantro,2023,48.0,8.0,8.0,2,2,True,False
76834|Cilantro,2024,48.0,8.0,8.0,2,2,True,False
76834|Cilantro,2025,60.0,10.0,10.0,2,2,True,False
76834|Cimarrón,2019,21.75,3.5,3.5,2,2,True,False
76834|Cimarrón,2020,25.0,4.0,4.0,2,2,True,False
76834|Cimarrón,2021,25.0,4.0,4.0,2,2,True,False
76834|Cimarrón,2022,18.5,3.0,3.0,2,2,True,False
76834|Cimarrón,2023,13.0,2.0,2.0,2,2,True,False
76834|Cimarrón,2024,13.0,2.0,2.0,2,2,True,False
76834|Cimarrón,2025,13.0,2.0,2.0,2,2,True,False
76834|Curuba,2019,324.0,36.0,37.0,1,0,False,False
76834|Curuba,2020,63.0,7.0,8.0,1,0,False,False
76834|Curuba,2021,45.0,5.0,6.0,1,0,False,False
76834|Curuba,2022,36.0,4.0,4.0,1,0,False,False
76834|Curuba,2023,27.0,3.0,4.0,1,0,False,False
76834|Curuba,2024,27.0,3.0,5.0,1,0,False,False
76834|Curuba,2025,45.0,5.0,5.0,1,0,False,False
76834|Fresa,2019,434.0,15.5,19.5,1,0,False,False
76834|Fresa,2020,345.0,11.5,14.5,1,0,False,False
76834|Fresa,2021,315.0,10.5,11.5,1,0,False,False
76834|Fresa,2022,300.0,10.0,10.0,1,0,False,False
76834|Fresa,2023,270.0,9.0,11.0,1,0,False,False
76834|Fresa,2024,270.0,9.0,12.0,1,0,False,False
76834|Fresa,2025,270.0,9.0,9.0,1,0,False,False
76834|Frijol,2019,66.9,61.0,65.0,2,2,True,False
76834|Frijol,2020,52.0,52.0,53.0,2,2,True,False
76834|Frijol,2021,55.0,55.0,57.0,2,2,True,False
76834|Frijol,2022,43.0,43.0,43.0,2,2,True,False
76834|Frijol,2023,40.0,40.0,41.0,2,2,True,False
76834|Frijol,2024,39.0,39.0,39.0,2,2,True,False
76834|Frijol,2025,37.0,37.0,37.0,2,2,True,False
76834|Granadilla,2019,96.0,12.0,13.0,1,0,False,False
76834|Granadilla,2020,96.0,12.0,14.0,1,0,False,False
76834|Granadilla,2021,80.0,10.0,11.0,1,0,False,False
76834|Granadilla,2022,64.0,8.0,8.0,1,0,False,False
76834|Granadilla,2023,56.0,7.0,9.0,1,0,False,False
76834|Granadilla,2024,56.0,7.0,10.0,1,0,False,False
76834|Granadilla,2025,72.0,9.0,12.0,1,0,False,False
76834|Habichuela,2019,300.0,30.0,30.0,2,2,True,False
76834|Habichuela,2020,230.0,23.0,23.0,2,2,True,False
76834|Habichuela,2021,200.0,20.0,21.0,2,2,True,False
76834|Habichuela,2022,170.0,17.0,17.0,2,2,True,False
76834|Habichuela,2023,168.0,16.0,18.0,2,2,True,False
76834|Habichuela,2024,159.0,15.0,15.0,2,2,True,False
76834|Habichuela,2025,120.0,15.0,15.0,2,2,True,False
76834|Lechuga,2019,28.0,4.0,4.5,2,2,True,False
76834|Lechuga,2020,28.0,4.0,4.0,2,2,True,False
76834|Lechuga,2021,28.0,4.0,4.0,2,2,True,False
76834|Lechuga,2022,21.0,3.0,3.0,2,2,True,False
76834|Lechuga,2023,21.0,3.0,3.0,2,2,True,False
76834|Lechuga,2024,21.0,3.0,3.0,2,2,True,False
76834|Lechuga,2025,24.0,3.0,3.0,2,2,True,False
76834|Limón Pajarito,2021,0.0,0.0,51.0,1,0,False,False
76834|Limón Pajarito,2022,612.0,51.0,51.0,1,0,False,False
76834|Limón Pajarito,2023,612.0,51.0,51.0,1,0,False,False
76834|Limón Pajarito,2024,612.0,51.0,51.0,1,0,False,False
76834|Limón Pajarito,2025,612.0,51.0,51.0,1,0,False,False
76834|Lulo,2019,1326.0,102.0,112.0,1,0,False,False
76834|Lulo,2020,1391.0,107.0,117.0,1,0,False,False
76834|Lulo,2021,1417.0,109.0,111.0,1,0,False,False
76834|Lulo,2022,1183.0,91.0,91.0,1,0,False,False
76834|Lulo,2023,1118.0,86.0,86.0,1,0,False,False
76834|Lulo,2024,1040.0,80.0,85.0,1,0,False,False
76834|Lulo,2025,1066.0,82.0,87.0,1,0,False,False
76834|Maracuyá,2019,180.0,9.0,9.0,1,0,False,False
76834|Maracuyá,2020,160.0,8.0,10.0,1,0,False,False
76834|Maracuyá,2021,200.0,10.0,10.0,1,0,False,False
76834|Maracuyá,2022,200.0,10.0,10.0,1,0,False,False
76834|Maracuyá,2023,160.0,8.0,10.0,1,0,False,False
76834|Maracuyá,2024,160.0,8.0,11.0,1,0,False,False
76834|Maracuyá,2025,200.0,10.0,13.0,1,0,False,False
76834|Maíz amarillo tradicional,2021,60.0,30.0,30.0,1,1,True,True
76834|Maíz amarillo tradicional,2022,60.0,30.0,25.0,2,2,True,False
76834|Maíz amarillo tradicional,2023,50.0,25.0,30.0,2,2,True,False
76834|Maíz amarillo tradicional,2024,100.0,50.0,48.0,2,2,True,False
76834|Maíz amarillo tradicional,2025,94.0,47.0,49.0,2,2,True,False
76834|Maíz blanco tradicional,2021,40.0,20.0,20.0,1,1,True,True
76834|Maíz blanco tradicional,2022,40.0,20.0,15.0,2,2,True,False
76834|Maíz blanco tradicional,2023,30.0,15.0,16.0,2,2,True,False
76834|Maíz blanco tradicional,2024,58.0,29.0,28.0,2,2,True,False
76834|Maíz blanco tradicional,2025,60.0,30.0,30.0,2,2,True,False
76834|Maíz tecnificado,2019,2500.0,500.0,500.0,2,2,True,False
76834|Maíz tradicional,2019,256.0,113.0,115.0,2,2,True,False
76834|Maíz tradicional,2020,232.0,116.0,118.0,2,2,True,False
76834|Mora,2019,812.0,101.5,121.5,1,0,False,False
76834|Mora,2020,940.0,117.5,122.5,1,0,False,False
76834|Mora,2021,932.0,116.5,117.5,1,0,False,False
76834|Mora,2022,780.0,97.5,97.5,1,0,False,False
76834|Mora,2023,700.0,87.5,87.5,1,0,False,False
76834|Mora,2024,644.0,80.5,82.5,1,0,False,False
76834|Mora,2025,588.0,73.5,73.5,1,0,False,False
76834|Otros cítricos,2019,612.0,51.0,51.0,1,0,False,False
76834|Otros cítricos,2020,612.0,51.0,51.0,1,0,False,False
76834|Papa todas las variedades,2019,6400.0,350.0,350.0,2,2,True,False
76834|Papa todas las variedades,2020,8160.0,480.0,480.0,2,2,True,False
76834|Papa todas las variedades,2021,7956.0,468.0,475.0,2,2,True,False
76834|Papa todas las variedades,2022,8245.0,485.0,475.0,2,2,True,False
76834|Papa todas las variedades,2023,8415.0,480.0,505.0,2,2,True,False
76834|Papa todas las variedades,2024,8570.0,490.0,490.0,2,2,True,False
76834|Papa todas las variedades,2025,8480.0,485.0,488.0,2,2,True,False
76834|Papaya demás variedades,2019,420.0,28.0,28.0,1,0,False,False
76834|Papaya demás variedades,2020,390.0,26.0,30.0,1,0,False,False
76834|Papaya demás variedades,2021,420.0,28.0,28.0,1,0,False,False
76834|Papaya demás variedades,2022,345.0,23.0,28.0,1,0,False,False
76834|Papaya demás variedades,2023,390.0,26.0,31.0,1,0,False,False
76834|Papaya demás variedades,2024,435.0,29.0,34.0,1,0,False,False
76834|Papaya demás variedades,2025,510.0,34.0,34.0,1,0,False,False
76834|Pepino cohombro,2019,52.0,5.5,5.5,2,2,True,False
76834|Pepino cohombro,2020,48.0,4.0,4.0,2,2,True,False
76834|Pepino cohombro,2021,48.0,4.0,4.0,2,2,True,False
76834|Pepino cohombro,2022,48.0,4.0,4.0,2,2,True,False
76834|Pepino cohombro,2023,60.0,5.0,5.0,2,2,True,False
76834|Pepino cohombro,2024,60.0,5.0,5.0,2,2,True,False
76834|Pepino cohombro,2025,60.0,5.0,5.0,2,2,True,False
76834|Pimentón,2019,60.25,5.5,6.0,2,2,True,False
76834|Pimentón,2020,90.0,9.0,9.0,2,2,True,False
76834|Pimentón,2021,130.0,13.0,13.0,2,2,True,False
76834|Pimentón,2022,130.0,13.0,13.0,2,2,True,False
76834|Pimentón,2023,180.0,18.0,18.0,2,2,True,False
76834|Pimentón,2024,180.0,18.0,18.0,2,2,True,False
76834|Pimentón,2025,128.0,16.0,16.0,2,2,True,False
76834|Plátano consumo interno,2019,4230.0,470.0,473.0,1,0,False,False
76834|Plátano consumo interno,2020,4212.0,468.0,476.0,1,0,False,False
76834|Plátano consumo interno,2021,4221.0,469.0,474.0,1,0,False,False
76834|Plátano consumo interno,2022,4194.0,466.0,471.0,1,0,False,False
76834|Plátano consumo interno,2023,4221.0,469.0,473.0,1,0,False,False
76834|Plátano consumo interno,2024,4221.0,469.0,477.0,1,0,False,False
76834|Plátano consumo interno,2025,4257.0,473.0,478.0,1,0,False,False
76834|Repollo,2019,154.0,10.0,10.0,2,2,True,False
76834|Repollo,2020,70.0,5.0,5.0,2,2,True,False
76834|Repollo,2021,56.0,4.0,4.0,2,2,True,False
76834|Repollo,2022,56.0,4.0,4.0,2,2,True,False
76834|Repollo,2023,54.0,4.0,4.0,2,2,True,False
76834|Repollo,2024,54.0,4.0,4.0,2,2,True,False
76834|Repollo,2025,54.0,4.0,4.0,2,2,True,False
76834|Tomate,2019,978.0,72.0,73.0,2,2,True,False
76834|Tomate,2020,852.0,71.0,71.0,2,2,True,False
76834|Tomate,2021,876.0,73.0,74.0,2,2,True,False
76834|Tomate,2022,828.0,69.0,70.0,2,2,True,False
76834|Tomate,2023,876.0,73.0,74.0,2,2,True,False
76834|Tomate,2024,876.0,73.0,73.0,2,2,True,False
76834|Tomate,2025,816.0,68.0,68.0,2,2,True,False
76834|Tomate de árbol,2019,432.0,36.0,38.0,1,0,False,False
76834|Tomate de árbol,2020,396.0,33.0,35.0,1,0,False,False
76834|Tomate de árbol,2021,360.0,30.0,30.0,1,0,False,False
76834|Tomate de árbol,2022,240.0,20.0,20.0,1,0,False,False
76834|Tomate de árbol,2023,204.0,17.0,17.0,1,0,False,False
76834|Tomate de árbol,2024,144.0,12.0,14.0,1,0,False,False
76834|Tomate de árbol,2025,144.0,12.0,16.0,1,0,False,False
76834|Yuca consumo en fresco,2019,84.0,7.0,7.0,2,2,True,False
76834|Yuca consumo en fresco,2020,95.0,10.0,11.0,2,2,True,False
76834|Yuca consumo en fresco,2021,100.0,9.0,10.0,2,2,True,False
76834|Yuca consumo en fresco,2022,98.0,9.0,7.0,2,2,True,False
76834|Yuca consumo en fresco,2023,95.0,9.0,9.0,2,2,True,False
76834|Yuca consumo en fresco,2024,73.0,7.0,8.0,2,2,True,False
76834|Yuca consumo en fresco,2025,94.0,9.0,9.0,2,2,True,False
76834|Zanahoria,2019,1560.0,104.0,105.0,2,2,True,False
76834|Zanahoria,2020,900.0,60.0,60.0,2,2,True,False
76834|Zanahoria,2021,842.0,58.0,60.0,2,2,True,False
76834|Zanahoria,2022,770.0,53.0,53.0,2,2,True,False
76834|Zanahoria,2023,672.0,48.0,48.0,2,2,True,False
76834|Zanahoria,2024,672.0,48.0,48.0,2,2,True,False
76834|Zanahoria,2025,630.0,45.0,45.0,2,2,True,False
76845|Aguacate demás variedades,2019,1060.0,106.0,109.0,1,0,False,False
76845|Aguacate demás variedades,2020,1090.0,109.0,109.0,1,0,False,False
76845|Aguacate demás variedades,2021,872.0,109.0,109.0,1,0,False,False
76845|Aguacate demás variedades,2022,632.0,79.0,79.0,1,0,False,False
76845|Aguacate demás variedades,2023,280.0,56.0,56.0,1,0,False,False
76845|Aguacate demás variedades,2024,167.5,33.5,56.0,1,0,False,False
76845|Aguacate demás variedades,2025,245.5,49.1,49.1,1,0,False,False
76845|Ahuyama,2022,9.0,1.0,1.0,1,1,True,True
76845|Ahuyama,2023,0.0,0.0,1.0,1,1,True,True
76845|Banano consumo interno,2019,3114.8,119.8,123.8,1,0,False,False
76845|Banano consumo interno,2020,3219.0,125.8,125.8,1,0,False,False
76845|Banano consumo interno,2021,1896.0,94.8,94.8,1,0,False,False
76845|Banano consumo interno,2022,1596.0,79.8,79.8,1,0,False,False
76845|Banano consumo interno,2023,278.4,34.8,34.8,1,0,False,False
76845|Banano consumo interno,2024,278.4,34.8,34.8,1,0,False,False
76845|Banano consumo interno,2025,128.0,16.0,16.0,1,0,False,False
76845|Cacao,2019,7.87,22.5,30.5,1,0,False,False
76845|Cacao,2020,11.55,31.3,31.3,1,0,False,False
76845|Cacao,2021,17.22,28.7,31.3,1,0,False,False
76845|Cacao,2022,18.78,31.3,41.3,1,0,False,False
76845|Cacao,2023,18.78,31.3,41.3,1,0,False,False
76845|Cacao,2024,24.78,41.3,41.3,1,0,False,False
76845|Cacao,2025,10.98,18.3,18.3,1,0,False,False
76845|Café,2019,629.0,483.0,660.0,1,0,False,False
76845|Café,2020,583.0,485.0,615.0,1,0,False,False
76845|Café,2021,545.75,500.69,615.69,1,0,False,False
76845|Café,2022,486.13,503.29,622.37,1,0,False,False
76845|Café,2023,73.38,498.05,619.06,1,0,False,False
76845|Café,2024,98.13,516.46,620.39,1,0,False,False
76845|Café,2025,99.47,522.76,615.46,1,0,False,False
76845|Caña panelera,2025,0.0,0.0,5.0,1,0,False,False
76845|Frijol,2019,8.85,5.9,5.92,1,1,True,True
76845|Frijol,2020,9.9,7.300000000000001,7.5,2,2,True,False
76845|Guayaba,2025,48.0,4.0,4.0,1,0,False,False
76845|Habichuela,2019,23.759999999999998,2.64,2.64,2,2,True,False
76845|Habichuela,2020,6.8,1.7000000000000002,1.9,2,2,True,False
76845|Habichuela,2025,6.0,1.0,1.0,1,1,True,True
76845|Limón Tahití,2021,70.75,4.72,4.72,1,0,False,False
76845|Limón Tahití,2022,70.8,4.72,4.72,1,0,False,False
76845|Limón Tahití,2023,118.0,4.72,9.72,1,0,False,False
76845|Limón Tahití,2024,0.0,0.0,9.72,1,0,False,False
76845|Limón Tahití,2025,243.0,9.72,84.42,1,0,False,False
76845|Lulo,2019,54.0,6.0,6.0,1,0,False,False
76845|Lulo,2020,54.0,6.0,6.0,1,0,False,False
76845|Macadamia,2019,0.0,0.0,4.0,1,0,False,False
76845|Macadamia,2020,35.0,7.0,7.0,1,0,False,False
76845|Macadamia,2021,35.0,7.0,7.0,1,0,False,False
76845|Macadamia,2022,35.0,7.0,7.0,1,0,False,False
76845|Macadamia,2023,31.5,7.0,7.0,1,0,False,False
76845|Macadamia,2024,31.5,7.0,7.0,1,0,False,False
76845|Mandarina Arrayana y/o Oneco,2021,67.0,13.4,13.4,1,0,False,False
76845|Mandarina Arrayana y/o Oneco,2022,17.0,3.4,3.4,1,0,False,False
76845|Mandarina Arrayana y/o Oneco,2023,17.0,3.4,3.4,1,0,False,False
76845|Mandarina Arrayana y/o Oneco,2024,17.0,3.4,3.4,1,0,False,False
76845|Maracuyá,2019,115.0,4.6,7.6,1,0,False,False
76845|Maracuyá,2020,190.0,15.0,15.0,1,0,False,False
76845|Maíz amarillo tradicional,2021,39.5,17.0,17.0,2,2,True,False
76845|Maíz amarillo tradicional,2022,13.419999999999998,12.0,12.0,2,2,True,False
76845|Maíz amarillo tradicional,2023,3.52,3.0,3.0,1,1,True,True
76845|Maíz amarillo tradicional,2024,1.15,1.0,1.0,1,1,True,True
76845|Maíz amarillo tradicional,2025,0.0,0.0,1.0,1,1,True,True
76845|Maíz tradicional,2019,57.6,19.2,19.22,2,2,True,False
76845|Maíz tradicional,2020,92.7,39.0,40.0,2,2,True,False
76845|Naranja Valencia,2021,1789.66,89.48,89.48,1,0,False,False
76845|Naranja Valencia,2022,1789.6,89.48,89.48,1,0,False,False
76845|Naranja Valencia,2023,1789.6,89.48,89.48,1,0,False,False
76845|Naranja Valencia,2024,740.0,37.0,37.0,1,0,False,False
76845|Naranja Valencia,2025,444.0,37.0,37.0,1,0,False,False
76845|Otros cítricos,2019,1812.0,90.6,107.6,1,0,False,False
76845|Otros cítricos,2020,2152.0,107.6,107.6,1,0,False,False
"76845|Papaya Hawaiana, Maradol, Melona, redonda y/o Tainung",2023,0.0,0.0,6.0,1,0,False,False
"76845|Papaya Hawaiana, Maradol, Melona, redonda y/o Tainung",2024,0.0,0.0,6.0,1,0,False,False
"76845|Papaya Hawaiana, Maradol, Melona, redonda y/o Tainung",2025,0.0,0.0,1.0,1,0,False,False
76845|Papaya demás variedades,2019,241.5,6.9,6.9,1,0,False,False
76845|Papaya demás variedades,2020,70.0,1.4,1.4,1,0,False,False
76845|Pimentón,2019,54.6,3.64,3.64,2,2,True,False
76845|Pimentón,2020,9.6,0.6,0.6,1,1,True,True
76845|Piña demás variedades,2019,750.0,15.0,21.3,1,0,False,False
76845|Piña demás variedades,2020,1065.0,22.2,22.2,1,0,False,False
76845|Piña demás variedades,2021,450.0,9.0,9.0,1,0,False,False
76845|Piña demás variedades,2022,450.0,9.0,13.0,1,0,False,False
76845|Piña demás variedades,2023,650.0,13.0,23.0,1,0,False,False
76845|Piña demás variedades,2024,800.0,16.0,16.0,1,0,False,False
76845|Piña demás variedades,2025,550.0,11.0,11.0,1,0,False,False
76845|Plátano consumo interno,2019,2346.0,195.5,212.1,1,0,False,False
76845|Plátano consumo interno,2020,2545.0,218.1,218.1,1,0,False,False
76845|Plátano consumo interno,2021,2545.2,212.1,212.1,1,0,False,False
76845|Plátano consumo interno,2022,2545.2,212.1,212.1,1,0,False,False
76845|Plátano consumo interno,2023,2545.2,212.1,247.1,1,0,False,False
76845|Plátano consumo interno,2024,2965.2,247.1,247.1,1,0,False,False
76845|Plátano consumo interno,2025,1609.2,134.1,134.1,1,0,False,False
76845|Tomate,2019,28.8,0.96,0.96,1,1,True,True
76845|Tomate,2020,28.8,1.0,1.0,1,1,True,True
76845|Tomate,2022,42.0,2.0,2.0,1,1,True,True
76845|Yuca consumo en fresco,2019,72.0,6.0,6.0,1,1,True,True
76845|Yuca consumo en fresco,2022,30.0,3.0,3.0,2,2,True,False
76845|Yuca consumo en fresco,2024,102.0,17.0,17.0,2,2,True,False
76845|Yuca consumo en fresco,2025,204.0,17.0,17.0,2,2,True,False
76863|Aguacate Hass,2020,5934.0,989.0,989.7,1,0,False,False
76863|Aguacate Hass,2021,442.4,55.3,1149.3,1,0,False,False
76863|Aguacate Hass,2022,9194.4,1149.3,1149.3,1,0,False,False
76863|Aguacate Hass,2023,10343.7,1149.3,1169.3,1,0,False,False
76863|Aguacate Hass,2024,10343.7,1149.3,1169.3,1,0,False,False
76863|Aguacate Hass,2025,11483.0,1148.3,1168.3,1,0,False,False
76863|Aguacate demás variedades,2019,1638.0,273.0,1100.0,1,0,False,False
76863|Aguacate demás variedades,2020,210.0,35.0,35.0,1,0,False,False
76863|Aguacate demás variedades,2021,264.0,33.0,89.0,1,0,False,False
76863|Aguacate demás variedades,2022,552.0,69.0,69.0,1,0,False,False
76863|Aguacate demás variedades,2023,552.0,69.0,71.0,1,0,False,False
76863|Aguacate demás variedades,2024,568.0,71.0,71.0,1,0,False,False
76863|Aguacate demás variedades,2025,710.0,71.0,71.0,1,0,False,False
76863|Ahuyama,2019,70.0,7.0,9.0,2,2,True,False
76863|Ahuyama,2020,40.0,4.0,4.0,2,2,True,False
76863|Ahuyama,2021,60.0,6.0,6.0,2,2,True,False
76863|Ahuyama,2022,48.0,5.0,5.0,2,2,True,False
76863|Ahuyama,2023,120.0,10.0,10.0,2,2,True,False
76863|Ahuyama,2024,144.0,12.0,12.0,2,2,True,False
76863|Ahuyama,2025,264.0,22.0,16.0,2,2,True,False
76863|Ají,2022,45.0,3.0,3.0,1,1,True,True
76863|Ají,2023,14.0,1.0,1.0,1,1,True,True
76863|Ají,2025,0.0,0.0,2.0,1,1,True,True
76863|Arracacha,2019,375.0,25.0,25.0,2,2,True,False
76863|Arracacha,2020,270.0,18.0,25.0,2,2,True,False
76863|Arracacha,2021,600.0,40.0,40.0,2,2,True,False
76863|Arracacha,2022,555.0,37.0,33.0,2,2,True,False
76863|Arracacha,2023,392.0,28.0,17.0,2,2,True,False
76863|Arracacha,2024,168.0,12.0,12.0,2,2,True,False
76863|Arracacha,2025,168.0,12.0,12.0,2,2,True,False
76863|Arveja,2019,7.0,4.0,4.0,2,2,True,False
76863|Arveja,2020,4.68,2.0,2.0,2,2,True,False
76863|Arveja,2021,0.93,1.0,1.0,1,1,True,True
76863|Arveja,2022,0.92,1.0,1.0,1,1,True,True
76863|Arveja,2023,0.9,1.0,1.0,1,1,True,True
76863|Banano consumo interno,2019,546.0,91.0,91.0,1,0,False,False
76863|Banano consumo interno,2020,486.0,81.0,90.0,1,0,False,False
76863|Banano consumo interno,2021,1620.0,90.0,95.0,1,0,False,False
76863|Banano consumo interno,2022,1260.0,70.0,72.0,1,0,False,False
76863|Banano consumo interno,2023,1054.0,62.0,65.0,1,0,False,False
76863|Banano consumo interno,2024,1105.0,65.0,65.0,1,0,False,False
76863|Banano consumo interno,2025,1300.0,65.0,67.0,1,0,False,False
76863|Berenjena,2019,200.0,8.0,8.5,2,2,True,False
76863|Berenjena,2020,100.0,4.5,4.5,2,2,True,False
76863|Berenjena,2021,100.0,5.0,6.0,2,2,True,False
76863|Berenjena,2022,96.0,5.0,6.0,2,2,True,False
76863|Berenjena,2023,120.0,6.0,6.0,2,2,True,False
76863|Berenjena,2024,143.0,7.0,7.0,2,2,True,False
76863|Berenjena,2025,203.0,8.0,8.0,2,2,True,False
76863|Cacao,2019,3.78,13.5,13.5,1,0,False,False
76863|Cacao,2020,8.4,10.5,10.5,1,0,False,False
76863|Cacao,2021,6.3,10.5,10.5,1,0,False,False
76863|Cacao,2022,2.25,4.5,4.5,1,0,False,False
76863|Cacao,2023,2.25,4.5,4.5,1,0,False,False
76863|Cacao,2024,2.25,4.5,4.5,1,0,False,False
76863|Café,2019,1115.0,906.0,1000.0,1,0,False,False
76863|Café,2020,966.0,849.0,939.0,1,0,False,False
76863|Café,2021,855.89,855.89,938.0,1,0,False,False
76863|Café,2022,708.23,875.96,932.52,1,0,False,False
76863|Café,2023,815.48,832.14,909.96,1,0,False,False
76863|Café,2024,946.57,782.29,912.81,1,0,False,False
76863|Café,2025,952.49,786.0,941.51,1,0,False,False
76863|Caña panelera,2019,37280.0,466.0,474.0,1,0,False,False
76863|Caña panelera,2020,33920.0,424.0,429.0,1,0,False,False
76863|Caña panelera,2021,34320.0,429.0,437.0,1,0,False,False
76863|Caña panelera,2022,34320.0,429.0,429.0,1,0,False,False
76863|Caña panelera,2023,34320.0,429.0,433.0,1,0,False,False
76863|Caña panelera,2024,34640.0,433.0,433.0,1,0,False,False
76863|Caña panelera,2025,34240.0,428.0,438.0,1,0,False,False
76863|Cilantro,2020,3.5,0.7,0.7,2,2,True,False
76863|Cilantro,2021,6.0,1.0,1.0,1,1,True,True
76863|Cilantro,2022,12.0,2.0,2.0,1,1,True,True
76863|Cilantro,2023,18.0,3.0,3.0,1,1,True,True
76863|Cilantro,2024,18.0,3.0,3.0,1,1,True,True
76863|Cilantro,2025,12.0,2.0,2.0,1,1,True,True
76863|Fresa,2019,2.0,0.2,0.2,1,0,False,False
76863|Fresa,2020,0.0,0.0,0.2,1,0,False,False
76863|Frijol,2019,119.0,76.0,79.0,2,2,True,False
76863|Frijol,2020,72.0,36.0,36.0,2,2,True,False
76863|Frijol,2021,82.17,48.0,48.0,2,2,True,False
76863|Frijol,2022,48.5,35.0,35.0,2,2,True,False
76863|Frijol,2023,33.0,25.0,30.0,2,2,True,False
76863|Frijol,2024,42.0,30.0,30.0,2,2,True,False
76863|Frijol,2025,30.419999999999998,32.0,32.0,2,2,True,False
76863|Granadilla,2019,99.6,8.3,8.3,1,0,False,False
76863|Granadilla,2020,51.6,4.3,23.3,1,0,False,False
76863|Granadilla,2021,173.0,17.3,36.3,1,0,False,False
76863|Granadilla,2022,133.0,13.3,16.3,1,0,False,False
76863|Granadilla,2023,101.7,11.3,16.3,1,0,False,False
76863|Granadilla,2024,146.7,16.3,16.3,1,0,False,False
76863|Granadilla,2025,146.7,16.3,16.3,1,0,False,False
76863|Guayaba,2020,0.0,0.0,5.0,1,0,False,False
76863|Guayaba,2021,48.0,6.0,6.0,1,0,False,False
76863|Guayaba,2022,32.0,4.0,6.0,1,0,False,False
76863|Guayaba,2023,32.0,4.0,6.0,1,0,False,False
76863|Guayaba,2024,48.0,6.0,6.0,1,0,False,False
76863|Guayaba,2025,18.0,3.0,3.0,1,0,False,False
76863|Habichuela,2019,56.0,7.0,7.0,2,2,True,False
76863|Habichuela,2020,32.0,4.0,4.0,2,2,True,False
76863|Habichuela,2021,70.0,6.0,6.0,2,2,True,False
76863|Habichuela,2022,30.0,3.0,3.0,2,2,True,False
76863|Habichuela,2023,24.0,3.0,6.0,2,2,True,False
76863|Habichuela,2024,54.0,6.0,6.0,2,2,True,False
76863|Habichuela,2025,48.0,6.0,6.0,2,2,True,False
76863|Lulo,2019,375.0,25.0,35.0,1,0,False,False
76863|Lulo,2020,525.0,35.0,54.0,1,0,False,False
76863|Lulo,2021,1020.0,51.0,101.0,1,0,False,False
76863|Lulo,2022,793.0,61.0,91.0,1,0,False,False
76863|Lulo,2023,972.0,81.0,85.0,1,0,False,False
76863|Lulo,2024,1020.0,85.0,85.0,1,0,False,False
76863|Lulo,2025,1020.0,85.0,88.0,1,0,False,False
76863|Maracuyá,2019,140.0,7.0,7.0,1,0,False,False
76863|Maracuyá,2020,40.0,2.0,10.0,1,0,False,False
76863|Maracuyá,2021,100.0,5.0,10.0,1,0,False,False
76863|Maracuyá,2022,100.0,5.0,10.0,1,0,False,False
76863|Maracuyá,2023,126.0,7.0,10.0,1,0,False,False
76863|Maracuyá,2024,180.0,10.0,10.0,1,0,False,False
76863|Maracuyá,2025,110.0,10.0,10.0,1,0,False,False
76863|Maíz amarillo tradicional,2021,39.0,13.0,13.0,2,2,True,False
76863|Maíz amarillo tradicional,2022,15.0,6.0,6.0,2,2,True,False
76863|Maíz amarillo tradicional,2023,18.0,6.0,6.0,2,2,True,False
76863|Maíz amarillo tradicional,2024,18.0,6.0,6.0,2,2,True,False
76863|Maíz amarillo tradicional,2025,15.0,6.0,6.0,2,2,True,False
76863|Maíz blanco tradicional,2021,15.0,5.0,5.0,2,2,True,False
76863|Maíz blanco tradicional,2022,10.0,4.0,4.0,2,2,True,False
76863|Maíz blanco tradicional,2023,12.0,4.0,4.0,2,2,True,False
76863|Maíz blanco tradicional,2024,12.0,4.0,4.0,2,2,True,False
76863|Maíz blanco tradicional,2025,12.0,4.0,4.0,2,2,True,False
76863|Maíz tradicional,2019,90.0,30.0,30.0,2,2,True,False
76863|Maíz tradicional,2020,48.0,16.0,18.0,2,2,True,False
76863|Mora,2019,547.2,45.6,55.6,1,0,False,False
76863|Mora,2020,679.2,56.6,56.6,1,0,False,False
76863|Mora,2021,679.2,56.6,60.6,1,0,False,False
76863|Mora,2022,655.2,54.6,57.6,1,0,False,False
76863|Mora,2023,464.4,51.6,54.6,1,0,False,False
76863|Mora,2024,491.4,54.6,54.6,1,0,False,False
76863|Mora,2025,273.0,54.6,54.6,1,0,False,False
76863|Otras hortalizas,2019,26.4,2.2,4.2,2,2,True,False
76863|Otras hortalizas,2020,12.0,1.0,1.0,2,2,True,False
76863|Pepino cohombro,2019,120.0,4.0,4.0,2,2,True,False
76863|Pepino cohombro,2020,90.0,3.0,3.0,2,2,True,False
76863|Pepino cohombro,2021,106.0,4.0,4.0,2,2,True,False
76863|Pepino cohombro,2022,43.0,2.0,3.0,2,2,True,False
76863|Pepino cohombro,2023,106.0,5.0,5.0,2,2,True,False
76863|Pepino cohombro,2024,86.0,4.0,4.0,2,2,True,False
76863|Pepino cohombro,2025,86.0,4.0,4.0,2,2,True,False
76863|Pimentón,2019,240.0,16.0,18.0,2,2,True,False
76863|Pimentón,2020,150.0,10.0,12.0,2,2,True,False
76863|Pimentón,2021,241.0,23.0,23.0,2,2,True,False
76863|Pimentón,2022,210.0,13.0,13.0,2,2,True,False
76863|Pimentón,2023,165.0,9.0,9.0,2,2,True,False
76863|Pimentón,2024,222.0,12.0,12.0,2,2,True,False
76863|Pimentón,2025,295.0,15.0,15.0,2,2,True,False
76863|Pitahaya,2019,36.0,4.5,4.5,1,0,False,False
76863|Pitahaya,2020,28.0,3.5,5.5,1,0,False,False
76863|Pitahaya,2021,44.0,5.5,12.5,1,0,False,False
76863|Pitahaya,2022,84.0,10.5,10.5,1,0,False,False
76863|Pitahaya,2023,44.0,5.5,5.5,1,0,False,False
76863|Pitahaya,2024,44.0,5.5,5.5,1,0,False,False
76863|Plátano consumo interno,2019,2888.4,433.4,433.4,1,0,False,False
76863|Plátano consumo interno,2020,2588.4,431.4,453.9,1,0,False,False
76863|Plátano consumo interno,2021,4539.0,453.9,471.9,1,0,False,False
76863|Plátano consumo interno,2022,4519.0,451.9,451.9,1,0,False,False
76863|Plátano consumo interno,2023,4399.0,439.9,443.9,1,0,False,False
76863|Plátano consumo interno,2024,4439.0,443.9,443.9,1,0,False,False
76863|Plátano consumo interno,2025,4439.0,443.9,443.9,1,0,False,False
76863|Repollo,2019,420.0,14.0,16.0,2,2,True,False
76863|Repollo,2020,385.0,13.0,13.0,2,2,True,False
76863|Repollo,2021,540.0,18.0,18.0,2,2,True,False
76863|Repollo,2022,420.0,14.0,14.0,2,2,True,False
76863|Repollo,2023,292.0,10.0,10.0,2,2,True,False
76863|Repollo,2024,212.0,8.0,8.0,2,2,True,False
76863|Repollo,2025,240.0,8.0,8.0,2,2,True,False
76863|Tomate,2019,385.0,14.0,14.0,2,2,True,False
76863|Tomate,2020,275.0,11.0,11.0,2,2,True,False
76863|Tomate,2021,375.0,15.0,15.0,2,2,True,False
76863|Tomate,2022,350.0,11.0,11.0,2,2,True,False
76863|Tomate,2023,192.0,9.0,12.0,2,2,True,False
76863|Tomate,2024,43.0,2.0,2.0,2,2,True,False
76863|Tomate invernadero,2024,1260.0,14.0,14.0,2,2,True,False
76863|Tomate invernadero,2025,1260.0,14.0,14.0,2,2,True,False
76863|Yuca consumo en fresco,2019,120.0,8.0,8.0,1,1,True,True
76863|Yuca consumo en fresco,2020,15.0,3.0,5.0,1,1,True,True
76863|Yuca consumo en fresco,2021,24.0,6.0,6.0,1,1,True,True
76863|Yuca consumo en fresco,2022,12.0,3.0,3.0,2,2,True,False
76863|Yuca consumo en fresco,2023,12.0,3.0,3.0,2,2,True,False
76863|Yuca consumo en fresco,2024,12.0,3.0,3.0,2,2,True,False
76863|Yuca consumo en fresco,2025,0.0,0.0,3.0,1,1,True,True
76869|Aguacate demás variedades,2019,144.0,18.0,35.0,1,0,False,False
76869|Aguacate demás variedades,2020,200.0,25.0,35.0,1,0,False,False
76869|Aguacate demás variedades,2021,191.25,22.5,34.5,1,0,False,False
76869|Aguacate demás variedades,2022,268.0,33.5,35.5,1,0,False,False
76869|Aguacate demás variedades,2023,268.0,33.5,36.5,1,0,False,False
76869|Aguacate demás variedades,2024,284.0,35.5,36.5,1,0,False,False
76869|Aguacate demás variedades,2025,355.0,35.5,36.5,1,0,False,False
76869|Ají,2019,560.0,28.0,28.0,1,1,True,True
76869|Ají,2020,500.0,25.0,25.0,1,1,True,True
76869|Ají,2021,498.0,22.0,22.0,1,1,True,True
76869|Ají,2022,440.0,22.0,22.0,1,1,True,True
76869|Ají,2023,525.0,25.0,25.0,1,1,True,True
76869|Ají,2024,6216.0,296.0,296.0,2,2,True,False
76869|Ají,2025,6268.0,312.0,320.0,2,2,True,False
76869|Arracacha,2019,48.0,6.0,6.0,2,2,True,False
76869|Arracacha,2020,96.0,12.0,12.0,2,2,True,False
76869|Arracacha,2021,66.0,7.0,11.0,2,2,True,False
76869|Arracacha,2022,42.0,6.0,10.0,2,2,True,False
76869|Arracacha,2023,67.0,9.0,8.0,2,2,True,False
76869|Arracacha,2024,45.0,6.0,4.0,2,2,True,False
76869|Arracacha,2025,29.0,4.0,4.0,2,2,True,False
76869|Arveja,2021,12.62,3.0,3.0,1,1,True,True
76869|Arveja,2022,8.41,3.0,3.0,1,1,True,True
76869|Arveja,2023,8.41,3.0,3.0,1,1,True,True
76869|Arveja,2024,2.8,1.0,1.0,1,1,True,True
76869|Arveja,2025,2.8,1.0,1.0,1,1,True,True
76869|Banano consumo interno,2019,525.0,35.0,38.0,1,0,False,False
76869|Banano consumo interno,2020,435.0,29.0,34.0,1,0,False,False
76869|Banano consumo interno,2021,390.0,26.0,30.0,1,0,False,False
76869|Banano consumo interno,2022,390.0,26.0,28.0,1,0,False,False
76869|Banano consumo interno,2023,378.0,27.0,30.0,1,0,False,False
76869|Banano consumo interno,2024,420.0,30.0,32.0,1,0,False,False
76869|Banano consumo interno,2025,480.0,32.0,35.0,1,0,False,False
76869|Café,2019,662.0,525.0,580.0,1,0,False,False
76869|Café,2020,605.0,519.0,571.0,1,0,False,False
76869|Café,2021,419.5,511.59,567.6,1,0,False,False
76869|Café,2022,312.65,500.87,569.99,1,0,False,False
76869|Café,2023,445.46,487.01,551.86,1,0,False,False
76869|Café,2024,527.54,466.85,531.79,1,0,False,False
76869|Café,2025,514.39,446.63,501.92,1,0,False,False
76869|Caña de azúcar,2019,16500.0,165.0,195.0,1,0,False,False
76869|Caña de azúcar,2020,18500.0,185.0,245.0,1,0,False,False
76869|Caña de azúcar,2021,18914.0,193.0,263.0,1,0,False,False
76869|Caña de azúcar,2022,19992.0,204.0,264.0,1,0,False,False
76869|Caña de azúcar,2023,25872.0,264.0,265.0,1,0,False,False
76869|Caña de azúcar,2024,25970.0,265.0,265.0,1,0,False,False
76869|Caña de azúcar,2025,26500.0,265.0,270.0,1,0,False,False
76869|Cebolla de bulbo,2019,176.0,8.0,14.0,2,2,True,False
76869|Cebolla de bulbo,2020,188.0,9.0,9.0,2,2,True,False
76869|Cebolla de bulbo,2021,130.0,6.0,6.0,2,2,True,False
76869|Cebolla de bulbo,2022,102.0,6.0,6.0,2,2,True,False
76869|Cebolla de bulbo,2023,73.0,5.0,5.0,2,2,True,False
76869|Cebolla de rama,2019,90.0,5.0,5.0,1,1,True,True
76869|Cebolla de rama,2020,54.0,3.0,3.0,1,1,True,True
76869|Cebolla de rama,2021,52.0,3.0,3.0,1,1,True,True
76869|Cebolla de rama,2022,51.0,3.0,3.0,2,2,True,False
76869|Cebolla de rama,2023,22.5,2.5,2.5,2,2,True,False
76869|Cebolla de rama,2024,36.0,4.0,4.0,2,2,True,False
76869|Cebolla de rama,2025,25.0,3.0,3.0,2,2,True,False
76869|Cilantro,2019,65.2,10.6,12.0,2,2,True,False
76869|Cilantro,2020,68.0,11.0,12.0,2,2,True,False
76869|Cilantro,2021,84.0,13.0,14.0,2,2,True,False
76869|Cilantro,2022,98.0,14.0,14.0,2,2,True,False
76869|Cilantro,2023,128.0,16.0,16.0,2,2,True,False
76869|Cilantro,2024,48.0,6.0,6.0,2,2,True,False
76869|Cilantro,2025,34.0,5.0,5.0,2,2,True,False
76869|Frijol,2019,18.4,25.0,34.0,2,2,True,False
76869|Frijol,2020,19.9,27.0,35.0,2,2,True,False
76869|Frijol,2021,32.6,34.0,35.0,2,2,True,False
76869|Frijol,2022,30.5,32.0,32.0,2,2,True,False
76869|Frijol,2023,34.0,31.0,31.0,2,2,True,False
76869|Frijol,2024,60.629999999999995,51.0,51.0,2,2,True,False
76869|Frijol,2025,87.1,52.0,51.0,2,2,True,False
76869|Habichuela,2019,112.5,13.0,17.0,2,2,True,False
76869|Habichuela,2020,174.5,20.0,22.0,2,2,True,False
76869|Habichuela,2021,234.0,26.0,27.0,2,2,True,False
76869|Habichuela,2022,207.0,23.0,23.0,2,2,True,False
76869|Habichuela,2023,180.0,20.0,20.0,2,2,True,False
76869|Habichuela,2024,171.0,19.0,21.0,2,2,True,False
76869|Habichuela,2025,170.0,20.0,20.0,2,2,True,False
76869|Limón Tahití,2021,27.3,1.52,2.52,1,0,False,False
76869|Limón Tahití,2022,22.8,1.52,2.52,1,0,False,False
76869|Limón Tahití,2023,19.76,1.52,3.52,1,0,False,False
76869|Limón Tahití,2024,32.76,2.52,3.52,1,0,False,False
76869|Limón Tahití,2025,25.2,2.52,3.52,1,0,False,False
76869|Lulo,2020,0.0,0.0,5.0,1,0,False,False
76869|Lulo,2021,48.0,4.0,5.0,1,0,False,False
76869|Lulo,2022,60.0,5.0,7.0,1,0,False,False
76869|Lulo,2023,91.0,7.0,9.0,1,0,False,False
76869|Lulo,2024,117.0,9.0,15.0,1,0,False,False
76869|Lulo,2025,180.0,15.0,20.0,1,0,False,False
76869|Mandarina Arrayana y/o Oneco,2021,97.43,4.43,5.43,1,0,False,False
76869|Mandarina Arrayana y/o Oneco,2022,108.6,5.43,7.43,1,0,False,False
76869|Mandarina Arrayana y/o Oneco,2023,103.17,5.43,7.93,1,0,False,False
76869|Mandarina Arrayana y/o Oneco,2024,141.17,7.43,8.93,1,0,False,False
76869|Mandarina Arrayana y/o Oneco,2025,126.31,7.43,8.93,1,0,False,False
76869|Mango demás variedades,2019,150.0,15.0,15.0,1,0,False,False
76869|Mango demás variedades,2020,130.0,13.0,15.0,1,0,False,False
76869|Mango demás variedades,2021,165.0,15.0,15.5,1,0,False,False
76869|Mango demás variedades,2022,155.0,15.5,18.5,1,0,False,False
76869|Mango demás variedades,2023,170.5,15.5,19.5,1,0,False,False
76869|Mango demás variedades,2024,203.5,18.5,21.5,1,0,False,False
76869|Mango demás variedades,2025,259.0,18.5,21.5,1,0,False,False
76869|Maracuyá,2019,525.0,35.0,41.0,1,0,False,False
76869|Maracuyá,2020,405.0,27.0,37.0,1,0,False,False
76869|Maracuyá,2021,368.0,23.0,26.0,1,0,False,False
76869|Maracuyá,2022,330.0,22.0,22.0,1,0,False,False
76869|Maracuyá,2023,286.0,22.0,22.5,1,0,False,False
76869|Maracuyá,2024,292.5,22.5,28.5,1,0,False,False
76869|Maracuyá,2025,456.0,28.5,38.5,1,0,False,False
76869|Maíz amarillo tecnificado,2021,44.74,16.0,18.0,2,2,True,False
76869|Maíz amarillo tecnificado,2022,42.0,15.0,14.0,2,2,True,False
76869|Maíz amarillo tecnificado,2024,10.059999999999999,4.0,6.0,2,2,True,False
76869|Maíz amarillo tecnificado,2025,13.42,6.0,6.0,2,2,True,False
76869|Maíz amarillo tradicional,2021,44.2,27.0,28.0,2,2,True,False
76869|Maíz amarillo tradicional,2022,40.8,24.0,23.0,2,2,True,False
76869|Maíz amarillo tradicional,2023,59.0,36.0,36.0,2,2,True,False
76869|Maíz amarillo tradicional,2024,25.17,15.0,20.0,2,2,True,False
76869|Maíz amarillo tradicional,2025,25.73,18.0,18.0,2,2,True,False
76869|Maíz blanco tecnificado,2021,11.46,5.0,5.0,2,2,True,False
76869|Maíz blanco tecnificado,2022,12.35,4.5,4.5,2,2,True,False
76869|Maíz blanco tradicional,2021,15.9,11.0,12.0,2,2,True,False
76869|Maíz blanco tradicional,2022,17.2,10.5,9.5,2,2,True,False
76869|Maíz blanco tradicional,2023,31.5,9.0,12.5,2,2,True,False
76869|Maíz blanco tradicional,2025,0.0,0.0,3.0,1,1,True,True
76869|Maíz tecnificado,2019,657.0,48.0,62.0,2,2,True,False
76869|Maíz tecnificado,2020,301.0,22.0,26.0,2,2,True,False
76869|Maíz tradicional,2019,59.4,39.0,66.0,2,2,True,False
76869|Maíz tradicional,2020,61.0,40.0,53.0,2,2,True,False
76869|Naranja Valencia,2021,833.86,36.25,36.25,1,0,False,False
76869|Naranja Valencia,2022,725.0,36.25,38.25,1,0,False,False
76869|Naranja Valencia,2023,688.75,36.25,40.25,1,0,False,False
76869|Naranja Valencia,2024,726.75,38.25,40.25,1,0,False,False
76869|Naranja Valencia,2025,726.75,38.25,40.25,1,0,False,False
76869|Otros cítricos,2019,860.0,43.0,48.0,1,0,False,False
76869|Otros cítricos,2020,800.0,40.0,46.0,1,0,False,False
76869|Papaya demás variedades,2019,2100.0,42.0,46.0,1,0,False,False
76869|Papaya demás variedades,2020,1600.0,32.0,42.0,1,0,False,False
76869|Papaya demás variedades,2021,1890.0,35.0,35.0,1,0,False,False
76869|Papaya demás variedades,2022,1400.0,35.0,36.0,1,0,False,False
76869|Papaya demás variedades,2023,1365.0,35.0,37.0,1,0,False,False
76869|Papaya demás variedades,2024,1443.0,37.0,37.0,1,0,False,False
76869|Papaya demás variedades,2025,1110.0,37.0,37.0,1,0,False,False
76869|Pepino cohombro,2019,220.5,5.5,7.0,2,2,True,False
76869|Pepino cohombro,2020,240.0,6.0,6.0,2,2,True,False
76869|Pepino cohombro,2021,237.0,6.0,6.0,2,2,True,False
76869|Pepino cohombro,2022,240.0,6.0,6.0,2,2,True,False
76869|Pepino cohombro,2023,195.0,6.0,6.0,2,2,True,False
76869|Pepino cohombro,2024,150.0,6.0,8.0,2,2,True,False
76869|Pepino cohombro,2025,160.0,8.0,8.0,2,2,True,False
76869|Pimentón,2019,536.8,30.4,43.0,2,2,True,False
76869|Pimentón,2020,633.0,36.0,44.0,2,2,True,False
76869|Pimentón,2021,756.0,42.0,44.0,2,2,True,False
76869|Pimentón,2022,758.0,41.0,41.0,2,2,True,False
76869|Pimentón,2023,860.0,44.0,45.0,2,2,True,False
76869|Pimentón,2024,740.0,38.0,40.0,2,2,True,False
76869|Pimentón,2025,880.0,40.0,40.0,2,2,True,False
"76869|Piña Cayena, Gold, Manzana y/o Perolera",2020,480.0,8.0,8.0,1,0,False,False
"76869|Piña Cayena, Gold, Manzana y/o Perolera",2021,520.0,8.0,9.0,1,0,False,False
"76869|Piña Cayena, Gold, Manzana y/o Perolera",2022,432.0,9.0,12.0,1,0,False,False
"76869|Piña Cayena, Gold, Manzana y/o Perolera",2023,384.0,12.0,13.0,1,0,False,False
"76869|Piña Cayena, Gold, Manzana y/o Perolera",2024,416.0,13.0,25.0,1,0,False,False
"76869|Piña Cayena, Gold, Manzana y/o Perolera",2025,390.0,13.0,25.0,1,0,False,False
76869|Piña demás variedades,2019,18060.0,301.0,361.0,1,0,False,False
76869|Piña demás variedades,2020,17782.99,281.0,341.0,1,0,False,False
76869|Piña demás variedades,2021,18483.0,303.0,318.0,1,0,False,False
76869|Piña demás variedades,2022,18180.0,303.0,304.0,1,0,False,False
76869|Piña demás variedades,2023,15200.0,304.0,304.5,1,0,False,False
76869|Piña demás variedades,2024,15225.0,304.5,304.5,1,0,False,False
76869|Piña demás variedades,2025,15834.0,304.5,310.5,1,0,False,False
76869|Plátano consumo interno,2019,1232.0,154.0,160.0,1,0,False,False
76869|Plátano consumo interno,2020,1200.0,150.0,158.0,1,0,False,False
76869|Plátano consumo interno,2021,1200.0,150.0,163.0,1,0,False,False
76869|Plátano consumo interno,2022,1288.0,161.0,162.0,1,0,False,False
76869|Plátano consumo interno,2023,1620.0,162.0,164.0,1,0,False,False
76869|Plátano consumo interno,2024,1640.0,164.0,169.0,1,0,False,False
76869|Plátano consumo interno,2025,1859.0,169.0,173.0,1,0,False,False
76869|Tomate,2019,3214.4,83.8,115.0,2,2,True,False
76869|Tomate,2020,2394.0,63.0,63.0,2,2,True,False
76869|Tomate,2021,1672.0,44.0,47.0,2,2,True,False
76869|Tomate,2022,1740.0,48.0,48.0,2,2,True,False
76869|Tomate,2023,1277.0,46.0,47.0,2,2,True,False
76869|Tomate,2024,36.0,3.0,4.0,2,2,True,False
76869|Tomate,2025,26.0,4.0,4.0,2,2,True,False
76869|Tomate invernadero,2020,920.0,22.0,26.0,2,2,True,False
76869|Tomate invernadero,2021,1494.0,34.0,36.0,2,2,True,False
76869|Tomate invernadero,2022,1740.0,36.0,36.0,2,2,True,False
76869|Tomate invernadero,2023,2500.0,40.0,40.0,2,2,True,False
76869|Tomate invernadero,2024,7500.0,120.0,120.0,2,2,True,False
76869|Tomate invernadero,2025,9600.0,120.0,120.0,2,2,True,False
76869|Yuca consumo en fresco,2019,270.0,27.0,27.0,2,2,True,False
76869|Yuca consumo en fresco,2020,540.0,54.0,54.0,2,2,True,False
76869|Yuca consumo en fresco,2021,430.0,37.0,44.0,2,2,True,False
76869|Yuca consumo en fresco,2022,460.0,40.0,41.0,2,2,True,False
76869|Yuca consumo en fresco,2023,471.0,41.0,43.0,2,2,True,False
76869|Yuca consumo en fresco,2024,462.0,40.0,42.0,2,2,True,False
76869|Yuca consumo en fresco,2025,615.0,45.0,50.0,2,2,True,False
76890|Acelga,2019,13.6,1.7,1.7,2,2,True,False
76890|Acelga,2020,8.0,1.0,1.0,2,2,True,False
76890|Acelga,2021,10.0,1.5,1.5,2,2,True,False
76890|Acelga,2022,16.0,2.0,2.0,2,2,True,False
76890|Acelga,2023,20.0,2.5,2.5,2,2,True,False
76890|Acelga,2024,16.0,2.0,2.0,2,2,True,False
76890|Acelga,2025,20.0,2.5,2.5,2,2,True,False
76890|Aguacate Hass,2020,27.0,3.0,3.0,1,0,False,False
76890|Aguacate Hass,2021,42.0,3.0,3.0,1,0,False,False
76890|Aguacate Hass,2022,30.0,3.0,13.0,1,0,False,False
76890|Aguacate Hass,2023,30.0,3.0,18.0,1,0,False,False
76890|Aguacate Hass,2024,180.0,18.0,18.0,1,0,False,False
76890|Aguacate Hass,2025,1180.0,118.0,118.0,1,0,False,False
76890|Aguacate demás variedades,2019,306.0,35.0,35.0,1,0,False,False
76890|Aguacate demás variedades,2020,360.0,30.0,30.0,1,0,False,False
76890|Aguacate demás variedades,2021,360.0,30.0,30.0,1,0,False,False
76890|Aguacate demás variedades,2022,360.0,30.0,50.0,1,0,False,False
76890|Aguacate demás variedades,2023,360.0,30.0,50.0,1,0,False,False
76890|Aguacate demás variedades,2024,600.0,50.0,53.0,1,0,False,False
76890|Aguacate demás variedades,2025,600.0,50.0,53.0,1,0,False,False
76890|Ahuyama,2019,184.0,16.0,16.0,2,2,True,False
76890|Ahuyama,2020,435.0,9.0,9.0,2,2,True,False
76890|Ahuyama,2021,255.0,17.0,17.0,2,2,True,False
76890|Ahuyama,2022,258.0,22.0,22.0,2,2,True,False
76890|Ahuyama,2023,390.0,26.0,26.0,2,2,True,False
76890|Ahuyama,2024,300.0,20.0,20.0,2,2,True,False
76890|Ahuyama,2025,300.0,20.0,20.0,2,2,True,False
76890|Algodón,2022,88.0,22.0,22.0,1,1,True,True
76890|Arracacha,2019,12.75,1.5,1.5,1,1,True,True
76890|Arracacha,2020,8.5,1.0,1.0,1,1,True,True
76890|Cacao,2019,1.4,2.0,2.0,1,0,False,False
76890|Cacao,2020,1.4,2.0,2.0,1,0,False,False
76890|Cacao,2021,1.4,2.0,5.0,1,0,False,False
76890|Cacao,2022,1.22,5.0,8.0,1,0,False,False
76890|Cacao,2023,3.5,5.0,13.0,1,0,False,False
76890|Cacao,2024,9.1,13.0,13.0,1,0,False,False
76890|Cacao,2025,9.1,13.0,13.0,1,0,False,False
76890|Café,2019,860.0,647.0,831.0,1,0,False,False
76890|Café,2020,158.2,644.0,806.0,1,0,False,False
76890|Café,2021,689.64,632.7,811.4,1,0,False,False
76890|Café,2022,159.28,627.87,826.3,1,0,False,False
76890|Café,2023,695.4,650.04,822.99,1,0,False,False
76890|Café,2024,872.4,660.91,834.76,1,0,False,False
76890|Café,2025,871.55,659.27,835.87,1,0,False,False
76890|Caña de azúcar,2019,308880.0,2574.0,2924.0,1,0,False,False
76890|Caña de azúcar,2020,350880.0,2924.0,2924.0,1,0,False,False
76890|Caña de azúcar,2021,350880.0,2924.0,2924.0,1,0,False,False
76890|Caña de azúcar,2022,350880.0,2924.0,3174.0,1,0,False,False
76890|Caña de azúcar,2023,350880.0,2924.0,3174.0,1,0,False,False
76890|Caña de azúcar,2024,380880.0,3174.0,3344.0,1,0,False,False
76890|Caña de azúcar,2025,319400.0,3194.0,3194.0,1,0,False,False
76890|Caña panelera,2019,1360.0,34.0,34.0,1,0,False,False
76890|Caña panelera,2020,1360.0,34.0,34.0,1,0,False,False
76890|Caña panelera,2021,1360.0,34.0,34.0,1,0,False,False
76890|Caña panelera,2022,1360.0,34.0,34.0,1,0,False,False
76890|Caña panelera,2023,1360.0,34.0,34.0,1,0,False,False
76890|Caña panelera,2024,1360.0,34.0,34.0,1,0,False,False
76890|Caña panelera,2025,1360.0,34.0,34.0,1,0,False,False
76890|Cebolla de rama,2019,10.0,2.0,2.0,1,1,True,True
76890|Cebolla de rama,2020,10.0,2.0,2.0,1,1,True,True
76890|Cilantro,2019,56.0,7.0,7.0,2,2,True,False
76890|Cilantro,2020,32.0,4.0,4.0,2,2,True,False
76890|Cilantro,2021,64.0,8.0,8.0,2,2,True,False
76890|Cilantro,2022,64.0,8.0,8.0,2,2,True,False
76890|Cilantro,2023,64.0,8.0,8.0,2,2,True,False
76890|Cilantro,2024,80.0,10.0,10.0,2,2,True,False
76890|Cilantro,2025,48.0,6.0,8.0,2,2,True,False
76890|Frijol,2019,14.5,15.0,15.0,2,2,True,False
76890|Frijol,2020,29.200000000000003,26.0,26.0,2,2,True,False
76890|Frijol,2021,27.0,18.0,18.0,2,2,True,False
76890|Frijol,2022,30.0,20.0,20.0,2,2,True,False
76890|Frijol,2023,30.0,20.0,20.0,2,2,True,False
76890|Frijol,2024,22.5,15.0,15.0,2,2,True,False
76890|Frijol,2025,25.5,17.0,17.0,2,2,True,False
76890|Guanábana,2020,60.0,4.0,4.0,1,0,False,False
76890|Guanábana,2021,60.0,4.0,4.0,1,0,False,False
76890|Guanábana,2022,60.0,4.0,4.0,1,0,False,False
76890|Guanábana,2023,60.0,4.0,4.0,1,0,False,False
76890|Guanábana,2024,60.0,4.0,4.0,1,0,False,False
76890|Guanábana,2025,60.0,4.0,4.0,1,0,False,False
76890|Guayaba,2019,262.5,17.9,17.9,1,0,False,False
76890|Guayaba,2020,255.0,17.0,17.0,1,0,False,False
76890|Guayaba,2021,255.0,17.0,17.0,1,0,False,False
76890|Guayaba,2022,255.0,17.0,17.0,1,0,False,False
76890|Guayaba,2023,255.0,17.0,17.0,1,0,False,False
76890|Guayaba,2024,255.0,17.0,17.0,1,0,False,False
76890|Guayaba,2025,255.0,17.0,17.0,1,0,False,False
76890|Habichuela,2019,162.0,18.0,18.0,2,2,True,False
76890|Habichuela,2020,90.0,10.0,10.0,2,2,True,False
76890|Habichuela,2021,126.0,14.0,14.0,2,2,True,False
76890|Habichuela,2022,225.0,25.0,25.0,2,2,True,False
76890|Habichuela,2023,198.0,22.0,22.0,2,2,True,False
76890|Habichuela,2024,198.0,22.0,22.0,2,2,True,False
76890|Habichuela,2025,207.0,23.0,23.0,2,2,True,False
76890|Limón Tahití,2021,25.64,1.71,1.71,1,0,False,False
76890|Limón Tahití,2022,51.3,1.71,3.71,1,0,False,False
76890|Limón Tahití,2023,51.3,1.71,3.71,1,0,False,False
76890|Limón Tahití,2024,111.3,3.71,3.71,1,0,False,False
76890|Limón Tahití,2025,111.3,3.71,3.71,1,0,False,False
76890|Lulo,2019,33.0,3.0,5.0,1,0,False,False
76890|Lulo,2020,44.0,4.0,4.0,1,0,False,False
76890|Lulo,2021,44.0,4.0,8.0,1,0,False,False
76890|Lulo,2022,88.0,8.0,13.0,1,0,False,False
76890|Lulo,2023,55.0,5.0,15.0,1,0,False,False
76890|Lulo,2024,121.0,11.0,11.0,1,0,False,False
76890|Lulo,2025,66.0,6.0,6.0,1,0,False,False
76890|Mandarina Arrayana y/o Oneco,2021,121.43,4.86,4.86,1,0,False,False
76890|Mandarina Arrayana y/o Oneco,2022,145.8,4.86,7.86,1,0,False,False
76890|Mandarina Arrayana y/o Oneco,2023,145.8,4.86,7.86,1,0,False,False
76890|Mandarina Arrayana y/o Oneco,2024,235.8,7.86,7.86,1,0,False,False
76890|Mandarina Arrayana y/o Oneco,2025,235.8,7.86,7.86,1,0,False,False
"76890|Mango Kent, Keitt, Hilacha o Nam Doc",2020,200.0,20.0,20.0,1,0,False,False
"76890|Mango Kent, Keitt, Hilacha o Nam Doc",2021,200.0,20.0,20.0,1,0,False,False
"76890|Mango Kent, Keitt, Hilacha o Nam Doc",2022,200.0,20.0,20.0,1,0,False,False
"76890|Mango Kent, Keitt, Hilacha o Nam Doc",2023,240.0,20.0,20.0,1,0,False,False
"76890|Mango Kent, Keitt, Hilacha o Nam Doc",2024,240.0,20.0,20.0,1,0,False,False
"76890|Mango Kent, Keitt, Hilacha o Nam Doc",2025,120.0,10.0,10.0,1,0,False,False
76890|Mango demás variedades,2019,200.0,20.0,20.0,1,0,False,False
76890|Maracuyá,2019,135.0,5.0,7.0,1,0,False,False
76890|Maracuyá,2020,189.0,7.0,7.0,1,0,False,False
76890|Maracuyá,2021,189.0,7.0,11.0,1,0,False,False
76890|Maracuyá,2022,297.0,11.0,13.0,1,0,False,False
76890|Maracuyá,2023,243.0,9.0,14.0,1,0,False,False
76890|Maracuyá,2024,270.0,10.0,10.0,1,0,False,False
76890|Maracuyá,2025,135.0,5.0,5.0,1,0,False,False
76890|Maíz amarillo tecnificado,2021,1350.0,150.0,150.0,2,2,True,False
76890|Maíz amarillo tecnificado,2022,1152.0,128.0,160.0,2,2,True,False
76890|Maíz amarillo tecnificado,2023,1440.0,160.0,150.0,2,2,True,False
76890|Maíz amarillo tecnificado,2024,327.21000000000004,130.0,120.0,2,2,True,False
76890|Maíz amarillo tecnificado,2025,226.53000000000003,90.0,90.0,2,2,True,False
76890|Maíz amarillo tradicional,2021,52.5,35.0,35.0,2,2,True,False
76890|Maíz amarillo tradicional,2022,47.55,31.7,28.0,2,2,True,False
76890|Maíz amarillo tradicional,2023,40.5,27.0,27.0,2,2,True,False
76890|Maíz amarillo tradicional,2024,31.5,21.0,23.0,2,2,True,False
76890|Maíz amarillo tradicional,2025,33.0,22.0,22.0,2,2,True,False
76890|Maíz blanco tecnificado,2021,900.0,100.0,100.0,2,2,True,False
76890|Maíz blanco tecnificado,2022,978.3,108.7,110.0,2,2,True,False
76890|Maíz blanco tecnificado,2023,981.0,109.0,129.0,2,2,True,False
76890|Maíz blanco tecnificado,2024,1116.0,124.0,129.0,2,2,True,False
76890|Maíz blanco tecnificado,2025,226.51999999999998,90.0,90.0,2,2,True,False
76890|Maíz blanco tradicional,2021,45.0,30.0,30.0,2,2,True,False
76890|Maíz blanco tradicional,2022,39.0,26.0,27.0,2,2,True,False
76890|Maíz blanco tradicional,2023,39.75,26.5,18.5,2,2,True,False
76890|Maíz blanco tradicional,2024,22.5,15.0,16.0,2,2,True,False
76890|Maíz blanco tradicional,2025,24.0,16.0,16.0,2,2,True,False
76890|Maíz tecnificado,2019,1955.0,230.0,230.0,2,2,True,False
76890|Maíz tecnificado,2020,1700.0,200.0,200.0,2,2,True,False
76890|Maíz tradicional,2019,40.5,27.0,27.0,2,2,True,False
76890|Maíz tradicional,2020,135.0,90.0,90.0,2,2,True,False
76890|Naranja Valencia,2021,1135.17,32.43,32.43,1,0,False,False
76890|Naranja Valencia,2022,972.9,32.43,32.43,1,0,False,False
76890|Naranja Valencia,2023,972.9,32.43,32.43,1,0,False,False
76890|Naranja Valencia,2024,972.9,32.43,32.43,1,0,False,False
76890|Naranja Valencia,2025,972.9,32.43,32.43,1,0,False,False
76890|Otros cítricos,2019,1188.0,39.6,39.6,1,0,False,False
76890|Otros cítricos,2020,1170.0,39.0,39.0,1,0,False,False
76890|Papaya demás variedades,2019,250.0,5.0,10.0,1,0,False,False
76890|Papaya demás variedades,2020,350.0,7.0,12.0,1,0,False,False
76890|Papaya demás variedades,2021,840.0,12.0,17.0,1,0,False,False
76890|Papaya demás variedades,2022,600.0,12.0,19.0,1,0,False,False
76890|Papaya demás variedades,2023,950.0,19.0,19.0,1,0,False,False
76890|Papaya demás variedades,2024,700.0,14.0,14.0,1,0,False,False
76890|Papaya demás variedades,2025,350.0,7.0,7.0,1,0,False,False
76890|Perejil,2019,10.0,2.0,2.0,2,2,True,False
76890|Perejil,2020,10.0,2.0,2.0,2,2,True,False
76890|Perejil,2021,10.0,2.0,2.0,2,2,True,False
76890|Perejil,2022,15.0,3.0,3.0,2,2,True,False
76890|Perejil,2023,17.5,3.5,3.5,2,2,True,False
76890|Perejil,2024,12.5,2.5,2.5,2,2,True,False
76890|Perejil,2025,10.0,2.0,2.0,2,2,True,False
76890|Pimentón,2019,210.0,14.0,14.0,2,2,True,False
76890|Pimentón,2020,90.0,6.0,6.0,2,2,True,False
76890|Pimentón,2021,105.0,7.0,7.0,2,2,True,False
76890|Pimentón,2022,135.0,9.0,9.0,2,2,True,False
76890|Pimentón,2023,97.5,6.5,6.5,2,2,True,False
76890|Pimentón,2024,90.0,6.0,6.0,2,2,True,False
76890|Pimentón,2025,120.0,8.0,8.0,2,2,True,False
76890|Pitahaya,2019,27.0,3.0,3.0,1,0,False,False
76890|Pitahaya,2020,18.0,2.0,2.0,1,0,False,False
76890|Pitahaya,2021,18.0,2.0,2.0,1,0,False,False
76890|Pitahaya,2022,18.0,2.0,2.0,1,0,False,False
76890|Pitahaya,2023,18.0,2.0,2.0,1,0,False,False
76890|Piña demás variedades,2019,1470.0,21.0,26.0,1,0,False,False
76890|Piña demás variedades,2020,1120.0,16.0,16.0,1,0,False,False
76890|Piña demás variedades,2021,1120.0,16.0,21.0,1,0,False,False
76890|Piña demás variedades,2022,770.0,11.0,16.0,1,0,False,False
76890|Piña demás variedades,2023,350.0,5.0,15.0,1,0,False,False
76890|Piña demás variedades,2024,770.0,11.0,11.0,1,0,False,False
76890|Piña demás variedades,2025,420.0,6.0,6.0,1,0,False,False
76890|Plátano consumo interno,2019,7952.0,1062.0,1062.0,1,0,False,False
76890|Plátano consumo interno,2020,7954.38,1062.0,1095.74,1,0,False,False
76890|Plátano consumo interno,2021,14378.0,1027.0,1095.74,1,0,False,False
76890|Plátano consumo interno,2022,12540.36,895.74,895.74,1,0,False,False
76890|Plátano consumo interno,2023,11140.36,795.74,795.74,1,0,False,False
76890|Plátano consumo interno,2024,10440.36,745.74,745.74,1,0,False,False
76890|Plátano consumo interno,2025,9109.62,700.74,700.74,1,0,False,False
76890|Tomate,2019,840.0,28.0,28.0,2,2,True,False
76890|Tomate,2020,660.0,22.0,22.0,2,2,True,False
76890|Tomate,2021,810.0,27.0,27.0,2,2,True,False
76890|Tomate,2022,1200.0,40.0,40.0,2,2,True,False
76890|Tomate,2023,1800.0,60.0,60.0,2,2,True,False
76890|Tomate,2024,1500.0,50.0,50.0,2,2,True,False
76890|Tomate,2025,1410.0,47.0,47.0,2,2,True,False
76890|Uva,2019,369.0,20.5,20.5,1,0,False,False
76890|Uva,2020,387.0,21.5,21.5,1,0,False,False
76890|Uva,2021,369.0,20.5,21.5,1,0,False,False
76890|Uva,2022,752.5,21.5,21.5,1,0,False,False
76890|Uva,2023,752.5,21.5,21.5,1,0,False,False
76890|Uva,2024,752.5,21.5,21.5,1,0,False,False
76890|Uva,2025,752.5,21.5,21.5,1,0,False,False
76890|Yuca consumo en fresco,2019,200.0,10.0,10.0,1,1,True,True
76890|Yuca consumo en fresco,2020,160.0,8.0,8.0,1,1,True,True
76890|Yuca consumo en fresco,2021,48.0,8.0,8.0,1,1,True,True
76890|Yuca consumo en fresco,2022,120.0,10.0,10.0,2,2,True,False
76890|Yuca consumo en fresco,2023,128.0,8.0,16.0,2,2,True,False
76890|Yuca consumo en fresco,2024,240.0,15.0,17.0,2,2,True,False
76890|Yuca consumo en fresco,2025,304.0,19.0,17.0,2,2,True,False
76892|Aguacate demás variedades,2019,274.2,22.85,24.75,1,0,False,False
76892|Aguacate demás variedades,2020,215.4,17.95,19.95,1,0,False,False
76892|Aguacate demás variedades,2021,191.4,15.95,18.95,1,0,False,False
76892|Aguacate demás variedades,2022,208.45,18.95,25.95,1,0,False,False
76892|Aguacate demás variedades,2023,169.95,15.45,24.85,1,0,False,False
76892|Aguacate demás variedades,2024,273.35,24.85,26.85,1,0,False,False
76892|Aguacate demás variedades,2025,273.35,24.85,26.85,1,0,False,False
76892|Ahuyama,2019,138.0,9.2,9.7,2,2,True,False
76892|Ahuyama,2020,97.5,6.5,6.9,2,2,True,False
76892|Ahuyama,2021,120.0,8.0,8.34,2,2,True,False
76892|Ahuyama,2022,143.1,9.54,9.54,2,2,True,False
76892|Ahuyama,2023,148.5,9.9,9.9,2,2,True,False
76892|Ahuyama,2024,112.5,7.5,7.5,2,2,True,False
76892|Ahuyama,2025,222.0,14.8,14.8,2,2,True,False
76892|Ají,2019,63.24,10.54,10.54,1,1,True,True
76892|Ají,2020,75.0,5.0,8.0,1,1,True,True
76892|Ají,2021,300.0,10.0,10.0,1,1,True,True
76892|Ají,2022,240.0,16.0,16.0,2,2,True,False
76892|Ají,2023,295.35,19.689999999999998,19.689999999999998,2,2,True,False
76892|Ají,2024,330.0,22.0,22.0,2,2,True,False
76892|Ají,2025,184.5,12.3,12.3,2,2,True,False
76892|Arracacha,2019,36.96,6.16,6.16,2,2,True,False
76892|Arracacha,2020,26.4,4.4,4.5,2,2,True,False
76892|Arracacha,2021,21.0,1.9,2.9,2,2,True,False
76892|Arracacha,2022,33.0,3.0,4.0,2,2,True,False
76892|Arracacha,2023,104.5,7.5,11.14,2,2,True,False
76892|Arracacha,2024,143.99,11.09,11.5,2,2,True,False
76892|Arracacha,2025,154.5,11.9,11.9,2,2,True,False
76892|Arveja,2019,10.2,3.4,3.4,2,2,True,False
76892|Arveja,2020,1.96,1.4,1.4,2,2,True,False
76892|Arveja,2021,2.38,1.7,2.0,2,2,True,False
76892|Arveja,2022,2.06,2.0,2.1,2,2,True,False
76892|Arveja,2023,1.9700000000000002,1.35,1.35,2,2,True,False
76892|Arveja,2024,2.42,1.1,1.1,2,2,True,False
76892|Arveja,2025,0.99,0.45,0.45,2,2,True,False
76892|Banano consumo interno,2019,145.4,14.54,14.64,1,0,False,False
76892|Banano consumo interno,2020,96.4,9.64,10.14,1,0,False,False
76892|Banano consumo interno,2021,61.4,6.14,7.14,1,0,False,False
76892|Banano consumo interno,2022,71.4,7.14,23.14,1,0,False,False
76892|Banano consumo interno,2023,210.4,21.04,22.84,1,0,False,False
76892|Banano consumo interno,2024,228.4,22.84,24.84,1,0,False,False
76892|Banano consumo interno,2025,248.4,24.84,26.84,1,0,False,False
76892|Berenjena,2022,25.6,0.64,0.64,1,1,True,True
76892|Cacao,2019,0.6,1.0,1.75,1,0,False,False
76892|Cacao,2020,0.33,0.95,1.45,1,0,False,False
76892|Cacao,2021,0.87,1.45,1.45,1,0,False,False
76892|Cacao,2022,0.4,1.35,1.55,1,0,False,False
76892|Cacao,2023,0.4,1.35,1.55,1,0,False,False
76892|Cacao,2024,0.16,1.55,2.05,1,0,False,False
76892|Cacao,2025,0.62,1.55,2.05,1,0,False,False
76892|Café,2019,325.0,265.0,287.0,1,0,False,False
76892|Café,2020,255.0,225.0,258.0,1,0,False,False
76892|Café,2021,234.9,228.06,260.14,1,0,False,False
76892|Café,2022,152.62,229.84,257.1,1,0,False,False
76892|Café,2023,71.07,224.23,251.84,1,0,False,False
76892|Café,2024,83.46,208.64,241.31,1,0,False,False
76892|Café,2025,82.53,206.02,242.04,1,0,False,False
76892|Caña de azúcar,2019,213888.0,1782.4,2228.0,1,0,False,False
76892|Caña de azúcar,2020,267360.0,2228.0,2228.0,1,0,False,False
76892|Caña de azúcar,2021,247200.0,2060.0,2158.0,1,0,False,False
76892|Caña de azúcar,2022,274063.5,2010.0,2010.0,1,0,False,False
76892|Caña de azúcar,2023,245430.0,1800.0,1800.0,1,0,False,False
76892|Caña de azúcar,2024,239400.0,1800.0,1800.0,1,0,False,False
76892|Caña de azúcar,2025,239400.0,1800.0,1800.0,1,0,False,False
76892|Caña panelera,2019,199.5,5.7,6.7,1,0,False,False
76892|Caña panelera,2020,182.0,5.2,5.7,1,0,False,False
76892|Caña panelera,2021,122.5,3.5,3.5,1,0,False,False
76892|Caña panelera,2022,105.0,3.5,4.2,1,0,False,False
76892|Caña panelera,2023,120.0,4.0,4.0,1,0,False,False
76892|Caña panelera,2024,45.0,1.5,1.5,1,0,False,False
76892|Caña panelera,2025,45.0,1.5,1.5,1,0,False,False
76892|Cebolla de bulbo,2019,168.0,5.6,5.6,2,2,True,False
76892|Cebolla de bulbo,2020,280.0,8.0,8.0,2,2,True,False
76892|Cebolla de bulbo,2021,144.0,9.0,9.5,2,2,True,False
76892|Cebolla de bulbo,2022,237.5,9.5,9.5,2,2,True,False
76892|Cebolla de bulbo,2023,137.5,5.5,5.5,2,2,True,False
76892|Cebolla de bulbo,2024,45.0,1.8,1.8,2,2,True,False
76892|Cebolla de bulbo,2025,45.0,1.8,1.8,2,2,True,False
76892|Cebolla de rama,2019,106.2,5.9,5.9,1,1,True,True
76892|Cebolla de rama,2020,36.0,2.0,2.0,1,1,True,True
76892|Cebolla de rama,2021,55.5,1.85,1.85,1,1,True,True
76892|Cebolla de rama,2022,42.0,2.0,2.0,1,1,True,True
76892|Cebolla de rama,2023,134.4,6.4,6.4,1,1,True,True
76892|Cebolla de rama,2024,42.0,2.0,4.0,1,1,True,True
76892|Cebolla de rama,2025,98.7,4.7,4.7,1,1,True,True
76892|Cilantro,2019,592.5,79.0,84.25999999999999,2,2,True,False
76892|Cilantro,2020,247.2,30.9,30.939999999999998,2,2,True,False
76892|Cilantro,2021,900.0,60.0,66.0,2,2,True,False
76892|Cilantro,2022,828.0,46.0,48.0,2,2,True,False
76892|Cilantro,2023,1928.52,107.14,107.14,2,2,True,False
76892|Cilantro,2024,1530.0,85.0,85.0,2,2,True,False
76892|Cilantro,2025,1857.96,103.22,103.22,2,2,True,False
76892|Fresa,2020,0.0,0.0,1.0,1,0,False,False
76892|Frijol,2019,19.0,19.0,19.1,2,2,True,False
76892|Frijol,2020,8.3,8.3,8.3,2,2,True,False
76892|Frijol,2021,11.99,10.0,10.7,2,2,True,False
76892|Frijol,2022,13.5,9.0,9.780000000000001,2,2,True,False
76892|Frijol,2023,28.8,19.2,19.2,2,2,True,False
76892|Frijol,2024,30.0,20.0,20.0,2,2,True,False
76892|Frijol,2025,19.65,13.1,13.1,2,2,True,False
76892|Granadilla,2019,26.64,2.22,2.22,1,0,False,False
76892|Granadilla,2020,17.04,1.42,1.52,1,0,False,False
76892|Granadilla,2021,6.24,0.52,1.02,1,0,False,False
76892|Granadilla,2022,10.2,1.02,1.02,1,0,False,False
76892|Granadilla,2023,10.2,1.02,1.7,1,0,False,False
76892|Granadilla,2024,5.0,0.5,0.5,1,0,False,False
76892|Granadilla,2025,0.0,0.0,0.0,1,0,False,False
76892|Guanábana,2019,90.6,6.04,7.44,1,0,False,False
76892|Guanábana,2020,68.1,4.54,5.24,1,0,False,False
76892|Guanábana,2021,78.6,5.24,6.24,1,0,False,False
76892|Guanábana,2022,62.4,6.24,6.24,1,0,False,False
76892|Guanábana,2023,50.0,5.0,5.0,1,0,False,False
76892|Guanábana,2024,50.0,5.0,5.0,1,0,False,False
76892|Guanábana,2025,50.0,5.0,5.0,1,0,False,False
76892|Guayaba,2019,24.2,7.4,7.5,1,0,False,False
76892|Guayaba,2020,23.2,5.8,5.8,1,0,False,False
76892|Guayaba,2021,26.5,5.3,6.1,1,0,False,False
76892|Guayaba,2022,30.5,6.1,6.1,1,0,False,False
76892|Guayaba,2023,28.0,5.6,5.6,1,0,False,False
76892|Guayaba,2024,3.0,0.6,0.6,1,0,False,False
76892|Guayaba,2025,3.0,0.6,6.6,1,0,False,False
76892|Gulupa o cholupa,2021,0.0,0.0,1.0,1,0,False,False
76892|Gulupa o cholupa,2022,25.0,1.0,1.0,1,0,False,False
76892|Gulupa o cholupa,2023,25.0,1.0,1.0,1,0,False,False
76892|Gulupa o cholupa,2024,25.0,1.0,1.0,1,0,False,False
76892|Gulupa o cholupa,2025,25.0,1.0,1.0,1,0,False,False
76892|Habichuela,2019,59.400000000000006,6.6,6.91,2,2,True,False
76892|Habichuela,2020,14.4,1.6,1.6,2,2,True,False
76892|Habichuela,2021,15.6,1.2,1.2,2,2,True,False
76892|Habichuela,2022,35.1,2.7,2.7,2,2,True,False
76892|Habichuela,2023,13.0,1.0,1.0,2,2,True,False
76892|Habichuela,2024,13.0,1.0,1.0,2,2,True,False
76892|Habichuela,2025,19.5,1.5,1.5,2,2,True,False
76892|Lechuga,2019,97.75,5.75,5.75,2,2,True,False
76892|Lechuga,2020,68.0,4.0,4.5,2,2,True,False
76892|Lechuga,2021,32.0,1.6,1.6,2,2,True,False
76892|Lechuga,2022,50.0,2.5,2.5,2,2,True,False
76892|Lechuga,2023,35.5,1.85,1.85,2,2,True,False
76892|Lechuga,2024,114.0,6.0,6.0,2,2,True,False
76892|Lechuga,2025,79.6,4.2,4.2,2,2,True,False
76892|Limón Tahití,2021,33.55,2.24,31.24,1,0,False,False
76892|Limón Tahití,2022,475.92,26.44,51.44,1,0,False,False
76892|Limón Tahití,2023,475.92,26.44,51.84,1,0,False,False
76892|Limón Tahití,2024,933.12,51.84,53.84,1,0,False,False
76892|Limón Tahití,2025,933.12,51.84,53.84,1,0,False,False
76892|Mandarina Arrayana y/o Oneco,2021,14.31,0.95,1.55,1,0,False,False
76892|Mandarina Arrayana y/o Oneco,2022,23.25,1.55,2.75,1,0,False,False
76892|Mandarina Arrayana y/o Oneco,2023,23.25,1.55,2.75,1,0,False,False
76892|Mandarina Arrayana y/o Oneco,2024,41.25,2.75,2.75,1,0,False,False
76892|Mandarina Arrayana y/o Oneco,2025,41.25,2.75,2.75,1,0,False,False
76892|Mango demás variedades,2019,400.0,33.3,35.0,1,0,False,False
76892|Mango demás variedades,2020,347.1,26.7,27.1,1,0,False,False
76892|Mango demás variedades,2021,235.3,18.1,19.3,1,0,False,False
76892|Mango demás variedades,2022,219.7,16.9,16.9,1,0,False,False
76892|Mango demás variedades,2023,219.7,16.9,17.0,1,0,False,False
76892|Mango demás variedades,2024,221.0,17.0,17.0,1,0,False,False
76892|Mango demás variedades,2025,221.0,17.0,17.0,1,0,False,False
76892|Maracuyá,2019,65.0,2.6,3.0,1,0,False,False
76892|Maracuyá,2020,65.0,2.6,2.8,1,0,False,False
76892|Maracuyá,2021,12.5,0.5,1.1,1,0,False,False
76892|Maracuyá,2022,27.5,1.1,15.1,1,0,False,False
76892|Maracuyá,2023,300.0,12.0,12.0,1,0,False,False
76892|Maracuyá,2024,300.0,12.0,12.0,1,0,False,False
76892|Maracuyá,2025,300.0,12.0,29.0,1,0,False,False
76892|Maíz amarillo tecnificado,2021,130.0,20.0,21.32,2,2,True,False
76892|Maíz amarillo tecnificado,2022,18.17,13.0,6.0,2,2,True,False
76892|Maíz amarillo tecnificado,2023,8.38,6.0,8.5,2,2,True,False
76892|Maíz amarillo tecnificado,2024,47.5,9.5,7.0,2,2,True,False
76892|Maíz amarillo tecnificado,2025,15.0,3.0,0.0,1,1,True,True
76892|Maíz amarillo tradicional,2021,35.59,12.0,12.0,2,2,True,False
76892|Maíz amarillo tradicional,2022,15.600000000000001,13.0,23.7,2,2,True,False
76892|Maíz amarillo tradicional,2023,30.0,25.0,20.05,2,2,True,False
76892|Maíz amarillo tradicional,2024,22.2,18.5,20.0,2,2,True,False
76892|Maíz amarillo tradicional,2025,31.8,26.5,35.55,2,2,True,False
76892|Maíz tecnificado,2019,64.4,9.2,10.1,2,2,True,False
76892|Maíz tecnificado,2020,35.0,5.0,5.0,2,2,True,False
76892|Maíz tradicional,2019,63.0,21.0,23.86,2,2,True,False
76892|Maíz tradicional,2020,69.0,23.0,23.42,2,2,True,False
76892|Mora,2019,7.8,1.3,1.3,1,0,False,False
76892|Mora,2020,3.0,0.5,0.6,1,0,False,False
76892|Mora,2021,3.0,0.5,0.7,1,0,False,False
76892|Mora,2022,3.0,0.5,0.5,1,0,False,False
76892|Mora,2023,2.4,0.4,0.4,1,0,False,False
76892|Mora,2024,1.2,0.2,0.3,1,0,False,False
76892|Mora,2025,1.2,0.2,0.3,1,0,False,False
76892|Naranja Valencia,2021,274.94,18.33,20.43,1,0,False,False
76892|Naranja Valencia,2022,306.45,20.43,22.73,1,0,False,False
76892|Naranja Valencia,2023,306.45,20.43,26.13,1,0,False,False
76892|Naranja Valencia,2024,391.95,26.13,26.13,1,0,False,False
76892|Naranja Valencia,2025,391.95,26.13,26.13,1,0,False,False
76892|Otras hortalizas,2021,30.0,5.0,5.2,1,1,True,True
76892|Otras hortalizas,2022,20.0,1.0,2.0,1,1,True,True
76892|Otros cítricos,2019,990.3,66.02,69.52,1,0,False,False
76892|Otros cítricos,2020,652.8,43.52,51.02,1,0,False,False
"76892|Papaya Hawaiana, Maradol, Melona, redonda y/o Tainung",2020,88.0,1.1,2.1,1,0,False,False
"76892|Papaya Hawaiana, Maradol, Melona, redonda y/o Tainung",2021,1448.0,18.1,24.1,1,0,False,False
"76892|Papaya Hawaiana, Maradol, Melona, redonda y/o Tainung",2022,328.0,4.1,7.1,1,0,False,False
"76892|Papaya Hawaiana, Maradol, Melona, redonda y/o Tainung",2023,320.0,4.0,4.0,1,0,False,False
"76892|Papaya Hawaiana, Maradol, Melona, redonda y/o Tainung",2024,200.0,2.5,2.5,1,0,False,False
"76892|Papaya Hawaiana, Maradol, Melona, redonda y/o Tainung",2025,200.0,2.5,9.2,1,0,False,False
76892|Papaya demás variedades,2019,490.0,19.6,22.6,1,0,False,False
76892|Papaya demás variedades,2020,112.5,4.5,4.6,1,0,False,False
76892|Papaya demás variedades,2021,15.0,0.6,1.6,1,0,False,False
76892|Papaya demás variedades,2022,2.5,0.1,1.1,1,0,False,False
76892|Papaya demás variedades,2023,27.5,1.1,4.1,1,0,False,False
76892|Papaya demás variedades,2024,27.5,1.1,1.1,1,0,False,False
76892|Papaya demás variedades,2025,27.5,1.1,1.1,1,0,False,False
76892|Pepino cohombro,2019,10.0,0.5,0.5,1,1,True,True
76892|Pepino cohombro,2020,15.0,1.0,1.0,1,1,True,True
76892|Pimentón,2019,56.85,3.79,3.79,2,2,True,False
76892|Pimentón,2020,36.0,2.4000000000000004,2.4000000000000004,2,2,True,False
76892|Pimentón,2021,50.4,2.4,2.4,2,2,True,False
76892|Pimentón,2022,126.0,6.0,6.4,2,2,True,False
76892|Pimentón,2023,105.0,5.0,5.0,2,2,True,False
76892|Pimentón,2024,147.0,7.0,7.0,2,2,True,False
76892|Pimentón,2025,132.29999999999998,6.3,6.3,2,2,True,False
76892|Pitahaya,2019,12.0,1.0,1.0,1,0,False,False
76892|Pitahaya,2020,9.6,0.8,0.9,1,0,False,False
76892|Pitahaya,2021,3.6,0.3,0.3,1,0,False,False
76892|Piña demás variedades,2019,60.0,1.0,3.0,1,0,False,False
76892|Piña demás variedades,2020,76.2,1.27,3.3,1,0,False,False
76892|Piña demás variedades,2021,30.0,0.5,0.8,1,0,False,False
76892|Piña demás variedades,2022,6.0,0.1,0.1,1,0,False,False
76892|Piña demás variedades,2023,6.0,0.1,0.5,1,0,False,False
76892|Piña demás variedades,2024,30.0,0.5,0.5,1,0,False,False
76892|Plantas aromáticas,2019,876.0,146.0,151.42000000000002,2,2,True,False
76892|Plantas aromáticas,2020,867.6,144.6,145.2,2,2,True,False
76892|Plantas aromáticas,2021,512.8,64.1,65.6,1,0,False,False
76892|Plantas aromáticas,2022,576.0,57.6,57.6,1,0,False,False
76892|Plantas aromáticas,2023,428.0,42.8,42.8,1,0,False,False
76892|Plantas aromáticas,2024,428.0,42.8,45.8,1,0,False,False
76892|Plantas aromáticas,2025,458.0,45.8,45.8,1,0,False,False
76892|Plátano consumo interno,2019,253.5,16.9,18.9,1,0,False,False
76892|Plátano consumo interno,2020,195.0,13.0,25.8,1,0,False,False
76892|Plátano consumo interno,2021,305.2,21.8,25.8,1,0,False,False
76892|Plátano consumo interno,2022,387.0,25.8,27.4,1,0,False,False
76892|Plátano consumo interno,2023,342.0,22.8,22.8,1,0,False,False
76892|Plátano consumo interno,2024,342.0,22.8,22.8,1,0,False,False
76892|Plátano consumo interno,2025,342.0,22.8,22.8,1,0,False,False
76892|Sábila,2019,126.0,6.3,6.3,1,0,False,False
76892|Sábila,2020,82.0,4.1,5.2,1,0,False,False
76892|Sábila,2021,100.0,5.0,5.0,1,0,False,False
76892|Sábila,2022,100.0,5.0,5.6,1,0,False,False
76892|Sábila,2023,112.0,5.6,5.6,1,0,False,False
76892|Sábila,2024,112.0,5.6,5.6,1,0,False,False
76892|Sábila,2025,38.0,1.9,1.9,1,0,False,False
76892|Tomate,2019,15.0,0.6,0.6,2,2,True,False
76892|Tomate,2020,275.0,11.0,11.3,2,2,True,False
76892|Tomate,2021,15.0,0.6000000000000001,0.6000000000000001,2,2,True,False
76892|Tomate,2022,14.0,0.7,0.7,2,2,True,False
76892|Tomate,2023,62.0,3.1,5.2,2,2,True,False
76892|Tomate,2024,100.0,5.0,5.0,2,2,True,False
76892|Tomate,2025,354.0,17.7,17.7,2,2,True,False
76892|Tomate invernadero,2019,521.6,13.04,13.05,2,2,True,False
76892|Tomate invernadero,2020,240.0,6.0,6.0,2,2,True,False
76892|Tomate invernadero,2021,270.0,9.0,22.1,2,2,True,False
76892|Tomate invernadero,2022,976.0,24.4,25.4,2,2,True,False
76892|Tomate invernadero,2023,1092.0,27.3,27.3,2,2,True,False
76892|Tomate invernadero,2024,760.0,19.0,19.0,2,2,True,False
76892|Tomate invernadero,2025,800.0,20.0,20.0,2,2,True,False
76892|Uva,2019,1908.0,159.0,173.0,1,0,False,False
76892|Uva,2020,600.0,50.0,87.3,1,0,False,False
76892|Uva,2021,1047.6,87.3,89.7,1,0,False,False
76892|Uva,2022,812.4,67.7,67.7,1,0,False,False
76892|Uva,2023,744.0,62.0,62.0,1,0,False,False
76892|Uva,2024,744.0,62.0,63.0,1,0,False,False
76892|Uva,2025,744.0,62.0,63.0,1,0,False,False
76892|Yuca consumo en fresco,2019,214.0,10.7,10.799999999999999,2,2,True,False
76892|Yuca consumo en fresco,2020,140.0,7.0,8.6,2,2,True,False
76892|Yuca consumo en fresco,2021,70.0,4.0,6.0,2,2,True,False
76892|Yuca consumo en fresco,2022,180.0,12.0,20.0,2,2,True,False
76892|Yuca consumo en fresco,2023,282.0,18.8,15.64,2,2,True,False
76892|Yuca consumo en fresco,2024,207.6,13.84,15.0,2,2,True,False
76892|Yuca consumo en fresco,2025,232.5,15.5,15.5,2,2,True,False
76892|Yuca industrial,2022,468.0,26.0,52.0,2,2,True,False
76892|Yuca industrial,2023,828.0,46.0,26.0,2,2,True,False
76892|Yuca industrial,2024,468.0,26.0,28.0,2,2,True,False
76892|Yuca industrial,2025,504.0,28.0,40.0,2,2,True,False
76892|Zapote,2019,13.44,1.12,1.12,1,0,False,False
76892|Zapote,2020,13.44,1.12,1.12,1,0,False,False
76892|Zapote,2021,12.0,1.0,1.0,1,0,False,False
76892|Zapote,2022,10.0,1.0,9.7,1,0,False,False
76892|Zapote,2023,12.0,1.2,1.2,1,0,False,False
76892|Zapote,2024,12.0,1.2,1.2,1,0,False,False
76892|Zapote,2025,12.0,1.2,2.24,1,0,False,False
76895|Arroz riego,2019,665.0,95.0,97.0,2,2,True,False
76895|Arroz riego,2020,567.0,81.0,87.0,2,2,True,False
76895|Banano consumo interno,2021,0.0,0.0,3.0,1,0,False,False
76895|Banano consumo interno,2022,40.0,2.0,2.0,1,0,False,False
76895|Banano consumo interno,2023,40.0,2.0,2.0,1,0,False,False
76895|Banano consumo interno,2024,40.0,2.0,4.0,1,0,False,False
76895|Banano consumo interno,2025,80.0,4.0,4.0,1,0,False,False
76895|Cacao,2019,2.35,4.7,4.7,1,0,False,False
76895|Cacao,2020,2.35,4.7,4.7,1,0,False,False
76895|Cacao,2021,2.82,4.7,4.7,1,0,False,False
76895|Cacao,2022,2.35,4.7,4.7,1,0,False,False
76895|Cacao,2023,2.35,4.7,4.7,1,0,False,False
76895|Cacao,2024,2.35,4.7,4.7,1,0,False,False
76895|Cacao,2025,2.35,4.7,5.7,1,0,False,False
76895|Caña de azúcar,2019,1248670.0,10858.0,17315.0,1,0,False,False
76895|Caña de azúcar,2020,1248670.0,10858.0,17315.0,1,0,False,False
76895|Caña de azúcar,2021,1240770.0,10515.0,17330.0,1,0,False,False
76895|Caña de azúcar,2022,817800.0,6815.0,17420.0,1,0,False,False
76895|Caña de azúcar,2023,1090800.0,9090.0,17420.0,1,0,False,False
76895|Caña de azúcar,2024,2090400.0,17420.0,17670.0,1,0,False,False
76895|Caña de azúcar,2025,2120400.0,17670.0,17670.0,1,0,False,False
76895|Caña panelera,2019,1260.0,14.0,24.0,1,0,False,False
76895|Caña panelera,2020,923.4,10.26,20.26,1,0,False,False
76895|Caña panelera,2021,900.0,10.0,20.26,1,0,False,False
76895|Caña panelera,2022,900.0,10.0,22.0,1,0,False,False
76895|Caña panelera,2023,1980.0,22.0,24.0,1,0,False,False
76895|Caña panelera,2024,2160.0,24.0,24.0,1,0,False,False
76895|Caña panelera,2025,2160.0,24.0,24.0,1,0,False,False
76895|Guanábana,2019,98.0,9.8,9.8,1,0,False,False
76895|Guanábana,2020,2.5,0.25,0.25,1,0,False,False
76895|Guanábana,2021,2.5,0.25,0.25,1,0,False,False
76895|Guanábana,2022,2.5,0.25,0.25,1,0,False,False
76895|Guanábana,2023,2.5,0.25,0.25,1,0,False,False
76895|Guanábana,2024,2.5,0.25,0.25,1,0,False,False
76895|Guanábana,2025,2.5,0.25,0.25,1,0,False,False
76895|Guayaba,2019,77.0,7.7,7.7,1,0,False,False
76895|Guayaba,2020,65.0,6.5,6.5,1,0,False,False
76895|Guayaba,2021,65.0,6.5,6.5,1,0,False,False
76895|Guayaba,2022,20.0,2.0,2.0,1,0,False,False
76895|Guayaba,2023,20.0,2.0,2.0,1,0,False,False
76895|Guayaba,2024,20.0,2.0,2.0,1,0,False,False
76895|Guayaba,2025,20.0,2.0,2.0,1,0,False,False
76895|Limón Tahití,2021,118.09,3.94,4.18,1,0,False,False
76895|Limón Tahití,2022,125.4,4.18,134.18,1,0,False,False
76895|Limón Tahití,2023,125.4,4.18,154.18,1,0,False,False
76895|Limón Tahití,2024,4025.4,134.18,154.18,1,0,False,False
76895|Limón Tahití,2025,4025.4,134.18,154.18,1,0,False,False
76895|Mandarina Arrayana y/o Oneco,2021,335.51,11.18,11.18,1,0,False,False
76895|Mandarina Arrayana y/o Oneco,2022,335.4,11.18,11.18,1,0,False,False
76895|Mandarina Arrayana y/o Oneco,2023,335.4,11.18,11.18,1,0,False,False
76895|Mandarina Arrayana y/o Oneco,2024,275.4,9.18,9.18,1,0,False,False
76895|Mandarina Arrayana y/o Oneco,2025,275.4,9.18,9.18,1,0,False,False
76895|Mango demás variedades,2019,183.6,15.3,15.3,1,0,False,False
76895|Mango demás variedades,2020,109.5,7.3,7.3,1,0,False,False
76895|Mango demás variedades,2021,109.5,7.3,7.3,1,0,False,False
76895|Mango demás variedades,2022,73.0,7.3,7.3,1,0,False,False
76895|Mango demás variedades,2023,80.3,7.3,7.3,1,0,False,False
76895|Mango demás variedades,2024,80.3,7.3,7.3,1,0,False,False
76895|Mango demás variedades,2025,80.3,7.3,7.3,1,0,False,False
76895|Maracuyá,2019,60.0,6.0,16.0,1,0,False,False
76895|Maracuyá,2021,0.0,0.0,7.4,1,0,False,False
76895|Maracuyá,2022,32.0,2.0,10.7,1,0,False,False
76895|Maracuyá,2023,147.9,8.7,21.5,1,0,False,False
76895|Maracuyá,2024,365.5,21.5,21.5,1,0,False,False
76895|Maracuyá,2025,365.5,21.5,21.5,1,0,False,False
76895|Maíz amarillo tecnificado,2021,700.5,233.5,233.5,2,2,True,False
76895|Maíz amarillo tecnificado,2022,667.5,222.5,220.0,2,2,True,False
76895|Maíz amarillo tecnificado,2023,690.5,235.0,265.0,2,2,True,False
76895|Maíz amarillo tradicional,2025,17.5,5.0,10.0,2,2,True,False
76895|Maíz tecnificado,2019,1960.0,280.0,280.0,2,2,True,False
76895|Maíz tecnificado,2020,990.66,330.21999999999997,330.21999999999997,2,2,True,False
76895|Melón,2021,9.6,0.64,0.64,1,1,True,True
76895|Naranja Valencia,2021,2122.2,70.74,74.68,1,0,False,False
76895|Naranja Valencia,2022,2240.4,74.68,74.68,1,0,False,False
76895|Naranja Valencia,2023,2240.4,74.68,74.68,1,0,False,False
76895|Naranja Valencia,2024,2240.4,74.68,74.68,1,0,False,False
76895|Naranja Valencia,2025,2240.4,74.68,74.68,1,0,False,False
76895|Otros cítricos,2019,2514.0,83.8,89.8,1,0,False,False
76895|Otros cítricos,2020,2694.0,89.8,89.8,1,0,False,False
76895|Papaya demás variedades,2019,320.0,16.0,21.0,1,0,False,False
76895|Papaya demás variedades,2020,120.0,6.0,9.0,1,0,False,False
76895|Plátano consumo interno,2019,43.4,4.34,5.34,1,0,False,False
76895|Plátano consumo interno,2020,33.4,3.34,5.58,1,0,False,False
76895|Plátano consumo interno,2021,55.8,5.58,5.58,1,0,False,False
76895|Plátano consumo interno,2022,33.48,5.58,5.58,1,0,False,False
76895|Plátano consumo interno,2023,39.06,5.58,5.58,1,0,False,False
76895|Plátano consumo interno,2024,39.06,5.58,5.58,1,0,False,False
76895|Plátano consumo interno,2025,39.06,5.58,6.58,1,0,False,False
76895|Soya,2019,448.0,160.0,160.0,2,2,True,False
76895|Soya,2020,186.37,66.56,66.56,1,1,True,True
76895|Soya,2021,646.8,231.0,231.0,2,2,True,False
76895|Soya,2022,602.0,215.0,215.0,2,2,True,False
76895|Soya,2023,588.0,210.0,210.0,2,2,True,False
76895|Soya,2025,0.0,0.0,13.0,1,1,True,True
76895|Uva,2019,50.0,5.0,7.0,1,0,False,False
76895|Uva,2020,34.24,1.07,1.07,1,0,False,False
76895|Uva,2021,10.7,1.07,12.07,1,0,False,False
76895|Uva,2022,70.0,7.0,7.0,1,0,False,False
76895|Uva,2023,84.0,7.0,7.0,1,0,False,False
76895|Uva,2024,84.0,7.0,7.0,1,0,False,False
76895|Uva,2025,84.0,7.0,7.0,1,0,False,False
76895|Yuca consumo en fresco,2019,38.0,2.0,3.0,1,1,True,True
76895|Yuca consumo en fresco,2020,50.16,2.64,4.68,1,1,True,True
76895|Yuca consumo en fresco,2021,69.16,3.6399999999999997,3.6399999999999997,2,2,True,False
76895|Yuca consumo en fresco,2022,59.760000000000005,3.3200000000000003,3.06,2,2,True,False
76895|Yuca consumo en fresco,2023,69.06,3.74,3.74,2,2,True,False
76895|Yuca consumo en fresco,2024,69.06,3.74,4.0,2,2,True,False
76895|Yuca consumo en fresco,2025,76.0,4.0,4.0,2,2,True,False
